t,service,series,cumulative_count,cumulative_sum_seconds
1790113464.958,java-user-service,"http_server_requests_seconds{error=""none"",exception=""none"",framework=""spring-boot"",language=""java"",method=""GET"",outcome=""SUCCESS"",service=""java-user-service"",status=""200"",uri=""/actuator/health"",quanti,}",0.0,0.0
1790113464.958,java-user-service,"http_server_requests_seconds{error=""none"",exception=""none"",framework=""spring-boot"",language=""java"",method=""GET"",outcome=""SUCCESS"",service=""java-user-service"",status=""200"",uri=""/actuator/health"",}",3.0,0.242826667
1790113464.958,java-user-service,"http_server_requests_seconds{error=""none"",exception=""none"",framework=""spring-boot"",language=""java"",method=""POST"",outcome=""SUCCESS"",service=""java-user-service"",status=""201"",uri=""/users"",quanti,}",0.0,0.0
1790113464.958,java-user-service,"http_server_requests_seconds{error=""none"",exception=""none"",framework=""spring-boot"",language=""java"",method=""POST"",outcome=""SUCCESS"",service=""java-user-service"",status=""201"",uri=""/users"",}",107.0,22.376558215
1790113464.958,java-user-service,"http_server_requests_seconds{error=""none"",exception=""none"",framework=""spring-boot"",language=""java"",method=""GET"",outcome=""SUCCESS"",service=""java-user-service"",status=""200"",uri=""/users"",quanti,}",0.0,0.0
1790113464.958,java-user-service,"http_server_requests_seconds{error=""none"",exception=""none"",framework=""spring-boot"",language=""java"",method=""GET"",outcome=""SUCCESS"",service=""java-user-service"",status=""200"",uri=""/users"",}",1000.0,7.195534751
1790113464.958,java-user-service,"http_server_requests_seconds{error=""none"",exception=""none"",framework=""spring-boot"",language=""java"",method=""GET"",outcome=""SUCCESS"",service=""java-user-service"",status=""200"",uri=""/actuator/prometheus"",quanti,}",0.0,0.0
1790113464.958,java-user-service,"http_server_requests_seconds{error=""none"",exception=""none"",framework=""spring-boot"",language=""java"",method=""GET"",outcome=""SUCCESS"",service=""java-user-service"",status=""200"",uri=""/actuator/prometheus"",}",1.0,0.034586709
1790113464.958,java-product-service,"http_server_requests_seconds{error=""none"",exception=""none"",language=""java"",method=""GET"",outcome=""SUCCESS"",service=""java-product-service"",status=""200"",uri=""/actuator/health"",quanti,}",0.0,0.0
1790113464.958,java-product-service,"http_server_requests_seconds{error=""none"",exception=""none"",language=""java"",method=""GET"",outcome=""SUCCESS"",service=""java-product-service"",status=""200"",uri=""/actuator/health"",}",4.0,0.215001041
1790113464.958,java-product-service,"http_server_requests_seconds{error=""none"",exception=""none"",language=""java"",method=""GET"",outcome=""SUCCESS"",service=""java-product-service"",status=""200"",uri=""/actuator/prometheus"",quanti,}",0.0,0.0
1790113464.958,java-product-service,"http_server_requests_seconds{error=""none"",exception=""none"",language=""java"",method=""GET"",outcome=""SUCCESS"",service=""java-product-service"",status=""200"",uri=""/actuator/prometheus"",}",1.0,0.016818584
1790113464.958,java-product-service,"http_server_requests_seconds{error=""none"",exception=""none"",language=""java"",method=""POST"",outcome=""SUCCESS"",service=""java-product-service"",status=""201"",uri=""/products"",quanti,}",0.0,0.0
1790113464.958,java-product-service,"http_server_requests_seconds{error=""none"",exception=""none"",language=""java"",method=""POST"",outcome=""SUCCESS"",service=""java-product-service"",status=""201"",uri=""/products"",}",5.0,0.076954666
1790113464.958,java-product-service,"http_server_requests_seconds{error=""none"",exception=""none"",language=""java"",method=""GET"",outcome=""SUCCESS"",service=""java-product-service"",status=""200"",uri=""/products"",quanti,}",0.0,0.0
1790113464.958,java-product-service,"http_server_requests_seconds{error=""none"",exception=""none"",language=""java"",method=""GET"",outcome=""SUCCESS"",service=""java-product-service"",status=""200"",uri=""/products"",}",1000.0,1.789501432
1790113464.958,java-order-service,"http_server_requests_seconds{error=""none"",exception=""none"",language=""java"",method=""GET"",outcome=""SUCCESS"",service=""java-order-service"",status=""200"",uri=""/actuator/prometheus"",quanti,}",0.0,0.0
1790113464.958,java-order-service,"http_server_requests_seconds{error=""none"",exception=""none"",language=""java"",method=""GET"",outcome=""SUCCESS"",service=""java-order-service"",status=""200"",uri=""/actuator/prometheus"",}",1.0,0.017429292
1790113464.958,java-order-service,"http_server_requests_seconds{error=""none"",exception=""none"",language=""java"",method=""GET"",outcome=""SUCCESS"",service=""java-order-service"",status=""200"",uri=""/actuator/health"",quanti,}",0.0,0.0
1790113464.958,java-order-service,"http_server_requests_seconds{error=""none"",exception=""none"",language=""java"",method=""GET"",outcome=""SUCCESS"",service=""java-order-service"",status=""200"",uri=""/actuator/health"",}",5.0,0.088213666
1790113470.009,java-user-service,"http_server_requests_seconds{error=""none"",exception=""none"",framework=""spring-boot"",language=""java"",method=""GET"",outcome=""SUCCESS"",service=""java-user-service"",status=""200"",uri=""/actuator/health"",quanti,}",0.0,0.0
1790113470.009,java-user-service,"http_server_requests_seconds{error=""none"",exception=""none"",framework=""spring-boot"",language=""java"",method=""GET"",outcome=""SUCCESS"",service=""java-user-service"",status=""200"",uri=""/actuator/health"",}",14.0,0.304842041
1790113470.009,java-user-service,"http_server_requests_seconds{error=""none"",exception=""none"",framework=""spring-boot"",language=""java"",method=""POST"",outcome=""SUCCESS"",service=""java-user-service"",status=""201"",uri=""/users"",quanti,}",0.0,0.0
1790113470.009,java-user-service,"http_server_requests_seconds{error=""none"",exception=""none"",framework=""spring-boot"",language=""java"",method=""POST"",outcome=""SUCCESS"",service=""java-user-service"",status=""201"",uri=""/users"",}",115.0,22.922496589
1790113470.009,java-user-service,"http_server_requests_seconds{error=""none"",exception=""none"",framework=""spring-boot"",language=""java"",method=""GET"",outcome=""SUCCESS"",service=""java-user-service"",status=""200"",uri=""/users"",quanti,}",0.0,0.0
1790113470.009,java-user-service,"http_server_requests_seconds{error=""none"",exception=""none"",framework=""spring-boot"",language=""java"",method=""GET"",outcome=""SUCCESS"",service=""java-user-service"",status=""200"",uri=""/users"",}",1000.0,7.195534751
1790113470.009,java-user-service,"http_server_requests_seconds{error=""none"",exception=""none"",framework=""spring-boot"",language=""java"",method=""GET"",outcome=""SUCCESS"",service=""java-user-service"",status=""200"",uri=""/actuator/prometheus"",quanti,}",0.0,0.0
1790113470.009,java-user-service,"http_server_requests_seconds{error=""none"",exception=""none"",framework=""spring-boot"",language=""java"",method=""GET"",outcome=""SUCCESS"",service=""java-user-service"",status=""200"",uri=""/actuator/prometheus"",}",2.0,0.051687793
1790113470.009,java-product-service,"http_server_requests_seconds{error=""none"",exception=""none"",language=""java"",method=""GET"",outcome=""SUCCESS"",service=""java-product-service"",status=""200"",uri=""/actuator/health"",quanti,}",0.0,0.0
1790113470.009,java-product-service,"http_server_requests_seconds{error=""none"",exception=""none"",language=""java"",method=""GET"",outcome=""SUCCESS"",service=""java-product-service"",status=""200"",uri=""/actuator/health"",}",14.0,0.259067167
1790113470.009,java-product-service,"http_server_requests_seconds{error=""none"",exception=""none"",language=""java"",method=""GET"",outcome=""SUCCESS"",service=""java-product-service"",status=""200"",uri=""/actuator/prometheus"",quanti,}",0.0,0.0
1790113470.009,java-product-service,"http_server_requests_seconds{error=""none"",exception=""none"",language=""java"",method=""GET"",outcome=""SUCCESS"",service=""java-product-service"",status=""200"",uri=""/actuator/prometheus"",}",2.0,0.021568125
1790113470.009,java-product-service,"http_server_requests_seconds{error=""none"",exception=""none"",language=""java"",method=""POST"",outcome=""SUCCESS"",service=""java-product-service"",status=""201"",uri=""/products"",quanti,}",0.0,0.0
1790113470.009,java-product-service,"http_server_requests_seconds{error=""none"",exception=""none"",language=""java"",method=""POST"",outcome=""SUCCESS"",service=""java-product-service"",status=""201"",uri=""/products"",}",10.0,0.090428665
1790113470.009,java-product-service,"http_server_requests_seconds{error=""none"",exception=""none"",language=""java"",method=""GET"",outcome=""SUCCESS"",service=""java-product-service"",status=""200"",uri=""/products"",quanti,}",0.0,0.0
1790113470.009,java-product-service,"http_server_requests_seconds{error=""none"",exception=""none"",language=""java"",method=""GET"",outcome=""SUCCESS"",service=""java-product-service"",status=""200"",uri=""/products"",}",1003.0,1.800819183
1790113470.009,java-order-service,"http_server_requests_seconds{error=""none"",exception=""none"",language=""java"",method=""GET"",outcome=""SUCCESS"",service=""java-order-service"",status=""200"",uri=""/actuator/prometheus"",quanti,}",0.0,0.0
1790113470.009,java-order-service,"http_server_requests_seconds{error=""none"",exception=""none"",language=""java"",method=""GET"",outcome=""SUCCESS"",service=""java-order-service"",status=""200"",uri=""/actuator/prometheus"",}",2.0,0.021812584
1790113470.009,java-order-service,"http_server_requests_seconds{error=""none"",exception=""none"",language=""java"",method=""GET"",outcome=""SUCCESS"",service=""java-order-service"",status=""200"",uri=""/actuator/health"",quanti,}",0.0,0.0
1790113470.009,java-order-service,"http_server_requests_seconds{error=""none"",exception=""none"",language=""java"",method=""GET"",outcome=""SUCCESS"",service=""java-order-service"",status=""200"",uri=""/actuator/health"",}",14.0,0.117591958
1790113475.073,java-user-service,"http_server_requests_seconds{error=""none"",exception=""none"",framework=""spring-boot"",language=""java"",method=""GET"",outcome=""SUCCESS"",service=""java-user-service"",status=""200"",uri=""/actuator/health"",quanti,}",0.0,0.0
1790113475.073,java-user-service,"http_server_requests_seconds{error=""none"",exception=""none"",framework=""spring-boot"",language=""java"",method=""GET"",outcome=""SUCCESS"",service=""java-user-service"",status=""200"",uri=""/actuator/health"",}",24.0,0.3446375
1790113475.073,java-user-service,"http_server_requests_seconds{error=""none"",exception=""none"",framework=""spring-boot"",language=""java"",method=""POST"",outcome=""SUCCESS"",service=""java-user-service"",status=""201"",uri=""/users"",quanti,}",0.0,0.0
1790113475.073,java-user-service,"http_server_requests_seconds{error=""none"",exception=""none"",framework=""spring-boot"",language=""java"",method=""POST"",outcome=""SUCCESS"",service=""java-user-service"",status=""201"",uri=""/users"",}",123.0,23.498613548
1790113475.073,java-user-service,"http_server_requests_seconds{error=""none"",exception=""none"",framework=""spring-boot"",language=""java"",method=""GET"",outcome=""SUCCESS"",service=""java-user-service"",status=""200"",uri=""/users"",quanti,}",0.0,0.0
1790113475.073,java-user-service,"http_server_requests_seconds{error=""none"",exception=""none"",framework=""spring-boot"",language=""java"",method=""GET"",outcome=""SUCCESS"",service=""java-user-service"",status=""200"",uri=""/users"",}",1000.0,7.195534751
1790113475.073,java-user-service,"http_server_requests_seconds{error=""none"",exception=""none"",framework=""spring-boot"",language=""java"",method=""GET"",outcome=""SUCCESS"",service=""java-user-service"",status=""200"",uri=""/actuator/prometheus"",quanti,}",0.0,0.0
1790113475.073,java-user-service,"http_server_requests_seconds{error=""none"",exception=""none"",framework=""spring-boot"",language=""java"",method=""GET"",outcome=""SUCCESS"",service=""java-user-service"",status=""200"",uri=""/actuator/prometheus"",}",3.0,0.067703876
1790113475.073,java-product-service,"http_server_requests_seconds{error=""none"",exception=""none"",language=""java"",method=""GET"",outcome=""SUCCESS"",service=""java-product-service"",status=""200"",uri=""/actuator/health"",quanti,}",0.0,0.0
1790113475.073,java-product-service,"http_server_requests_seconds{error=""none"",exception=""none"",language=""java"",method=""GET"",outcome=""SUCCESS"",service=""java-product-service"",status=""200"",uri=""/actuator/health"",}",24.0,0.293116123
1790113475.073,java-product-service,"http_server_requests_seconds{error=""none"",exception=""none"",language=""java"",method=""GET"",outcome=""SUCCESS"",service=""java-product-service"",status=""200"",uri=""/actuator/prometheus"",quanti,}",0.0,0.0
1790113475.073,java-product-service,"http_server_requests_seconds{error=""none"",exception=""none"",language=""java"",method=""GET"",outcome=""SUCCESS"",service=""java-product-service"",status=""200"",uri=""/actuator/prometheus"",}",3.0,0.029926083
1790113475.073,java-product-service,"http_server_requests_seconds{error=""none"",exception=""none"",language=""java"",method=""POST"",outcome=""SUCCESS"",service=""java-product-service"",status=""201"",uri=""/products"",quanti,}",0.0,0.0
1790113475.073,java-product-service,"http_server_requests_seconds{error=""none"",exception=""none"",language=""java"",method=""POST"",outcome=""SUCCESS"",service=""java-product-service"",status=""201"",uri=""/products"",}",10.0,0.090428665
1790113475.073,java-product-service,"http_server_requests_seconds{error=""none"",exception=""none"",language=""java"",method=""GET"",outcome=""SUCCESS"",service=""java-product-service"",status=""200"",uri=""/products"",quanti,}",0.0,0.0
1790113475.073,java-product-service,"http_server_requests_seconds{error=""none"",exception=""none"",language=""java"",method=""GET"",outcome=""SUCCESS"",service=""java-product-service"",status=""200"",uri=""/products"",}",1025.0,1.830906557
1790113475.073,java-order-service,"http_server_requests_seconds{error=""none"",exception=""none"",language=""java"",method=""GET"",outcome=""SUCCESS"",service=""java-order-service"",status=""200"",uri=""/actuator/prometheus"",quanti,}",0.0,0.0
1790113475.073,java-order-service,"http_server_requests_seconds{error=""none"",exception=""none"",language=""java"",method=""GET"",outcome=""SUCCESS"",service=""java-order-service"",status=""200"",uri=""/actuator/prometheus"",}",3.0,0.027282167
1790113475.073,java-order-service,"http_server_requests_seconds{error=""none"",exception=""none"",language=""java"",method=""GET"",outcome=""SUCCESS"",service=""java-order-service"",status=""200"",uri=""/actuator/health"",quanti,}",0.0,0.0
1790113475.073,java-order-service,"http_server_requests_seconds{error=""none"",exception=""none"",language=""java"",method=""GET"",outcome=""SUCCESS"",service=""java-order-service"",status=""200"",uri=""/actuator/health"",}",25.0,0.144159123
1790113480.123,java-user-service,"http_server_requests_seconds{error=""none"",exception=""none"",framework=""spring-boot"",language=""java"",method=""GET"",outcome=""SUCCESS"",service=""java-user-service"",status=""200"",uri=""/actuator/health"",quanti,}",0.0,0.0
1790113480.123,java-user-service,"http_server_requests_seconds{error=""none"",exception=""none"",framework=""spring-boot"",language=""java"",method=""GET"",outcome=""SUCCESS"",service=""java-user-service"",status=""200"",uri=""/actuator/health"",}",34.0,0.378102582
1790113480.123,java-user-service,"http_server_requests_seconds{error=""none"",exception=""none"",framework=""spring-boot"",language=""java"",method=""POST"",outcome=""SUCCESS"",service=""java-user-service"",status=""201"",uri=""/users"",quanti,}",0.0,0.0
1790113480.123,java-user-service,"http_server_requests_seconds{error=""none"",exception=""none"",framework=""spring-boot"",language=""java"",method=""POST"",outcome=""SUCCESS"",service=""java-user-service"",status=""201"",uri=""/users"",}",136.0,24.45352409
1790113480.123,java-user-service,"http_server_requests_seconds{error=""none"",exception=""none"",framework=""spring-boot"",language=""java"",method=""GET"",outcome=""SUCCESS"",service=""java-user-service"",status=""200"",uri=""/users"",quanti,}",0.0,0.0
1790113480.123,java-user-service,"http_server_requests_seconds{error=""none"",exception=""none"",framework=""spring-boot"",language=""java"",method=""GET"",outcome=""SUCCESS"",service=""java-user-service"",status=""200"",uri=""/users"",}",1000.0,7.195534751
1790113480.123,java-user-service,"http_server_requests_seconds{error=""none"",exception=""none"",framework=""spring-boot"",language=""java"",method=""GET"",outcome=""SUCCESS"",service=""java-user-service"",status=""200"",uri=""/actuator/prometheus"",quanti,}",0.0,0.0
1790113480.123,java-user-service,"http_server_requests_seconds{error=""none"",exception=""none"",framework=""spring-boot"",language=""java"",method=""GET"",outcome=""SUCCESS"",service=""java-user-service"",status=""200"",uri=""/actuator/prometheus"",}",4.0,0.082099585
1790113480.123,java-product-service,"http_server_requests_seconds{error=""none"",exception=""none"",language=""java"",method=""GET"",outcome=""SUCCESS"",service=""java-product-service"",status=""200"",uri=""/actuator/health"",quanti,}",0.0,0.0
1790113480.123,java-product-service,"http_server_requests_seconds{error=""none"",exception=""none"",language=""java"",method=""GET"",outcome=""SUCCESS"",service=""java-product-service"",status=""200"",uri=""/actuator/health"",}",34.0,0.319458541
1790113480.123,java-product-service,"http_server_requests_seconds{error=""none"",exception=""none"",language=""java"",method=""GET"",outcome=""SUCCESS"",service=""java-product-service"",status=""200"",uri=""/actuator/prometheus"",quanti,}",0.0,0.0
1790113480.123,java-product-service,"http_server_requests_seconds{error=""none"",exception=""none"",language=""java"",method=""GET"",outcome=""SUCCESS"",service=""java-product-service"",status=""200"",uri=""/actuator/prometheus"",}",4.0,0.038344583
1790113480.123,java-product-service,"http_server_requests_seconds{error=""none"",exception=""none"",language=""java"",method=""POST"",outcome=""SUCCESS"",service=""java-product-service"",status=""201"",uri=""/products"",quanti,}",0.0,0.0
1790113480.123,java-product-service,"http_server_requests_seconds{error=""none"",exception=""none"",language=""java"",method=""POST"",outcome=""SUCCESS"",service=""java-product-service"",status=""201"",uri=""/products"",}",10.0,0.090428665
1790113480.123,java-product-service,"http_server_requests_seconds{error=""none"",exception=""none"",language=""java"",method=""GET"",outcome=""SUCCESS"",service=""java-product-service"",status=""200"",uri=""/products"",quanti,}",0.0,0.0
1790113480.123,java-product-service,"http_server_requests_seconds{error=""none"",exception=""none"",language=""java"",method=""GET"",outcome=""SUCCESS"",service=""java-product-service"",status=""200"",uri=""/products"",}",1067.0,1.870518391
1790113480.123,java-order-service,"http_server_requests_seconds{error=""none"",exception=""none"",language=""java"",method=""GET"",outcome=""SUCCESS"",service=""java-order-service"",status=""200"",uri=""/actuator/prometheus"",quanti,}",0.0,0.0
1790113480.123,java-order-service,"http_server_requests_seconds{error=""none"",exception=""none"",language=""java"",method=""GET"",outcome=""SUCCESS"",service=""java-order-service"",status=""200"",uri=""/actuator/prometheus"",}",4.0,0.032906667
1790113480.123,java-order-service,"http_server_requests_seconds{error=""none"",exception=""none"",language=""java"",method=""GET"",outcome=""SUCCESS"",service=""java-order-service"",status=""200"",uri=""/actuator/health"",quanti,}",0.0,0.0
1790113480.123,java-order-service,"http_server_requests_seconds{error=""none"",exception=""none"",language=""java"",method=""GET"",outcome=""SUCCESS"",service=""java-order-service"",status=""200"",uri=""/actuator/health"",}",34.0,0.160913495
1790113485.191,java-user-service,"http_server_requests_seconds{error=""none"",exception=""none"",framework=""spring-boot"",language=""java"",method=""GET"",outcome=""SUCCESS"",service=""java-user-service"",status=""200"",uri=""/actuator/health"",quanti,}",0.0,0.0
1790113485.191,java-user-service,"http_server_requests_seconds{error=""none"",exception=""none"",framework=""spring-boot"",language=""java"",method=""GET"",outcome=""SUCCESS"",service=""java-user-service"",status=""200"",uri=""/actuator/health"",}",44.0,0.412210166
1790113485.191,java-user-service,"http_server_requests_seconds{error=""none"",exception=""none"",framework=""spring-boot"",language=""java"",method=""POST"",outcome=""SUCCESS"",service=""java-user-service"",status=""201"",uri=""/users"",quanti,}",0.0,0.0
1790113485.191,java-user-service,"http_server_requests_seconds{error=""none"",exception=""none"",framework=""spring-boot"",language=""java"",method=""POST"",outcome=""SUCCESS"",service=""java-user-service"",status=""201"",uri=""/users"",}",154.0,25.766917757
1790113485.191,java-user-service,"http_server_requests_seconds{error=""none"",exception=""none"",framework=""spring-boot"",language=""java"",method=""GET"",outcome=""SUCCESS"",service=""java-user-service"",status=""200"",uri=""/users"",quanti,}",0.0,0.0
1790113485.191,java-user-service,"http_server_requests_seconds{error=""none"",exception=""none"",framework=""spring-boot"",language=""java"",method=""GET"",outcome=""SUCCESS"",service=""java-user-service"",status=""200"",uri=""/users"",}",1000.0,7.195534751
1790113485.191,java-user-service,"http_server_requests_seconds{error=""none"",exception=""none"",framework=""spring-boot"",language=""java"",method=""GET"",outcome=""SUCCESS"",service=""java-user-service"",status=""200"",uri=""/actuator/prometheus"",quanti,}",0.0,0.0
1790113485.191,java-user-service,"http_server_requests_seconds{error=""none"",exception=""none"",framework=""spring-boot"",language=""java"",method=""GET"",outcome=""SUCCESS"",service=""java-user-service"",status=""200"",uri=""/actuator/prometheus"",}",5.0,0.106398251
1790113485.191,java-product-service,"http_server_requests_seconds{error=""none"",exception=""none"",language=""java"",method=""GET"",outcome=""SUCCESS"",service=""java-product-service"",status=""200"",uri=""/actuator/health"",quanti,}",0.0,0.0
1790113485.191,java-product-service,"http_server_requests_seconds{error=""none"",exception=""none"",language=""java"",method=""GET"",outcome=""SUCCESS"",service=""java-product-service"",status=""200"",uri=""/actuator/health"",}",44.0,0.348252834
1790113485.191,java-product-service,"http_server_requests_seconds{error=""none"",exception=""none"",language=""java"",method=""GET"",outcome=""SUCCESS"",service=""java-product-service"",status=""200"",uri=""/actuator/prometheus"",quanti,}",0.0,0.0
1790113485.191,java-product-service,"http_server_requests_seconds{error=""none"",exception=""none"",language=""java"",method=""GET"",outcome=""SUCCESS"",service=""java-product-service"",status=""200"",uri=""/actuator/prometheus"",}",5.0,0.044963583
1790113485.191,java-product-service,"http_server_requests_seconds{error=""none"",exception=""none"",language=""java"",method=""POST"",outcome=""SUCCESS"",service=""java-product-service"",status=""201"",uri=""/products"",quanti,}",0.0,0.0
1790113485.191,java-product-service,"http_server_requests_seconds{error=""none"",exception=""none"",language=""java"",method=""POST"",outcome=""SUCCESS"",service=""java-product-service"",status=""201"",uri=""/products"",}",10.0,0.090428665
1790113485.191,java-product-service,"http_server_requests_seconds{error=""none"",exception=""none"",language=""java"",method=""GET"",outcome=""SUCCESS"",service=""java-product-service"",status=""200"",uri=""/products"",quanti,}",0.0,0.0
1790113485.191,java-product-service,"http_server_requests_seconds{error=""none"",exception=""none"",language=""java"",method=""GET"",outcome=""SUCCESS"",service=""java-product-service"",status=""200"",uri=""/products"",}",1129.0,1.920225683
1790113485.191,java-order-service,"http_server_requests_seconds{error=""none"",exception=""none"",language=""java"",method=""GET"",outcome=""SUCCESS"",service=""java-order-service"",status=""200"",uri=""/actuator/prometheus"",quanti,}",0.0,0.0
1790113485.191,java-order-service,"http_server_requests_seconds{error=""none"",exception=""none"",language=""java"",method=""GET"",outcome=""SUCCESS"",service=""java-order-service"",status=""200"",uri=""/actuator/prometheus"",}",5.0,0.038412917
1790113485.191,java-order-service,"http_server_requests_seconds{error=""none"",exception=""none"",language=""java"",method=""GET"",outcome=""SUCCESS"",service=""java-order-service"",status=""200"",uri=""/actuator/health"",quanti,}",0.0,0.0
1790113485.191,java-order-service,"http_server_requests_seconds{error=""none"",exception=""none"",language=""java"",method=""GET"",outcome=""SUCCESS"",service=""java-order-service"",status=""200"",uri=""/actuator/health"",}",45.0,0.184460497
1790113490.248,java-user-service,"http_server_requests_seconds{error=""none"",exception=""none"",framework=""spring-boot"",language=""java"",method=""GET"",outcome=""SUCCESS"",service=""java-user-service"",status=""200"",uri=""/actuator/health"",quanti,}",0.0,0.0
1790113490.248,java-user-service,"http_server_requests_seconds{error=""none"",exception=""none"",framework=""spring-boot"",language=""java"",method=""GET"",outcome=""SUCCESS"",service=""java-user-service"",status=""200"",uri=""/actuator/health"",}",55.0,0.457893749
1790113490.248,java-user-service,"http_server_requests_seconds{error=""none"",exception=""none"",framework=""spring-boot"",language=""java"",method=""POST"",outcome=""SUCCESS"",service=""java-user-service"",status=""201"",uri=""/users"",quanti,}",0.0,0.0
1790113490.248,java-user-service,"http_server_requests_seconds{error=""none"",exception=""none"",framework=""spring-boot"",language=""java"",method=""POST"",outcome=""SUCCESS"",service=""java-user-service"",status=""201"",uri=""/users"",}",177.0,27.547528924
1790113490.248,java-user-service,"http_server_requests_seconds{error=""none"",exception=""none"",framework=""spring-boot"",language=""java"",method=""GET"",outcome=""SUCCESS"",service=""java-user-service"",status=""200"",uri=""/users"",quanti,}",0.0,0.0
1790113490.248,java-user-service,"http_server_requests_seconds{error=""none"",exception=""none"",framework=""spring-boot"",language=""java"",method=""GET"",outcome=""SUCCESS"",service=""java-user-service"",status=""200"",uri=""/users"",}",1000.0,7.195534751
1790113490.248,java-user-service,"http_server_requests_seconds{error=""none"",exception=""none"",framework=""spring-boot"",language=""java"",method=""GET"",outcome=""SUCCESS"",service=""java-user-service"",status=""200"",uri=""/actuator/prometheus"",quanti,}",0.0,0.0
1790113490.248,java-user-service,"http_server_requests_seconds{error=""none"",exception=""none"",framework=""spring-boot"",language=""java"",method=""GET"",outcome=""SUCCESS"",service=""java-user-service"",status=""200"",uri=""/actuator/prometheus"",}",6.0,0.128322626
1790113490.248,java-product-service,"http_server_requests_seconds{error=""none"",exception=""none"",language=""java"",method=""GET"",outcome=""SUCCESS"",service=""java-product-service"",status=""200"",uri=""/actuator/health"",quanti,}",0.0,0.0
1790113490.248,java-product-service,"http_server_requests_seconds{error=""none"",exception=""none"",language=""java"",method=""GET"",outcome=""SUCCESS"",service=""java-product-service"",status=""200"",uri=""/actuator/health"",}",55.0,0.38775725
1790113490.248,java-product-service,"http_server_requests_seconds{error=""none"",exception=""none"",language=""java"",method=""GET"",outcome=""SUCCESS"",service=""java-product-service"",status=""200"",uri=""/actuator/prometheus"",quanti,}",0.0,0.0
1790113490.248,java-product-service,"http_server_requests_seconds{error=""none"",exception=""none"",language=""java"",method=""GET"",outcome=""SUCCESS"",service=""java-product-service"",status=""200"",uri=""/actuator/prometheus"",}",6.0,0.050525958
1790113490.248,java-product-service,"http_server_requests_seconds{error=""none"",exception=""none"",language=""java"",method=""POST"",outcome=""SUCCESS"",service=""java-product-service"",status=""201"",uri=""/products"",quanti,}",0.0,0.0
1790113490.248,java-product-service,"http_server_requests_seconds{error=""none"",exception=""none"",language=""java"",method=""POST"",outcome=""SUCCESS"",service=""java-product-service"",status=""201"",uri=""/products"",}",10.0,0.090428665
1790113490.248,java-product-service,"http_server_requests_seconds{error=""none"",exception=""none"",language=""java"",method=""GET"",outcome=""SUCCESS"",service=""java-product-service"",status=""200"",uri=""/products"",quanti,}",0.0,0.0
1790113490.248,java-product-service,"http_server_requests_seconds{error=""none"",exception=""none"",language=""java"",method=""GET"",outcome=""SUCCESS"",service=""java-product-service"",status=""200"",uri=""/products"",}",1211.0,1.9772426
1790113490.248,java-order-service,"http_server_requests_seconds{error=""none"",exception=""none"",language=""java"",method=""GET"",outcome=""SUCCESS"",service=""java-order-service"",status=""200"",uri=""/actuator/prometheus"",quanti,}",0.0,0.0
1790113490.248,java-order-service,"http_server_requests_seconds{error=""none"",exception=""none"",language=""java"",method=""GET"",outcome=""SUCCESS"",service=""java-order-service"",status=""200"",uri=""/actuator/prometheus"",}",6.0,0.04223875
1790113490.248,java-order-service,"http_server_requests_seconds{error=""none"",exception=""none"",language=""java"",method=""GET"",outcome=""SUCCESS"",service=""java-order-service"",status=""200"",uri=""/actuator/health"",quanti,}",0.0,0.0
1790113490.248,java-order-service,"http_server_requests_seconds{error=""none"",exception=""none"",language=""java"",method=""GET"",outcome=""SUCCESS"",service=""java-order-service"",status=""200"",uri=""/actuator/health"",}",55.0,0.211375538
1790113495.296,java-user-service,"http_server_requests_seconds{error=""none"",exception=""none"",framework=""spring-boot"",language=""java"",method=""GET"",outcome=""SUCCESS"",service=""java-user-service"",status=""200"",uri=""/actuator/health"",quanti,}",0.0,0.0
1790113495.296,java-user-service,"http_server_requests_seconds{error=""none"",exception=""none"",framework=""spring-boot"",language=""java"",method=""GET"",outcome=""SUCCESS"",service=""java-user-service"",status=""200"",uri=""/actuator/health"",}",65.0,0.491113456
1790113495.296,java-user-service,"http_server_requests_seconds{error=""none"",exception=""none"",framework=""spring-boot"",language=""java"",method=""POST"",outcome=""SUCCESS"",service=""java-user-service"",status=""201"",uri=""/users"",quanti,}",0.0,0.0
1790113495.296,java-user-service,"http_server_requests_seconds{error=""none"",exception=""none"",framework=""spring-boot"",language=""java"",method=""POST"",outcome=""SUCCESS"",service=""java-user-service"",status=""201"",uri=""/users"",}",205.0,29.742906218
1790113495.296,java-user-service,"http_server_requests_seconds{error=""none"",exception=""none"",framework=""spring-boot"",language=""java"",method=""GET"",outcome=""SUCCESS"",service=""java-user-service"",status=""200"",uri=""/users"",quanti,}",0.0,0.0
1790113495.296,java-user-service,"http_server_requests_seconds{error=""none"",exception=""none"",framework=""spring-boot"",language=""java"",method=""GET"",outcome=""SUCCESS"",service=""java-user-service"",status=""200"",uri=""/users"",}",1000.0,7.195534751
1790113495.296,java-user-service,"http_server_requests_seconds{error=""none"",exception=""none"",framework=""spring-boot"",language=""java"",method=""GET"",outcome=""SUCCESS"",service=""java-user-service"",status=""200"",uri=""/actuator/prometheus"",quanti,}",0.0,0.0
1790113495.296,java-user-service,"http_server_requests_seconds{error=""none"",exception=""none"",framework=""spring-boot"",language=""java"",method=""GET"",outcome=""SUCCESS"",service=""java-user-service"",status=""200"",uri=""/actuator/prometheus"",}",7.0,0.135799793
1790113495.296,java-product-service,"http_server_requests_seconds{error=""none"",exception=""none"",language=""java"",method=""GET"",outcome=""SUCCESS"",service=""java-product-service"",status=""200"",uri=""/actuator/health"",quanti,}",0.0,0.0
1790113495.296,java-product-service,"http_server_requests_seconds{error=""none"",exception=""none"",language=""java"",method=""GET"",outcome=""SUCCESS"",service=""java-product-service"",status=""200"",uri=""/actuator/health"",}",65.0,0.415286085
1790113495.296,java-product-service,"http_server_requests_seconds{error=""none"",exception=""none"",language=""java"",method=""GET"",outcome=""SUCCESS"",service=""java-product-service"",status=""200"",uri=""/actuator/prometheus"",quanti,}",0.0,0.0
1790113495.296,java-product-service,"http_server_requests_seconds{error=""none"",exception=""none"",language=""java"",method=""GET"",outcome=""SUCCESS"",service=""java-product-service"",status=""200"",uri=""/actuator/prometheus"",}",7.0,0.056265083
1790113495.296,java-product-service,"http_server_requests_seconds{error=""none"",exception=""none"",language=""java"",method=""POST"",outcome=""SUCCESS"",service=""java-product-service"",status=""201"",uri=""/products"",quanti,}",0.0,0.0
1790113495.296,java-product-service,"http_server_requests_seconds{error=""none"",exception=""none"",language=""java"",method=""POST"",outcome=""SUCCESS"",service=""java-product-service"",status=""201"",uri=""/products"",}",10.0,0.090428665
1790113495.296,java-product-service,"http_server_requests_seconds{error=""none"",exception=""none"",language=""java"",method=""GET"",outcome=""SUCCESS"",service=""java-product-service"",status=""200"",uri=""/products"",quanti,}",0.0,0.0
1790113495.296,java-product-service,"http_server_requests_seconds{error=""none"",exception=""none"",language=""java"",method=""GET"",outcome=""SUCCESS"",service=""java-product-service"",status=""200"",uri=""/products"",}",1313.0,2.047384218
1790113495.296,java-order-service,"http_server_requests_seconds{error=""none"",exception=""none"",language=""java"",method=""GET"",outcome=""SUCCESS"",service=""java-order-service"",status=""200"",uri=""/actuator/prometheus"",quanti,}",0.0,0.0
1790113495.296,java-order-service,"http_server_requests_seconds{error=""none"",exception=""none"",language=""java"",method=""GET"",outcome=""SUCCESS"",service=""java-order-service"",status=""200"",uri=""/actuator/prometheus"",}",7.0,0.046840959
1790113495.296,java-order-service,"http_server_requests_seconds{error=""none"",exception=""none"",language=""java"",method=""GET"",outcome=""SUCCESS"",service=""java-order-service"",status=""200"",uri=""/actuator/health"",quanti,}",0.0,0.0
1790113495.296,java-order-service,"http_server_requests_seconds{error=""none"",exception=""none"",language=""java"",method=""GET"",outcome=""SUCCESS"",service=""java-order-service"",status=""200"",uri=""/actuator/health"",}",65.0,0.236367997
1790113500.335,java-user-service,"http_server_requests_seconds{error=""none"",exception=""none"",framework=""spring-boot"",language=""java"",method=""GET"",outcome=""SUCCESS"",service=""java-user-service"",status=""200"",uri=""/actuator/health"",quanti,}",0.0,0.0
1790113500.335,java-user-service,"http_server_requests_seconds{error=""none"",exception=""none"",framework=""spring-boot"",language=""java"",method=""GET"",outcome=""SUCCESS"",service=""java-user-service"",status=""200"",uri=""/actuator/health"",}",75.0,0.51874575
1790113500.335,java-user-service,"http_server_requests_seconds{error=""none"",exception=""none"",framework=""spring-boot"",language=""java"",method=""POST"",outcome=""SUCCESS"",service=""java-user-service"",status=""201"",uri=""/users"",quanti,}",0.0,0.0
1790113500.335,java-user-service,"http_server_requests_seconds{error=""none"",exception=""none"",framework=""spring-boot"",language=""java"",method=""POST"",outcome=""SUCCESS"",service=""java-user-service"",status=""201"",uri=""/users"",}",235.0,32.539576383
1790113500.335,java-user-service,"http_server_requests_seconds{error=""none"",exception=""none"",framework=""spring-boot"",language=""java"",method=""GET"",outcome=""SUCCESS"",service=""java-user-service"",status=""200"",uri=""/users"",quanti,}",0.0,0.0
1790113500.335,java-user-service,"http_server_requests_seconds{error=""none"",exception=""none"",framework=""spring-boot"",language=""java"",method=""GET"",outcome=""SUCCESS"",service=""java-user-service"",status=""200"",uri=""/users"",}",1000.0,7.195534751
1790113500.335,java-user-service,"http_server_requests_seconds{error=""none"",exception=""none"",framework=""spring-boot"",language=""java"",method=""GET"",outcome=""SUCCESS"",service=""java-user-service"",status=""200"",uri=""/actuator/prometheus"",quanti,}",0.0,0.0
1790113500.335,java-user-service,"http_server_requests_seconds{error=""none"",exception=""none"",framework=""spring-boot"",language=""java"",method=""GET"",outcome=""SUCCESS"",service=""java-user-service"",status=""200"",uri=""/actuator/prometheus"",}",8.0,0.140526252
1790113500.335,java-product-service,"http_server_requests_seconds{error=""none"",exception=""none"",language=""java"",method=""GET"",outcome=""SUCCESS"",service=""java-product-service"",status=""200"",uri=""/actuator/health"",quanti,}",0.0,0.0
1790113500.335,java-product-service,"http_server_requests_seconds{error=""none"",exception=""none"",language=""java"",method=""GET"",outcome=""SUCCESS"",service=""java-product-service"",status=""200"",uri=""/actuator/health"",}",75.0,0.443162795
1790113500.335,java-product-service,"http_server_requests_seconds{error=""none"",exception=""none"",language=""java"",method=""GET"",outcome=""SUCCESS"",service=""java-product-service"",status=""200"",uri=""/actuator/prometheus"",quanti,}",0.0,0.0
1790113500.335,java-product-service,"http_server_requests_seconds{error=""none"",exception=""none"",language=""java"",method=""GET"",outcome=""SUCCESS"",service=""java-product-service"",status=""200"",uri=""/actuator/prometheus"",}",8.0,0.059595791
1790113500.335,java-product-service,"http_server_requests_seconds{error=""none"",exception=""none"",language=""java"",method=""POST"",outcome=""SUCCESS"",service=""java-product-service"",status=""201"",uri=""/products"",quanti,}",0.0,0.0
1790113500.335,java-product-service,"http_server_requests_seconds{error=""none"",exception=""none"",language=""java"",method=""POST"",outcome=""SUCCESS"",service=""java-product-service"",status=""201"",uri=""/products"",}",10.0,0.090428665
1790113500.335,java-product-service,"http_server_requests_seconds{error=""none"",exception=""none"",language=""java"",method=""GET"",outcome=""SUCCESS"",service=""java-product-service"",status=""200"",uri=""/products"",quanti,}",0.0,0.0
1790113500.335,java-product-service,"http_server_requests_seconds{error=""none"",exception=""none"",language=""java"",method=""GET"",outcome=""SUCCESS"",service=""java-product-service"",status=""200"",uri=""/products"",}",1432.0,2.191537842
1790113500.335,java-order-service,"http_server_requests_seconds{error=""none"",exception=""none"",language=""java"",method=""GET"",outcome=""SUCCESS"",service=""java-order-service"",status=""200"",uri=""/actuator/prometheus"",quanti,}",0.0,0.0
1790113500.335,java-order-service,"http_server_requests_seconds{error=""none"",exception=""none"",language=""java"",method=""GET"",outcome=""SUCCESS"",service=""java-order-service"",status=""200"",uri=""/actuator/prometheus"",}",8.0,0.049858751
1790113500.335,java-order-service,"http_server_requests_seconds{error=""none"",exception=""none"",language=""java"",method=""GET"",outcome=""SUCCESS"",service=""java-order-service"",status=""200"",uri=""/actuator/health"",quanti,}",0.0,0.0
1790113500.335,java-order-service,"http_server_requests_seconds{error=""none"",exception=""none"",language=""java"",method=""GET"",outcome=""SUCCESS"",service=""java-order-service"",status=""200"",uri=""/actuator/health"",}",75.0,0.258854373
1790113505.373,java-user-service,"http_server_requests_seconds{error=""none"",exception=""none"",framework=""spring-boot"",language=""java"",method=""GET"",outcome=""SUCCESS"",service=""java-user-service"",status=""200"",uri=""/actuator/health"",quanti,}",0.0,0.0
1790113505.373,java-user-service,"http_server_requests_seconds{error=""none"",exception=""none"",framework=""spring-boot"",language=""java"",method=""GET"",outcome=""SUCCESS"",service=""java-user-service"",status=""200"",uri=""/actuator/health"",}",86.0,0.567598581
1790113505.373,java-user-service,"http_server_requests_seconds{error=""none"",exception=""none"",framework=""spring-boot"",language=""java"",method=""POST"",outcome=""SUCCESS"",service=""java-user-service"",status=""201"",uri=""/users"",quanti,}",0.0,0.0
1790113505.373,java-user-service,"http_server_requests_seconds{error=""none"",exception=""none"",framework=""spring-boot"",language=""java"",method=""POST"",outcome=""SUCCESS"",service=""java-user-service"",status=""201"",uri=""/users"",}",265.0,36.608041011
1790113505.373,java-user-service,"http_server_requests_seconds{error=""none"",exception=""none"",framework=""spring-boot"",language=""java"",method=""GET"",outcome=""SUCCESS"",service=""java-user-service"",status=""200"",uri=""/users"",quanti,}",0.0,0.0
1790113505.373,java-user-service,"http_server_requests_seconds{error=""none"",exception=""none"",framework=""spring-boot"",language=""java"",method=""GET"",outcome=""SUCCESS"",service=""java-user-service"",status=""200"",uri=""/users"",}",1000.0,7.195534751
1790113505.373,java-user-service,"http_server_requests_seconds{error=""none"",exception=""none"",framework=""spring-boot"",language=""java"",method=""GET"",outcome=""SUCCESS"",service=""java-user-service"",status=""200"",uri=""/actuator/prometheus"",quanti,}",0.0,0.0
1790113505.373,java-user-service,"http_server_requests_seconds{error=""none"",exception=""none"",framework=""spring-boot"",language=""java"",method=""GET"",outcome=""SUCCESS"",service=""java-user-service"",status=""200"",uri=""/actuator/prometheus"",}",9.0,0.146454043
1790113505.373,java-product-service,"http_server_requests_seconds{error=""none"",exception=""none"",language=""java"",method=""GET"",outcome=""SUCCESS"",service=""java-product-service"",status=""200"",uri=""/actuator/health"",quanti,}",0.0,0.0
1790113505.373,java-product-service,"http_server_requests_seconds{error=""none"",exception=""none"",language=""java"",method=""GET"",outcome=""SUCCESS"",service=""java-product-service"",status=""200"",uri=""/actuator/health"",}",86.0,0.46888621
1790113505.373,java-product-service,"http_server_requests_seconds{error=""none"",exception=""none"",language=""java"",method=""GET"",outcome=""SUCCESS"",service=""java-product-service"",status=""200"",uri=""/actuator/prometheus"",quanti,}",0.0,0.0
1790113505.373,java-product-service,"http_server_requests_seconds{error=""none"",exception=""none"",language=""java"",method=""GET"",outcome=""SUCCESS"",service=""java-product-service"",status=""200"",uri=""/actuator/prometheus"",}",9.0,0.063851749
1790113505.373,java-product-service,"http_server_requests_seconds{error=""none"",exception=""none"",language=""java"",method=""POST"",outcome=""SUCCESS"",service=""java-product-service"",status=""201"",uri=""/products"",quanti,}",0.0,0.0
1790113505.373,java-product-service,"http_server_requests_seconds{error=""none"",exception=""none"",language=""java"",method=""POST"",outcome=""SUCCESS"",service=""java-product-service"",status=""201"",uri=""/products"",}",10.0,0.090428665
1790113505.373,java-product-service,"http_server_requests_seconds{error=""none"",exception=""none"",language=""java"",method=""GET"",outcome=""SUCCESS"",service=""java-product-service"",status=""200"",uri=""/products"",quanti,}",0.0,0.0
1790113505.373,java-product-service,"http_server_requests_seconds{error=""none"",exception=""none"",language=""java"",method=""GET"",outcome=""SUCCESS"",service=""java-product-service"",status=""200"",uri=""/products"",}",1552.0,2.305656384
1790113505.373,java-order-service,"http_server_requests_seconds{error=""none"",exception=""none"",language=""java"",method=""GET"",outcome=""SUCCESS"",service=""java-order-service"",status=""200"",uri=""/actuator/prometheus"",quanti,}",0.0,0.0
1790113505.373,java-order-service,"http_server_requests_seconds{error=""none"",exception=""none"",language=""java"",method=""GET"",outcome=""SUCCESS"",service=""java-order-service"",status=""200"",uri=""/actuator/prometheus"",}",9.0,0.053912792
1790113505.373,java-order-service,"http_server_requests_seconds{error=""none"",exception=""none"",language=""java"",method=""GET"",outcome=""SUCCESS"",service=""java-order-service"",status=""200"",uri=""/actuator/health"",quanti,}",0.0,0.0
1790113505.373,java-order-service,"http_server_requests_seconds{error=""none"",exception=""none"",language=""java"",method=""GET"",outcome=""SUCCESS"",service=""java-order-service"",status=""200"",uri=""/actuator/health"",}",86.0,0.282331789
1790113510.416,java-user-service,"http_server_requests_seconds{error=""none"",exception=""none"",framework=""spring-boot"",language=""java"",method=""GET"",outcome=""SUCCESS"",service=""java-user-service"",status=""200"",uri=""/actuator/health"",quanti,}",0.0,0.0
1790113510.416,java-user-service,"http_server_requests_seconds{error=""none"",exception=""none"",framework=""spring-boot"",language=""java"",method=""GET"",outcome=""SUCCESS"",service=""java-user-service"",status=""200"",uri=""/actuator/health"",}",95.0,0.603428041
1790113510.416,java-user-service,"http_server_requests_seconds{error=""none"",exception=""none"",framework=""spring-boot"",language=""java"",method=""POST"",outcome=""SUCCESS"",service=""java-user-service"",status=""201"",uri=""/users"",quanti,}",0.0,0.0
1790113510.416,java-user-service,"http_server_requests_seconds{error=""none"",exception=""none"",framework=""spring-boot"",language=""java"",method=""POST"",outcome=""SUCCESS"",service=""java-user-service"",status=""201"",uri=""/users"",}",289.0,39.111437972
1790113510.416,java-user-service,"http_server_requests_seconds{error=""none"",exception=""none"",framework=""spring-boot"",language=""java"",method=""GET"",outcome=""SUCCESS"",service=""java-user-service"",status=""200"",uri=""/users"",quanti,}",0.0,0.0
1790113510.416,java-user-service,"http_server_requests_seconds{error=""none"",exception=""none"",framework=""spring-boot"",language=""java"",method=""GET"",outcome=""SUCCESS"",service=""java-user-service"",status=""200"",uri=""/users"",}",1000.0,7.195534751
1790113510.416,java-user-service,"http_server_requests_seconds{error=""none"",exception=""none"",framework=""spring-boot"",language=""java"",method=""GET"",outcome=""SUCCESS"",service=""java-user-service"",status=""200"",uri=""/actuator/prometheus"",quanti,}",0.0,0.0
1790113510.416,java-user-service,"http_server_requests_seconds{error=""none"",exception=""none"",framework=""spring-boot"",language=""java"",method=""GET"",outcome=""SUCCESS"",service=""java-user-service"",status=""200"",uri=""/actuator/prometheus"",}",10.0,0.15446396
1790113510.416,java-product-service,"http_server_requests_seconds{error=""none"",exception=""none"",language=""java"",method=""GET"",outcome=""SUCCESS"",service=""java-product-service"",status=""200"",uri=""/actuator/health"",quanti,}",0.0,0.0
1790113510.416,java-product-service,"http_server_requests_seconds{error=""none"",exception=""none"",language=""java"",method=""GET"",outcome=""SUCCESS"",service=""java-product-service"",status=""200"",uri=""/actuator/health"",}",95.0,0.498294378
1790113510.416,java-product-service,"http_server_requests_seconds{error=""none"",exception=""none"",language=""java"",method=""GET"",outcome=""SUCCESS"",service=""java-product-service"",status=""200"",uri=""/actuator/prometheus"",quanti,}",0.0,0.0
1790113510.416,java-product-service,"http_server_requests_seconds{error=""none"",exception=""none"",language=""java"",method=""GET"",outcome=""SUCCESS"",service=""java-product-service"",status=""200"",uri=""/actuator/prometheus"",}",10.0,0.066736832
1790113510.416,java-product-service,"http_server_requests_seconds{error=""none"",exception=""none"",language=""java"",method=""POST"",outcome=""SUCCESS"",service=""java-product-service"",status=""201"",uri=""/products"",quanti,}",0.0,0.0
1790113510.416,java-product-service,"http_server_requests_seconds{error=""none"",exception=""none"",language=""java"",method=""POST"",outcome=""SUCCESS"",service=""java-product-service"",status=""201"",uri=""/products"",}",10.0,0.090428665
1790113510.416,java-product-service,"http_server_requests_seconds{error=""none"",exception=""none"",language=""java"",method=""GET"",outcome=""SUCCESS"",service=""java-product-service"",status=""200"",uri=""/products"",quanti,}",0.0,0.0
1790113510.416,java-product-service,"http_server_requests_seconds{error=""none"",exception=""none"",language=""java"",method=""GET"",outcome=""SUCCESS"",service=""java-product-service"",status=""200"",uri=""/products"",}",1669.0,2.412130548
1790113510.416,java-order-service,"http_server_requests_seconds{error=""none"",exception=""none"",language=""java"",method=""GET"",outcome=""SUCCESS"",service=""java-order-service"",status=""200"",uri=""/actuator/prometheus"",quanti,}",0.0,0.0
1790113510.416,java-order-service,"http_server_requests_seconds{error=""none"",exception=""none"",language=""java"",method=""GET"",outcome=""SUCCESS"",service=""java-order-service"",status=""200"",uri=""/actuator/prometheus"",}",10.0,0.056798834
1790113510.416,java-order-service,"http_server_requests_seconds{error=""none"",exception=""none"",language=""java"",method=""GET"",outcome=""SUCCESS"",service=""java-order-service"",status=""200"",uri=""/actuator/health"",quanti,}",0.0,0.0
1790113510.416,java-order-service,"http_server_requests_seconds{error=""none"",exception=""none"",language=""java"",method=""GET"",outcome=""SUCCESS"",service=""java-order-service"",status=""200"",uri=""/actuator/health"",}",95.0,0.303728705
1790113515.450,java-user-service,"http_server_requests_seconds{error=""none"",exception=""none"",framework=""spring-boot"",language=""java"",method=""GET"",outcome=""SUCCESS"",service=""java-user-service"",status=""200"",uri=""/actuator/health"",quanti,}",0.0,0.0
1790113515.450,java-user-service,"http_server_requests_seconds{error=""none"",exception=""none"",framework=""spring-boot"",language=""java"",method=""GET"",outcome=""SUCCESS"",service=""java-user-service"",status=""200"",uri=""/actuator/health"",}",106.0,0.643813332
1790113515.450,java-user-service,"http_server_requests_seconds{error=""none"",exception=""none"",framework=""spring-boot"",language=""java"",method=""POST"",outcome=""SUCCESS"",service=""java-user-service"",status=""201"",uri=""/users"",quanti,}",0.0,0.0
1790113515.450,java-user-service,"http_server_requests_seconds{error=""none"",exception=""none"",framework=""spring-boot"",language=""java"",method=""POST"",outcome=""SUCCESS"",service=""java-user-service"",status=""201"",uri=""/users"",}",319.0,43.161473309
1790113515.450,java-user-service,"http_server_requests_seconds{error=""none"",exception=""none"",framework=""spring-boot"",language=""java"",method=""GET"",outcome=""SUCCESS"",service=""java-user-service"",status=""200"",uri=""/users"",quanti,}",0.0,0.0
1790113515.450,java-user-service,"http_server_requests_seconds{error=""none"",exception=""none"",framework=""spring-boot"",language=""java"",method=""GET"",outcome=""SUCCESS"",service=""java-user-service"",status=""200"",uri=""/users"",}",1000.0,7.195534751
1790113515.450,java-user-service,"http_server_requests_seconds{error=""none"",exception=""none"",framework=""spring-boot"",language=""java"",method=""GET"",outcome=""SUCCESS"",service=""java-user-service"",status=""200"",uri=""/actuator/prometheus"",quanti,}",0.0,0.0
1790113515.450,java-user-service,"http_server_requests_seconds{error=""none"",exception=""none"",framework=""spring-boot"",language=""java"",method=""GET"",outcome=""SUCCESS"",service=""java-user-service"",status=""200"",uri=""/actuator/prometheus"",}",11.0,0.161356335
1790113515.450,java-product-service,"http_server_requests_seconds{error=""none"",exception=""none"",language=""java"",method=""GET"",outcome=""SUCCESS"",service=""java-product-service"",status=""200"",uri=""/actuator/health"",quanti,}",0.0,0.0
1790113515.450,java-product-service,"http_server_requests_seconds{error=""none"",exception=""none"",language=""java"",method=""GET"",outcome=""SUCCESS"",service=""java-product-service"",status=""200"",uri=""/actuator/health"",}",106.0,0.532543419
1790113515.450,java-product-service,"http_server_requests_seconds{error=""none"",exception=""none"",language=""java"",method=""GET"",outcome=""SUCCESS"",service=""java-product-service"",status=""200"",uri=""/actuator/prometheus"",quanti,}",0.0,0.0
1790113515.450,java-product-service,"http_server_requests_seconds{error=""none"",exception=""none"",language=""java"",method=""GET"",outcome=""SUCCESS"",service=""java-product-service"",status=""200"",uri=""/actuator/prometheus"",}",11.0,0.072160165
1790113515.450,java-product-service,"http_server_requests_seconds{error=""none"",exception=""none"",language=""java"",method=""POST"",outcome=""SUCCESS"",service=""java-product-service"",status=""201"",uri=""/products"",quanti,}",0.0,0.0
1790113515.450,java-product-service,"http_server_requests_seconds{error=""none"",exception=""none"",language=""java"",method=""POST"",outcome=""SUCCESS"",service=""java-product-service"",status=""201"",uri=""/products"",}",10.0,0.090428665
1790113515.450,java-product-service,"http_server_requests_seconds{error=""none"",exception=""none"",language=""java"",method=""GET"",outcome=""SUCCESS"",service=""java-product-service"",status=""200"",uri=""/products"",quanti,}",0.0,0.0
1790113515.450,java-product-service,"http_server_requests_seconds{error=""none"",exception=""none"",language=""java"",method=""GET"",outcome=""SUCCESS"",service=""java-product-service"",status=""200"",uri=""/products"",}",1786.0,2.513685176
1790113515.450,java-order-service,"http_server_requests_seconds{error=""none"",exception=""none"",language=""java"",method=""GET"",outcome=""SUCCESS"",service=""java-order-service"",status=""200"",uri=""/actuator/prometheus"",quanti,}",0.0,0.0
1790113515.450,java-order-service,"http_server_requests_seconds{error=""none"",exception=""none"",language=""java"",method=""GET"",outcome=""SUCCESS"",service=""java-order-service"",status=""200"",uri=""/actuator/prometheus"",}",11.0,0.059970334
1790113515.450,java-order-service,"http_server_requests_seconds{error=""none"",exception=""none"",language=""java"",method=""GET"",outcome=""SUCCESS"",service=""java-order-service"",status=""200"",uri=""/actuator/health"",quanti,}",0.0,0.0
1790113515.450,java-order-service,"http_server_requests_seconds{error=""none"",exception=""none"",language=""java"",method=""GET"",outcome=""SUCCESS"",service=""java-order-service"",status=""200"",uri=""/actuator/health"",}",106.0,0.337397205
1790113520.491,java-user-service,"http_server_requests_seconds{error=""none"",exception=""none"",framework=""spring-boot"",language=""java"",method=""GET"",outcome=""SUCCESS"",service=""java-user-service"",status=""200"",uri=""/actuator/health"",quanti,}",0.0,0.0
1790113520.491,java-user-service,"http_server_requests_seconds{error=""none"",exception=""none"",framework=""spring-boot"",language=""java"",method=""GET"",outcome=""SUCCESS"",service=""java-user-service"",status=""200"",uri=""/actuator/health"",}",115.0,0.675659707
1790113520.491,java-user-service,"http_server_requests_seconds{error=""none"",exception=""none"",framework=""spring-boot"",language=""java"",method=""POST"",outcome=""SUCCESS"",service=""java-user-service"",status=""201"",uri=""/users"",quanti,}",0.0,0.0
1790113520.491,java-user-service,"http_server_requests_seconds{error=""none"",exception=""none"",framework=""spring-boot"",language=""java"",method=""POST"",outcome=""SUCCESS"",service=""java-user-service"",status=""201"",uri=""/users"",}",349.0,47.087269434
1790113520.491,java-user-service,"http_server_requests_seconds{error=""none"",exception=""none"",framework=""spring-boot"",language=""java"",method=""GET"",outcome=""SUCCESS"",service=""java-user-service"",status=""200"",uri=""/users"",quanti,}",0.0,0.0
1790113520.491,java-user-service,"http_server_requests_seconds{error=""none"",exception=""none"",framework=""spring-boot"",language=""java"",method=""GET"",outcome=""SUCCESS"",service=""java-user-service"",status=""200"",uri=""/users"",}",1000.0,7.195534751
1790113520.491,java-user-service,"http_server_requests_seconds{error=""none"",exception=""none"",framework=""spring-boot"",language=""java"",method=""GET"",outcome=""SUCCESS"",service=""java-user-service"",status=""200"",uri=""/actuator/prometheus"",quanti,}",0.0,0.0
1790113520.491,java-user-service,"http_server_requests_seconds{error=""none"",exception=""none"",framework=""spring-boot"",language=""java"",method=""GET"",outcome=""SUCCESS"",service=""java-user-service"",status=""200"",uri=""/actuator/prometheus"",}",12.0,0.168068585
1790113520.491,java-product-service,"http_server_requests_seconds{error=""none"",exception=""none"",language=""java"",method=""GET"",outcome=""SUCCESS"",service=""java-product-service"",status=""200"",uri=""/actuator/health"",quanti,}",0.0,0.0
1790113520.491,java-product-service,"http_server_requests_seconds{error=""none"",exception=""none"",language=""java"",method=""GET"",outcome=""SUCCESS"",service=""java-product-service"",status=""200"",uri=""/actuator/health"",}",115.0,0.557995002
1790113520.491,java-product-service,"http_server_requests_seconds{error=""none"",exception=""none"",language=""java"",method=""GET"",outcome=""SUCCESS"",service=""java-product-service"",status=""200"",uri=""/actuator/prometheus"",quanti,}",0.0,0.0
1790113520.491,java-product-service,"http_server_requests_seconds{error=""none"",exception=""none"",language=""java"",method=""GET"",outcome=""SUCCESS"",service=""java-product-service"",status=""200"",uri=""/actuator/prometheus"",}",12.0,0.076799457
1790113520.491,java-product-service,"http_server_requests_seconds{error=""none"",exception=""none"",language=""java"",method=""POST"",outcome=""SUCCESS"",service=""java-product-service"",status=""201"",uri=""/products"",quanti,}",0.0,0.0
1790113520.491,java-product-service,"http_server_requests_seconds{error=""none"",exception=""none"",language=""java"",method=""POST"",outcome=""SUCCESS"",service=""java-product-service"",status=""201"",uri=""/products"",}",10.0,0.090428665
1790113520.491,java-product-service,"http_server_requests_seconds{error=""none"",exception=""none"",language=""java"",method=""GET"",outcome=""SUCCESS"",service=""java-product-service"",status=""200"",uri=""/products"",quanti,}",0.0,0.0
1790113520.491,java-product-service,"http_server_requests_seconds{error=""none"",exception=""none"",language=""java"",method=""GET"",outcome=""SUCCESS"",service=""java-product-service"",status=""200"",uri=""/products"",}",1894.0,2.617908345
1790113520.491,java-order-service,"http_server_requests_seconds{error=""none"",exception=""none"",language=""java"",method=""GET"",outcome=""SUCCESS"",service=""java-order-service"",status=""200"",uri=""/actuator/prometheus"",quanti,}",0.0,0.0
1790113520.491,java-order-service,"http_server_requests_seconds{error=""none"",exception=""none"",language=""java"",method=""GET"",outcome=""SUCCESS"",service=""java-order-service"",status=""200"",uri=""/actuator/prometheus"",}",12.0,0.064154667
1790113520.491,java-order-service,"http_server_requests_seconds{error=""none"",exception=""none"",language=""java"",method=""GET"",outcome=""SUCCESS"",service=""java-order-service"",status=""200"",uri=""/actuator/health"",quanti,}",0.0,0.0
1790113520.491,java-order-service,"http_server_requests_seconds{error=""none"",exception=""none"",language=""java"",method=""GET"",outcome=""SUCCESS"",service=""java-order-service"",status=""200"",uri=""/actuator/health"",}",115.0,0.359708705
1790113525.535,java-user-service,"http_server_requests_seconds{error=""none"",exception=""none"",framework=""spring-boot"",language=""java"",method=""GET"",outcome=""SUCCESS"",service=""java-user-service"",status=""200"",uri=""/actuator/health"",quanti,}",0.0,0.0
1790113525.535,java-user-service,"http_server_requests_seconds{error=""none"",exception=""none"",framework=""spring-boot"",language=""java"",method=""GET"",outcome=""SUCCESS"",service=""java-user-service"",status=""200"",uri=""/actuator/health"",}",126.0,0.759573415
1790113525.535,java-user-service,"http_server_requests_seconds{error=""none"",exception=""none"",framework=""spring-boot"",language=""java"",method=""POST"",outcome=""SUCCESS"",service=""java-user-service"",status=""201"",uri=""/users"",quanti,}",0.0,0.0
1790113525.535,java-user-service,"http_server_requests_seconds{error=""none"",exception=""none"",framework=""spring-boot"",language=""java"",method=""POST"",outcome=""SUCCESS"",service=""java-user-service"",status=""201"",uri=""/users"",}",379.0,50.687026348
1790113525.535,java-user-service,"http_server_requests_seconds{error=""none"",exception=""none"",framework=""spring-boot"",language=""java"",method=""GET"",outcome=""SUCCESS"",service=""java-user-service"",status=""200"",uri=""/users"",quanti,}",0.0,0.0
1790113525.535,java-user-service,"http_server_requests_seconds{error=""none"",exception=""none"",framework=""spring-boot"",language=""java"",method=""GET"",outcome=""SUCCESS"",service=""java-user-service"",status=""200"",uri=""/users"",}",1000.0,7.195534751
1790113525.535,java-user-service,"http_server_requests_seconds{error=""none"",exception=""none"",framework=""spring-boot"",language=""java"",method=""GET"",outcome=""SUCCESS"",service=""java-user-service"",status=""200"",uri=""/actuator/prometheus"",quanti,}",0.0,0.0
1790113525.535,java-user-service,"http_server_requests_seconds{error=""none"",exception=""none"",framework=""spring-boot"",language=""java"",method=""GET"",outcome=""SUCCESS"",service=""java-user-service"",status=""200"",uri=""/actuator/prometheus"",}",13.0,0.172525668
1790113525.535,java-product-service,"http_server_requests_seconds{error=""none"",exception=""none"",language=""java"",method=""GET"",outcome=""SUCCESS"",service=""java-product-service"",status=""200"",uri=""/actuator/health"",quanti,}",0.0,0.0
1790113525.535,java-product-service,"http_server_requests_seconds{error=""none"",exception=""none"",language=""java"",method=""GET"",outcome=""SUCCESS"",service=""java-product-service"",status=""200"",uri=""/actuator/health"",}",126.0,0.588787542
1790113525.535,java-product-service,"http_server_requests_seconds{error=""none"",exception=""none"",language=""java"",method=""GET"",outcome=""SUCCESS"",service=""java-product-service"",status=""200"",uri=""/actuator/prometheus"",quanti,}",0.0,0.0
1790113525.535,java-product-service,"http_server_requests_seconds{error=""none"",exception=""none"",language=""java"",method=""GET"",outcome=""SUCCESS"",service=""java-product-service"",status=""200"",uri=""/actuator/prometheus"",}",13.0,0.081033249
1790113525.535,java-product-service,"http_server_requests_seconds{error=""none"",exception=""none"",language=""java"",method=""POST"",outcome=""SUCCESS"",service=""java-product-service"",status=""201"",uri=""/products"",quanti,}",0.0,0.0
1790113525.535,java-product-service,"http_server_requests_seconds{error=""none"",exception=""none"",language=""java"",method=""POST"",outcome=""SUCCESS"",service=""java-product-service"",status=""201"",uri=""/products"",}",10.0,0.090428665
1790113525.535,java-product-service,"http_server_requests_seconds{error=""none"",exception=""none"",language=""java"",method=""GET"",outcome=""SUCCESS"",service=""java-product-service"",status=""200"",uri=""/products"",quanti,}",0.0,0.0
1790113525.535,java-product-service,"http_server_requests_seconds{error=""none"",exception=""none"",language=""java"",method=""GET"",outcome=""SUCCESS"",service=""java-product-service"",status=""200"",uri=""/products"",}",2010.0,2.738757132
1790113525.535,java-order-service,"http_server_requests_seconds{error=""none"",exception=""none"",language=""java"",method=""GET"",outcome=""SUCCESS"",service=""java-order-service"",status=""200"",uri=""/actuator/prometheus"",quanti,}",0.0,0.0
1790113525.535,java-order-service,"http_server_requests_seconds{error=""none"",exception=""none"",language=""java"",method=""GET"",outcome=""SUCCESS"",service=""java-order-service"",status=""200"",uri=""/actuator/prometheus"",}",13.0,0.068778876
1790113525.535,java-order-service,"http_server_requests_seconds{error=""none"",exception=""none"",language=""java"",method=""GET"",outcome=""SUCCESS"",service=""java-order-service"",status=""200"",uri=""/actuator/health"",quanti,}",0.0,0.0
1790113525.535,java-order-service,"http_server_requests_seconds{error=""none"",exception=""none"",language=""java"",method=""GET"",outcome=""SUCCESS"",service=""java-order-service"",status=""200"",uri=""/actuator/health"",}",126.0,0.386956662
1790113530.575,java-user-service,"http_server_requests_seconds{error=""none"",exception=""none"",framework=""spring-boot"",language=""java"",method=""GET"",outcome=""SUCCESS"",service=""java-user-service"",status=""200"",uri=""/actuator/health"",quanti,}",0.0,0.0
1790113530.575,java-user-service,"http_server_requests_seconds{error=""none"",exception=""none"",framework=""spring-boot"",language=""java"",method=""GET"",outcome=""SUCCESS"",service=""java-user-service"",status=""200"",uri=""/actuator/health"",}",135.0,0.799834875
1790113530.575,java-user-service,"http_server_requests_seconds{error=""none"",exception=""none"",framework=""spring-boot"",language=""java"",method=""POST"",outcome=""SUCCESS"",service=""java-user-service"",status=""201"",uri=""/users"",quanti,}",0.0,0.0
1790113530.575,java-user-service,"http_server_requests_seconds{error=""none"",exception=""none"",framework=""spring-boot"",language=""java"",method=""POST"",outcome=""SUCCESS"",service=""java-user-service"",status=""201"",uri=""/users"",}",409.0,53.801412138
1790113530.575,java-user-service,"http_server_requests_seconds{error=""none"",exception=""none"",framework=""spring-boot"",language=""java"",method=""GET"",outcome=""SUCCESS"",service=""java-user-service"",status=""200"",uri=""/users"",quanti,}",0.0,0.0
1790113530.575,java-user-service,"http_server_requests_seconds{error=""none"",exception=""none"",framework=""spring-boot"",language=""java"",method=""GET"",outcome=""SUCCESS"",service=""java-user-service"",status=""200"",uri=""/users"",}",1000.0,7.195534751
1790113530.575,java-user-service,"http_server_requests_seconds{error=""none"",exception=""none"",framework=""spring-boot"",language=""java"",method=""GET"",outcome=""SUCCESS"",service=""java-user-service"",status=""200"",uri=""/actuator/prometheus"",quanti,}",0.0,0.0
1790113530.575,java-user-service,"http_server_requests_seconds{error=""none"",exception=""none"",framework=""spring-boot"",language=""java"",method=""GET"",outcome=""SUCCESS"",service=""java-user-service"",status=""200"",uri=""/actuator/prometheus"",}",14.0,0.181784293
1790113530.575,java-product-service,"http_server_requests_seconds{error=""none"",exception=""none"",language=""java"",method=""GET"",outcome=""SUCCESS"",service=""java-product-service"",status=""200"",uri=""/actuator/health"",quanti,}",0.0,0.0
1790113530.575,java-product-service,"http_server_requests_seconds{error=""none"",exception=""none"",language=""java"",method=""GET"",outcome=""SUCCESS"",service=""java-product-service"",status=""200"",uri=""/actuator/health"",}",135.0,0.62001321
1790113530.575,java-product-service,"http_server_requests_seconds{error=""none"",exception=""none"",language=""java"",method=""GET"",outcome=""SUCCESS"",service=""java-product-service"",status=""200"",uri=""/actuator/prometheus"",quanti,}",0.0,0.0
1790113530.575,java-product-service,"http_server_requests_seconds{error=""none"",exception=""none"",language=""java"",method=""GET"",outcome=""SUCCESS"",service=""java-product-service"",status=""200"",uri=""/actuator/prometheus"",}",14.0,0.086611374
1790113530.575,java-product-service,"http_server_requests_seconds{error=""none"",exception=""none"",language=""java"",method=""POST"",outcome=""SUCCESS"",service=""java-product-service"",status=""201"",uri=""/products"",quanti,}",0.0,0.0
1790113530.575,java-product-service,"http_server_requests_seconds{error=""none"",exception=""none"",language=""java"",method=""POST"",outcome=""SUCCESS"",service=""java-product-service"",status=""201"",uri=""/products"",}",10.0,0.090428665
1790113530.575,java-product-service,"http_server_requests_seconds{error=""none"",exception=""none"",language=""java"",method=""GET"",outcome=""SUCCESS"",service=""java-product-service"",status=""200"",uri=""/products"",quanti,}",0.0,0.0
1790113530.575,java-product-service,"http_server_requests_seconds{error=""none"",exception=""none"",language=""java"",method=""GET"",outcome=""SUCCESS"",service=""java-product-service"",status=""200"",uri=""/products"",}",2128.0,2.843312464
1790113530.575,java-order-service,"http_server_requests_seconds{error=""none"",exception=""none"",language=""java"",method=""GET"",outcome=""SUCCESS"",service=""java-order-service"",status=""200"",uri=""/actuator/prometheus"",quanti,}",0.0,0.0
1790113530.575,java-order-service,"http_server_requests_seconds{error=""none"",exception=""none"",language=""java"",method=""GET"",outcome=""SUCCESS"",service=""java-order-service"",status=""200"",uri=""/actuator/prometheus"",}",14.0,0.072444751
1790113530.575,java-order-service,"http_server_requests_seconds{error=""none"",exception=""none"",language=""java"",method=""GET"",outcome=""SUCCESS"",service=""java-order-service"",status=""200"",uri=""/actuator/health"",quanti,}",0.0,0.0
1790113530.575,java-order-service,"http_server_requests_seconds{error=""none"",exception=""none"",language=""java"",method=""GET"",outcome=""SUCCESS"",service=""java-order-service"",status=""200"",uri=""/actuator/health"",}",135.0,0.40894737
1790113535.622,java-user-service,"http_server_requests_seconds{error=""none"",exception=""none"",framework=""spring-boot"",language=""java"",method=""GET"",outcome=""SUCCESS"",service=""java-user-service"",status=""200"",uri=""/actuator/health"",quanti,}",0.0,0.0
1790113535.622,java-user-service,"http_server_requests_seconds{error=""none"",exception=""none"",framework=""spring-boot"",language=""java"",method=""GET"",outcome=""SUCCESS"",service=""java-user-service"",status=""200"",uri=""/actuator/health"",}",146.0,0.833818957
1790113535.622,java-user-service,"http_server_requests_seconds{error=""none"",exception=""none"",framework=""spring-boot"",language=""java"",method=""POST"",outcome=""SUCCESS"",service=""java-user-service"",status=""201"",uri=""/users"",quanti,}",0.0,0.0
1790113535.622,java-user-service,"http_server_requests_seconds{error=""none"",exception=""none"",framework=""spring-boot"",language=""java"",method=""POST"",outcome=""SUCCESS"",service=""java-user-service"",status=""201"",uri=""/users"",}",439.0,57.589608307
1790113535.622,java-user-service,"http_server_requests_seconds{error=""none"",exception=""none"",framework=""spring-boot"",language=""java"",method=""GET"",outcome=""SUCCESS"",service=""java-user-service"",status=""200"",uri=""/users"",quanti,}",0.0,0.0
1790113535.622,java-user-service,"http_server_requests_seconds{error=""none"",exception=""none"",framework=""spring-boot"",language=""java"",method=""GET"",outcome=""SUCCESS"",service=""java-user-service"",status=""200"",uri=""/users"",}",1000.0,7.195534751
1790113535.622,java-user-service,"http_server_requests_seconds{error=""none"",exception=""none"",framework=""spring-boot"",language=""java"",method=""GET"",outcome=""SUCCESS"",service=""java-user-service"",status=""200"",uri=""/actuator/prometheus"",quanti,}",0.0,0.0
1790113535.622,java-user-service,"http_server_requests_seconds{error=""none"",exception=""none"",framework=""spring-boot"",language=""java"",method=""GET"",outcome=""SUCCESS"",service=""java-user-service"",status=""200"",uri=""/actuator/prometheus"",}",15.0,0.191897293
1790113535.622,java-product-service,"http_server_requests_seconds{error=""none"",exception=""none"",language=""java"",method=""GET"",outcome=""SUCCESS"",service=""java-product-service"",status=""200"",uri=""/actuator/health"",quanti,}",0.0,0.0
1790113535.622,java-product-service,"http_server_requests_seconds{error=""none"",exception=""none"",language=""java"",method=""GET"",outcome=""SUCCESS"",service=""java-product-service"",status=""200"",uri=""/actuator/health"",}",146.0,0.649655377
1790113535.622,java-product-service,"http_server_requests_seconds{error=""none"",exception=""none"",language=""java"",method=""GET"",outcome=""SUCCESS"",service=""java-product-service"",status=""200"",uri=""/actuator/prometheus"",quanti,}",0.0,0.0
1790113535.622,java-product-service,"http_server_requests_seconds{error=""none"",exception=""none"",language=""java"",method=""GET"",outcome=""SUCCESS"",service=""java-product-service"",status=""200"",uri=""/actuator/prometheus"",}",15.0,0.094190708
1790113535.622,java-product-service,"http_server_requests_seconds{error=""none"",exception=""none"",language=""java"",method=""POST"",outcome=""SUCCESS"",service=""java-product-service"",status=""201"",uri=""/products"",quanti,}",0.0,0.0
1790113535.622,java-product-service,"http_server_requests_seconds{error=""none"",exception=""none"",language=""java"",method=""POST"",outcome=""SUCCESS"",service=""java-product-service"",status=""201"",uri=""/products"",}",10.0,0.090428665
1790113535.622,java-product-service,"http_server_requests_seconds{error=""none"",exception=""none"",language=""java"",method=""GET"",outcome=""SUCCESS"",service=""java-product-service"",status=""200"",uri=""/products"",quanti,}",0.0,0.0
1790113535.622,java-product-service,"http_server_requests_seconds{error=""none"",exception=""none"",language=""java"",method=""GET"",outcome=""SUCCESS"",service=""java-product-service"",status=""200"",uri=""/products"",}",2248.0,2.958630256
1790113535.622,java-order-service,"http_server_requests_seconds{error=""none"",exception=""none"",language=""java"",method=""GET"",outcome=""SUCCESS"",service=""java-order-service"",status=""200"",uri=""/actuator/prometheus"",quanti,}",0.0,0.0
1790113535.622,java-order-service,"http_server_requests_seconds{error=""none"",exception=""none"",language=""java"",method=""GET"",outcome=""SUCCESS"",service=""java-order-service"",status=""200"",uri=""/actuator/prometheus"",}",15.0,0.077356668
1790113535.622,java-order-service,"http_server_requests_seconds{error=""none"",exception=""none"",language=""java"",method=""GET"",outcome=""SUCCESS"",service=""java-order-service"",status=""200"",uri=""/actuator/health"",quanti,}",0.0,0.0
1790113535.622,java-order-service,"http_server_requests_seconds{error=""none"",exception=""none"",language=""java"",method=""GET"",outcome=""SUCCESS"",service=""java-order-service"",status=""200"",uri=""/actuator/health"",}",146.0,0.43369087
1790113540.667,java-user-service,"http_server_requests_seconds{error=""none"",exception=""none"",framework=""spring-boot"",language=""java"",method=""GET"",outcome=""SUCCESS"",service=""java-user-service"",status=""200"",uri=""/actuator/health"",quanti,}",0.0,0.0
1790113540.667,java-user-service,"http_server_requests_seconds{error=""none"",exception=""none"",framework=""spring-boot"",language=""java"",method=""GET"",outcome=""SUCCESS"",service=""java-user-service"",status=""200"",uri=""/actuator/health"",}",155.0,0.87702204
1790113540.667,java-user-service,"http_server_requests_seconds{error=""none"",exception=""none"",framework=""spring-boot"",language=""java"",method=""POST"",outcome=""SUCCESS"",service=""java-user-service"",status=""201"",uri=""/users"",quanti,}",0.0,0.0
1790113540.667,java-user-service,"http_server_requests_seconds{error=""none"",exception=""none"",framework=""spring-boot"",language=""java"",method=""POST"",outcome=""SUCCESS"",service=""java-user-service"",status=""201"",uri=""/users"",}",469.0,61.744561894
1790113540.667,java-user-service,"http_server_requests_seconds{error=""none"",exception=""none"",framework=""spring-boot"",language=""java"",method=""GET"",outcome=""SUCCESS"",service=""java-user-service"",status=""200"",uri=""/users"",quanti,}",0.0,0.0
1790113540.667,java-user-service,"http_server_requests_seconds{error=""none"",exception=""none"",framework=""spring-boot"",language=""java"",method=""GET"",outcome=""SUCCESS"",service=""java-user-service"",status=""200"",uri=""/users"",}",1000.0,7.195534751
1790113540.667,java-user-service,"http_server_requests_seconds{error=""none"",exception=""none"",framework=""spring-boot"",language=""java"",method=""GET"",outcome=""SUCCESS"",service=""java-user-service"",status=""200"",uri=""/actuator/prometheus"",quanti,}",0.0,0.0
1790113540.667,java-user-service,"http_server_requests_seconds{error=""none"",exception=""none"",framework=""spring-boot"",language=""java"",method=""GET"",outcome=""SUCCESS"",service=""java-user-service"",status=""200"",uri=""/actuator/prometheus"",}",16.0,0.201435793
1790113540.667,java-product-service,"http_server_requests_seconds{error=""none"",exception=""none"",language=""java"",method=""GET"",outcome=""SUCCESS"",service=""java-product-service"",status=""200"",uri=""/actuator/health"",quanti,}",0.0,0.0
1790113540.667,java-product-service,"http_server_requests_seconds{error=""none"",exception=""none"",language=""java"",method=""GET"",outcome=""SUCCESS"",service=""java-product-service"",status=""200"",uri=""/actuator/health"",}",155.0,0.674371211
1790113540.667,java-product-service,"http_server_requests_seconds{error=""none"",exception=""none"",language=""java"",method=""GET"",outcome=""SUCCESS"",service=""java-product-service"",status=""200"",uri=""/actuator/prometheus"",quanti,}",0.0,0.0
1790113540.667,java-product-service,"http_server_requests_seconds{error=""none"",exception=""none"",language=""java"",method=""GET"",outcome=""SUCCESS"",service=""java-product-service"",status=""200"",uri=""/actuator/prometheus"",}",16.0,0.100220667
1790113540.667,java-product-service,"http_server_requests_seconds{error=""none"",exception=""none"",language=""java"",method=""POST"",outcome=""SUCCESS"",service=""java-product-service"",status=""201"",uri=""/products"",quanti,}",0.0,0.0
1790113540.667,java-product-service,"http_server_requests_seconds{error=""none"",exception=""none"",language=""java"",method=""POST"",outcome=""SUCCESS"",service=""java-product-service"",status=""201"",uri=""/products"",}",10.0,0.090428665
1790113540.667,java-product-service,"http_server_requests_seconds{error=""none"",exception=""none"",language=""java"",method=""GET"",outcome=""SUCCESS"",service=""java-product-service"",status=""200"",uri=""/products"",quanti,}",0.0,0.0
1790113540.667,java-product-service,"http_server_requests_seconds{error=""none"",exception=""none"",language=""java"",method=""GET"",outcome=""SUCCESS"",service=""java-product-service"",status=""200"",uri=""/products"",}",2368.0,3.079754719
1790113540.667,java-order-service,"http_server_requests_seconds{error=""none"",exception=""none"",language=""java"",method=""GET"",outcome=""SUCCESS"",service=""java-order-service"",status=""200"",uri=""/actuator/prometheus"",quanti,}",0.0,0.0
1790113540.667,java-order-service,"http_server_requests_seconds{error=""none"",exception=""none"",language=""java"",method=""GET"",outcome=""SUCCESS"",service=""java-order-service"",status=""200"",uri=""/actuator/prometheus"",}",16.0,0.081930585
1790113540.667,java-order-service,"http_server_requests_seconds{error=""none"",exception=""none"",language=""java"",method=""GET"",outcome=""SUCCESS"",service=""java-order-service"",status=""200"",uri=""/actuator/health"",quanti,}",0.0,0.0
1790113540.667,java-order-service,"http_server_requests_seconds{error=""none"",exception=""none"",language=""java"",method=""GET"",outcome=""SUCCESS"",service=""java-order-service"",status=""200"",uri=""/actuator/health"",}",156.0,0.458478578
1790113545.720,java-user-service,"http_server_requests_seconds{error=""none"",exception=""none"",framework=""spring-boot"",language=""java"",method=""GET"",outcome=""SUCCESS"",service=""java-user-service"",status=""200"",uri=""/actuator/health"",quanti,}",0.0,0.0
1790113545.720,java-user-service,"http_server_requests_seconds{error=""none"",exception=""none"",framework=""spring-boot"",language=""java"",method=""GET"",outcome=""SUCCESS"",service=""java-user-service"",status=""200"",uri=""/actuator/health"",}",166.0,0.90734358
1790113545.720,java-user-service,"http_server_requests_seconds{error=""none"",exception=""none"",framework=""spring-boot"",language=""java"",method=""POST"",outcome=""SUCCESS"",service=""java-user-service"",status=""201"",uri=""/users"",quanti,}",0.0,0.0
1790113545.720,java-user-service,"http_server_requests_seconds{error=""none"",exception=""none"",framework=""spring-boot"",language=""java"",method=""POST"",outcome=""SUCCESS"",service=""java-user-service"",status=""201"",uri=""/users"",}",499.0,65.381671476
1790113545.720,java-user-service,"http_server_requests_seconds{error=""none"",exception=""none"",framework=""spring-boot"",language=""java"",method=""GET"",outcome=""SUCCESS"",service=""java-user-service"",status=""200"",uri=""/users"",quanti,}",0.0,0.0
1790113545.720,java-user-service,"http_server_requests_seconds{error=""none"",exception=""none"",framework=""spring-boot"",language=""java"",method=""GET"",outcome=""SUCCESS"",service=""java-user-service"",status=""200"",uri=""/users"",}",1000.0,7.195534751
1790113545.720,java-user-service,"http_server_requests_seconds{error=""none"",exception=""none"",framework=""spring-boot"",language=""java"",method=""GET"",outcome=""SUCCESS"",service=""java-user-service"",status=""200"",uri=""/actuator/prometheus"",quanti,}",0.0,0.0
1790113545.720,java-user-service,"http_server_requests_seconds{error=""none"",exception=""none"",framework=""spring-boot"",language=""java"",method=""GET"",outcome=""SUCCESS"",service=""java-user-service"",status=""200"",uri=""/actuator/prometheus"",}",17.0,0.212082168
1790113545.720,java-product-service,"http_server_requests_seconds{error=""none"",exception=""none"",language=""java"",method=""GET"",outcome=""SUCCESS"",service=""java-product-service"",status=""200"",uri=""/actuator/health"",quanti,}",0.0,0.0
1790113545.720,java-product-service,"http_server_requests_seconds{error=""none"",exception=""none"",language=""java"",method=""GET"",outcome=""SUCCESS"",service=""java-product-service"",status=""200"",uri=""/actuator/health"",}",166.0,0.698965545
1790113545.720,java-product-service,"http_server_requests_seconds{error=""none"",exception=""none"",language=""java"",method=""GET"",outcome=""SUCCESS"",service=""java-product-service"",status=""200"",uri=""/actuator/prometheus"",quanti,}",0.0,0.0
1790113545.720,java-product-service,"http_server_requests_seconds{error=""none"",exception=""none"",language=""java"",method=""GET"",outcome=""SUCCESS"",service=""java-product-service"",status=""200"",uri=""/actuator/prometheus"",}",17.0,0.106639459
1790113545.720,java-product-service,"http_server_requests_seconds{error=""none"",exception=""none"",language=""java"",method=""POST"",outcome=""SUCCESS"",service=""java-product-service"",status=""201"",uri=""/products"",quanti,}",0.0,0.0
1790113545.720,java-product-service,"http_server_requests_seconds{error=""none"",exception=""none"",language=""java"",method=""POST"",outcome=""SUCCESS"",service=""java-product-service"",status=""201"",uri=""/products"",}",10.0,0.090428665
1790113545.720,java-product-service,"http_server_requests_seconds{error=""none"",exception=""none"",language=""java"",method=""GET"",outcome=""SUCCESS"",service=""java-product-service"",status=""200"",uri=""/products"",quanti,}",0.0,0.0
1790113545.720,java-product-service,"http_server_requests_seconds{error=""none"",exception=""none"",language=""java"",method=""GET"",outcome=""SUCCESS"",service=""java-product-service"",status=""200"",uri=""/products"",}",2488.0,3.21428289
1790113545.720,java-order-service,"http_server_requests_seconds{error=""none"",exception=""none"",language=""java"",method=""GET"",outcome=""SUCCESS"",service=""java-order-service"",status=""200"",uri=""/actuator/prometheus"",quanti,}",0.0,0.0
1790113545.720,java-order-service,"http_server_requests_seconds{error=""none"",exception=""none"",language=""java"",method=""GET"",outcome=""SUCCESS"",service=""java-order-service"",status=""200"",uri=""/actuator/prometheus"",}",17.0,0.087520418
1790113545.720,java-order-service,"http_server_requests_seconds{error=""none"",exception=""none"",language=""java"",method=""GET"",outcome=""SUCCESS"",service=""java-order-service"",status=""200"",uri=""/actuator/health"",quanti,}",0.0,0.0
1790113545.720,java-order-service,"http_server_requests_seconds{error=""none"",exception=""none"",language=""java"",method=""GET"",outcome=""SUCCESS"",service=""java-order-service"",status=""200"",uri=""/actuator/health"",}",166.0,0.478972786
1790113550.769,java-user-service,"http_server_requests_seconds{error=""none"",exception=""none"",framework=""spring-boot"",language=""java"",method=""GET"",outcome=""SUCCESS"",service=""java-user-service"",status=""200"",uri=""/actuator/health"",quanti,}",0.0,0.0
1790113550.769,java-user-service,"http_server_requests_seconds{error=""none"",exception=""none"",framework=""spring-boot"",language=""java"",method=""GET"",outcome=""SUCCESS"",service=""java-user-service"",status=""200"",uri=""/actuator/health"",}",176.0,0.942992289
1790113550.769,java-user-service,"http_server_requests_seconds{error=""none"",exception=""none"",framework=""spring-boot"",language=""java"",method=""POST"",outcome=""SUCCESS"",service=""java-user-service"",status=""201"",uri=""/users"",quanti,}",0.0,0.0
1790113550.769,java-user-service,"http_server_requests_seconds{error=""none"",exception=""none"",framework=""spring-boot"",language=""java"",method=""POST"",outcome=""SUCCESS"",service=""java-user-service"",status=""201"",uri=""/users"",}",529.0,70.207362769
1790113550.769,java-user-service,"http_server_requests_seconds{error=""none"",exception=""none"",framework=""spring-boot"",language=""java"",method=""GET"",outcome=""SUCCESS"",service=""java-user-service"",status=""200"",uri=""/users"",quanti,}",0.0,0.0
1790113550.769,java-user-service,"http_server_requests_seconds{error=""none"",exception=""none"",framework=""spring-boot"",language=""java"",method=""GET"",outcome=""SUCCESS"",service=""java-user-service"",status=""200"",uri=""/users"",}",1000.0,7.195534751
1790113550.769,java-user-service,"http_server_requests_seconds{error=""none"",exception=""none"",framework=""spring-boot"",language=""java"",method=""GET"",outcome=""SUCCESS"",service=""java-user-service"",status=""200"",uri=""/actuator/prometheus"",quanti,}",0.0,0.0
1790113550.769,java-user-service,"http_server_requests_seconds{error=""none"",exception=""none"",framework=""spring-boot"",language=""java"",method=""GET"",outcome=""SUCCESS"",service=""java-user-service"",status=""200"",uri=""/actuator/prometheus"",}",18.0,0.220813043
1790113550.769,java-product-service,"http_server_requests_seconds{error=""none"",exception=""none"",language=""java"",method=""GET"",outcome=""SUCCESS"",service=""java-product-service"",status=""200"",uri=""/actuator/health"",quanti,}",0.0,0.0
1790113550.769,java-product-service,"http_server_requests_seconds{error=""none"",exception=""none"",language=""java"",method=""GET"",outcome=""SUCCESS"",service=""java-product-service"",status=""200"",uri=""/actuator/health"",}",176.0,0.728682208
1790113550.769,java-product-service,"http_server_requests_seconds{error=""none"",exception=""none"",language=""java"",method=""GET"",outcome=""SUCCESS"",service=""java-product-service"",status=""200"",uri=""/actuator/prometheus"",quanti,}",0.0,0.0
1790113550.769,java-product-service,"http_server_requests_seconds{error=""none"",exception=""none"",language=""java"",method=""GET"",outcome=""SUCCESS"",service=""java-product-service"",status=""200"",uri=""/actuator/prometheus"",}",18.0,0.114358043
1790113550.769,java-product-service,"http_server_requests_seconds{error=""none"",exception=""none"",language=""java"",method=""POST"",outcome=""SUCCESS"",service=""java-product-service"",status=""201"",uri=""/products"",quanti,}",0.0,0.0
1790113550.769,java-product-service,"http_server_requests_seconds{error=""none"",exception=""none"",language=""java"",method=""POST"",outcome=""SUCCESS"",service=""java-product-service"",status=""201"",uri=""/products"",}",10.0,0.090428665
1790113550.769,java-product-service,"http_server_requests_seconds{error=""none"",exception=""none"",language=""java"",method=""GET"",outcome=""SUCCESS"",service=""java-product-service"",status=""200"",uri=""/products"",quanti,}",0.0,0.0
1790113550.769,java-product-service,"http_server_requests_seconds{error=""none"",exception=""none"",language=""java"",method=""GET"",outcome=""SUCCESS"",service=""java-product-service"",status=""200"",uri=""/products"",}",2608.0,3.337664392
1790113550.769,java-order-service,"http_server_requests_seconds{error=""none"",exception=""none"",language=""java"",method=""GET"",outcome=""SUCCESS"",service=""java-order-service"",status=""200"",uri=""/actuator/prometheus"",quanti,}",0.0,0.0
1790113550.769,java-order-service,"http_server_requests_seconds{error=""none"",exception=""none"",language=""java"",method=""GET"",outcome=""SUCCESS"",service=""java-order-service"",status=""200"",uri=""/actuator/prometheus"",}",18.0,0.094368376
1790113550.769,java-order-service,"http_server_requests_seconds{error=""none"",exception=""none"",language=""java"",method=""GET"",outcome=""SUCCESS"",service=""java-order-service"",status=""200"",uri=""/actuator/health"",quanti,}",0.0,0.0
1790113550.769,java-order-service,"http_server_requests_seconds{error=""none"",exception=""none"",language=""java"",method=""GET"",outcome=""SUCCESS"",service=""java-order-service"",status=""200"",uri=""/actuator/health"",}",177.0,0.503295036
1790113555.805,java-user-service,"http_server_requests_seconds{error=""none"",exception=""none"",framework=""spring-boot"",language=""java"",method=""GET"",outcome=""SUCCESS"",service=""java-user-service"",status=""200"",uri=""/actuator/health"",quanti,}",0.0,0.0
1790113555.805,java-user-service,"http_server_requests_seconds{error=""none"",exception=""none"",framework=""spring-boot"",language=""java"",method=""GET"",outcome=""SUCCESS"",service=""java-user-service"",status=""200"",uri=""/actuator/health"",}",186.0,0.975336078
1790113555.805,java-user-service,"http_server_requests_seconds{error=""none"",exception=""none"",framework=""spring-boot"",language=""java"",method=""POST"",outcome=""SUCCESS"",service=""java-user-service"",status=""201"",uri=""/users"",quanti,}",0.0,0.0
1790113555.805,java-user-service,"http_server_requests_seconds{error=""none"",exception=""none"",framework=""spring-boot"",language=""java"",method=""POST"",outcome=""SUCCESS"",service=""java-user-service"",status=""201"",uri=""/users"",}",556.0,73.051502644
1790113555.805,java-user-service,"http_server_requests_seconds{error=""none"",exception=""none"",framework=""spring-boot"",language=""java"",method=""GET"",outcome=""SUCCESS"",service=""java-user-service"",status=""200"",uri=""/users"",quanti,}",0.0,0.0
1790113555.805,java-user-service,"http_server_requests_seconds{error=""none"",exception=""none"",framework=""spring-boot"",language=""java"",method=""GET"",outcome=""SUCCESS"",service=""java-user-service"",status=""200"",uri=""/users"",}",1000.0,7.195534751
1790113555.805,java-user-service,"http_server_requests_seconds{error=""none"",exception=""none"",framework=""spring-boot"",language=""java"",method=""GET"",outcome=""SUCCESS"",service=""java-user-service"",status=""200"",uri=""/actuator/prometheus"",quanti,}",0.0,0.0
1790113555.805,java-user-service,"http_server_requests_seconds{error=""none"",exception=""none"",framework=""spring-boot"",language=""java"",method=""GET"",outcome=""SUCCESS"",service=""java-user-service"",status=""200"",uri=""/actuator/prometheus"",}",19.0,0.22356046
1790113555.805,java-product-service,"http_server_requests_seconds{error=""none"",exception=""none"",language=""java"",method=""GET"",outcome=""SUCCESS"",service=""java-product-service"",status=""200"",uri=""/actuator/health"",quanti,}",0.0,0.0
1790113555.805,java-product-service,"http_server_requests_seconds{error=""none"",exception=""none"",language=""java"",method=""GET"",outcome=""SUCCESS"",service=""java-product-service"",status=""200"",uri=""/actuator/health"",}",186.0,0.756173249
1790113555.805,java-product-service,"http_server_requests_seconds{error=""none"",exception=""none"",language=""java"",method=""GET"",outcome=""SUCCESS"",service=""java-product-service"",status=""200"",uri=""/actuator/prometheus"",quanti,}",0.0,0.0
1790113555.805,java-product-service,"http_server_requests_seconds{error=""none"",exception=""none"",language=""java"",method=""GET"",outcome=""SUCCESS"",service=""java-product-service"",status=""200"",uri=""/actuator/prometheus"",}",19.0,0.116650626
1790113555.805,java-product-service,"http_server_requests_seconds{error=""none"",exception=""none"",language=""java"",method=""POST"",outcome=""SUCCESS"",service=""java-product-service"",status=""201"",uri=""/products"",quanti,}",0.0,0.0
1790113555.805,java-product-service,"http_server_requests_seconds{error=""none"",exception=""none"",language=""java"",method=""POST"",outcome=""SUCCESS"",service=""java-product-service"",status=""201"",uri=""/products"",}",10.0,0.090428665
1790113555.805,java-product-service,"http_server_requests_seconds{error=""none"",exception=""none"",language=""java"",method=""GET"",outcome=""SUCCESS"",service=""java-product-service"",status=""200"",uri=""/products"",quanti,}",0.0,0.0
1790113555.805,java-product-service,"http_server_requests_seconds{error=""none"",exception=""none"",language=""java"",method=""GET"",outcome=""SUCCESS"",service=""java-product-service"",status=""200"",uri=""/products"",}",2728.0,3.481033647
1790113555.805,java-order-service,"http_server_requests_seconds{error=""none"",exception=""none"",language=""java"",method=""GET"",outcome=""SUCCESS"",service=""java-order-service"",status=""200"",uri=""/actuator/prometheus"",quanti,}",0.0,0.0
1790113555.805,java-order-service,"http_server_requests_seconds{error=""none"",exception=""none"",language=""java"",method=""GET"",outcome=""SUCCESS"",service=""java-order-service"",status=""200"",uri=""/actuator/prometheus"",}",19.0,0.097298126
1790113555.805,java-order-service,"http_server_requests_seconds{error=""none"",exception=""none"",language=""java"",method=""GET"",outcome=""SUCCESS"",service=""java-order-service"",status=""200"",uri=""/actuator/health"",quanti,}",0.0,0.0
1790113555.805,java-order-service,"http_server_requests_seconds{error=""none"",exception=""none"",language=""java"",method=""GET"",outcome=""SUCCESS"",service=""java-order-service"",status=""200"",uri=""/actuator/health"",}",186.0,0.525133329
1790113560.834,java-user-service,"http_server_requests_seconds{error=""none"",exception=""none"",framework=""spring-boot"",language=""java"",method=""GET"",outcome=""SUCCESS"",service=""java-user-service"",status=""200"",uri=""/actuator/health"",quanti,}",0.0,0.0
1790113560.834,java-user-service,"http_server_requests_seconds{error=""none"",exception=""none"",framework=""spring-boot"",language=""java"",method=""GET"",outcome=""SUCCESS"",service=""java-user-service"",status=""200"",uri=""/actuator/health"",}",196.0,1.006071287
1790113560.834,java-user-service,"http_server_requests_seconds{error=""none"",exception=""none"",framework=""spring-boot"",language=""java"",method=""POST"",outcome=""SUCCESS"",service=""java-user-service"",status=""201"",uri=""/users"",quanti,}",0.0,0.0
1790113560.834,java-user-service,"http_server_requests_seconds{error=""none"",exception=""none"",framework=""spring-boot"",language=""java"",method=""POST"",outcome=""SUCCESS"",service=""java-user-service"",status=""201"",uri=""/users"",}",586.0,75.942245392
1790113560.834,java-user-service,"http_server_requests_seconds{error=""none"",exception=""none"",framework=""spring-boot"",language=""java"",method=""GET"",outcome=""SUCCESS"",service=""java-user-service"",status=""200"",uri=""/users"",quanti,}",0.0,0.0
1790113560.834,java-user-service,"http_server_requests_seconds{error=""none"",exception=""none"",framework=""spring-boot"",language=""java"",method=""GET"",outcome=""SUCCESS"",service=""java-user-service"",status=""200"",uri=""/users"",}",1000.0,7.195534751
1790113560.834,java-user-service,"http_server_requests_seconds{error=""none"",exception=""none"",framework=""spring-boot"",language=""java"",method=""GET"",outcome=""SUCCESS"",service=""java-user-service"",status=""200"",uri=""/actuator/prometheus"",quanti,}",0.0,0.0
1790113560.834,java-user-service,"http_server_requests_seconds{error=""none"",exception=""none"",framework=""spring-boot"",language=""java"",method=""GET"",outcome=""SUCCESS"",service=""java-user-service"",status=""200"",uri=""/actuator/prometheus"",}",20.0,0.226337335
1790113560.834,java-product-service,"http_server_requests_seconds{error=""none"",exception=""none"",language=""java"",method=""GET"",outcome=""SUCCESS"",service=""java-product-service"",status=""200"",uri=""/actuator/health"",quanti,}",0.0,0.0
1790113560.834,java-product-service,"http_server_requests_seconds{error=""none"",exception=""none"",language=""java"",method=""GET"",outcome=""SUCCESS"",service=""java-product-service"",status=""200"",uri=""/actuator/health"",}",196.0,0.781766794
1790113560.834,java-product-service,"http_server_requests_seconds{error=""none"",exception=""none"",language=""java"",method=""GET"",outcome=""SUCCESS"",service=""java-product-service"",status=""200"",uri=""/actuator/prometheus"",quanti,}",0.0,0.0
1790113560.834,java-product-service,"http_server_requests_seconds{error=""none"",exception=""none"",language=""java"",method=""GET"",outcome=""SUCCESS"",service=""java-product-service"",status=""200"",uri=""/actuator/prometheus"",}",20.0,0.120441584
1790113560.834,java-product-service,"http_server_requests_seconds{error=""none"",exception=""none"",language=""java"",method=""POST"",outcome=""SUCCESS"",service=""java-product-service"",status=""201"",uri=""/products"",quanti,}",0.0,0.0
1790113560.834,java-product-service,"http_server_requests_seconds{error=""none"",exception=""none"",language=""java"",method=""POST"",outcome=""SUCCESS"",service=""java-product-service"",status=""201"",uri=""/products"",}",10.0,0.090428665
1790113560.834,java-product-service,"http_server_requests_seconds{error=""none"",exception=""none"",language=""java"",method=""GET"",outcome=""SUCCESS"",service=""java-product-service"",status=""200"",uri=""/products"",quanti,}",0.0,0.0
1790113560.834,java-product-service,"http_server_requests_seconds{error=""none"",exception=""none"",language=""java"",method=""GET"",outcome=""SUCCESS"",service=""java-product-service"",status=""200"",uri=""/products"",}",2845.0,3.621856346
1790113560.834,java-order-service,"http_server_requests_seconds{error=""none"",exception=""none"",language=""java"",method=""GET"",outcome=""SUCCESS"",service=""java-order-service"",status=""200"",uri=""/actuator/prometheus"",quanti,}",0.0,0.0
1790113560.834,java-order-service,"http_server_requests_seconds{error=""none"",exception=""none"",language=""java"",method=""GET"",outcome=""SUCCESS"",service=""java-order-service"",status=""200"",uri=""/actuator/prometheus"",}",20.0,0.100432793
1790113560.834,java-order-service,"http_server_requests_seconds{error=""none"",exception=""none"",language=""java"",method=""GET"",outcome=""SUCCESS"",service=""java-order-service"",status=""200"",uri=""/actuator/health"",quanti,}",0.0,0.0
1790113560.834,java-order-service,"http_server_requests_seconds{error=""none"",exception=""none"",language=""java"",method=""GET"",outcome=""SUCCESS"",service=""java-order-service"",status=""200"",uri=""/actuator/health"",}",197.0,0.547513619
1790113565.867,java-user-service,"http_server_requests_seconds{error=""none"",exception=""none"",framework=""spring-boot"",language=""java"",method=""GET"",outcome=""SUCCESS"",service=""java-user-service"",status=""200"",uri=""/actuator/health"",quanti,}",0.0,0.0
1790113565.867,java-user-service,"http_server_requests_seconds{error=""none"",exception=""none"",framework=""spring-boot"",language=""java"",method=""GET"",outcome=""SUCCESS"",service=""java-user-service"",status=""200"",uri=""/actuator/health"",}",207.0,1.040242288
1790113565.867,java-user-service,"http_server_requests_seconds{error=""none"",exception=""none"",framework=""spring-boot"",language=""java"",method=""POST"",outcome=""SUCCESS"",service=""java-user-service"",status=""201"",uri=""/users"",quanti,}",0.0,0.0
1790113565.867,java-user-service,"http_server_requests_seconds{error=""none"",exception=""none"",framework=""spring-boot"",language=""java"",method=""POST"",outcome=""SUCCESS"",service=""java-user-service"",status=""201"",uri=""/users"",}",616.0,79.117726058
1790113565.867,java-user-service,"http_server_requests_seconds{error=""none"",exception=""none"",framework=""spring-boot"",language=""java"",method=""GET"",outcome=""SUCCESS"",service=""java-user-service"",status=""200"",uri=""/users"",quanti,}",0.0,0.0
1790113565.867,java-user-service,"http_server_requests_seconds{error=""none"",exception=""none"",framework=""spring-boot"",language=""java"",method=""GET"",outcome=""SUCCESS"",service=""java-user-service"",status=""200"",uri=""/users"",}",1000.0,7.195534751
1790113565.867,java-user-service,"http_server_requests_seconds{error=""none"",exception=""none"",framework=""spring-boot"",language=""java"",method=""GET"",outcome=""SUCCESS"",service=""java-user-service"",status=""200"",uri=""/actuator/prometheus"",quanti,}",0.0,0.0
1790113565.867,java-user-service,"http_server_requests_seconds{error=""none"",exception=""none"",framework=""spring-boot"",language=""java"",method=""GET"",outcome=""SUCCESS"",service=""java-user-service"",status=""200"",uri=""/actuator/prometheus"",}",21.0,0.229636085
1790113565.867,java-product-service,"http_server_requests_seconds{error=""none"",exception=""none"",language=""java"",method=""GET"",outcome=""SUCCESS"",service=""java-product-service"",status=""200"",uri=""/actuator/health"",quanti,}",0.0,0.0
1790113565.867,java-product-service,"http_server_requests_seconds{error=""none"",exception=""none"",language=""java"",method=""GET"",outcome=""SUCCESS"",service=""java-product-service"",status=""200"",uri=""/actuator/health"",}",207.0,0.810916629
1790113565.867,java-product-service,"http_server_requests_seconds{error=""none"",exception=""none"",language=""java"",method=""GET"",outcome=""SUCCESS"",service=""java-product-service"",status=""200"",uri=""/actuator/prometheus"",quanti,}",0.0,0.0
1790113565.867,java-product-service,"http_server_requests_seconds{error=""none"",exception=""none"",language=""java"",method=""GET"",outcome=""SUCCESS"",service=""java-product-service"",status=""200"",uri=""/actuator/prometheus"",}",21.0,0.123056834
1790113565.867,java-product-service,"http_server_requests_seconds{error=""none"",exception=""none"",language=""java"",method=""POST"",outcome=""SUCCESS"",service=""java-product-service"",status=""201"",uri=""/products"",quanti,}",0.0,0.0
1790113565.867,java-product-service,"http_server_requests_seconds{error=""none"",exception=""none"",language=""java"",method=""POST"",outcome=""SUCCESS"",service=""java-product-service"",status=""201"",uri=""/products"",}",10.0,0.090428665
1790113565.867,java-product-service,"http_server_requests_seconds{error=""none"",exception=""none"",language=""java"",method=""GET"",outcome=""SUCCESS"",service=""java-product-service"",status=""200"",uri=""/products"",quanti,}",0.0,0.0
1790113565.867,java-product-service,"http_server_requests_seconds{error=""none"",exception=""none"",language=""java"",method=""GET"",outcome=""SUCCESS"",service=""java-product-service"",status=""200"",uri=""/products"",}",2962.0,3.753432507
1790113565.867,java-order-service,"http_server_requests_seconds{error=""none"",exception=""none"",language=""java"",method=""GET"",outcome=""SUCCESS"",service=""java-order-service"",status=""200"",uri=""/actuator/prometheus"",quanti,}",0.0,0.0
1790113565.867,java-order-service,"http_server_requests_seconds{error=""none"",exception=""none"",language=""java"",method=""GET"",outcome=""SUCCESS"",service=""java-order-service"",status=""200"",uri=""/actuator/prometheus"",}",21.0,0.103121043
1790113565.867,java-order-service,"http_server_requests_seconds{error=""none"",exception=""none"",language=""java"",method=""GET"",outcome=""SUCCESS"",service=""java-order-service"",status=""200"",uri=""/actuator/health"",quanti,}",0.0,0.0
1790113565.867,java-order-service,"http_server_requests_seconds{error=""none"",exception=""none"",language=""java"",method=""GET"",outcome=""SUCCESS"",service=""java-order-service"",status=""200"",uri=""/actuator/health"",}",207.0,0.572301828
1790113570.900,java-user-service,"http_server_requests_seconds{error=""none"",exception=""none"",framework=""spring-boot"",language=""java"",method=""GET"",outcome=""SUCCESS"",service=""java-user-service"",status=""200"",uri=""/actuator/health"",quanti,}",0.0,0.0
1790113570.900,java-user-service,"http_server_requests_seconds{error=""none"",exception=""none"",framework=""spring-boot"",language=""java"",method=""GET"",outcome=""SUCCESS"",service=""java-user-service"",status=""200"",uri=""/actuator/health"",}",216.0,1.06979037
1790113570.900,java-user-service,"http_server_requests_seconds{error=""none"",exception=""none"",framework=""spring-boot"",language=""java"",method=""POST"",outcome=""SUCCESS"",service=""java-user-service"",status=""201"",uri=""/users"",quanti,}",0.0,0.0
1790113570.900,java-user-service,"http_server_requests_seconds{error=""none"",exception=""none"",framework=""spring-boot"",language=""java"",method=""POST"",outcome=""SUCCESS"",service=""java-user-service"",status=""201"",uri=""/users"",}",643.0,81.846529351
1790113570.900,java-user-service,"http_server_requests_seconds{error=""none"",exception=""none"",framework=""spring-boot"",language=""java"",method=""GET"",outcome=""SUCCESS"",service=""java-user-service"",status=""200"",uri=""/users"",quanti,}",0.0,0.0
1790113570.900,java-user-service,"http_server_requests_seconds{error=""none"",exception=""none"",framework=""spring-boot"",language=""java"",method=""GET"",outcome=""SUCCESS"",service=""java-user-service"",status=""200"",uri=""/users"",}",1000.0,7.195534751
1790113570.900,java-user-service,"http_server_requests_seconds{error=""none"",exception=""none"",framework=""spring-boot"",language=""java"",method=""GET"",outcome=""SUCCESS"",service=""java-user-service"",status=""200"",uri=""/actuator/prometheus"",quanti,}",0.0,0.0
1790113570.900,java-user-service,"http_server_requests_seconds{error=""none"",exception=""none"",framework=""spring-boot"",language=""java"",method=""GET"",outcome=""SUCCESS"",service=""java-user-service"",status=""200"",uri=""/actuator/prometheus"",}",22.0,0.233096293
1790113570.900,java-product-service,"http_server_requests_seconds{error=""none"",exception=""none"",language=""java"",method=""GET"",outcome=""SUCCESS"",service=""java-product-service"",status=""200"",uri=""/actuator/health"",quanti,}",0.0,0.0
1790113570.900,java-product-service,"http_server_requests_seconds{error=""none"",exception=""none"",language=""java"",method=""GET"",outcome=""SUCCESS"",service=""java-product-service"",status=""200"",uri=""/actuator/health"",}",216.0,0.834209503
1790113570.900,java-product-service,"http_server_requests_seconds{error=""none"",exception=""none"",language=""java"",method=""GET"",outcome=""SUCCESS"",service=""java-product-service"",status=""200"",uri=""/actuator/prometheus"",quanti,}",0.0,0.0
1790113570.900,java-product-service,"http_server_requests_seconds{error=""none"",exception=""none"",language=""java"",method=""GET"",outcome=""SUCCESS"",service=""java-product-service"",status=""200"",uri=""/actuator/prometheus"",}",22.0,0.125735459
1790113570.900,java-product-service,"http_server_requests_seconds{error=""none"",exception=""none"",language=""java"",method=""POST"",outcome=""SUCCESS"",service=""java-product-service"",status=""201"",uri=""/products"",quanti,}",0.0,0.0
1790113570.900,java-product-service,"http_server_requests_seconds{error=""none"",exception=""none"",language=""java"",method=""POST"",outcome=""SUCCESS"",service=""java-product-service"",status=""201"",uri=""/products"",}",10.0,0.090428665
1790113570.900,java-product-service,"http_server_requests_seconds{error=""none"",exception=""none"",language=""java"",method=""GET"",outcome=""SUCCESS"",service=""java-product-service"",status=""200"",uri=""/products"",quanti,}",0.0,0.0
1790113570.900,java-product-service,"http_server_requests_seconds{error=""none"",exception=""none"",language=""java"",method=""GET"",outcome=""SUCCESS"",service=""java-product-service"",status=""200"",uri=""/products"",}",3078.0,3.884293508
1790113570.900,java-order-service,"http_server_requests_seconds{error=""none"",exception=""none"",language=""java"",method=""GET"",outcome=""SUCCESS"",service=""java-order-service"",status=""200"",uri=""/actuator/prometheus"",quanti,}",0.0,0.0
1790113570.900,java-order-service,"http_server_requests_seconds{error=""none"",exception=""none"",language=""java"",method=""GET"",outcome=""SUCCESS"",service=""java-order-service"",status=""200"",uri=""/actuator/prometheus"",}",22.0,0.105810293
1790113570.900,java-order-service,"http_server_requests_seconds{error=""none"",exception=""none"",language=""java"",method=""GET"",outcome=""SUCCESS"",service=""java-order-service"",status=""200"",uri=""/actuator/health"",quanti,}",0.0,0.0
1790113570.900,java-order-service,"http_server_requests_seconds{error=""none"",exception=""none"",language=""java"",method=""GET"",outcome=""SUCCESS"",service=""java-order-service"",status=""200"",uri=""/actuator/health"",}",217.0,0.593574577
1790113575.944,java-user-service,"http_server_requests_seconds{error=""none"",exception=""none"",framework=""spring-boot"",language=""java"",method=""GET"",outcome=""SUCCESS"",service=""java-user-service"",status=""200"",uri=""/actuator/health"",quanti,}",0.0,0.0
1790113575.944,java-user-service,"http_server_requests_seconds{error=""none"",exception=""none"",framework=""spring-boot"",language=""java"",method=""GET"",outcome=""SUCCESS"",service=""java-user-service"",status=""200"",uri=""/actuator/health"",}",227.0,1.10890337
1790113575.944,java-user-service,"http_server_requests_seconds{error=""none"",exception=""none"",framework=""spring-boot"",language=""java"",method=""POST"",outcome=""SUCCESS"",service=""java-user-service"",status=""201"",uri=""/users"",quanti,}",0.0,0.0
1790113575.944,java-user-service,"http_server_requests_seconds{error=""none"",exception=""none"",framework=""spring-boot"",language=""java"",method=""POST"",outcome=""SUCCESS"",service=""java-user-service"",status=""201"",uri=""/users"",}",673.0,84.679405308
1790113575.944,java-user-service,"http_server_requests_seconds{error=""none"",exception=""none"",framework=""spring-boot"",language=""java"",method=""GET"",outcome=""SUCCESS"",service=""java-user-service"",status=""200"",uri=""/users"",quanti,}",0.0,0.0
1790113575.944,java-user-service,"http_server_requests_seconds{error=""none"",exception=""none"",framework=""spring-boot"",language=""java"",method=""GET"",outcome=""SUCCESS"",service=""java-user-service"",status=""200"",uri=""/users"",}",1000.0,7.195534751
1790113575.944,java-user-service,"http_server_requests_seconds{error=""none"",exception=""none"",framework=""spring-boot"",language=""java"",method=""GET"",outcome=""SUCCESS"",service=""java-user-service"",status=""200"",uri=""/actuator/prometheus"",quanti,}",0.0,0.0
1790113575.944,java-user-service,"http_server_requests_seconds{error=""none"",exception=""none"",framework=""spring-boot"",language=""java"",method=""GET"",outcome=""SUCCESS"",service=""java-user-service"",status=""200"",uri=""/actuator/prometheus"",}",23.0,0.239977126
1790113575.944,java-product-service,"http_server_requests_seconds{error=""none"",exception=""none"",language=""java"",method=""GET"",outcome=""SUCCESS"",service=""java-product-service"",status=""200"",uri=""/actuator/health"",quanti,}",0.0,0.0
1790113575.944,java-product-service,"http_server_requests_seconds{error=""none"",exception=""none"",language=""java"",method=""GET"",outcome=""SUCCESS"",service=""java-product-service"",status=""200"",uri=""/actuator/health"",}",227.0,0.866016878
1790113575.944,java-product-service,"http_server_requests_seconds{error=""none"",exception=""none"",language=""java"",method=""GET"",outcome=""SUCCESS"",service=""java-product-service"",status=""200"",uri=""/actuator/prometheus"",quanti,}",0.0,0.0
1790113575.944,java-product-service,"http_server_requests_seconds{error=""none"",exception=""none"",language=""java"",method=""GET"",outcome=""SUCCESS"",service=""java-product-service"",status=""200"",uri=""/actuator/prometheus"",}",23.0,0.130779834
1790113575.944,java-product-service,"http_server_requests_seconds{error=""none"",exception=""none"",language=""java"",method=""POST"",outcome=""SUCCESS"",service=""java-product-service"",status=""201"",uri=""/products"",quanti,}",0.0,0.0
1790113575.944,java-product-service,"http_server_requests_seconds{error=""none"",exception=""none"",language=""java"",method=""POST"",outcome=""SUCCESS"",service=""java-product-service"",status=""201"",uri=""/products"",}",10.0,0.090428665
1790113575.944,java-product-service,"http_server_requests_seconds{error=""none"",exception=""none"",language=""java"",method=""GET"",outcome=""SUCCESS"",service=""java-product-service"",status=""200"",uri=""/products"",quanti,}",0.0,0.0
1790113575.944,java-product-service,"http_server_requests_seconds{error=""none"",exception=""none"",language=""java"",method=""GET"",outcome=""SUCCESS"",service=""java-product-service"",status=""200"",uri=""/products"",}",3196.0,4.005644802
1790113575.944,java-order-service,"http_server_requests_seconds{error=""none"",exception=""none"",language=""java"",method=""GET"",outcome=""SUCCESS"",service=""java-order-service"",status=""200"",uri=""/actuator/prometheus"",quanti,}",0.0,0.0
1790113575.944,java-order-service,"http_server_requests_seconds{error=""none"",exception=""none"",language=""java"",method=""GET"",outcome=""SUCCESS"",service=""java-order-service"",status=""200"",uri=""/actuator/prometheus"",}",23.0,0.113821626
1790113575.944,java-order-service,"http_server_requests_seconds{error=""none"",exception=""none"",language=""java"",method=""GET"",outcome=""SUCCESS"",service=""java-order-service"",status=""200"",uri=""/actuator/health"",quanti,}",0.0,0.0
1790113575.944,java-order-service,"http_server_requests_seconds{error=""none"",exception=""none"",language=""java"",method=""GET"",outcome=""SUCCESS"",service=""java-order-service"",status=""200"",uri=""/actuator/health"",}",227.0,0.620040785
1790113580.991,java-user-service,"http_server_requests_seconds{error=""none"",exception=""none"",framework=""spring-boot"",language=""java"",method=""GET"",outcome=""SUCCESS"",service=""java-user-service"",status=""200"",uri=""/actuator/health"",quanti,}",0.0,0.0
1790113580.991,java-user-service,"http_server_requests_seconds{error=""none"",exception=""none"",framework=""spring-boot"",language=""java"",method=""GET"",outcome=""SUCCESS"",service=""java-user-service"",status=""200"",uri=""/actuator/health"",}",236.0,1.136260578
1790113580.991,java-user-service,"http_server_requests_seconds{error=""none"",exception=""none"",framework=""spring-boot"",language=""java"",method=""POST"",outcome=""SUCCESS"",service=""java-user-service"",status=""201"",uri=""/users"",quanti,}",0.0,0.0
1790113580.991,java-user-service,"http_server_requests_seconds{error=""none"",exception=""none"",framework=""spring-boot"",language=""java"",method=""POST"",outcome=""SUCCESS"",service=""java-user-service"",status=""201"",uri=""/users"",}",703.0,87.339125936
1790113580.991,java-user-service,"http_server_requests_seconds{error=""none"",exception=""none"",framework=""spring-boot"",language=""java"",method=""GET"",outcome=""SUCCESS"",service=""java-user-service"",status=""200"",uri=""/users"",quanti,}",0.0,0.0
1790113580.991,java-user-service,"http_server_requests_seconds{error=""none"",exception=""none"",framework=""spring-boot"",language=""java"",method=""GET"",outcome=""SUCCESS"",service=""java-user-service"",status=""200"",uri=""/users"",}",1000.0,7.195534751
1790113580.991,java-user-service,"http_server_requests_seconds{error=""none"",exception=""none"",framework=""spring-boot"",language=""java"",method=""GET"",outcome=""SUCCESS"",service=""java-user-service"",status=""200"",uri=""/actuator/prometheus"",quanti,}",0.0,0.0
1790113580.991,java-user-service,"http_server_requests_seconds{error=""none"",exception=""none"",framework=""spring-boot"",language=""java"",method=""GET"",outcome=""SUCCESS"",service=""java-user-service"",status=""200"",uri=""/actuator/prometheus"",}",24.0,0.249309959
1790113580.991,java-product-service,"http_server_requests_seconds{error=""none"",exception=""none"",language=""java"",method=""GET"",outcome=""SUCCESS"",service=""java-product-service"",status=""200"",uri=""/actuator/health"",quanti,}",0.0,0.0
1790113580.991,java-product-service,"http_server_requests_seconds{error=""none"",exception=""none"",language=""java"",method=""GET"",outcome=""SUCCESS"",service=""java-product-service"",status=""200"",uri=""/actuator/health"",}",236.0,0.887261295
1790113580.991,java-product-service,"http_server_requests_seconds{error=""none"",exception=""none"",language=""java"",method=""GET"",outcome=""SUCCESS"",service=""java-product-service"",status=""200"",uri=""/actuator/prometheus"",quanti,}",0.0,0.0
1790113580.991,java-product-service,"http_server_requests_seconds{error=""none"",exception=""none"",language=""java"",method=""GET"",outcome=""SUCCESS"",service=""java-product-service"",status=""200"",uri=""/actuator/prometheus"",}",24.0,0.135460876
1790113580.991,java-product-service,"http_server_requests_seconds{error=""none"",exception=""none"",language=""java"",method=""POST"",outcome=""SUCCESS"",service=""java-product-service"",status=""201"",uri=""/products"",quanti,}",0.0,0.0
1790113580.991,java-product-service,"http_server_requests_seconds{error=""none"",exception=""none"",language=""java"",method=""POST"",outcome=""SUCCESS"",service=""java-product-service"",status=""201"",uri=""/products"",}",10.0,0.090428665
1790113580.991,java-product-service,"http_server_requests_seconds{error=""none"",exception=""none"",language=""java"",method=""GET"",outcome=""SUCCESS"",service=""java-product-service"",status=""200"",uri=""/products"",quanti,}",0.0,0.0
1790113580.991,java-product-service,"http_server_requests_seconds{error=""none"",exception=""none"",language=""java"",method=""GET"",outcome=""SUCCESS"",service=""java-product-service"",status=""200"",uri=""/products"",}",3311.0,4.122469722
1790113580.991,java-order-service,"http_server_requests_seconds{error=""none"",exception=""none"",language=""java"",method=""GET"",outcome=""SUCCESS"",service=""java-order-service"",status=""200"",uri=""/actuator/prometheus"",quanti,}",0.0,0.0
1790113580.991,java-order-service,"http_server_requests_seconds{error=""none"",exception=""none"",language=""java"",method=""GET"",outcome=""SUCCESS"",service=""java-order-service"",status=""200"",uri=""/actuator/prometheus"",}",24.0,0.117047043
1790113580.991,java-order-service,"http_server_requests_seconds{error=""none"",exception=""none"",language=""java"",method=""GET"",outcome=""SUCCESS"",service=""java-order-service"",status=""200"",uri=""/actuator/health"",quanti,}",0.0,0.0
1790113580.991,java-order-service,"http_server_requests_seconds{error=""none"",exception=""none"",language=""java"",method=""GET"",outcome=""SUCCESS"",service=""java-order-service"",status=""200"",uri=""/actuator/health"",}",237.0,0.640393493
1790113586.035,java-user-service,"http_server_requests_seconds{error=""none"",exception=""none"",framework=""spring-boot"",language=""java"",method=""GET"",outcome=""SUCCESS"",service=""java-user-service"",status=""200"",uri=""/actuator/health"",quanti,}",0.0,0.0
1790113586.035,java-user-service,"http_server_requests_seconds{error=""none"",exception=""none"",framework=""spring-boot"",language=""java"",method=""GET"",outcome=""SUCCESS"",service=""java-user-service"",status=""200"",uri=""/actuator/health"",}",247.0,1.200100619
1790113586.035,java-user-service,"http_server_requests_seconds{error=""none"",exception=""none"",framework=""spring-boot"",language=""java"",method=""POST"",outcome=""SUCCESS"",service=""java-user-service"",status=""201"",uri=""/users"",quanti,}",0.0,0.0
1790113586.035,java-user-service,"http_server_requests_seconds{error=""none"",exception=""none"",framework=""spring-boot"",language=""java"",method=""POST"",outcome=""SUCCESS"",service=""java-user-service"",status=""201"",uri=""/users"",}",733.0,90.070636977
1790113586.035,java-user-service,"http_server_requests_seconds{error=""none"",exception=""none"",framework=""spring-boot"",language=""java"",method=""GET"",outcome=""SUCCESS"",service=""java-user-service"",status=""200"",uri=""/users"",quanti,}",0.0,0.0
1790113586.035,java-user-service,"http_server_requests_seconds{error=""none"",exception=""none"",framework=""spring-boot"",language=""java"",method=""GET"",outcome=""SUCCESS"",service=""java-user-service"",status=""200"",uri=""/users"",}",1000.0,7.195534751
1790113586.035,java-user-service,"http_server_requests_seconds{error=""none"",exception=""none"",framework=""spring-boot"",language=""java"",method=""GET"",outcome=""SUCCESS"",service=""java-user-service"",status=""200"",uri=""/actuator/prometheus"",quanti,}",0.0,0.0
1790113586.035,java-user-service,"http_server_requests_seconds{error=""none"",exception=""none"",framework=""spring-boot"",language=""java"",method=""GET"",outcome=""SUCCESS"",service=""java-user-service"",status=""200"",uri=""/actuator/prometheus"",}",25.0,0.258728667
1790113586.035,java-product-service,"http_server_requests_seconds{error=""none"",exception=""none"",language=""java"",method=""GET"",outcome=""SUCCESS"",service=""java-product-service"",status=""200"",uri=""/actuator/health"",quanti,}",0.0,0.0
1790113586.035,java-product-service,"http_server_requests_seconds{error=""none"",exception=""none"",language=""java"",method=""GET"",outcome=""SUCCESS"",service=""java-product-service"",status=""200"",uri=""/actuator/health"",}",247.0,0.91310092
1790113586.035,java-product-service,"http_server_requests_seconds{error=""none"",exception=""none"",language=""java"",method=""GET"",outcome=""SUCCESS"",service=""java-product-service"",status=""200"",uri=""/actuator/prometheus"",quanti,}",0.0,0.0
1790113586.035,java-product-service,"http_server_requests_seconds{error=""none"",exception=""none"",language=""java"",method=""GET"",outcome=""SUCCESS"",service=""java-product-service"",status=""200"",uri=""/actuator/prometheus"",}",25.0,0.140985626
1790113586.035,java-product-service,"http_server_requests_seconds{error=""none"",exception=""none"",language=""java"",method=""POST"",outcome=""SUCCESS"",service=""java-product-service"",status=""201"",uri=""/products"",quanti,}",0.0,0.0
1790113586.035,java-product-service,"http_server_requests_seconds{error=""none"",exception=""none"",language=""java"",method=""POST"",outcome=""SUCCESS"",service=""java-product-service"",status=""201"",uri=""/products"",}",10.0,0.090428665
1790113586.035,java-product-service,"http_server_requests_seconds{error=""none"",exception=""none"",language=""java"",method=""GET"",outcome=""SUCCESS"",service=""java-product-service"",status=""200"",uri=""/products"",quanti,}",0.0,0.0
1790113586.035,java-product-service,"http_server_requests_seconds{error=""none"",exception=""none"",language=""java"",method=""GET"",outcome=""SUCCESS"",service=""java-product-service"",status=""200"",uri=""/products"",}",3426.0,4.237973506
1790113586.035,java-order-service,"http_server_requests_seconds{error=""none"",exception=""none"",language=""java"",method=""GET"",outcome=""SUCCESS"",service=""java-order-service"",status=""200"",uri=""/actuator/prometheus"",quanti,}",0.0,0.0
1790113586.035,java-order-service,"http_server_requests_seconds{error=""none"",exception=""none"",language=""java"",method=""GET"",outcome=""SUCCESS"",service=""java-order-service"",status=""200"",uri=""/actuator/prometheus"",}",25.0,0.12080996
1790113586.035,java-order-service,"http_server_requests_seconds{error=""none"",exception=""none"",language=""java"",method=""GET"",outcome=""SUCCESS"",service=""java-order-service"",status=""200"",uri=""/actuator/health"",quanti,}",0.0,0.0
1790113586.035,java-order-service,"http_server_requests_seconds{error=""none"",exception=""none"",language=""java"",method=""GET"",outcome=""SUCCESS"",service=""java-order-service"",status=""200"",uri=""/actuator/health"",}",247.0,0.661151784
1790113591.089,java-user-service,"http_server_requests_seconds{error=""none"",exception=""none"",framework=""spring-boot"",language=""java"",method=""GET"",outcome=""SUCCESS"",service=""java-user-service"",status=""200"",uri=""/actuator/health"",quanti,}",0.0,0.0
1790113591.089,java-user-service,"http_server_requests_seconds{error=""none"",exception=""none"",framework=""spring-boot"",language=""java"",method=""GET"",outcome=""SUCCESS"",service=""java-user-service"",status=""200"",uri=""/actuator/health"",}",257.0,1.242281742
1790113591.089,java-user-service,"http_server_requests_seconds{error=""none"",exception=""none"",framework=""spring-boot"",language=""java"",method=""POST"",outcome=""SUCCESS"",service=""java-user-service"",status=""201"",uri=""/users"",quanti,}",0.0,0.0
1790113591.089,java-user-service,"http_server_requests_seconds{error=""none"",exception=""none"",framework=""spring-boot"",language=""java"",method=""POST"",outcome=""SUCCESS"",service=""java-user-service"",status=""201"",uri=""/users"",}",763.0,92.646273145
1790113591.089,java-user-service,"http_server_requests_seconds{error=""none"",exception=""none"",framework=""spring-boot"",language=""java"",method=""GET"",outcome=""SUCCESS"",service=""java-user-service"",status=""200"",uri=""/users"",quanti,}",0.0,0.0
1790113591.089,java-user-service,"http_server_requests_seconds{error=""none"",exception=""none"",framework=""spring-boot"",language=""java"",method=""GET"",outcome=""SUCCESS"",service=""java-user-service"",status=""200"",uri=""/users"",}",1000.0,7.195534751
1790113591.089,java-user-service,"http_server_requests_seconds{error=""none"",exception=""none"",framework=""spring-boot"",language=""java"",method=""GET"",outcome=""SUCCESS"",service=""java-user-service"",status=""200"",uri=""/actuator/prometheus"",quanti,}",0.0,0.0
1790113591.089,java-user-service,"http_server_requests_seconds{error=""none"",exception=""none"",framework=""spring-boot"",language=""java"",method=""GET"",outcome=""SUCCESS"",service=""java-user-service"",status=""200"",uri=""/actuator/prometheus"",}",26.0,0.266993584
1790113591.089,java-product-service,"http_server_requests_seconds{error=""none"",exception=""none"",language=""java"",method=""GET"",outcome=""SUCCESS"",service=""java-product-service"",status=""200"",uri=""/actuator/health"",quanti,}",0.0,0.0
1790113591.089,java-product-service,"http_server_requests_seconds{error=""none"",exception=""none"",language=""java"",method=""GET"",outcome=""SUCCESS"",service=""java-product-service"",status=""200"",uri=""/actuator/health"",}",257.0,0.939562838
1790113591.089,java-product-service,"http_server_requests_seconds{error=""none"",exception=""none"",language=""java"",method=""GET"",outcome=""SUCCESS"",service=""java-product-service"",status=""200"",uri=""/actuator/prometheus"",quanti,}",0.0,0.0
1790113591.089,java-product-service,"http_server_requests_seconds{error=""none"",exception=""none"",language=""java"",method=""GET"",outcome=""SUCCESS"",service=""java-product-service"",status=""200"",uri=""/actuator/prometheus"",}",26.0,0.147993667
1790113591.089,java-product-service,"http_server_requests_seconds{error=""none"",exception=""none"",language=""java"",method=""POST"",outcome=""SUCCESS"",service=""java-product-service"",status=""201"",uri=""/products"",quanti,}",0.0,0.0
1790113591.089,java-product-service,"http_server_requests_seconds{error=""none"",exception=""none"",language=""java"",method=""POST"",outcome=""SUCCESS"",service=""java-product-service"",status=""201"",uri=""/products"",}",10.0,0.090428665
1790113591.089,java-product-service,"http_server_requests_seconds{error=""none"",exception=""none"",language=""java"",method=""GET"",outcome=""SUCCESS"",service=""java-product-service"",status=""200"",uri=""/products"",quanti,}",0.0,0.0
1790113591.089,java-product-service,"http_server_requests_seconds{error=""none"",exception=""none"",language=""java"",method=""GET"",outcome=""SUCCESS"",service=""java-product-service"",status=""200"",uri=""/products"",}",3545.0,4.431580177
1790113591.089,java-order-service,"http_server_requests_seconds{error=""none"",exception=""none"",language=""java"",method=""GET"",outcome=""SUCCESS"",service=""java-order-service"",status=""200"",uri=""/actuator/prometheus"",quanti,}",0.0,0.0
1790113591.089,java-order-service,"http_server_requests_seconds{error=""none"",exception=""none"",language=""java"",method=""GET"",outcome=""SUCCESS"",service=""java-order-service"",status=""200"",uri=""/actuator/prometheus"",}",26.0,0.126748835
1790113591.089,java-order-service,"http_server_requests_seconds{error=""none"",exception=""none"",language=""java"",method=""GET"",outcome=""SUCCESS"",service=""java-order-service"",status=""200"",uri=""/actuator/health"",quanti,}",0.0,0.0
1790113591.089,java-order-service,"http_server_requests_seconds{error=""none"",exception=""none"",language=""java"",method=""GET"",outcome=""SUCCESS"",service=""java-order-service"",status=""200"",uri=""/actuator/health"",}",258.0,0.687703117
1790113596.132,java-user-service,"http_server_requests_seconds{error=""none"",exception=""none"",framework=""spring-boot"",language=""java"",method=""GET"",outcome=""SUCCESS"",service=""java-user-service"",status=""200"",uri=""/actuator/health"",quanti,}",0.0,0.0
1790113596.132,java-user-service,"http_server_requests_seconds{error=""none"",exception=""none"",framework=""spring-boot"",language=""java"",method=""GET"",outcome=""SUCCESS"",service=""java-user-service"",status=""200"",uri=""/actuator/health"",}",267.0,1.272135659
1790113596.132,java-user-service,"http_server_requests_seconds{error=""none"",exception=""none"",framework=""spring-boot"",language=""java"",method=""POST"",outcome=""SUCCESS"",service=""java-user-service"",status=""201"",uri=""/users"",quanti,}",0.0,0.0
1790113596.132,java-user-service,"http_server_requests_seconds{error=""none"",exception=""none"",framework=""spring-boot"",language=""java"",method=""POST"",outcome=""SUCCESS"",service=""java-user-service"",status=""201"",uri=""/users"",}",793.0,95.543260061
1790113596.132,java-user-service,"http_server_requests_seconds{error=""none"",exception=""none"",framework=""spring-boot"",language=""java"",method=""GET"",outcome=""SUCCESS"",service=""java-user-service"",status=""200"",uri=""/users"",quanti,}",0.0,0.0
1790113596.132,java-user-service,"http_server_requests_seconds{error=""none"",exception=""none"",framework=""spring-boot"",language=""java"",method=""GET"",outcome=""SUCCESS"",service=""java-user-service"",status=""200"",uri=""/users"",}",1000.0,7.195534751
1790113596.132,java-user-service,"http_server_requests_seconds{error=""none"",exception=""none"",framework=""spring-boot"",language=""java"",method=""GET"",outcome=""SUCCESS"",service=""java-user-service"",status=""200"",uri=""/actuator/prometheus"",quanti,}",0.0,0.0
1790113596.132,java-user-service,"http_server_requests_seconds{error=""none"",exception=""none"",framework=""spring-boot"",language=""java"",method=""GET"",outcome=""SUCCESS"",service=""java-user-service"",status=""200"",uri=""/actuator/prometheus"",}",27.0,0.275206251
1790113596.132,java-product-service,"http_server_requests_seconds{error=""none"",exception=""none"",language=""java"",method=""GET"",outcome=""SUCCESS"",service=""java-product-service"",status=""200"",uri=""/actuator/health"",quanti,}",0.0,0.0
1790113596.132,java-product-service,"http_server_requests_seconds{error=""none"",exception=""none"",language=""java"",method=""GET"",outcome=""SUCCESS"",service=""java-product-service"",status=""200"",uri=""/actuator/health"",}",267.0,0.963240501
1790113596.132,java-product-service,"http_server_requests_seconds{error=""none"",exception=""none"",language=""java"",method=""GET"",outcome=""SUCCESS"",service=""java-product-service"",status=""200"",uri=""/actuator/prometheus"",quanti,}",0.0,0.0
1790113596.132,java-product-service,"http_server_requests_seconds{error=""none"",exception=""none"",language=""java"",method=""GET"",outcome=""SUCCESS"",service=""java-product-service"",status=""200"",uri=""/actuator/prometheus"",}",27.0,0.153674709
1790113596.132,java-product-service,"http_server_requests_seconds{error=""none"",exception=""none"",language=""java"",method=""POST"",outcome=""SUCCESS"",service=""java-product-service"",status=""201"",uri=""/products"",quanti,}",0.0,0.0
1790113596.132,java-product-service,"http_server_requests_seconds{error=""none"",exception=""none"",language=""java"",method=""POST"",outcome=""SUCCESS"",service=""java-product-service"",status=""201"",uri=""/products"",}",10.0,0.090428665
1790113596.132,java-product-service,"http_server_requests_seconds{error=""none"",exception=""none"",language=""java"",method=""GET"",outcome=""SUCCESS"",service=""java-product-service"",status=""200"",uri=""/products"",quanti,}",0.0,0.0
1790113596.132,java-product-service,"http_server_requests_seconds{error=""none"",exception=""none"",language=""java"",method=""GET"",outcome=""SUCCESS"",service=""java-product-service"",status=""200"",uri=""/products"",}",3664.0,4.525502885
1790113596.132,java-order-service,"http_server_requests_seconds{error=""none"",exception=""none"",language=""java"",method=""GET"",outcome=""SUCCESS"",service=""java-order-service"",status=""200"",uri=""/actuator/prometheus"",quanti,}",0.0,0.0
1790113596.132,java-order-service,"http_server_requests_seconds{error=""none"",exception=""none"",language=""java"",method=""GET"",outcome=""SUCCESS"",service=""java-order-service"",status=""200"",uri=""/actuator/prometheus"",}",27.0,0.13089746
1790113596.132,java-order-service,"http_server_requests_seconds{error=""none"",exception=""none"",language=""java"",method=""GET"",outcome=""SUCCESS"",service=""java-order-service"",status=""200"",uri=""/actuator/health"",quanti,}",0.0,0.0
1790113596.132,java-order-service,"http_server_requests_seconds{error=""none"",exception=""none"",language=""java"",method=""GET"",outcome=""SUCCESS"",service=""java-order-service"",status=""200"",uri=""/actuator/health"",}",267.0,0.707867077
1790113601.182,java-user-service,"http_server_requests_seconds{error=""none"",exception=""none"",framework=""spring-boot"",language=""java"",method=""GET"",outcome=""SUCCESS"",service=""java-user-service"",status=""200"",uri=""/actuator/health"",quanti,}",0.0,0.0
1790113601.182,java-user-service,"http_server_requests_seconds{error=""none"",exception=""none"",framework=""spring-boot"",language=""java"",method=""GET"",outcome=""SUCCESS"",service=""java-user-service"",status=""200"",uri=""/actuator/health"",}",277.0,1.311282576
1790113601.182,java-user-service,"http_server_requests_seconds{error=""none"",exception=""none"",framework=""spring-boot"",language=""java"",method=""POST"",outcome=""SUCCESS"",service=""java-user-service"",status=""201"",uri=""/users"",quanti,}",0.0,0.0
1790113601.182,java-user-service,"http_server_requests_seconds{error=""none"",exception=""none"",framework=""spring-boot"",language=""java"",method=""POST"",outcome=""SUCCESS"",service=""java-user-service"",status=""201"",uri=""/users"",}",823.0,99.324412522
1790113601.182,java-user-service,"http_server_requests_seconds{error=""none"",exception=""none"",framework=""spring-boot"",language=""java"",method=""GET"",outcome=""SUCCESS"",service=""java-user-service"",status=""200"",uri=""/users"",quanti,}",0.0,0.0
1790113601.182,java-user-service,"http_server_requests_seconds{error=""none"",exception=""none"",framework=""spring-boot"",language=""java"",method=""GET"",outcome=""SUCCESS"",service=""java-user-service"",status=""200"",uri=""/users"",}",1000.0,7.195534751
1790113601.182,java-user-service,"http_server_requests_seconds{error=""none"",exception=""none"",framework=""spring-boot"",language=""java"",method=""GET"",outcome=""SUCCESS"",service=""java-user-service"",status=""200"",uri=""/actuator/prometheus"",quanti,}",0.0,0.0
1790113601.182,java-user-service,"http_server_requests_seconds{error=""none"",exception=""none"",framework=""spring-boot"",language=""java"",method=""GET"",outcome=""SUCCESS"",service=""java-user-service"",status=""200"",uri=""/actuator/prometheus"",}",28.0,0.285042585
1790113601.182,java-product-service,"http_server_requests_seconds{error=""none"",exception=""none"",language=""java"",method=""GET"",outcome=""SUCCESS"",service=""java-product-service"",status=""200"",uri=""/actuator/health"",quanti,}",0.0,0.0
1790113601.182,java-product-service,"http_server_requests_seconds{error=""none"",exception=""none"",language=""java"",method=""GET"",outcome=""SUCCESS"",service=""java-product-service"",status=""200"",uri=""/actuator/health"",}",277.0,0.991102333
1790113601.182,java-product-service,"http_server_requests_seconds{error=""none"",exception=""none"",language=""java"",method=""GET"",outcome=""SUCCESS"",service=""java-product-service"",status=""200"",uri=""/actuator/prometheus"",quanti,}",0.0,0.0
1790113601.182,java-product-service,"http_server_requests_seconds{error=""none"",exception=""none"",language=""java"",method=""GET"",outcome=""SUCCESS"",service=""java-product-service"",status=""200"",uri=""/actuator/prometheus"",}",28.0,0.160381126
1790113601.182,java-product-service,"http_server_requests_seconds{error=""none"",exception=""none"",language=""java"",method=""POST"",outcome=""SUCCESS"",service=""java-product-service"",status=""201"",uri=""/products"",quanti,}",0.0,0.0
1790113601.182,java-product-service,"http_server_requests_seconds{error=""none"",exception=""none"",language=""java"",method=""POST"",outcome=""SUCCESS"",service=""java-product-service"",status=""201"",uri=""/products"",}",10.0,0.090428665
1790113601.182,java-product-service,"http_server_requests_seconds{error=""none"",exception=""none"",language=""java"",method=""GET"",outcome=""SUCCESS"",service=""java-product-service"",status=""200"",uri=""/products"",quanti,}",0.0,0.0
1790113601.182,java-product-service,"http_server_requests_seconds{error=""none"",exception=""none"",language=""java"",method=""GET"",outcome=""SUCCESS"",service=""java-product-service"",status=""200"",uri=""/products"",}",3784.0,4.64067731
1790113601.182,java-order-service,"http_server_requests_seconds{error=""none"",exception=""none"",language=""java"",method=""GET"",outcome=""SUCCESS"",service=""java-order-service"",status=""200"",uri=""/actuator/prometheus"",quanti,}",0.0,0.0
1790113601.182,java-order-service,"http_server_requests_seconds{error=""none"",exception=""none"",language=""java"",method=""GET"",outcome=""SUCCESS"",service=""java-order-service"",status=""200"",uri=""/actuator/prometheus"",}",28.0,0.136999252
1790113601.182,java-order-service,"http_server_requests_seconds{error=""none"",exception=""none"",language=""java"",method=""GET"",outcome=""SUCCESS"",service=""java-order-service"",status=""200"",uri=""/actuator/health"",quanti,}",0.0,0.0
1790113601.182,java-order-service,"http_server_requests_seconds{error=""none"",exception=""none"",language=""java"",method=""GET"",outcome=""SUCCESS"",service=""java-order-service"",status=""200"",uri=""/actuator/health"",}",278.0,0.734572202
1790113606.236,java-user-service,"http_server_requests_seconds{error=""none"",exception=""none"",framework=""spring-boot"",language=""java"",method=""GET"",outcome=""SUCCESS"",service=""java-user-service"",status=""200"",uri=""/actuator/health"",quanti,}",0.0,0.0
1790113606.236,java-user-service,"http_server_requests_seconds{error=""none"",exception=""none"",framework=""spring-boot"",language=""java"",method=""GET"",outcome=""SUCCESS"",service=""java-user-service"",status=""200"",uri=""/actuator/health"",}",287.0,1.343996326
1790113606.236,java-user-service,"http_server_requests_seconds{error=""none"",exception=""none"",framework=""spring-boot"",language=""java"",method=""POST"",outcome=""SUCCESS"",service=""java-user-service"",status=""201"",uri=""/users"",quanti,}",0.0,0.0
1790113606.236,java-user-service,"http_server_requests_seconds{error=""none"",exception=""none"",framework=""spring-boot"",language=""java"",method=""POST"",outcome=""SUCCESS"",service=""java-user-service"",status=""201"",uri=""/users"",}",853.0,103.164309397
1790113606.236,java-user-service,"http_server_requests_seconds{error=""none"",exception=""none"",framework=""spring-boot"",language=""java"",method=""GET"",outcome=""SUCCESS"",service=""java-user-service"",status=""200"",uri=""/users"",quanti,}",0.0,0.0
1790113606.236,java-user-service,"http_server_requests_seconds{error=""none"",exception=""none"",framework=""spring-boot"",language=""java"",method=""GET"",outcome=""SUCCESS"",service=""java-user-service"",status=""200"",uri=""/users"",}",1000.0,7.195534751
1790113606.236,java-user-service,"http_server_requests_seconds{error=""none"",exception=""none"",framework=""spring-boot"",language=""java"",method=""GET"",outcome=""SUCCESS"",service=""java-user-service"",status=""200"",uri=""/actuator/prometheus"",quanti,}",0.0,0.0
1790113606.236,java-user-service,"http_server_requests_seconds{error=""none"",exception=""none"",framework=""spring-boot"",language=""java"",method=""GET"",outcome=""SUCCESS"",service=""java-user-service"",status=""200"",uri=""/actuator/prometheus"",}",29.0,0.295480626
1790113606.236,java-product-service,"http_server_requests_seconds{error=""none"",exception=""none"",language=""java"",method=""GET"",outcome=""SUCCESS"",service=""java-product-service"",status=""200"",uri=""/actuator/health"",quanti,}",0.0,0.0
1790113606.236,java-product-service,"http_server_requests_seconds{error=""none"",exception=""none"",language=""java"",method=""GET"",outcome=""SUCCESS"",service=""java-product-service"",status=""200"",uri=""/actuator/health"",}",287.0,1.014792915
1790113606.236,java-product-service,"http_server_requests_seconds{error=""none"",exception=""none"",language=""java"",method=""GET"",outcome=""SUCCESS"",service=""java-product-service"",status=""200"",uri=""/actuator/prometheus"",quanti,}",0.0,0.0
1790113606.236,java-product-service,"http_server_requests_seconds{error=""none"",exception=""none"",language=""java"",method=""GET"",outcome=""SUCCESS"",service=""java-product-service"",status=""200"",uri=""/actuator/prometheus"",}",29.0,0.166673167
1790113606.236,java-product-service,"http_server_requests_seconds{error=""none"",exception=""none"",language=""java"",method=""POST"",outcome=""SUCCESS"",service=""java-product-service"",status=""201"",uri=""/products"",quanti,}",0.0,0.0
1790113606.236,java-product-service,"http_server_requests_seconds{error=""none"",exception=""none"",language=""java"",method=""POST"",outcome=""SUCCESS"",service=""java-product-service"",status=""201"",uri=""/products"",}",10.0,0.090428665
1790113606.236,java-product-service,"http_server_requests_seconds{error=""none"",exception=""none"",language=""java"",method=""GET"",outcome=""SUCCESS"",service=""java-product-service"",status=""200"",uri=""/products"",quanti,}",0.0,0.0
1790113606.236,java-product-service,"http_server_requests_seconds{error=""none"",exception=""none"",language=""java"",method=""GET"",outcome=""SUCCESS"",service=""java-product-service"",status=""200"",uri=""/products"",}",3904.0,4.725107852
1790113606.236,java-order-service,"http_server_requests_seconds{error=""none"",exception=""none"",language=""java"",method=""GET"",outcome=""SUCCESS"",service=""java-order-service"",status=""200"",uri=""/actuator/prometheus"",quanti,}",0.0,0.0
1790113606.236,java-order-service,"http_server_requests_seconds{error=""none"",exception=""none"",language=""java"",method=""GET"",outcome=""SUCCESS"",service=""java-order-service"",status=""200"",uri=""/actuator/prometheus"",}",29.0,0.142415127
1790113606.236,java-order-service,"http_server_requests_seconds{error=""none"",exception=""none"",language=""java"",method=""GET"",outcome=""SUCCESS"",service=""java-order-service"",status=""200"",uri=""/actuator/health"",quanti,}",0.0,0.0
1790113606.236,java-order-service,"http_server_requests_seconds{error=""none"",exception=""none"",language=""java"",method=""GET"",outcome=""SUCCESS"",service=""java-order-service"",status=""200"",uri=""/actuator/health"",}",287.0,0.75431987
1790113611.287,java-user-service,"http_server_requests_seconds{error=""none"",exception=""none"",framework=""spring-boot"",language=""java"",method=""GET"",outcome=""SUCCESS"",service=""java-user-service"",status=""200"",uri=""/actuator/health"",quanti,}",0.0,0.0
1790113611.287,java-user-service,"http_server_requests_seconds{error=""none"",exception=""none"",framework=""spring-boot"",language=""java"",method=""GET"",outcome=""SUCCESS"",service=""java-user-service"",status=""200"",uri=""/actuator/health"",}",297.0,1.379058492
1790113611.287,java-user-service,"http_server_requests_seconds{error=""none"",exception=""none"",framework=""spring-boot"",language=""java"",method=""POST"",outcome=""SUCCESS"",service=""java-user-service"",status=""201"",uri=""/users"",quanti,}",0.0,0.0
1790113611.287,java-user-service,"http_server_requests_seconds{error=""none"",exception=""none"",framework=""spring-boot"",language=""java"",method=""POST"",outcome=""SUCCESS"",service=""java-user-service"",status=""201"",uri=""/users"",}",883.0,106.264311148
1790113611.287,java-user-service,"http_server_requests_seconds{error=""none"",exception=""none"",framework=""spring-boot"",language=""java"",method=""GET"",outcome=""SUCCESS"",service=""java-user-service"",status=""200"",uri=""/users"",quanti,}",0.0,0.0
1790113611.287,java-user-service,"http_server_requests_seconds{error=""none"",exception=""none"",framework=""spring-boot"",language=""java"",method=""GET"",outcome=""SUCCESS"",service=""java-user-service"",status=""200"",uri=""/users"",}",1000.0,7.195534751
1790113611.287,java-user-service,"http_server_requests_seconds{error=""none"",exception=""none"",framework=""spring-boot"",language=""java"",method=""GET"",outcome=""SUCCESS"",service=""java-user-service"",status=""200"",uri=""/actuator/prometheus"",quanti,}",0.0,0.0
1790113611.287,java-user-service,"http_server_requests_seconds{error=""none"",exception=""none"",framework=""spring-boot"",language=""java"",method=""GET"",outcome=""SUCCESS"",service=""java-user-service"",status=""200"",uri=""/actuator/prometheus"",}",30.0,0.303905543
1790113611.287,java-product-service,"http_server_requests_seconds{error=""none"",exception=""none"",language=""java"",method=""GET"",outcome=""SUCCESS"",service=""java-product-service"",status=""200"",uri=""/actuator/health"",quanti,}",0.0,0.0
1790113611.287,java-product-service,"http_server_requests_seconds{error=""none"",exception=""none"",language=""java"",method=""GET"",outcome=""SUCCESS"",service=""java-product-service"",status=""200"",uri=""/actuator/health"",}",297.0,1.037916624
1790113611.287,java-product-service,"http_server_requests_seconds{error=""none"",exception=""none"",language=""java"",method=""GET"",outcome=""SUCCESS"",service=""java-product-service"",status=""200"",uri=""/actuator/prometheus"",quanti,}",0.0,0.0
1790113611.287,java-product-service,"http_server_requests_seconds{error=""none"",exception=""none"",language=""java"",method=""GET"",outcome=""SUCCESS"",service=""java-product-service"",status=""200"",uri=""/actuator/prometheus"",}",30.0,0.173366042
1790113611.287,java-product-service,"http_server_requests_seconds{error=""none"",exception=""none"",language=""java"",method=""POST"",outcome=""SUCCESS"",service=""java-product-service"",status=""201"",uri=""/products"",quanti,}",0.0,0.0
1790113611.287,java-product-service,"http_server_requests_seconds{error=""none"",exception=""none"",language=""java"",method=""POST"",outcome=""SUCCESS"",service=""java-product-service"",status=""201"",uri=""/products"",}",10.0,0.090428665
1790113611.287,java-product-service,"http_server_requests_seconds{error=""none"",exception=""none"",language=""java"",method=""GET"",outcome=""SUCCESS"",service=""java-product-service"",status=""200"",uri=""/products"",quanti,}",0.0,0.0
1790113611.287,java-product-service,"http_server_requests_seconds{error=""none"",exception=""none"",language=""java"",method=""GET"",outcome=""SUCCESS"",service=""java-product-service"",status=""200"",uri=""/products"",}",4024.0,4.821575855
1790113611.287,java-order-service,"http_server_requests_seconds{error=""none"",exception=""none"",language=""java"",method=""GET"",outcome=""SUCCESS"",service=""java-order-service"",status=""200"",uri=""/actuator/prometheus"",quanti,}",0.0,0.0
1790113611.287,java-order-service,"http_server_requests_seconds{error=""none"",exception=""none"",language=""java"",method=""GET"",outcome=""SUCCESS"",service=""java-order-service"",status=""200"",uri=""/actuator/prometheus"",}",30.0,0.14914571
1790113611.287,java-order-service,"http_server_requests_seconds{error=""none"",exception=""none"",language=""java"",method=""GET"",outcome=""SUCCESS"",service=""java-order-service"",status=""200"",uri=""/actuator/health"",quanti,}",0.0,0.0
1790113611.287,java-order-service,"http_server_requests_seconds{error=""none"",exception=""none"",language=""java"",method=""GET"",outcome=""SUCCESS"",service=""java-order-service"",status=""200"",uri=""/actuator/health"",}",298.0,0.774342789
1790113616.359,java-user-service,"http_server_requests_seconds{error=""none"",exception=""none"",framework=""spring-boot"",language=""java"",method=""GET"",outcome=""SUCCESS"",service=""java-user-service"",status=""200"",uri=""/actuator/health"",quanti,}",0.0,0.0
1790113616.359,java-user-service,"http_server_requests_seconds{error=""none"",exception=""none"",framework=""spring-boot"",language=""java"",method=""GET"",outcome=""SUCCESS"",service=""java-user-service"",status=""200"",uri=""/actuator/health"",}",308.0,1.419412949
1790113616.359,java-user-service,"http_server_requests_seconds{error=""none"",exception=""none"",framework=""spring-boot"",language=""java"",method=""POST"",outcome=""SUCCESS"",service=""java-user-service"",status=""201"",uri=""/users"",quanti,}",0.0,0.0
1790113616.359,java-user-service,"http_server_requests_seconds{error=""none"",exception=""none"",framework=""spring-boot"",language=""java"",method=""POST"",outcome=""SUCCESS"",service=""java-user-service"",status=""201"",uri=""/users"",}",913.0,109.17609565
1790113616.359,java-user-service,"http_server_requests_seconds{error=""none"",exception=""none"",framework=""spring-boot"",language=""java"",method=""GET"",outcome=""SUCCESS"",service=""java-user-service"",status=""200"",uri=""/users"",quanti,}",0.0,0.0
1790113616.359,java-user-service,"http_server_requests_seconds{error=""none"",exception=""none"",framework=""spring-boot"",language=""java"",method=""GET"",outcome=""SUCCESS"",service=""java-user-service"",status=""200"",uri=""/users"",}",1000.0,7.195534751
1790113616.359,java-user-service,"http_server_requests_seconds{error=""none"",exception=""none"",framework=""spring-boot"",language=""java"",method=""GET"",outcome=""SUCCESS"",service=""java-user-service"",status=""200"",uri=""/actuator/prometheus"",quanti,}",0.0,0.0
1790113616.359,java-user-service,"http_server_requests_seconds{error=""none"",exception=""none"",framework=""spring-boot"",language=""java"",method=""GET"",outcome=""SUCCESS"",service=""java-user-service"",status=""200"",uri=""/actuator/prometheus"",}",31.0,0.311929085
1790113616.359,java-product-service,"http_server_requests_seconds{error=""none"",exception=""none"",language=""java"",method=""GET"",outcome=""SUCCESS"",service=""java-product-service"",status=""200"",uri=""/actuator/health"",quanti,}",0.0,0.0
1790113616.359,java-product-service,"http_server_requests_seconds{error=""none"",exception=""none"",language=""java"",method=""GET"",outcome=""SUCCESS"",service=""java-product-service"",status=""200"",uri=""/actuator/health"",}",308.0,1.067552832
1790113616.359,java-product-service,"http_server_requests_seconds{error=""none"",exception=""none"",language=""java"",method=""GET"",outcome=""SUCCESS"",service=""java-product-service"",status=""200"",uri=""/actuator/prometheus"",quanti,}",0.0,0.0
1790113616.359,java-product-service,"http_server_requests_seconds{error=""none"",exception=""none"",language=""java"",method=""GET"",outcome=""SUCCESS"",service=""java-product-service"",status=""200"",uri=""/actuator/prometheus"",}",31.0,0.180235167
1790113616.359,java-product-service,"http_server_requests_seconds{error=""none"",exception=""none"",language=""java"",method=""POST"",outcome=""SUCCESS"",service=""java-product-service"",status=""201"",uri=""/products"",quanti,}",0.0,0.0
1790113616.359,java-product-service,"http_server_requests_seconds{error=""none"",exception=""none"",language=""java"",method=""POST"",outcome=""SUCCESS"",service=""java-product-service"",status=""201"",uri=""/products"",}",10.0,0.090428665
1790113616.359,java-product-service,"http_server_requests_seconds{error=""none"",exception=""none"",language=""java"",method=""GET"",outcome=""SUCCESS"",service=""java-product-service"",status=""200"",uri=""/products"",quanti,}",0.0,0.0
1790113616.359,java-product-service,"http_server_requests_seconds{error=""none"",exception=""none"",language=""java"",method=""GET"",outcome=""SUCCESS"",service=""java-product-service"",status=""200"",uri=""/products"",}",4144.0,4.91653185
1790113616.359,java-order-service,"http_server_requests_seconds{error=""none"",exception=""none"",language=""java"",method=""GET"",outcome=""SUCCESS"",service=""java-order-service"",status=""200"",uri=""/actuator/prometheus"",quanti,}",0.0,0.0
1790113616.359,java-order-service,"http_server_requests_seconds{error=""none"",exception=""none"",language=""java"",method=""GET"",outcome=""SUCCESS"",service=""java-order-service"",status=""200"",uri=""/actuator/prometheus"",}",31.0,0.170784835
1790113616.359,java-order-service,"http_server_requests_seconds{error=""none"",exception=""none"",language=""java"",method=""GET"",outcome=""SUCCESS"",service=""java-order-service"",status=""200"",uri=""/actuator/health"",quanti,}",0.0,0.0
1790113616.359,java-order-service,"http_server_requests_seconds{error=""none"",exception=""none"",language=""java"",method=""GET"",outcome=""SUCCESS"",service=""java-order-service"",status=""200"",uri=""/actuator/health"",}",308.0,0.799516581
1790113621.411,java-user-service,"http_server_requests_seconds{error=""none"",exception=""none"",framework=""spring-boot"",language=""java"",method=""GET"",outcome=""SUCCESS"",service=""java-user-service"",status=""200"",uri=""/actuator/health"",quanti,}",0.0,0.0
1790113621.411,java-user-service,"http_server_requests_seconds{error=""none"",exception=""none"",framework=""spring-boot"",language=""java"",method=""GET"",outcome=""SUCCESS"",service=""java-user-service"",status=""200"",uri=""/actuator/health"",}",317.0,1.460787117
1790113621.411,java-user-service,"http_server_requests_seconds{error=""none"",exception=""none"",framework=""spring-boot"",language=""java"",method=""POST"",outcome=""SUCCESS"",service=""java-user-service"",status=""201"",uri=""/users"",quanti,}",0.0,0.0
1790113621.411,java-user-service,"http_server_requests_seconds{error=""none"",exception=""none"",framework=""spring-boot"",language=""java"",method=""POST"",outcome=""SUCCESS"",service=""java-user-service"",status=""201"",uri=""/users"",}",943.0,112.063143023
1790113621.411,java-user-service,"http_server_requests_seconds{error=""none"",exception=""none"",framework=""spring-boot"",language=""java"",method=""GET"",outcome=""SUCCESS"",service=""java-user-service"",status=""200"",uri=""/users"",quanti,}",0.0,0.0
1790113621.411,java-user-service,"http_server_requests_seconds{error=""none"",exception=""none"",framework=""spring-boot"",language=""java"",method=""GET"",outcome=""SUCCESS"",service=""java-user-service"",status=""200"",uri=""/users"",}",1000.0,7.195534751
1790113621.411,java-user-service,"http_server_requests_seconds{error=""none"",exception=""none"",framework=""spring-boot"",language=""java"",method=""GET"",outcome=""SUCCESS"",service=""java-user-service"",status=""200"",uri=""/actuator/prometheus"",quanti,}",0.0,0.0
1790113621.411,java-user-service,"http_server_requests_seconds{error=""none"",exception=""none"",framework=""spring-boot"",language=""java"",method=""GET"",outcome=""SUCCESS"",service=""java-user-service"",status=""200"",uri=""/actuator/prometheus"",}",32.0,0.320950793
1790113621.411,java-product-service,"http_server_requests_seconds{error=""none"",exception=""none"",language=""java"",method=""GET"",outcome=""SUCCESS"",service=""java-product-service"",status=""200"",uri=""/actuator/health"",quanti,}",0.0,0.0
1790113621.411,java-product-service,"http_server_requests_seconds{error=""none"",exception=""none"",language=""java"",method=""GET"",outcome=""SUCCESS"",service=""java-product-service"",status=""200"",uri=""/actuator/health"",}",317.0,1.095291748
1790113621.411,java-product-service,"http_server_requests_seconds{error=""none"",exception=""none"",language=""java"",method=""GET"",outcome=""SUCCESS"",service=""java-product-service"",status=""200"",uri=""/actuator/prometheus"",quanti,}",0.0,0.0
1790113621.411,java-product-service,"http_server_requests_seconds{error=""none"",exception=""none"",language=""java"",method=""GET"",outcome=""SUCCESS"",service=""java-product-service"",status=""200"",uri=""/actuator/prometheus"",}",32.0,0.186676417
1790113621.411,java-product-service,"http_server_requests_seconds{error=""none"",exception=""none"",language=""java"",method=""POST"",outcome=""SUCCESS"",service=""java-product-service"",status=""201"",uri=""/products"",quanti,}",0.0,0.0
1790113621.411,java-product-service,"http_server_requests_seconds{error=""none"",exception=""none"",language=""java"",method=""POST"",outcome=""SUCCESS"",service=""java-product-service"",status=""201"",uri=""/products"",}",10.0,0.090428665
1790113621.411,java-product-service,"http_server_requests_seconds{error=""none"",exception=""none"",language=""java"",method=""GET"",outcome=""SUCCESS"",service=""java-product-service"",status=""200"",uri=""/products"",quanti,}",0.0,0.0
1790113621.411,java-product-service,"http_server_requests_seconds{error=""none"",exception=""none"",language=""java"",method=""GET"",outcome=""SUCCESS"",service=""java-product-service"",status=""200"",uri=""/products"",}",4264.0,4.993333683
1790113621.411,java-order-service,"http_server_requests_seconds{error=""none"",exception=""none"",language=""java"",method=""GET"",outcome=""SUCCESS"",service=""java-order-service"",status=""200"",uri=""/actuator/prometheus"",quanti,}",0.0,0.0
1790113621.411,java-order-service,"http_server_requests_seconds{error=""none"",exception=""none"",language=""java"",method=""GET"",outcome=""SUCCESS"",service=""java-order-service"",status=""200"",uri=""/actuator/prometheus"",}",32.0,0.176396627
1790113621.411,java-order-service,"http_server_requests_seconds{error=""none"",exception=""none"",language=""java"",method=""GET"",outcome=""SUCCESS"",service=""java-order-service"",status=""200"",uri=""/actuator/health"",quanti,}",0.0,0.0
1790113621.411,java-order-service,"http_server_requests_seconds{error=""none"",exception=""none"",language=""java"",method=""GET"",outcome=""SUCCESS"",service=""java-order-service"",status=""200"",uri=""/actuator/health"",}",318.0,0.824953038
1790113626.449,java-user-service,"http_server_requests_seconds{error=""none"",exception=""none"",framework=""spring-boot"",language=""java"",method=""GET"",outcome=""SUCCESS"",service=""java-user-service"",status=""200"",uri=""/actuator/health"",quanti,}",0.0,0.0
1790113626.449,java-user-service,"http_server_requests_seconds{error=""none"",exception=""none"",framework=""spring-boot"",language=""java"",method=""GET"",outcome=""SUCCESS"",service=""java-user-service"",status=""200"",uri=""/actuator/health"",}",328.0,1.492018242
1790113626.449,java-user-service,"http_server_requests_seconds{error=""none"",exception=""none"",framework=""spring-boot"",language=""java"",method=""POST"",outcome=""SUCCESS"",service=""java-user-service"",status=""201"",uri=""/users"",quanti,}",0.0,0.0
1790113626.449,java-user-service,"http_server_requests_seconds{error=""none"",exception=""none"",framework=""spring-boot"",language=""java"",method=""POST"",outcome=""SUCCESS"",service=""java-user-service"",status=""201"",uri=""/users"",}",973.0,115.021467774
1790113626.449,java-user-service,"http_server_requests_seconds{error=""none"",exception=""none"",framework=""spring-boot"",language=""java"",method=""GET"",outcome=""SUCCESS"",service=""java-user-service"",status=""200"",uri=""/users"",quanti,}",0.0,0.0
1790113626.449,java-user-service,"http_server_requests_seconds{error=""none"",exception=""none"",framework=""spring-boot"",language=""java"",method=""GET"",outcome=""SUCCESS"",service=""java-user-service"",status=""200"",uri=""/users"",}",1000.0,7.195534751
1790113626.449,java-user-service,"http_server_requests_seconds{error=""none"",exception=""none"",framework=""spring-boot"",language=""java"",method=""GET"",outcome=""SUCCESS"",service=""java-user-service"",status=""200"",uri=""/actuator/prometheus"",quanti,}",0.0,0.0
1790113626.449,java-user-service,"http_server_requests_seconds{error=""none"",exception=""none"",framework=""spring-boot"",language=""java"",method=""GET"",outcome=""SUCCESS"",service=""java-user-service"",status=""200"",uri=""/actuator/prometheus"",}",33.0,0.328273418
1790113626.449,java-product-service,"http_server_requests_seconds{error=""none"",exception=""none"",language=""java"",method=""GET"",outcome=""SUCCESS"",service=""java-product-service"",status=""200"",uri=""/actuator/health"",quanti,}",0.0,0.0
1790113626.449,java-product-service,"http_server_requests_seconds{error=""none"",exception=""none"",language=""java"",method=""GET"",outcome=""SUCCESS"",service=""java-product-service"",status=""200"",uri=""/actuator/health"",}",328.0,1.117646039
1790113626.449,java-product-service,"http_server_requests_seconds{error=""none"",exception=""none"",language=""java"",method=""GET"",outcome=""SUCCESS"",service=""java-product-service"",status=""200"",uri=""/actuator/prometheus"",quanti,}",0.0,0.0
1790113626.449,java-product-service,"http_server_requests_seconds{error=""none"",exception=""none"",language=""java"",method=""GET"",outcome=""SUCCESS"",service=""java-product-service"",status=""200"",uri=""/actuator/prometheus"",}",33.0,0.189893792
1790113626.449,java-product-service,"http_server_requests_seconds{error=""none"",exception=""none"",language=""java"",method=""POST"",outcome=""SUCCESS"",service=""java-product-service"",status=""201"",uri=""/products"",quanti,}",0.0,0.0
1790113626.449,java-product-service,"http_server_requests_seconds{error=""none"",exception=""none"",language=""java"",method=""POST"",outcome=""SUCCESS"",service=""java-product-service"",status=""201"",uri=""/products"",}",10.0,0.090428665
1790113626.449,java-product-service,"http_server_requests_seconds{error=""none"",exception=""none"",language=""java"",method=""GET"",outcome=""SUCCESS"",service=""java-product-service"",status=""200"",uri=""/products"",quanti,}",0.0,0.0
1790113626.449,java-product-service,"http_server_requests_seconds{error=""none"",exception=""none"",language=""java"",method=""GET"",outcome=""SUCCESS"",service=""java-product-service"",status=""200"",uri=""/products"",}",4384.0,5.08353727
1790113626.449,java-order-service,"http_server_requests_seconds{error=""none"",exception=""none"",language=""java"",method=""GET"",outcome=""SUCCESS"",service=""java-order-service"",status=""200"",uri=""/actuator/prometheus"",quanti,}",0.0,0.0
1790113626.449,java-order-service,"http_server_requests_seconds{error=""none"",exception=""none"",language=""java"",method=""GET"",outcome=""SUCCESS"",service=""java-order-service"",status=""200"",uri=""/actuator/prometheus"",}",33.0,0.179098002
1790113626.449,java-order-service,"http_server_requests_seconds{error=""none"",exception=""none"",language=""java"",method=""GET"",outcome=""SUCCESS"",service=""java-order-service"",status=""200"",uri=""/actuator/health"",quanti,}",0.0,0.0
1790113626.449,java-order-service,"http_server_requests_seconds{error=""none"",exception=""none"",language=""java"",method=""GET"",outcome=""SUCCESS"",service=""java-order-service"",status=""200"",uri=""/actuator/health"",}",328.0,0.844166997
1790113631.493,java-user-service,"http_server_requests_seconds{error=""none"",exception=""none"",framework=""spring-boot"",language=""java"",method=""GET"",outcome=""SUCCESS"",service=""java-user-service"",status=""200"",uri=""/actuator/health"",quanti,}",0.0,0.0
1790113631.493,java-user-service,"http_server_requests_seconds{error=""none"",exception=""none"",framework=""spring-boot"",language=""java"",method=""GET"",outcome=""SUCCESS"",service=""java-user-service"",status=""200"",uri=""/actuator/health"",}",337.0,1.524665909
1790113631.493,java-user-service,"http_server_requests_seconds{error=""none"",exception=""none"",framework=""spring-boot"",language=""java"",method=""POST"",outcome=""SUCCESS"",service=""java-user-service"",status=""201"",uri=""/users"",quanti,}",0.0,0.0
1790113631.493,java-user-service,"http_server_requests_seconds{error=""none"",exception=""none"",framework=""spring-boot"",language=""java"",method=""POST"",outcome=""SUCCESS"",service=""java-user-service"",status=""201"",uri=""/users"",}",1003.0,117.948203069
1790113631.493,java-user-service,"http_server_requests_seconds{error=""none"",exception=""none"",framework=""spring-boot"",language=""java"",method=""GET"",outcome=""SUCCESS"",service=""java-user-service"",status=""200"",uri=""/users"",quanti,}",0.0,0.0
1790113631.493,java-user-service,"http_server_requests_seconds{error=""none"",exception=""none"",framework=""spring-boot"",language=""java"",method=""GET"",outcome=""SUCCESS"",service=""java-user-service"",status=""200"",uri=""/users"",}",1000.0,7.195534751
1790113631.493,java-user-service,"http_server_requests_seconds{error=""none"",exception=""none"",framework=""spring-boot"",language=""java"",method=""GET"",outcome=""SUCCESS"",service=""java-user-service"",status=""200"",uri=""/actuator/prometheus"",quanti,}",0.0,0.0
1790113631.493,java-user-service,"http_server_requests_seconds{error=""none"",exception=""none"",framework=""spring-boot"",language=""java"",method=""GET"",outcome=""SUCCESS"",service=""java-user-service"",status=""200"",uri=""/actuator/prometheus"",}",34.0,0.333695293
1790113631.493,java-product-service,"http_server_requests_seconds{error=""none"",exception=""none"",language=""java"",method=""GET"",outcome=""SUCCESS"",service=""java-product-service"",status=""200"",uri=""/actuator/health"",quanti,}",0.0,0.0
1790113631.493,java-product-service,"http_server_requests_seconds{error=""none"",exception=""none"",language=""java"",method=""GET"",outcome=""SUCCESS"",service=""java-product-service"",status=""200"",uri=""/actuator/health"",}",337.0,1.135928455
1790113631.493,java-product-service,"http_server_requests_seconds{error=""none"",exception=""none"",language=""java"",method=""GET"",outcome=""SUCCESS"",service=""java-product-service"",status=""200"",uri=""/actuator/prometheus"",quanti,}",0.0,0.0
1790113631.493,java-product-service,"http_server_requests_seconds{error=""none"",exception=""none"",language=""java"",method=""GET"",outcome=""SUCCESS"",service=""java-product-service"",status=""200"",uri=""/actuator/prometheus"",}",34.0,0.193534584
1790113631.493,java-product-service,"http_server_requests_seconds{error=""none"",exception=""none"",language=""java"",method=""POST"",outcome=""SUCCESS"",service=""java-product-service"",status=""201"",uri=""/products"",quanti,}",0.0,0.0
1790113631.493,java-product-service,"http_server_requests_seconds{error=""none"",exception=""none"",language=""java"",method=""POST"",outcome=""SUCCESS"",service=""java-product-service"",status=""201"",uri=""/products"",}",10.0,0.090428665
1790113631.493,java-product-service,"http_server_requests_seconds{error=""none"",exception=""none"",language=""java"",method=""GET"",outcome=""SUCCESS"",service=""java-product-service"",status=""200"",uri=""/products"",quanti,}",0.0,0.0
1790113631.493,java-product-service,"http_server_requests_seconds{error=""none"",exception=""none"",language=""java"",method=""GET"",outcome=""SUCCESS"",service=""java-product-service"",status=""200"",uri=""/products"",}",4504.0,5.172020766
1790113631.493,java-order-service,"http_server_requests_seconds{error=""none"",exception=""none"",language=""java"",method=""GET"",outcome=""SUCCESS"",service=""java-order-service"",status=""200"",uri=""/actuator/prometheus"",quanti,}",0.0,0.0
1790113631.493,java-order-service,"http_server_requests_seconds{error=""none"",exception=""none"",language=""java"",method=""GET"",outcome=""SUCCESS"",service=""java-order-service"",status=""200"",uri=""/actuator/prometheus"",}",34.0,0.182535711
1790113631.493,java-order-service,"http_server_requests_seconds{error=""none"",exception=""none"",language=""java"",method=""GET"",outcome=""SUCCESS"",service=""java-order-service"",status=""200"",uri=""/actuator/health"",quanti,}",0.0,0.0
1790113631.493,java-order-service,"http_server_requests_seconds{error=""none"",exception=""none"",language=""java"",method=""GET"",outcome=""SUCCESS"",service=""java-order-service"",status=""200"",uri=""/actuator/health"",}",338.0,0.861846122
1790113636.529,java-user-service,"http_server_requests_seconds{error=""none"",exception=""none"",framework=""spring-boot"",language=""java"",method=""GET"",outcome=""SUCCESS"",service=""java-user-service"",status=""200"",uri=""/actuator/health"",quanti,}",0.0,0.0
1790113636.529,java-user-service,"http_server_requests_seconds{error=""none"",exception=""none"",framework=""spring-boot"",language=""java"",method=""GET"",outcome=""SUCCESS"",service=""java-user-service"",status=""200"",uri=""/actuator/health"",}",348.0,1.564940283
1790113636.529,java-user-service,"http_server_requests_seconds{error=""none"",exception=""none"",framework=""spring-boot"",language=""java"",method=""POST"",outcome=""SUCCESS"",service=""java-user-service"",status=""201"",uri=""/users"",quanti,}",0.0,0.0
1790113636.529,java-user-service,"http_server_requests_seconds{error=""none"",exception=""none"",framework=""spring-boot"",language=""java"",method=""POST"",outcome=""SUCCESS"",service=""java-user-service"",status=""201"",uri=""/users"",}",1032.0,120.526361235
1790113636.529,java-user-service,"http_server_requests_seconds{error=""none"",exception=""none"",framework=""spring-boot"",language=""java"",method=""GET"",outcome=""SUCCESS"",service=""java-user-service"",status=""200"",uri=""/users"",quanti,}",0.0,0.0
1790113636.529,java-user-service,"http_server_requests_seconds{error=""none"",exception=""none"",framework=""spring-boot"",language=""java"",method=""GET"",outcome=""SUCCESS"",service=""java-user-service"",status=""200"",uri=""/users"",}",1000.0,7.195534751
1790113636.529,java-user-service,"http_server_requests_seconds{error=""none"",exception=""none"",framework=""spring-boot"",language=""java"",method=""GET"",outcome=""SUCCESS"",service=""java-user-service"",status=""200"",uri=""/actuator/prometheus"",quanti,}",0.0,0.0
1790113636.529,java-user-service,"http_server_requests_seconds{error=""none"",exception=""none"",framework=""spring-boot"",language=""java"",method=""GET"",outcome=""SUCCESS"",service=""java-user-service"",status=""200"",uri=""/actuator/prometheus"",}",35.0,0.33642446
1790113636.529,java-product-service,"http_server_requests_seconds{error=""none"",exception=""none"",language=""java"",method=""GET"",outcome=""SUCCESS"",service=""java-product-service"",status=""200"",uri=""/actuator/health"",quanti,}",0.0,0.0
1790113636.529,java-product-service,"http_server_requests_seconds{error=""none"",exception=""none"",language=""java"",method=""GET"",outcome=""SUCCESS"",service=""java-product-service"",status=""200"",uri=""/actuator/health"",}",348.0,1.165961997
1790113636.529,java-product-service,"http_server_requests_seconds{error=""none"",exception=""none"",language=""java"",method=""GET"",outcome=""SUCCESS"",service=""java-product-service"",status=""200"",uri=""/actuator/prometheus"",quanti,}",0.0,0.0
1790113636.529,java-product-service,"http_server_requests_seconds{error=""none"",exception=""none"",language=""java"",method=""GET"",outcome=""SUCCESS"",service=""java-product-service"",status=""200"",uri=""/actuator/prometheus"",}",35.0,0.195656375
1790113636.529,java-product-service,"http_server_requests_seconds{error=""none"",exception=""none"",language=""java"",method=""POST"",outcome=""SUCCESS"",service=""java-product-service"",status=""201"",uri=""/products"",quanti,}",0.0,0.0
1790113636.529,java-product-service,"http_server_requests_seconds{error=""none"",exception=""none"",language=""java"",method=""POST"",outcome=""SUCCESS"",service=""java-product-service"",status=""201"",uri=""/products"",}",10.0,0.090428665
1790113636.529,java-product-service,"http_server_requests_seconds{error=""none"",exception=""none"",language=""java"",method=""GET"",outcome=""SUCCESS"",service=""java-product-service"",status=""200"",uri=""/products"",quanti,}",0.0,0.0
1790113636.529,java-product-service,"http_server_requests_seconds{error=""none"",exception=""none"",language=""java"",method=""GET"",outcome=""SUCCESS"",service=""java-product-service"",status=""200"",uri=""/products"",}",4624.0,5.301689312
1790113636.529,java-order-service,"http_server_requests_seconds{error=""none"",exception=""none"",language=""java"",method=""GET"",outcome=""SUCCESS"",service=""java-order-service"",status=""200"",uri=""/actuator/prometheus"",quanti,}",0.0,0.0
1790113636.529,java-order-service,"http_server_requests_seconds{error=""none"",exception=""none"",language=""java"",method=""GET"",outcome=""SUCCESS"",service=""java-order-service"",status=""200"",uri=""/actuator/prometheus"",}",35.0,0.184746836
1790113636.529,java-order-service,"http_server_requests_seconds{error=""none"",exception=""none"",language=""java"",method=""GET"",outcome=""SUCCESS"",service=""java-order-service"",status=""200"",uri=""/actuator/health"",quanti,}",0.0,0.0
1790113636.529,java-order-service,"http_server_requests_seconds{error=""none"",exception=""none"",language=""java"",method=""GET"",outcome=""SUCCESS"",service=""java-order-service"",status=""200"",uri=""/actuator/health"",}",348.0,0.888653538
1790113641.559,java-user-service,"http_server_requests_seconds{error=""none"",exception=""none"",framework=""spring-boot"",language=""java"",method=""GET"",outcome=""SUCCESS"",service=""java-user-service"",status=""200"",uri=""/actuator/health"",quanti,}",0.0,0.0
1790113641.559,java-user-service,"http_server_requests_seconds{error=""none"",exception=""none"",framework=""spring-boot"",language=""java"",method=""GET"",outcome=""SUCCESS"",service=""java-user-service"",status=""200"",uri=""/actuator/health"",}",358.0,1.594467783
1790113641.559,java-user-service,"http_server_requests_seconds{error=""none"",exception=""none"",framework=""spring-boot"",language=""java"",method=""POST"",outcome=""SUCCESS"",service=""java-user-service"",status=""201"",uri=""/users"",quanti,}",0.0,0.0
1790113641.559,java-user-service,"http_server_requests_seconds{error=""none"",exception=""none"",framework=""spring-boot"",language=""java"",method=""POST"",outcome=""SUCCESS"",service=""java-user-service"",status=""201"",uri=""/users"",}",1060.0,123.827314236
1790113641.559,java-user-service,"http_server_requests_seconds{error=""none"",exception=""none"",framework=""spring-boot"",language=""java"",method=""GET"",outcome=""SUCCESS"",service=""java-user-service"",status=""200"",uri=""/users"",quanti,}",0.0,0.0
1790113641.559,java-user-service,"http_server_requests_seconds{error=""none"",exception=""none"",framework=""spring-boot"",language=""java"",method=""GET"",outcome=""SUCCESS"",service=""java-user-service"",status=""200"",uri=""/users"",}",1000.0,7.195534751
1790113641.559,java-user-service,"http_server_requests_seconds{error=""none"",exception=""none"",framework=""spring-boot"",language=""java"",method=""GET"",outcome=""SUCCESS"",service=""java-user-service"",status=""200"",uri=""/actuator/prometheus"",quanti,}",0.0,0.0
1790113641.559,java-user-service,"http_server_requests_seconds{error=""none"",exception=""none"",framework=""spring-boot"",language=""java"",method=""GET"",outcome=""SUCCESS"",service=""java-user-service"",status=""200"",uri=""/actuator/prometheus"",}",36.0,0.339130335
1790113641.559,java-product-service,"http_server_requests_seconds{error=""none"",exception=""none"",language=""java"",method=""GET"",outcome=""SUCCESS"",service=""java-product-service"",status=""200"",uri=""/actuator/health"",quanti,}",0.0,0.0
1790113641.559,java-product-service,"http_server_requests_seconds{error=""none"",exception=""none"",language=""java"",method=""GET"",outcome=""SUCCESS"",service=""java-product-service"",status=""200"",uri=""/actuator/health"",}",358.0,1.18981833
1790113641.559,java-product-service,"http_server_requests_seconds{error=""none"",exception=""none"",language=""java"",method=""GET"",outcome=""SUCCESS"",service=""java-product-service"",status=""200"",uri=""/actuator/prometheus"",quanti,}",0.0,0.0
1790113641.559,java-product-service,"http_server_requests_seconds{error=""none"",exception=""none"",language=""java"",method=""GET"",outcome=""SUCCESS"",service=""java-product-service"",status=""200"",uri=""/actuator/prometheus"",}",36.0,0.197782708
1790113641.559,java-product-service,"http_server_requests_seconds{error=""none"",exception=""none"",language=""java"",method=""POST"",outcome=""SUCCESS"",service=""java-product-service"",status=""201"",uri=""/products"",quanti,}",0.0,0.0
1790113641.559,java-product-service,"http_server_requests_seconds{error=""none"",exception=""none"",language=""java"",method=""POST"",outcome=""SUCCESS"",service=""java-product-service"",status=""201"",uri=""/products"",}",10.0,0.090428665
1790113641.559,java-product-service,"http_server_requests_seconds{error=""none"",exception=""none"",language=""java"",method=""GET"",outcome=""SUCCESS"",service=""java-product-service"",status=""200"",uri=""/products"",quanti,}",0.0,0.0
1790113641.559,java-product-service,"http_server_requests_seconds{error=""none"",exception=""none"",language=""java"",method=""GET"",outcome=""SUCCESS"",service=""java-product-service"",status=""200"",uri=""/products"",}",4741.0,5.386161984
1790113641.559,java-order-service,"http_server_requests_seconds{error=""none"",exception=""none"",language=""java"",method=""GET"",outcome=""SUCCESS"",service=""java-order-service"",status=""200"",uri=""/actuator/prometheus"",quanti,}",0.0,0.0
1790113641.559,java-order-service,"http_server_requests_seconds{error=""none"",exception=""none"",language=""java"",method=""GET"",outcome=""SUCCESS"",service=""java-order-service"",status=""200"",uri=""/actuator/prometheus"",}",36.0,0.187216086
1790113641.559,java-order-service,"http_server_requests_seconds{error=""none"",exception=""none"",language=""java"",method=""GET"",outcome=""SUCCESS"",service=""java-order-service"",status=""200"",uri=""/actuator/health"",quanti,}",0.0,0.0
1790113641.559,java-order-service,"http_server_requests_seconds{error=""none"",exception=""none"",language=""java"",method=""GET"",outcome=""SUCCESS"",service=""java-order-service"",status=""200"",uri=""/actuator/health"",}",359.0,0.909590665
1790113646.588,java-user-service,"http_server_requests_seconds{error=""none"",exception=""none"",framework=""spring-boot"",language=""java"",method=""GET"",outcome=""SUCCESS"",service=""java-user-service"",status=""200"",uri=""/actuator/health"",quanti,}",0.0,0.0
1790113646.588,java-user-service,"http_server_requests_seconds{error=""none"",exception=""none"",framework=""spring-boot"",language=""java"",method=""GET"",outcome=""SUCCESS"",service=""java-user-service"",status=""200"",uri=""/actuator/health"",}",368.0,1.625782865
1790113646.588,java-user-service,"http_server_requests_seconds{error=""none"",exception=""none"",framework=""spring-boot"",language=""java"",method=""POST"",outcome=""SUCCESS"",service=""java-user-service"",status=""201"",uri=""/users"",quanti,}",0.0,0.0
1790113646.588,java-user-service,"http_server_requests_seconds{error=""none"",exception=""none"",framework=""spring-boot"",language=""java"",method=""POST"",outcome=""SUCCESS"",service=""java-user-service"",status=""201"",uri=""/users"",}",1087.0,127.337159742
1790113646.588,java-user-service,"http_server_requests_seconds{error=""none"",exception=""none"",framework=""spring-boot"",language=""java"",method=""GET"",outcome=""SUCCESS"",service=""java-user-service"",status=""200"",uri=""/users"",quanti,}",0.0,0.0
1790113646.588,java-user-service,"http_server_requests_seconds{error=""none"",exception=""none"",framework=""spring-boot"",language=""java"",method=""GET"",outcome=""SUCCESS"",service=""java-user-service"",status=""200"",uri=""/users"",}",1000.0,7.195534751
1790113646.588,java-user-service,"http_server_requests_seconds{error=""none"",exception=""none"",framework=""spring-boot"",language=""java"",method=""GET"",outcome=""SUCCESS"",service=""java-user-service"",status=""200"",uri=""/actuator/prometheus"",quanti,}",0.0,0.0
1790113646.588,java-user-service,"http_server_requests_seconds{error=""none"",exception=""none"",framework=""spring-boot"",language=""java"",method=""GET"",outcome=""SUCCESS"",service=""java-user-service"",status=""200"",uri=""/actuator/prometheus"",}",37.0,0.341429127
1790113646.588,java-product-service,"http_server_requests_seconds{error=""none"",exception=""none"",language=""java"",method=""GET"",outcome=""SUCCESS"",service=""java-product-service"",status=""200"",uri=""/actuator/health"",quanti,}",0.0,0.0
1790113646.588,java-product-service,"http_server_requests_seconds{error=""none"",exception=""none"",language=""java"",method=""GET"",outcome=""SUCCESS"",service=""java-product-service"",status=""200"",uri=""/actuator/health"",}",368.0,1.215929705
1790113646.588,java-product-service,"http_server_requests_seconds{error=""none"",exception=""none"",language=""java"",method=""GET"",outcome=""SUCCESS"",service=""java-product-service"",status=""200"",uri=""/actuator/prometheus"",quanti,}",0.0,0.0
1790113646.588,java-product-service,"http_server_requests_seconds{error=""none"",exception=""none"",language=""java"",method=""GET"",outcome=""SUCCESS"",service=""java-product-service"",status=""200"",uri=""/actuator/prometheus"",}",37.0,0.199806083
1790113646.588,java-product-service,"http_server_requests_seconds{error=""none"",exception=""none"",language=""java"",method=""POST"",outcome=""SUCCESS"",service=""java-product-service"",status=""201"",uri=""/products"",quanti,}",0.0,0.0
1790113646.588,java-product-service,"http_server_requests_seconds{error=""none"",exception=""none"",language=""java"",method=""POST"",outcome=""SUCCESS"",service=""java-product-service"",status=""201"",uri=""/products"",}",10.0,0.090428665
1790113646.588,java-product-service,"http_server_requests_seconds{error=""none"",exception=""none"",language=""java"",method=""GET"",outcome=""SUCCESS"",service=""java-product-service"",status=""200"",uri=""/products"",quanti,}",0.0,0.0
1790113646.588,java-product-service,"http_server_requests_seconds{error=""none"",exception=""none"",language=""java"",method=""GET"",outcome=""SUCCESS"",service=""java-product-service"",status=""200"",uri=""/products"",}",4851.0,5.488384896
1790113646.588,java-order-service,"http_server_requests_seconds{error=""none"",exception=""none"",language=""java"",method=""GET"",outcome=""SUCCESS"",service=""java-order-service"",status=""200"",uri=""/actuator/prometheus"",quanti,}",0.0,0.0
1790113646.588,java-order-service,"http_server_requests_seconds{error=""none"",exception=""none"",language=""java"",method=""GET"",outcome=""SUCCESS"",service=""java-order-service"",status=""200"",uri=""/actuator/prometheus"",}",37.0,0.191291128
1790113646.588,java-order-service,"http_server_requests_seconds{error=""none"",exception=""none"",language=""java"",method=""GET"",outcome=""SUCCESS"",service=""java-order-service"",status=""200"",uri=""/actuator/health"",quanti,}",0.0,0.0
1790113646.588,java-order-service,"http_server_requests_seconds{error=""none"",exception=""none"",language=""java"",method=""GET"",outcome=""SUCCESS"",service=""java-order-service"",status=""200"",uri=""/actuator/health"",}",368.0,0.929584748
1790113651.637,java-user-service,"http_server_requests_seconds{error=""none"",exception=""none"",framework=""spring-boot"",language=""java"",method=""GET"",outcome=""SUCCESS"",service=""java-user-service"",status=""200"",uri=""/actuator/health"",quanti,}",0.0,0.0
1790113651.637,java-user-service,"http_server_requests_seconds{error=""none"",exception=""none"",framework=""spring-boot"",language=""java"",method=""GET"",outcome=""SUCCESS"",service=""java-user-service"",status=""200"",uri=""/actuator/health"",}",378.0,1.656632779
1790113651.637,java-user-service,"http_server_requests_seconds{error=""none"",exception=""none"",framework=""spring-boot"",language=""java"",method=""POST"",outcome=""SUCCESS"",service=""java-user-service"",status=""201"",uri=""/users"",quanti,}",0.0,0.0
1790113651.637,java-user-service,"http_server_requests_seconds{error=""none"",exception=""none"",framework=""spring-boot"",language=""java"",method=""POST"",outcome=""SUCCESS"",service=""java-user-service"",status=""201"",uri=""/users"",}",1117.0,131.212060456
1790113651.637,java-user-service,"http_server_requests_seconds{error=""none"",exception=""none"",framework=""spring-boot"",language=""java"",method=""GET"",outcome=""SUCCESS"",service=""java-user-service"",status=""200"",uri=""/users"",quanti,}",0.0,0.0
1790113651.637,java-user-service,"http_server_requests_seconds{error=""none"",exception=""none"",framework=""spring-boot"",language=""java"",method=""GET"",outcome=""SUCCESS"",service=""java-user-service"",status=""200"",uri=""/users"",}",1000.0,7.195534751
1790113651.637,java-user-service,"http_server_requests_seconds{error=""none"",exception=""none"",framework=""spring-boot"",language=""java"",method=""GET"",outcome=""SUCCESS"",service=""java-user-service"",status=""200"",uri=""/actuator/prometheus"",quanti,}",0.0,0.0
1790113651.637,java-user-service,"http_server_requests_seconds{error=""none"",exception=""none"",framework=""spring-boot"",language=""java"",method=""GET"",outcome=""SUCCESS"",service=""java-user-service"",status=""200"",uri=""/actuator/prometheus"",}",38.0,0.344590335
1790113651.637,java-product-service,"http_server_requests_seconds{error=""none"",exception=""none"",language=""java"",method=""GET"",outcome=""SUCCESS"",service=""java-product-service"",status=""200"",uri=""/actuator/health"",quanti,}",0.0,0.0
1790113651.637,java-product-service,"http_server_requests_seconds{error=""none"",exception=""none"",language=""java"",method=""GET"",outcome=""SUCCESS"",service=""java-product-service"",status=""200"",uri=""/actuator/health"",}",378.0,1.24083558
1790113651.637,java-product-service,"http_server_requests_seconds{error=""none"",exception=""none"",language=""java"",method=""GET"",outcome=""SUCCESS"",service=""java-product-service"",status=""200"",uri=""/actuator/prometheus"",quanti,}",0.0,0.0
1790113651.637,java-product-service,"http_server_requests_seconds{error=""none"",exception=""none"",language=""java"",method=""GET"",outcome=""SUCCESS"",service=""java-product-service"",status=""200"",uri=""/actuator/prometheus"",}",38.0,0.201720125
1790113651.637,java-product-service,"http_server_requests_seconds{error=""none"",exception=""none"",language=""java"",method=""POST"",outcome=""SUCCESS"",service=""java-product-service"",status=""201"",uri=""/products"",quanti,}",0.0,0.0
1790113651.637,java-product-service,"http_server_requests_seconds{error=""none"",exception=""none"",language=""java"",method=""POST"",outcome=""SUCCESS"",service=""java-product-service"",status=""201"",uri=""/products"",}",10.0,0.090428665
1790113651.637,java-product-service,"http_server_requests_seconds{error=""none"",exception=""none"",language=""java"",method=""GET"",outcome=""SUCCESS"",service=""java-product-service"",status=""200"",uri=""/products"",quanti,}",0.0,0.0
1790113651.637,java-product-service,"http_server_requests_seconds{error=""none"",exception=""none"",language=""java"",method=""GET"",outcome=""SUCCESS"",service=""java-product-service"",status=""200"",uri=""/products"",}",4964.0,5.59696165
1790113651.637,java-order-service,"http_server_requests_seconds{error=""none"",exception=""none"",language=""java"",method=""GET"",outcome=""SUCCESS"",service=""java-order-service"",status=""200"",uri=""/actuator/prometheus"",quanti,}",0.0,0.0
1790113651.637,java-order-service,"http_server_requests_seconds{error=""none"",exception=""none"",language=""java"",method=""GET"",outcome=""SUCCESS"",service=""java-order-service"",status=""200"",uri=""/actuator/prometheus"",}",38.0,0.193552878
1790113651.637,java-order-service,"http_server_requests_seconds{error=""none"",exception=""none"",language=""java"",method=""GET"",outcome=""SUCCESS"",service=""java-order-service"",status=""200"",uri=""/actuator/health"",quanti,}",0.0,0.0
1790113651.637,java-order-service,"http_server_requests_seconds{error=""none"",exception=""none"",language=""java"",method=""GET"",outcome=""SUCCESS"",service=""java-order-service"",status=""200"",uri=""/actuator/health"",}",379.0,0.953527373
1790113656.684,java-user-service,"http_server_requests_seconds{error=""none"",exception=""none"",framework=""spring-boot"",language=""java"",method=""GET"",outcome=""SUCCESS"",service=""java-user-service"",status=""200"",uri=""/actuator/health"",quanti,}",0.0,0.0
1790113656.684,java-user-service,"http_server_requests_seconds{error=""none"",exception=""none"",framework=""spring-boot"",language=""java"",method=""GET"",outcome=""SUCCESS"",service=""java-user-service"",status=""200"",uri=""/actuator/health"",}",388.0,1.685775446
1790113656.684,java-user-service,"http_server_requests_seconds{error=""none"",exception=""none"",framework=""spring-boot"",language=""java"",method=""POST"",outcome=""SUCCESS"",service=""java-user-service"",status=""201"",uri=""/users"",quanti,}",0.0,0.0
1790113656.684,java-user-service,"http_server_requests_seconds{error=""none"",exception=""none"",framework=""spring-boot"",language=""java"",method=""POST"",outcome=""SUCCESS"",service=""java-user-service"",status=""201"",uri=""/users"",}",1147.0,134.572696667
1790113656.684,java-user-service,"http_server_requests_seconds{error=""none"",exception=""none"",framework=""spring-boot"",language=""java"",method=""GET"",outcome=""SUCCESS"",service=""java-user-service"",status=""200"",uri=""/users"",quanti,}",0.0,0.0
1790113656.684,java-user-service,"http_server_requests_seconds{error=""none"",exception=""none"",framework=""spring-boot"",language=""java"",method=""GET"",outcome=""SUCCESS"",service=""java-user-service"",status=""200"",uri=""/users"",}",1000.0,7.195534751
1790113656.684,java-user-service,"http_server_requests_seconds{error=""none"",exception=""none"",framework=""spring-boot"",language=""java"",method=""GET"",outcome=""SUCCESS"",service=""java-user-service"",status=""200"",uri=""/actuator/prometheus"",quanti,}",0.0,0.0
1790113656.684,java-user-service,"http_server_requests_seconds{error=""none"",exception=""none"",framework=""spring-boot"",language=""java"",method=""GET"",outcome=""SUCCESS"",service=""java-user-service"",status=""200"",uri=""/actuator/prometheus"",}",39.0,0.352232877
1790113656.684,java-product-service,"http_server_requests_seconds{error=""none"",exception=""none"",language=""java"",method=""GET"",outcome=""SUCCESS"",service=""java-product-service"",status=""200"",uri=""/actuator/health"",quanti,}",0.0,0.0
1790113656.684,java-product-service,"http_server_requests_seconds{error=""none"",exception=""none"",language=""java"",method=""GET"",outcome=""SUCCESS"",service=""java-product-service"",status=""200"",uri=""/actuator/health"",}",388.0,1.265082415
1790113656.684,java-product-service,"http_server_requests_seconds{error=""none"",exception=""none"",language=""java"",method=""GET"",outcome=""SUCCESS"",service=""java-product-service"",status=""200"",uri=""/actuator/prometheus"",quanti,}",0.0,0.0
1790113656.684,java-product-service,"http_server_requests_seconds{error=""none"",exception=""none"",language=""java"",method=""GET"",outcome=""SUCCESS"",service=""java-product-service"",status=""200"",uri=""/actuator/prometheus"",}",39.0,0.2066875
1790113656.684,java-product-service,"http_server_requests_seconds{error=""none"",exception=""none"",language=""java"",method=""POST"",outcome=""SUCCESS"",service=""java-product-service"",status=""201"",uri=""/products"",quanti,}",0.0,0.0
1790113656.684,java-product-service,"http_server_requests_seconds{error=""none"",exception=""none"",language=""java"",method=""POST"",outcome=""SUCCESS"",service=""java-product-service"",status=""201"",uri=""/products"",}",10.0,0.090428665
1790113656.684,java-product-service,"http_server_requests_seconds{error=""none"",exception=""none"",language=""java"",method=""GET"",outcome=""SUCCESS"",service=""java-product-service"",status=""200"",uri=""/products"",quanti,}",0.0,0.0
1790113656.684,java-product-service,"http_server_requests_seconds{error=""none"",exception=""none"",language=""java"",method=""GET"",outcome=""SUCCESS"",service=""java-product-service"",status=""200"",uri=""/products"",}",5080.0,5.679747779
1790113656.684,java-order-service,"http_server_requests_seconds{error=""none"",exception=""none"",language=""java"",method=""GET"",outcome=""SUCCESS"",service=""java-order-service"",status=""200"",uri=""/actuator/prometheus"",quanti,}",0.0,0.0
1790113656.684,java-order-service,"http_server_requests_seconds{error=""none"",exception=""none"",language=""java"",method=""GET"",outcome=""SUCCESS"",service=""java-order-service"",status=""200"",uri=""/actuator/prometheus"",}",39.0,0.197214378
1790113656.684,java-order-service,"http_server_requests_seconds{error=""none"",exception=""none"",language=""java"",method=""GET"",outcome=""SUCCESS"",service=""java-order-service"",status=""200"",uri=""/actuator/health"",quanti,}",0.0,0.0
1790113656.684,java-order-service,"http_server_requests_seconds{error=""none"",exception=""none"",language=""java"",method=""GET"",outcome=""SUCCESS"",service=""java-order-service"",status=""200"",uri=""/actuator/health"",}",388.0,0.971077707
1790113661.727,java-user-service,"http_server_requests_seconds{error=""none"",exception=""none"",framework=""spring-boot"",language=""java"",method=""GET"",outcome=""SUCCESS"",service=""java-user-service"",status=""200"",uri=""/actuator/health"",quanti,}",0.0,0.0
1790113661.727,java-user-service,"http_server_requests_seconds{error=""none"",exception=""none"",framework=""spring-boot"",language=""java"",method=""GET"",outcome=""SUCCESS"",service=""java-user-service"",status=""200"",uri=""/actuator/health"",}",398.0,1.714530321
1790113661.727,java-user-service,"http_server_requests_seconds{error=""none"",exception=""none"",framework=""spring-boot"",language=""java"",method=""POST"",outcome=""SUCCESS"",service=""java-user-service"",status=""201"",uri=""/users"",quanti,}",0.0,0.0
1790113661.727,java-user-service,"http_server_requests_seconds{error=""none"",exception=""none"",framework=""spring-boot"",language=""java"",method=""POST"",outcome=""SUCCESS"",service=""java-user-service"",status=""201"",uri=""/users"",}",1177.0,137.244287834
1790113661.727,java-user-service,"http_server_requests_seconds{error=""none"",exception=""none"",framework=""spring-boot"",language=""java"",method=""GET"",outcome=""SUCCESS"",service=""java-user-service"",status=""200"",uri=""/users"",quanti,}",0.0,0.0
1790113661.727,java-user-service,"http_server_requests_seconds{error=""none"",exception=""none"",framework=""spring-boot"",language=""java"",method=""GET"",outcome=""SUCCESS"",service=""java-user-service"",status=""200"",uri=""/users"",}",1000.0,7.195534751
1790113661.727,java-user-service,"http_server_requests_seconds{error=""none"",exception=""none"",framework=""spring-boot"",language=""java"",method=""GET"",outcome=""SUCCESS"",service=""java-user-service"",status=""200"",uri=""/actuator/prometheus"",quanti,}",0.0,0.0
1790113661.727,java-user-service,"http_server_requests_seconds{error=""none"",exception=""none"",framework=""spring-boot"",language=""java"",method=""GET"",outcome=""SUCCESS"",service=""java-user-service"",status=""200"",uri=""/actuator/prometheus"",}",40.0,0.360026127
1790113661.727,java-product-service,"http_server_requests_seconds{error=""none"",exception=""none"",language=""java"",method=""GET"",outcome=""SUCCESS"",service=""java-product-service"",status=""200"",uri=""/actuator/health"",quanti,}",0.0,0.0
1790113661.727,java-product-service,"http_server_requests_seconds{error=""none"",exception=""none"",language=""java"",method=""GET"",outcome=""SUCCESS"",service=""java-product-service"",status=""200"",uri=""/actuator/health"",}",398.0,1.285157163
1790113661.727,java-product-service,"http_server_requests_seconds{error=""none"",exception=""none"",language=""java"",method=""GET"",outcome=""SUCCESS"",service=""java-product-service"",status=""200"",uri=""/actuator/prometheus"",quanti,}",0.0,0.0
1790113661.727,java-product-service,"http_server_requests_seconds{error=""none"",exception=""none"",language=""java"",method=""GET"",outcome=""SUCCESS"",service=""java-product-service"",status=""200"",uri=""/actuator/prometheus"",}",40.0,0.211809208
1790113661.727,java-product-service,"http_server_requests_seconds{error=""none"",exception=""none"",language=""java"",method=""POST"",outcome=""SUCCESS"",service=""java-product-service"",status=""201"",uri=""/products"",quanti,}",0.0,0.0
1790113661.727,java-product-service,"http_server_requests_seconds{error=""none"",exception=""none"",language=""java"",method=""POST"",outcome=""SUCCESS"",service=""java-product-service"",status=""201"",uri=""/products"",}",10.0,0.090428665
1790113661.727,java-product-service,"http_server_requests_seconds{error=""none"",exception=""none"",language=""java"",method=""GET"",outcome=""SUCCESS"",service=""java-product-service"",status=""200"",uri=""/products"",quanti,}",0.0,0.0
1790113661.727,java-product-service,"http_server_requests_seconds{error=""none"",exception=""none"",language=""java"",method=""GET"",outcome=""SUCCESS"",service=""java-product-service"",status=""200"",uri=""/products"",}",5200.0,5.763009985
1790113661.727,java-order-service,"http_server_requests_seconds{error=""none"",exception=""none"",language=""java"",method=""GET"",outcome=""SUCCESS"",service=""java-order-service"",status=""200"",uri=""/actuator/prometheus"",quanti,}",0.0,0.0
1790113661.727,java-order-service,"http_server_requests_seconds{error=""none"",exception=""none"",language=""java"",method=""GET"",outcome=""SUCCESS"",service=""java-order-service"",status=""200"",uri=""/actuator/prometheus"",}",40.0,0.200878503
1790113661.727,java-order-service,"http_server_requests_seconds{error=""none"",exception=""none"",language=""java"",method=""GET"",outcome=""SUCCESS"",service=""java-order-service"",status=""200"",uri=""/actuator/health"",quanti,}",0.0,0.0
1790113661.727,java-order-service,"http_server_requests_seconds{error=""none"",exception=""none"",language=""java"",method=""GET"",outcome=""SUCCESS"",service=""java-order-service"",status=""200"",uri=""/actuator/health"",}",399.0,0.991066372
1790113666.784,java-user-service,"http_server_requests_seconds{error=""none"",exception=""none"",framework=""spring-boot"",language=""java"",method=""GET"",outcome=""SUCCESS"",service=""java-user-service"",status=""200"",uri=""/actuator/health"",quanti,}",0.0,0.0
1790113666.784,java-user-service,"http_server_requests_seconds{error=""none"",exception=""none"",framework=""spring-boot"",language=""java"",method=""GET"",outcome=""SUCCESS"",service=""java-user-service"",status=""200"",uri=""/actuator/health"",}",409.0,1.746226865
1790113666.784,java-user-service,"http_server_requests_seconds{error=""none"",exception=""none"",framework=""spring-boot"",language=""java"",method=""POST"",outcome=""SUCCESS"",service=""java-user-service"",status=""201"",uri=""/users"",quanti,}",0.0,0.0
1790113666.784,java-user-service,"http_server_requests_seconds{error=""none"",exception=""none"",framework=""spring-boot"",language=""java"",method=""POST"",outcome=""SUCCESS"",service=""java-user-service"",status=""201"",uri=""/users"",}",1207.0,140.009895335
1790113666.784,java-user-service,"http_server_requests_seconds{error=""none"",exception=""none"",framework=""spring-boot"",language=""java"",method=""GET"",outcome=""SUCCESS"",service=""java-user-service"",status=""200"",uri=""/users"",quanti,}",0.0,0.0
1790113666.784,java-user-service,"http_server_requests_seconds{error=""none"",exception=""none"",framework=""spring-boot"",language=""java"",method=""GET"",outcome=""SUCCESS"",service=""java-user-service"",status=""200"",uri=""/users"",}",1000.0,7.195534751
1790113666.784,java-user-service,"http_server_requests_seconds{error=""none"",exception=""none"",framework=""spring-boot"",language=""java"",method=""GET"",outcome=""SUCCESS"",service=""java-user-service"",status=""200"",uri=""/actuator/prometheus"",quanti,}",0.0,0.0
1790113666.784,java-user-service,"http_server_requests_seconds{error=""none"",exception=""none"",framework=""spring-boot"",language=""java"",method=""GET"",outcome=""SUCCESS"",service=""java-user-service"",status=""200"",uri=""/actuator/prometheus"",}",41.0,0.367643252
1790113666.784,java-product-service,"http_server_requests_seconds{error=""none"",exception=""none"",language=""java"",method=""GET"",outcome=""SUCCESS"",service=""java-product-service"",status=""200"",uri=""/actuator/health"",quanti,}",0.0,0.0
1790113666.784,java-product-service,"http_server_requests_seconds{error=""none"",exception=""none"",language=""java"",method=""GET"",outcome=""SUCCESS"",service=""java-product-service"",status=""200"",uri=""/actuator/health"",}",409.0,1.310953206
1790113666.784,java-product-service,"http_server_requests_seconds{error=""none"",exception=""none"",language=""java"",method=""GET"",outcome=""SUCCESS"",service=""java-product-service"",status=""200"",uri=""/actuator/prometheus"",quanti,}",0.0,0.0
1790113666.784,java-product-service,"http_server_requests_seconds{error=""none"",exception=""none"",language=""java"",method=""GET"",outcome=""SUCCESS"",service=""java-product-service"",status=""200"",uri=""/actuator/prometheus"",}",41.0,0.225768458
1790113666.784,java-product-service,"http_server_requests_seconds{error=""none"",exception=""none"",language=""java"",method=""POST"",outcome=""SUCCESS"",service=""java-product-service"",status=""201"",uri=""/products"",quanti,}",0.0,0.0
1790113666.784,java-product-service,"http_server_requests_seconds{error=""none"",exception=""none"",language=""java"",method=""POST"",outcome=""SUCCESS"",service=""java-product-service"",status=""201"",uri=""/products"",}",10.0,0.090428665
1790113666.784,java-product-service,"http_server_requests_seconds{error=""none"",exception=""none"",language=""java"",method=""GET"",outcome=""SUCCESS"",service=""java-product-service"",status=""200"",uri=""/products"",quanti,}",0.0,0.0
1790113666.784,java-product-service,"http_server_requests_seconds{error=""none"",exception=""none"",language=""java"",method=""GET"",outcome=""SUCCESS"",service=""java-product-service"",status=""200"",uri=""/products"",}",5320.0,5.855215489
1790113666.784,java-order-service,"http_server_requests_seconds{error=""none"",exception=""none"",language=""java"",method=""GET"",outcome=""SUCCESS"",service=""java-order-service"",status=""200"",uri=""/actuator/prometheus"",quanti,}",0.0,0.0
1790113666.784,java-order-service,"http_server_requests_seconds{error=""none"",exception=""none"",language=""java"",method=""GET"",outcome=""SUCCESS"",service=""java-order-service"",status=""200"",uri=""/actuator/prometheus"",}",41.0,0.206123253
1790113666.784,java-order-service,"http_server_requests_seconds{error=""none"",exception=""none"",language=""java"",method=""GET"",outcome=""SUCCESS"",service=""java-order-service"",status=""200"",uri=""/actuator/health"",quanti,}",0.0,0.0
1790113666.784,java-order-service,"http_server_requests_seconds{error=""none"",exception=""none"",language=""java"",method=""GET"",outcome=""SUCCESS"",service=""java-order-service"",status=""200"",uri=""/actuator/health"",}",409.0,1.014014746
1790113671.830,java-user-service,"http_server_requests_seconds{error=""none"",exception=""none"",framework=""spring-boot"",language=""java"",method=""GET"",outcome=""SUCCESS"",service=""java-user-service"",status=""200"",uri=""/actuator/health"",quanti,}",0.0,0.0
1790113671.830,java-user-service,"http_server_requests_seconds{error=""none"",exception=""none"",framework=""spring-boot"",language=""java"",method=""GET"",outcome=""SUCCESS"",service=""java-user-service"",status=""200"",uri=""/actuator/health"",}",418.0,1.772422364
1790113671.830,java-user-service,"http_server_requests_seconds{error=""none"",exception=""none"",framework=""spring-boot"",language=""java"",method=""POST"",outcome=""SUCCESS"",service=""java-user-service"",status=""201"",uri=""/users"",quanti,}",0.0,0.0
1790113671.830,java-user-service,"http_server_requests_seconds{error=""none"",exception=""none"",framework=""spring-boot"",language=""java"",method=""POST"",outcome=""SUCCESS"",service=""java-user-service"",status=""201"",uri=""/users"",}",1237.0,142.650469918
1790113671.830,java-user-service,"http_server_requests_seconds{error=""none"",exception=""none"",framework=""spring-boot"",language=""java"",method=""GET"",outcome=""SUCCESS"",service=""java-user-service"",status=""200"",uri=""/users"",quanti,}",0.0,0.0
1790113671.830,java-user-service,"http_server_requests_seconds{error=""none"",exception=""none"",framework=""spring-boot"",language=""java"",method=""GET"",outcome=""SUCCESS"",service=""java-user-service"",status=""200"",uri=""/users"",}",1000.0,7.195534751
1790113671.830,java-user-service,"http_server_requests_seconds{error=""none"",exception=""none"",framework=""spring-boot"",language=""java"",method=""GET"",outcome=""SUCCESS"",service=""java-user-service"",status=""200"",uri=""/actuator/prometheus"",quanti,}",0.0,0.0
1790113671.830,java-user-service,"http_server_requests_seconds{error=""none"",exception=""none"",framework=""spring-boot"",language=""java"",method=""GET"",outcome=""SUCCESS"",service=""java-user-service"",status=""200"",uri=""/actuator/prometheus"",}",42.0,0.374490794
1790113671.830,java-product-service,"http_server_requests_seconds{error=""none"",exception=""none"",language=""java"",method=""GET"",outcome=""SUCCESS"",service=""java-product-service"",status=""200"",uri=""/actuator/health"",quanti,}",0.0,0.0
1790113671.830,java-product-service,"http_server_requests_seconds{error=""none"",exception=""none"",language=""java"",method=""GET"",outcome=""SUCCESS"",service=""java-product-service"",status=""200"",uri=""/actuator/health"",}",418.0,1.332419082
1790113671.830,java-product-service,"http_server_requests_seconds{error=""none"",exception=""none"",language=""java"",method=""GET"",outcome=""SUCCESS"",service=""java-product-service"",status=""200"",uri=""/actuator/prometheus"",quanti,}",0.0,0.0
1790113671.830,java-product-service,"http_server_requests_seconds{error=""none"",exception=""none"",language=""java"",method=""GET"",outcome=""SUCCESS"",service=""java-product-service"",status=""200"",uri=""/actuator/prometheus"",}",42.0,0.23052225
1790113671.830,java-product-service,"http_server_requests_seconds{error=""none"",exception=""none"",language=""java"",method=""POST"",outcome=""SUCCESS"",service=""java-product-service"",status=""201"",uri=""/products"",quanti,}",0.0,0.0
1790113671.830,java-product-service,"http_server_requests_seconds{error=""none"",exception=""none"",language=""java"",method=""POST"",outcome=""SUCCESS"",service=""java-product-service"",status=""201"",uri=""/products"",}",10.0,0.090428665
1790113671.830,java-product-service,"http_server_requests_seconds{error=""none"",exception=""none"",language=""java"",method=""GET"",outcome=""SUCCESS"",service=""java-product-service"",status=""200"",uri=""/products"",quanti,}",0.0,0.0
1790113671.830,java-product-service,"http_server_requests_seconds{error=""none"",exception=""none"",language=""java"",method=""GET"",outcome=""SUCCESS"",service=""java-product-service"",status=""200"",uri=""/products"",}",5440.0,5.948278023
1790113671.830,java-order-service,"http_server_requests_seconds{error=""none"",exception=""none"",language=""java"",method=""GET"",outcome=""SUCCESS"",service=""java-order-service"",status=""200"",uri=""/actuator/prometheus"",quanti,}",0.0,0.0
1790113671.830,java-order-service,"http_server_requests_seconds{error=""none"",exception=""none"",language=""java"",method=""GET"",outcome=""SUCCESS"",service=""java-order-service"",status=""200"",uri=""/actuator/prometheus"",}",42.0,0.210767253
1790113671.830,java-order-service,"http_server_requests_seconds{error=""none"",exception=""none"",language=""java"",method=""GET"",outcome=""SUCCESS"",service=""java-order-service"",status=""200"",uri=""/actuator/health"",quanti,}",0.0,0.0
1790113671.830,java-order-service,"http_server_requests_seconds{error=""none"",exception=""none"",language=""java"",method=""GET"",outcome=""SUCCESS"",service=""java-order-service"",status=""200"",uri=""/actuator/health"",}",419.0,1.034205662
1790113676.872,java-user-service,"http_server_requests_seconds{error=""none"",exception=""none"",framework=""spring-boot"",language=""java"",method=""GET"",outcome=""SUCCESS"",service=""java-user-service"",status=""200"",uri=""/actuator/health"",quanti,}",0.0,0.0
1790113676.872,java-user-service,"http_server_requests_seconds{error=""none"",exception=""none"",framework=""spring-boot"",language=""java"",method=""GET"",outcome=""SUCCESS"",service=""java-user-service"",status=""200"",uri=""/actuator/health"",}",429.0,1.803819948
1790113676.872,java-user-service,"http_server_requests_seconds{error=""none"",exception=""none"",framework=""spring-boot"",language=""java"",method=""POST"",outcome=""SUCCESS"",service=""java-user-service"",status=""201"",uri=""/users"",quanti,}",0.0,0.0
1790113676.872,java-user-service,"http_server_requests_seconds{error=""none"",exception=""none"",framework=""spring-boot"",language=""java"",method=""POST"",outcome=""SUCCESS"",service=""java-user-service"",status=""201"",uri=""/users"",}",1267.0,145.456026831
1790113676.872,java-user-service,"http_server_requests_seconds{error=""none"",exception=""none"",framework=""spring-boot"",language=""java"",method=""GET"",outcome=""SUCCESS"",service=""java-user-service"",status=""200"",uri=""/users"",quanti,}",0.0,0.0
1790113676.872,java-user-service,"http_server_requests_seconds{error=""none"",exception=""none"",framework=""spring-boot"",language=""java"",method=""GET"",outcome=""SUCCESS"",service=""java-user-service"",status=""200"",uri=""/users"",}",1000.0,7.195534751
1790113676.872,java-user-service,"http_server_requests_seconds{error=""none"",exception=""none"",framework=""spring-boot"",language=""java"",method=""GET"",outcome=""SUCCESS"",service=""java-user-service"",status=""200"",uri=""/actuator/prometheus"",quanti,}",0.0,0.0
1790113676.872,java-user-service,"http_server_requests_seconds{error=""none"",exception=""none"",framework=""spring-boot"",language=""java"",method=""GET"",outcome=""SUCCESS"",service=""java-user-service"",status=""200"",uri=""/actuator/prometheus"",}",43.0,0.382931419
1790113676.872,java-product-service,"http_server_requests_seconds{error=""none"",exception=""none"",language=""java"",method=""GET"",outcome=""SUCCESS"",service=""java-product-service"",status=""200"",uri=""/actuator/health"",quanti,}",0.0,0.0
1790113676.872,java-product-service,"http_server_requests_seconds{error=""none"",exception=""none"",language=""java"",method=""GET"",outcome=""SUCCESS"",service=""java-product-service"",status=""200"",uri=""/actuator/health"",}",429.0,1.358551663
1790113676.872,java-product-service,"http_server_requests_seconds{error=""none"",exception=""none"",language=""java"",method=""GET"",outcome=""SUCCESS"",service=""java-product-service"",status=""200"",uri=""/actuator/prometheus"",quanti,}",0.0,0.0
1790113676.872,java-product-service,"http_server_requests_seconds{error=""none"",exception=""none"",language=""java"",method=""GET"",outcome=""SUCCESS"",service=""java-product-service"",status=""200"",uri=""/actuator/prometheus"",}",43.0,0.237061375
1790113676.872,java-product-service,"http_server_requests_seconds{error=""none"",exception=""none"",language=""java"",method=""POST"",outcome=""SUCCESS"",service=""java-product-service"",status=""201"",uri=""/products"",quanti,}",0.0,0.0
1790113676.872,java-product-service,"http_server_requests_seconds{error=""none"",exception=""none"",language=""java"",method=""POST"",outcome=""SUCCESS"",service=""java-product-service"",status=""201"",uri=""/products"",}",10.0,0.090428665
1790113676.872,java-product-service,"http_server_requests_seconds{error=""none"",exception=""none"",language=""java"",method=""GET"",outcome=""SUCCESS"",service=""java-product-service"",status=""200"",uri=""/products"",quanti,}",0.0,0.0
1790113676.872,java-product-service,"http_server_requests_seconds{error=""none"",exception=""none"",language=""java"",method=""GET"",outcome=""SUCCESS"",service=""java-product-service"",status=""200"",uri=""/products"",}",5560.0,6.014092519
1790113676.872,java-order-service,"http_server_requests_seconds{error=""none"",exception=""none"",language=""java"",method=""GET"",outcome=""SUCCESS"",service=""java-order-service"",status=""200"",uri=""/actuator/prometheus"",quanti,}",0.0,0.0
1790113676.872,java-order-service,"http_server_requests_seconds{error=""none"",exception=""none"",language=""java"",method=""GET"",outcome=""SUCCESS"",service=""java-order-service"",status=""200"",uri=""/actuator/prometheus"",}",43.0,0.214881378
1790113676.872,java-order-service,"http_server_requests_seconds{error=""none"",exception=""none"",language=""java"",method=""GET"",outcome=""SUCCESS"",service=""java-order-service"",status=""200"",uri=""/actuator/health"",quanti,}",0.0,0.0
1790113676.872,java-order-service,"http_server_requests_seconds{error=""none"",exception=""none"",language=""java"",method=""GET"",outcome=""SUCCESS"",service=""java-order-service"",status=""200"",uri=""/actuator/health"",}",429.0,1.056799745
1790113681.914,java-user-service,"http_server_requests_seconds{error=""none"",exception=""none"",framework=""spring-boot"",language=""java"",method=""GET"",outcome=""SUCCESS"",service=""java-user-service"",status=""200"",uri=""/actuator/health"",quanti,}",0.0,0.0
1790113681.914,java-user-service,"http_server_requests_seconds{error=""none"",exception=""none"",framework=""spring-boot"",language=""java"",method=""GET"",outcome=""SUCCESS"",service=""java-user-service"",status=""200"",uri=""/actuator/health"",}",438.0,1.852762033
1790113681.914,java-user-service,"http_server_requests_seconds{error=""none"",exception=""none"",framework=""spring-boot"",language=""java"",method=""POST"",outcome=""SUCCESS"",service=""java-user-service"",status=""201"",uri=""/users"",quanti,}",0.0,0.0
1790113681.914,java-user-service,"http_server_requests_seconds{error=""none"",exception=""none"",framework=""spring-boot"",language=""java"",method=""POST"",outcome=""SUCCESS"",service=""java-user-service"",status=""201"",uri=""/users"",}",1295.0,148.186244412
1790113681.914,java-user-service,"http_server_requests_seconds{error=""none"",exception=""none"",framework=""spring-boot"",language=""java"",method=""GET"",outcome=""SUCCESS"",service=""java-user-service"",status=""200"",uri=""/users"",quanti,}",0.0,0.0
1790113681.914,java-user-service,"http_server_requests_seconds{error=""none"",exception=""none"",framework=""spring-boot"",language=""java"",method=""GET"",outcome=""SUCCESS"",service=""java-user-service"",status=""200"",uri=""/users"",}",1000.0,7.195534751
1790113681.914,java-user-service,"http_server_requests_seconds{error=""none"",exception=""none"",framework=""spring-boot"",language=""java"",method=""GET"",outcome=""SUCCESS"",service=""java-user-service"",status=""200"",uri=""/actuator/prometheus"",quanti,}",0.0,0.0
1790113681.914,java-user-service,"http_server_requests_seconds{error=""none"",exception=""none"",framework=""spring-boot"",language=""java"",method=""GET"",outcome=""SUCCESS"",service=""java-user-service"",status=""200"",uri=""/actuator/prometheus"",}",44.0,0.389912919
1790113681.914,java-product-service,"http_server_requests_seconds{error=""none"",exception=""none"",language=""java"",method=""GET"",outcome=""SUCCESS"",service=""java-product-service"",status=""200"",uri=""/actuator/health"",quanti,}",0.0,0.0
1790113681.914,java-product-service,"http_server_requests_seconds{error=""none"",exception=""none"",language=""java"",method=""GET"",outcome=""SUCCESS"",service=""java-product-service"",status=""200"",uri=""/actuator/health"",}",438.0,1.377820749
1790113681.914,java-product-service,"http_server_requests_seconds{error=""none"",exception=""none"",language=""java"",method=""GET"",outcome=""SUCCESS"",service=""java-product-service"",status=""200"",uri=""/actuator/prometheus"",quanti,}",0.0,0.0
1790113681.914,java-product-service,"http_server_requests_seconds{error=""none"",exception=""none"",language=""java"",method=""GET"",outcome=""SUCCESS"",service=""java-product-service"",status=""200"",uri=""/actuator/prometheus"",}",44.0,0.242314209
1790113681.914,java-product-service,"http_server_requests_seconds{error=""none"",exception=""none"",language=""java"",method=""POST"",outcome=""SUCCESS"",service=""java-product-service"",status=""201"",uri=""/products"",quanti,}",0.0,0.0
1790113681.914,java-product-service,"http_server_requests_seconds{error=""none"",exception=""none"",language=""java"",method=""POST"",outcome=""SUCCESS"",service=""java-product-service"",status=""201"",uri=""/products"",}",10.0,0.090428665
1790113681.914,java-product-service,"http_server_requests_seconds{error=""none"",exception=""none"",language=""java"",method=""GET"",outcome=""SUCCESS"",service=""java-product-service"",status=""200"",uri=""/products"",quanti,}",0.0,0.0
1790113681.914,java-product-service,"http_server_requests_seconds{error=""none"",exception=""none"",language=""java"",method=""GET"",outcome=""SUCCESS"",service=""java-product-service"",status=""200"",uri=""/products"",}",5672.0,6.116905936
1790113681.914,java-order-service,"http_server_requests_seconds{error=""none"",exception=""none"",language=""java"",method=""GET"",outcome=""SUCCESS"",service=""java-order-service"",status=""200"",uri=""/actuator/prometheus"",quanti,}",0.0,0.0
1790113681.914,java-order-service,"http_server_requests_seconds{error=""none"",exception=""none"",language=""java"",method=""GET"",outcome=""SUCCESS"",service=""java-order-service"",status=""200"",uri=""/actuator/prometheus"",}",44.0,0.22004867
1790113681.914,java-order-service,"http_server_requests_seconds{error=""none"",exception=""none"",language=""java"",method=""GET"",outcome=""SUCCESS"",service=""java-order-service"",status=""200"",uri=""/actuator/health"",quanti,}",0.0,0.0
1790113681.914,java-order-service,"http_server_requests_seconds{error=""none"",exception=""none"",language=""java"",method=""GET"",outcome=""SUCCESS"",service=""java-order-service"",status=""200"",uri=""/actuator/health"",}",440.0,1.08035566
1790113686.958,java-user-service,"http_server_requests_seconds{error=""none"",exception=""none"",framework=""spring-boot"",language=""java"",method=""GET"",outcome=""SUCCESS"",service=""java-user-service"",status=""200"",uri=""/actuator/health"",quanti,}",0.0,0.0
1790113686.958,java-user-service,"http_server_requests_seconds{error=""none"",exception=""none"",framework=""spring-boot"",language=""java"",method=""GET"",outcome=""SUCCESS"",service=""java-user-service"",status=""200"",uri=""/actuator/health"",}",449.0,1.899169327
1790113686.958,java-user-service,"http_server_requests_seconds{error=""none"",exception=""none"",framework=""spring-boot"",language=""java"",method=""POST"",outcome=""SUCCESS"",service=""java-user-service"",status=""201"",uri=""/users"",quanti,}",0.0,0.0
1790113686.958,java-user-service,"http_server_requests_seconds{error=""none"",exception=""none"",framework=""spring-boot"",language=""java"",method=""POST"",outcome=""SUCCESS"",service=""java-user-service"",status=""201"",uri=""/users"",}",1318.0,150.823181453
1790113686.958,java-user-service,"http_server_requests_seconds{error=""none"",exception=""none"",framework=""spring-boot"",language=""java"",method=""GET"",outcome=""SUCCESS"",service=""java-user-service"",status=""200"",uri=""/users"",quanti,}",0.0,0.0
1790113686.958,java-user-service,"http_server_requests_seconds{error=""none"",exception=""none"",framework=""spring-boot"",language=""java"",method=""GET"",outcome=""SUCCESS"",service=""java-user-service"",status=""200"",uri=""/users"",}",1000.0,7.195534751
1790113686.958,java-user-service,"http_server_requests_seconds{error=""none"",exception=""none"",framework=""spring-boot"",language=""java"",method=""GET"",outcome=""SUCCESS"",service=""java-user-service"",status=""200"",uri=""/actuator/prometheus"",quanti,}",0.0,0.0
1790113686.958,java-user-service,"http_server_requests_seconds{error=""none"",exception=""none"",framework=""spring-boot"",language=""java"",method=""GET"",outcome=""SUCCESS"",service=""java-user-service"",status=""200"",uri=""/actuator/prometheus"",}",45.0,0.397418711
1790113686.958,java-product-service,"http_server_requests_seconds{error=""none"",exception=""none"",language=""java"",method=""GET"",outcome=""SUCCESS"",service=""java-product-service"",status=""200"",uri=""/actuator/health"",quanti,}",0.0,0.0
1790113686.958,java-product-service,"http_server_requests_seconds{error=""none"",exception=""none"",language=""java"",method=""GET"",outcome=""SUCCESS"",service=""java-product-service"",status=""200"",uri=""/actuator/health"",}",449.0,1.398759373
1790113686.958,java-product-service,"http_server_requests_seconds{error=""none"",exception=""none"",language=""java"",method=""GET"",outcome=""SUCCESS"",service=""java-product-service"",status=""200"",uri=""/actuator/prometheus"",quanti,}",0.0,0.0
1790113686.958,java-product-service,"http_server_requests_seconds{error=""none"",exception=""none"",language=""java"",method=""GET"",outcome=""SUCCESS"",service=""java-product-service"",status=""200"",uri=""/actuator/prometheus"",}",45.0,0.249139126
1790113686.958,java-product-service,"http_server_requests_seconds{error=""none"",exception=""none"",language=""java"",method=""POST"",outcome=""SUCCESS"",service=""java-product-service"",status=""201"",uri=""/products"",quanti,}",0.0,0.0
1790113686.958,java-product-service,"http_server_requests_seconds{error=""none"",exception=""none"",language=""java"",method=""POST"",outcome=""SUCCESS"",service=""java-product-service"",status=""201"",uri=""/products"",}",10.0,0.090428665
1790113686.958,java-product-service,"http_server_requests_seconds{error=""none"",exception=""none"",language=""java"",method=""GET"",outcome=""SUCCESS"",service=""java-product-service"",status=""200"",uri=""/products"",quanti,}",0.0,0.0
1790113686.958,java-product-service,"http_server_requests_seconds{error=""none"",exception=""none"",language=""java"",method=""GET"",outcome=""SUCCESS"",service=""java-product-service"",status=""200"",uri=""/products"",}",5764.0,6.186247734
1790113686.958,java-order-service,"http_server_requests_seconds{error=""none"",exception=""none"",language=""java"",method=""GET"",outcome=""SUCCESS"",service=""java-order-service"",status=""200"",uri=""/actuator/prometheus"",quanti,}",0.0,0.0
1790113686.958,java-order-service,"http_server_requests_seconds{error=""none"",exception=""none"",language=""java"",method=""GET"",outcome=""SUCCESS"",service=""java-order-service"",status=""200"",uri=""/actuator/prometheus"",}",45.0,0.224933628
1790113686.958,java-order-service,"http_server_requests_seconds{error=""none"",exception=""none"",language=""java"",method=""GET"",outcome=""SUCCESS"",service=""java-order-service"",status=""200"",uri=""/actuator/health"",quanti,}",0.0,0.0
1790113686.958,java-order-service,"http_server_requests_seconds{error=""none"",exception=""none"",language=""java"",method=""GET"",outcome=""SUCCESS"",service=""java-order-service"",status=""200"",uri=""/actuator/health"",}",449.0,1.096147576
1790113692.007,java-user-service,"http_server_requests_seconds{error=""none"",exception=""none"",framework=""spring-boot"",language=""java"",method=""GET"",outcome=""SUCCESS"",service=""java-user-service"",status=""200"",uri=""/actuator/health"",quanti,}",0.0,0.0
1790113692.007,java-user-service,"http_server_requests_seconds{error=""none"",exception=""none"",framework=""spring-boot"",language=""java"",method=""GET"",outcome=""SUCCESS"",service=""java-user-service"",status=""200"",uri=""/actuator/health"",}",459.0,1.92776712
1790113692.007,java-user-service,"http_server_requests_seconds{error=""none"",exception=""none"",framework=""spring-boot"",language=""java"",method=""POST"",outcome=""SUCCESS"",service=""java-user-service"",status=""201"",uri=""/users"",quanti,}",0.0,0.0
1790113692.007,java-user-service,"http_server_requests_seconds{error=""none"",exception=""none"",framework=""spring-boot"",language=""java"",method=""POST"",outcome=""SUCCESS"",service=""java-user-service"",status=""201"",uri=""/users"",}",1336.0,152.977371034
1790113692.007,java-user-service,"http_server_requests_seconds{error=""none"",exception=""none"",framework=""spring-boot"",language=""java"",method=""GET"",outcome=""SUCCESS"",service=""java-user-service"",status=""200"",uri=""/users"",quanti,}",0.0,0.0
1790113692.007,java-user-service,"http_server_requests_seconds{error=""none"",exception=""none"",framework=""spring-boot"",language=""java"",method=""GET"",outcome=""SUCCESS"",service=""java-user-service"",status=""200"",uri=""/users"",}",1000.0,7.195534751
1790113692.007,java-user-service,"http_server_requests_seconds{error=""none"",exception=""none"",framework=""spring-boot"",language=""java"",method=""GET"",outcome=""SUCCESS"",service=""java-user-service"",status=""200"",uri=""/actuator/prometheus"",quanti,}",0.0,0.0
1790113692.007,java-user-service,"http_server_requests_seconds{error=""none"",exception=""none"",framework=""spring-boot"",language=""java"",method=""GET"",outcome=""SUCCESS"",service=""java-user-service"",status=""200"",uri=""/actuator/prometheus"",}",46.0,0.404603211
1790113692.007,java-product-service,"http_server_requests_seconds{error=""none"",exception=""none"",language=""java"",method=""GET"",outcome=""SUCCESS"",service=""java-product-service"",status=""200"",uri=""/actuator/health"",quanti,}",0.0,0.0
1790113692.007,java-product-service,"http_server_requests_seconds{error=""none"",exception=""none"",language=""java"",method=""GET"",outcome=""SUCCESS"",service=""java-product-service"",status=""200"",uri=""/actuator/health"",}",459.0,1.420114667
1790113692.007,java-product-service,"http_server_requests_seconds{error=""none"",exception=""none"",language=""java"",method=""GET"",outcome=""SUCCESS"",service=""java-product-service"",status=""200"",uri=""/actuator/prometheus"",quanti,}",0.0,0.0
1790113692.007,java-product-service,"http_server_requests_seconds{error=""none"",exception=""none"",language=""java"",method=""GET"",outcome=""SUCCESS"",service=""java-product-service"",status=""200"",uri=""/actuator/prometheus"",}",46.0,0.255654543
1790113692.007,java-product-service,"http_server_requests_seconds{error=""none"",exception=""none"",language=""java"",method=""POST"",outcome=""SUCCESS"",service=""java-product-service"",status=""201"",uri=""/products"",quanti,}",0.0,0.0
1790113692.007,java-product-service,"http_server_requests_seconds{error=""none"",exception=""none"",language=""java"",method=""POST"",outcome=""SUCCESS"",service=""java-product-service"",status=""201"",uri=""/products"",}",10.0,0.090428665
1790113692.007,java-product-service,"http_server_requests_seconds{error=""none"",exception=""none"",language=""java"",method=""GET"",outcome=""SUCCESS"",service=""java-product-service"",status=""200"",uri=""/products"",quanti,}",0.0,0.0
1790113692.007,java-product-service,"http_server_requests_seconds{error=""none"",exception=""none"",language=""java"",method=""GET"",outcome=""SUCCESS"",service=""java-product-service"",status=""200"",uri=""/products"",}",5836.0,6.250779772
1790113692.007,java-order-service,"http_server_requests_seconds{error=""none"",exception=""none"",language=""java"",method=""GET"",outcome=""SUCCESS"",service=""java-order-service"",status=""200"",uri=""/actuator/prometheus"",quanti,}",0.0,0.0
1790113692.007,java-order-service,"http_server_requests_seconds{error=""none"",exception=""none"",language=""java"",method=""GET"",outcome=""SUCCESS"",service=""java-order-service"",status=""200"",uri=""/actuator/prometheus"",}",46.0,0.230679045
1790113692.007,java-order-service,"http_server_requests_seconds{error=""none"",exception=""none"",language=""java"",method=""GET"",outcome=""SUCCESS"",service=""java-order-service"",status=""200"",uri=""/actuator/health"",quanti,}",0.0,0.0
1790113692.007,java-order-service,"http_server_requests_seconds{error=""none"",exception=""none"",language=""java"",method=""GET"",outcome=""SUCCESS"",service=""java-order-service"",status=""200"",uri=""/actuator/health"",}",460.0,1.115436576
1790113697.056,java-user-service,"http_server_requests_seconds{error=""none"",exception=""none"",framework=""spring-boot"",language=""java"",method=""GET"",outcome=""SUCCESS"",service=""java-user-service"",status=""200"",uri=""/actuator/health"",quanti,}",0.0,0.0
1790113697.056,java-user-service,"http_server_requests_seconds{error=""none"",exception=""none"",framework=""spring-boot"",language=""java"",method=""GET"",outcome=""SUCCESS"",service=""java-user-service"",status=""200"",uri=""/actuator/health"",}",469.0,1.963652367
1790113697.056,java-user-service,"http_server_requests_seconds{error=""none"",exception=""none"",framework=""spring-boot"",language=""java"",method=""POST"",outcome=""SUCCESS"",service=""java-user-service"",status=""201"",uri=""/users"",quanti,}",0.0,0.0
1790113697.056,java-user-service,"http_server_requests_seconds{error=""none"",exception=""none"",framework=""spring-boot"",language=""java"",method=""POST"",outcome=""SUCCESS"",service=""java-user-service"",status=""201"",uri=""/users"",}",1349.0,154.154131825
1790113697.056,java-user-service,"http_server_requests_seconds{error=""none"",exception=""none"",framework=""spring-boot"",language=""java"",method=""GET"",outcome=""SUCCESS"",service=""java-user-service"",status=""200"",uri=""/users"",quanti,}",0.0,0.0
1790113697.056,java-user-service,"http_server_requests_seconds{error=""none"",exception=""none"",framework=""spring-boot"",language=""java"",method=""GET"",outcome=""SUCCESS"",service=""java-user-service"",status=""200"",uri=""/users"",}",1000.0,7.195534751
1790113697.056,java-user-service,"http_server_requests_seconds{error=""none"",exception=""none"",framework=""spring-boot"",language=""java"",method=""GET"",outcome=""SUCCESS"",service=""java-user-service"",status=""200"",uri=""/actuator/prometheus"",quanti,}",0.0,0.0
1790113697.056,java-user-service,"http_server_requests_seconds{error=""none"",exception=""none"",framework=""spring-boot"",language=""java"",method=""GET"",outcome=""SUCCESS"",service=""java-user-service"",status=""200"",uri=""/actuator/prometheus"",}",47.0,0.412676711
1790113697.056,java-product-service,"http_server_requests_seconds{error=""none"",exception=""none"",language=""java"",method=""GET"",outcome=""SUCCESS"",service=""java-product-service"",status=""200"",uri=""/actuator/health"",quanti,}",0.0,0.0
1790113697.056,java-product-service,"http_server_requests_seconds{error=""none"",exception=""none"",language=""java"",method=""GET"",outcome=""SUCCESS"",service=""java-product-service"",status=""200"",uri=""/actuator/health"",}",469.0,1.447350917
1790113697.056,java-product-service,"http_server_requests_seconds{error=""none"",exception=""none"",language=""java"",method=""GET"",outcome=""SUCCESS"",service=""java-product-service"",status=""200"",uri=""/actuator/prometheus"",quanti,}",0.0,0.0
1790113697.056,java-product-service,"http_server_requests_seconds{error=""none"",exception=""none"",language=""java"",method=""GET"",outcome=""SUCCESS"",service=""java-product-service"",status=""200"",uri=""/actuator/prometheus"",}",47.0,0.26153096
1790113697.056,java-product-service,"http_server_requests_seconds{error=""none"",exception=""none"",language=""java"",method=""POST"",outcome=""SUCCESS"",service=""java-product-service"",status=""201"",uri=""/products"",quanti,}",0.0,0.0
1790113697.056,java-product-service,"http_server_requests_seconds{error=""none"",exception=""none"",language=""java"",method=""POST"",outcome=""SUCCESS"",service=""java-product-service"",status=""201"",uri=""/products"",}",10.0,0.090428665
1790113697.056,java-product-service,"http_server_requests_seconds{error=""none"",exception=""none"",language=""java"",method=""GET"",outcome=""SUCCESS"",service=""java-product-service"",status=""200"",uri=""/products"",quanti,}",0.0,0.0
1790113697.056,java-product-service,"http_server_requests_seconds{error=""none"",exception=""none"",language=""java"",method=""GET"",outcome=""SUCCESS"",service=""java-product-service"",status=""200"",uri=""/products"",}",5888.0,6.293951854
1790113697.056,java-order-service,"http_server_requests_seconds{error=""none"",exception=""none"",language=""java"",method=""GET"",outcome=""SUCCESS"",service=""java-order-service"",status=""200"",uri=""/actuator/prometheus"",quanti,}",0.0,0.0
1790113697.056,java-order-service,"http_server_requests_seconds{error=""none"",exception=""none"",language=""java"",method=""GET"",outcome=""SUCCESS"",service=""java-order-service"",status=""200"",uri=""/actuator/prometheus"",}",47.0,0.235399003
1790113697.056,java-order-service,"http_server_requests_seconds{error=""none"",exception=""none"",language=""java"",method=""GET"",outcome=""SUCCESS"",service=""java-order-service"",status=""200"",uri=""/actuator/health"",quanti,}",0.0,0.0
1790113697.056,java-order-service,"http_server_requests_seconds{error=""none"",exception=""none"",language=""java"",method=""GET"",outcome=""SUCCESS"",service=""java-order-service"",status=""200"",uri=""/actuator/health"",}",469.0,1.14082595
1790113702.109,java-user-service,"http_server_requests_seconds{error=""none"",exception=""none"",framework=""spring-boot"",language=""java"",method=""GET"",outcome=""SUCCESS"",service=""java-user-service"",status=""200"",uri=""/actuator/health"",quanti,}",0.0,0.0
1790113702.109,java-user-service,"http_server_requests_seconds{error=""none"",exception=""none"",framework=""spring-boot"",language=""java"",method=""GET"",outcome=""SUCCESS"",service=""java-user-service"",status=""200"",uri=""/actuator/health"",}",479.0,1.99849845
1790113702.109,java-user-service,"http_server_requests_seconds{error=""none"",exception=""none"",framework=""spring-boot"",language=""java"",method=""POST"",outcome=""SUCCESS"",service=""java-user-service"",status=""201"",uri=""/users"",quanti,}",0.0,0.0
1790113702.109,java-user-service,"http_server_requests_seconds{error=""none"",exception=""none"",framework=""spring-boot"",language=""java"",method=""POST"",outcome=""SUCCESS"",service=""java-user-service"",status=""201"",uri=""/users"",}",1357.0,154.813284119
1790113702.109,java-user-service,"http_server_requests_seconds{error=""none"",exception=""none"",framework=""spring-boot"",language=""java"",method=""GET"",outcome=""SUCCESS"",service=""java-user-service"",status=""200"",uri=""/users"",quanti,}",0.0,0.0
1790113702.109,java-user-service,"http_server_requests_seconds{error=""none"",exception=""none"",framework=""spring-boot"",language=""java"",method=""GET"",outcome=""SUCCESS"",service=""java-user-service"",status=""200"",uri=""/users"",}",1000.0,7.195534751
1790113702.109,java-user-service,"http_server_requests_seconds{error=""none"",exception=""none"",framework=""spring-boot"",language=""java"",method=""GET"",outcome=""SUCCESS"",service=""java-user-service"",status=""200"",uri=""/actuator/prometheus"",quanti,}",0.0,0.0
1790113702.109,java-user-service,"http_server_requests_seconds{error=""none"",exception=""none"",framework=""spring-boot"",language=""java"",method=""GET"",outcome=""SUCCESS"",service=""java-user-service"",status=""200"",uri=""/actuator/prometheus"",}",48.0,0.419608086
1790113702.109,java-product-service,"http_server_requests_seconds{error=""none"",exception=""none"",language=""java"",method=""GET"",outcome=""SUCCESS"",service=""java-product-service"",status=""200"",uri=""/actuator/health"",quanti,}",0.0,0.0
1790113702.109,java-product-service,"http_server_requests_seconds{error=""none"",exception=""none"",language=""java"",method=""GET"",outcome=""SUCCESS"",service=""java-product-service"",status=""200"",uri=""/actuator/health"",}",479.0,1.473931959
1790113702.109,java-product-service,"http_server_requests_seconds{error=""none"",exception=""none"",language=""java"",method=""GET"",outcome=""SUCCESS"",service=""java-product-service"",status=""200"",uri=""/actuator/prometheus"",quanti,}",0.0,0.0
1790113702.109,java-product-service,"http_server_requests_seconds{error=""none"",exception=""none"",language=""java"",method=""GET"",outcome=""SUCCESS"",service=""java-product-service"",status=""200"",uri=""/actuator/prometheus"",}",48.0,0.268071544
1790113702.109,java-product-service,"http_server_requests_seconds{error=""none"",exception=""none"",language=""java"",method=""POST"",outcome=""SUCCESS"",service=""java-product-service"",status=""201"",uri=""/products"",quanti,}",0.0,0.0
1790113702.109,java-product-service,"http_server_requests_seconds{error=""none"",exception=""none"",language=""java"",method=""POST"",outcome=""SUCCESS"",service=""java-product-service"",status=""201"",uri=""/products"",}",10.0,0.090428665
1790113702.109,java-product-service,"http_server_requests_seconds{error=""none"",exception=""none"",language=""java"",method=""GET"",outcome=""SUCCESS"",service=""java-product-service"",status=""200"",uri=""/products"",quanti,}",0.0,0.0
1790113702.109,java-product-service,"http_server_requests_seconds{error=""none"",exception=""none"",language=""java"",method=""GET"",outcome=""SUCCESS"",service=""java-product-service"",status=""200"",uri=""/products"",}",5920.0,6.322204061
1790113702.109,java-order-service,"http_server_requests_seconds{error=""none"",exception=""none"",language=""java"",method=""GET"",outcome=""SUCCESS"",service=""java-order-service"",status=""200"",uri=""/actuator/prometheus"",quanti,}",0.0,0.0
1790113702.109,java-order-service,"http_server_requests_seconds{error=""none"",exception=""none"",language=""java"",method=""GET"",outcome=""SUCCESS"",service=""java-order-service"",status=""200"",uri=""/actuator/prometheus"",}",48.0,0.240796795
1790113702.109,java-order-service,"http_server_requests_seconds{error=""none"",exception=""none"",language=""java"",method=""GET"",outcome=""SUCCESS"",service=""java-order-service"",status=""200"",uri=""/actuator/health"",quanti,}",0.0,0.0
1790113702.109,java-order-service,"http_server_requests_seconds{error=""none"",exception=""none"",language=""java"",method=""GET"",outcome=""SUCCESS"",service=""java-order-service"",status=""200"",uri=""/actuator/health"",}",480.0,1.169728908
1790113707.149,java-user-service,"http_server_requests_seconds{error=""none"",exception=""none"",framework=""spring-boot"",language=""java"",method=""GET"",outcome=""SUCCESS"",service=""java-user-service"",status=""200"",uri=""/actuator/health"",quanti,}",0.0,0.0
1790113707.149,java-user-service,"http_server_requests_seconds{error=""none"",exception=""none"",framework=""spring-boot"",language=""java"",method=""GET"",outcome=""SUCCESS"",service=""java-user-service"",status=""200"",uri=""/actuator/health"",}",490.0,2.031638701
1790113707.149,java-user-service,"http_server_requests_seconds{error=""none"",exception=""none"",framework=""spring-boot"",language=""java"",method=""POST"",outcome=""SUCCESS"",service=""java-user-service"",status=""201"",uri=""/users"",quanti,}",0.0,0.0
1790113707.149,java-user-service,"http_server_requests_seconds{error=""none"",exception=""none"",framework=""spring-boot"",language=""java"",method=""POST"",outcome=""SUCCESS"",service=""java-user-service"",status=""201"",uri=""/users"",}",1360.0,155.087904619
1790113707.149,java-user-service,"http_server_requests_seconds{error=""none"",exception=""none"",framework=""spring-boot"",language=""java"",method=""GET"",outcome=""SUCCESS"",service=""java-user-service"",status=""200"",uri=""/users"",quanti,}",0.0,0.0
1790113707.149,java-user-service,"http_server_requests_seconds{error=""none"",exception=""none"",framework=""spring-boot"",language=""java"",method=""GET"",outcome=""SUCCESS"",service=""java-user-service"",status=""200"",uri=""/users"",}",1000.0,7.195534751
1790113707.149,java-user-service,"http_server_requests_seconds{error=""none"",exception=""none"",framework=""spring-boot"",language=""java"",method=""GET"",outcome=""SUCCESS"",service=""java-user-service"",status=""200"",uri=""/actuator/prometheus"",quanti,}",0.0,0.0
1790113707.149,java-user-service,"http_server_requests_seconds{error=""none"",exception=""none"",framework=""spring-boot"",language=""java"",method=""GET"",outcome=""SUCCESS"",service=""java-user-service"",status=""200"",uri=""/actuator/prometheus"",}",49.0,0.426188627
1790113707.149,java-product-service,"http_server_requests_seconds{error=""none"",exception=""none"",language=""java"",method=""GET"",outcome=""SUCCESS"",service=""java-product-service"",status=""200"",uri=""/actuator/health"",quanti,}",0.0,0.0
1790113707.149,java-product-service,"http_server_requests_seconds{error=""none"",exception=""none"",language=""java"",method=""GET"",outcome=""SUCCESS"",service=""java-product-service"",status=""200"",uri=""/actuator/health"",}",490.0,1.498468792
1790113707.149,java-product-service,"http_server_requests_seconds{error=""none"",exception=""none"",language=""java"",method=""GET"",outcome=""SUCCESS"",service=""java-product-service"",status=""200"",uri=""/actuator/prometheus"",quanti,}",0.0,0.0
1790113707.149,java-product-service,"http_server_requests_seconds{error=""none"",exception=""none"",language=""java"",method=""GET"",outcome=""SUCCESS"",service=""java-product-service"",status=""200"",uri=""/actuator/prometheus"",}",49.0,0.271828753
1790113707.149,java-product-service,"http_server_requests_seconds{error=""none"",exception=""none"",language=""java"",method=""POST"",outcome=""SUCCESS"",service=""java-product-service"",status=""201"",uri=""/products"",quanti,}",0.0,0.0
1790113707.149,java-product-service,"http_server_requests_seconds{error=""none"",exception=""none"",language=""java"",method=""POST"",outcome=""SUCCESS"",service=""java-product-service"",status=""201"",uri=""/products"",}",10.0,0.090428665
1790113707.149,java-product-service,"http_server_requests_seconds{error=""none"",exception=""none"",language=""java"",method=""GET"",outcome=""SUCCESS"",service=""java-product-service"",status=""200"",uri=""/products"",quanti,}",0.0,0.0
1790113707.149,java-product-service,"http_server_requests_seconds{error=""none"",exception=""none"",language=""java"",method=""GET"",outcome=""SUCCESS"",service=""java-product-service"",status=""200"",uri=""/products"",}",5932.0,6.333819394
1790113707.149,java-order-service,"http_server_requests_seconds{error=""none"",exception=""none"",language=""java"",method=""GET"",outcome=""SUCCESS"",service=""java-order-service"",status=""200"",uri=""/actuator/prometheus"",quanti,}",0.0,0.0
1790113707.149,java-order-service,"http_server_requests_seconds{error=""none"",exception=""none"",language=""java"",method=""GET"",outcome=""SUCCESS"",service=""java-order-service"",status=""200"",uri=""/actuator/prometheus"",}",49.0,0.24485192
1790113707.149,java-order-service,"http_server_requests_seconds{error=""none"",exception=""none"",language=""java"",method=""GET"",outcome=""SUCCESS"",service=""java-order-service"",status=""200"",uri=""/actuator/health"",quanti,}",0.0,0.0
1790113707.149,java-order-service,"http_server_requests_seconds{error=""none"",exception=""none"",language=""java"",method=""GET"",outcome=""SUCCESS"",service=""java-order-service"",status=""200"",uri=""/actuator/health"",}",490.0,1.189534366
