t,service,metric,labels,value
1790113999.756,java-user-service,hikaricp_connections_pending,"{framework=""spring-boot"",language=""java"",pool=""HikariPool-1"",service=""java-user-service"",}",0.0
1790113999.756,java-user-service,hikaricp_connections_acquire_seconds_count,"{framework=""spring-boot"",language=""java"",pool=""HikariPool-1"",service=""java-user-service"",}",299.0
1790113999.756,java-user-service,hikaricp_connections_acquire_seconds_sum,"{framework=""spring-boot"",language=""java"",pool=""HikariPool-1"",service=""java-user-service"",}",0.008217757
1790113999.756,java-user-service,jvm_gc_pause_seconds_count,"{action=""end of minor GC"",cause=""G1 Evacuation Pause"",framework=""spring-boot"",gc=""G1 Young Generation"",language=""java"",service=""java-user-service"",}",11.0
1790113999.756,java-user-service,jvm_gc_pause_seconds_sum,"{action=""end of minor GC"",cause=""G1 Evacuation Pause"",framework=""spring-boot"",gc=""G1 Young Generation"",language=""java"",service=""java-user-service"",}",0.058
1790113999.756,java-user-service,process_cpu_usage,"{framework=""spring-boot"",language=""java"",service=""java-user-service"",}",0.7333333333333333
1790113999.756,java-user-service,hikaricp_connections_usage_seconds_count,"{framework=""spring-boot"",language=""java"",pool=""HikariPool-1"",service=""java-user-service"",}",299.0
1790113999.756,java-user-service,hikaricp_connections_usage_seconds_sum,"{framework=""spring-boot"",language=""java"",pool=""HikariPool-1"",service=""java-user-service"",}",14.971
1790113999.756,java-user-service,jvm_memory_used_bytes,"{area=""nonheap"",framework=""spring-boot"",id=""CodeHeap 'non-nmethods'"",language=""java"",service=""java-user-service"",}",1643776.0
1790113999.756,java-user-service,jvm_memory_used_bytes,"{area=""nonheap"",framework=""spring-boot"",id=""CodeHeap 'non-profiled nmethods'"",language=""java"",service=""java-user-service"",}",7181568.0
1790113999.756,java-user-service,jvm_memory_used_bytes,"{area=""heap"",framework=""spring-boot"",id=""G1 Survivor Space"",language=""java"",service=""java-user-service"",}",2869544.0
1790113999.756,java-user-service,jvm_memory_used_bytes,"{area=""heap"",framework=""spring-boot"",id=""G1 Old Gen"",language=""java"",service=""java-user-service"",}",38531064.0
1790113999.756,java-user-service,jvm_memory_used_bytes,"{area=""nonheap"",framework=""spring-boot"",id=""Metaspace"",language=""java"",service=""java-user-service"",}",101502744.0
1790113999.756,java-user-service,jvm_memory_used_bytes,"{area=""heap"",framework=""spring-boot"",id=""G1 Eden Space"",language=""java"",service=""java-user-service"",}",24117248.0
1790113999.756,java-user-service,jvm_memory_used_bytes,"{area=""nonheap"",framework=""spring-boot"",id=""Compressed Class Space"",language=""java"",service=""java-user-service"",}",13402656.0
1790113999.756,java-user-service,jvm_memory_used_bytes,"{area=""nonheap"",framework=""spring-boot"",id=""CodeHeap 'profiled nmethods'"",language=""java"",service=""java-user-service"",}",25751680.0
1790113999.756,java-user-service,tomcat_threads_config_max_threads,"{framework=""spring-boot"",language=""java"",name=""http-nio-9081"",service=""java-user-service"",}",-1.0
1790113999.756,java-user-service,system_cpu_usage,"{framework=""spring-boot"",language=""java"",service=""java-user-service"",}",0.69222
1790113999.756,java-user-service,tomcat_threads_current_threads,"{framework=""spring-boot"",language=""java"",name=""http-nio-9081"",service=""java-user-service"",}",-1.0
1790113999.756,java-user-service,tomcat_threads_busy_threads,"{framework=""spring-boot"",language=""java"",name=""http-nio-9081"",service=""java-user-service"",}",-1.0
1790113999.756,java-user-service,jvm_memory_committed_bytes,"{area=""nonheap"",framework=""spring-boot"",id=""CodeHeap 'non-nmethods'"",language=""java"",service=""java-user-service"",}",2555904.0
1790113999.756,java-user-service,jvm_memory_committed_bytes,"{area=""nonheap"",framework=""spring-boot"",id=""CodeHeap 'non-profiled nmethods'"",language=""java"",service=""java-user-service"",}",7208960.0
1790113999.756,java-user-service,jvm_memory_committed_bytes,"{area=""heap"",framework=""spring-boot"",id=""G1 Survivor Space"",language=""java"",service=""java-user-service"",}",3145728.0
1790113999.756,java-user-service,jvm_memory_committed_bytes,"{area=""heap"",framework=""spring-boot"",id=""G1 Old Gen"",language=""java"",service=""java-user-service"",}",46137344.0
1790113999.756,java-user-service,jvm_memory_committed_bytes,"{area=""nonheap"",framework=""spring-boot"",id=""Metaspace"",language=""java"",service=""java-user-service"",}",102498304.0
1790113999.756,java-user-service,jvm_memory_committed_bytes,"{area=""heap"",framework=""spring-boot"",id=""G1 Eden Space"",language=""java"",service=""java-user-service"",}",75497472.0
1790113999.756,java-user-service,jvm_memory_committed_bytes,"{area=""nonheap"",framework=""spring-boot"",id=""Compressed Class Space"",language=""java"",service=""java-user-service"",}",13828096.0
1790113999.756,java-user-service,jvm_memory_committed_bytes,"{area=""nonheap"",framework=""spring-boot"",id=""CodeHeap 'profiled nmethods'"",language=""java"",service=""java-user-service"",}",25821184.0
1790113999.756,java-user-service,hikaricp_connections_active,"{framework=""spring-boot"",language=""java"",pool=""HikariPool-1"",service=""java-user-service"",}",0.0
1790113999.756,java-product-service,tomcat_threads_busy_threads,"{language=""java"",name=""http-nio-9082"",service=""java-product-service"",}",-1.0
1790113999.756,java-product-service,jvm_gc_pause_seconds_count,"{action=""end of minor GC"",cause=""G1 Evacuation Pause"",gc=""G1 Young Generation"",language=""java"",service=""java-product-service"",}",3.0
1790113999.756,java-product-service,jvm_gc_pause_seconds_sum,"{action=""end of minor GC"",cause=""G1 Evacuation Pause"",gc=""G1 Young Generation"",language=""java"",service=""java-product-service"",}",0.022
1790113999.756,java-product-service,hikaricp_connections_active,"{language=""java"",pool=""HikariPool-1"",service=""java-product-service"",}",0.0
1790113999.756,java-product-service,tomcat_threads_current_threads,"{language=""java"",name=""http-nio-9082"",service=""java-product-service"",}",-1.0
1790113999.756,java-product-service,hikaricp_connections_usage_seconds_count,"{language=""java"",pool=""HikariPool-1"",service=""java-product-service"",}",17.0
1790113999.756,java-product-service,hikaricp_connections_usage_seconds_sum,"{language=""java"",pool=""HikariPool-1"",service=""java-product-service"",}",0.306
1790113999.756,java-product-service,hikaricp_connections_acquire_seconds_count,"{language=""java"",pool=""HikariPool-1"",service=""java-product-service"",}",17.0
1790113999.756,java-product-service,hikaricp_connections_acquire_seconds_sum,"{language=""java"",pool=""HikariPool-1"",service=""java-product-service"",}",0.013991417
1790113999.756,java-product-service,process_cpu_usage,"{language=""java"",service=""java-product-service"",}",0.4666666666666667
1790113999.756,java-product-service,hikaricp_connections_pending,"{language=""java"",pool=""HikariPool-1"",service=""java-product-service"",}",0.0
1790113999.756,java-product-service,system_cpu_usage,"{language=""java"",service=""java-product-service"",}",0.5262
1790113999.756,java-product-service,tomcat_threads_config_max_threads,"{language=""java"",name=""http-nio-9082"",service=""java-product-service"",}",-1.0
1790113999.756,java-product-service,jvm_memory_used_bytes,"{area=""nonheap"",id=""CodeHeap 'non-nmethods'"",language=""java"",service=""java-product-service"",}",1638016.0
1790113999.756,java-product-service,jvm_memory_used_bytes,"{area=""heap"",id=""G1 Eden Space"",language=""java"",service=""java-product-service"",}",44040192.0
1790113999.756,java-product-service,jvm_memory_used_bytes,"{area=""nonheap"",id=""Metaspace"",language=""java"",service=""java-product-service"",}",96919384.0
1790113999.756,java-product-service,jvm_memory_used_bytes,"{area=""heap"",id=""G1 Old Gen"",language=""java"",service=""java-product-service"",}",37723768.0
1790113999.756,java-product-service,jvm_memory_used_bytes,"{area=""nonheap"",id=""Compressed Class Space"",language=""java"",service=""java-product-service"",}",12899992.0
1790113999.756,java-product-service,jvm_memory_used_bytes,"{area=""heap"",id=""G1 Survivor Space"",language=""java"",service=""java-product-service"",}",4194304.0
1790113999.756,java-product-service,jvm_memory_used_bytes,"{area=""nonheap"",id=""CodeHeap 'profiled nmethods'"",language=""java"",service=""java-product-service"",}",23019520.0
1790113999.756,java-product-service,jvm_memory_used_bytes,"{area=""nonheap"",id=""CodeHeap 'non-profiled nmethods'"",language=""java"",service=""java-product-service"",}",6277376.0
1790113999.756,java-product-service,jvm_memory_committed_bytes,"{area=""nonheap"",id=""CodeHeap 'non-nmethods'"",language=""java"",service=""java-product-service"",}",2555904.0
1790113999.756,java-product-service,jvm_memory_committed_bytes,"{area=""heap"",id=""G1 Eden Space"",language=""java"",service=""java-product-service"",}",67108864.0
1790113999.756,java-product-service,jvm_memory_committed_bytes,"{area=""nonheap"",id=""Metaspace"",language=""java"",service=""java-product-service"",}",97910784.0
1790113999.756,java-product-service,jvm_memory_committed_bytes,"{area=""heap"",id=""G1 Old Gen"",language=""java"",service=""java-product-service"",}",42991616.0
1790113999.756,java-product-service,jvm_memory_committed_bytes,"{area=""nonheap"",id=""Compressed Class Space"",language=""java"",service=""java-product-service"",}",13369344.0
1790113999.756,java-product-service,jvm_memory_committed_bytes,"{area=""heap"",id=""G1 Survivor Space"",language=""java"",service=""java-product-service"",}",4194304.0
1790113999.756,java-product-service,jvm_memory_committed_bytes,"{area=""nonheap"",id=""CodeHeap 'profiled nmethods'"",language=""java"",service=""java-product-service"",}",23068672.0
1790113999.756,java-product-service,jvm_memory_committed_bytes,"{area=""nonheap"",id=""CodeHeap 'non-profiled nmethods'"",language=""java"",service=""java-product-service"",}",6291456.0
1790113999.756,java-order-service,process_cpu_usage,"{language=""java"",service=""java-order-service"",}",0.4666666666666667
1790113999.756,java-order-service,tomcat_threads_busy_threads,"{language=""java"",name=""http-nio-9083"",service=""java-order-service"",}",-1.0
1790113999.756,java-order-service,jvm_memory_used_bytes,"{area=""nonheap"",id=""CodeHeap 'non-profiled nmethods'"",language=""java"",service=""java-order-service"",}",3584128.0
1790113999.756,java-order-service,jvm_memory_used_bytes,"{area=""heap"",id=""G1 Eden Space"",language=""java"",service=""java-order-service"",}",28311552.0
1790113999.756,java-order-service,jvm_memory_used_bytes,"{area=""nonheap"",id=""CodeHeap 'profiled nmethods'"",language=""java"",service=""java-order-service"",}",12782080.0
1790113999.756,java-order-service,jvm_memory_used_bytes,"{area=""nonheap"",id=""CodeHeap 'non-nmethods'"",language=""java"",service=""java-order-service"",}",1609984.0
1790113999.756,java-order-service,jvm_memory_used_bytes,"{area=""heap"",id=""G1 Survivor Space"",language=""java"",service=""java-order-service"",}",5743328.0
1790113999.756,java-order-service,jvm_memory_used_bytes,"{area=""nonheap"",id=""Compressed Class Space"",language=""java"",service=""java-order-service"",}",10677648.0
1790113999.756,java-order-service,jvm_memory_used_bytes,"{area=""heap"",id=""G1 Old Gen"",language=""java"",service=""java-order-service"",}",28521536.0
1790113999.756,java-order-service,jvm_memory_used_bytes,"{area=""nonheap"",id=""Metaspace"",language=""java"",service=""java-order-service"",}",77941104.0
1790113999.756,java-order-service,hikaricp_connections_acquire_seconds_count,"{language=""java"",pool=""HikariPool-1"",service=""java-order-service"",}",10.0
1790113999.756,java-order-service,hikaricp_connections_acquire_seconds_sum,"{language=""java"",pool=""HikariPool-1"",service=""java-order-service"",}",0.006903208
1790113999.756,java-order-service,hikaricp_connections_usage_seconds_count,"{language=""java"",pool=""HikariPool-1"",service=""java-order-service"",}",10.0
1790113999.756,java-order-service,hikaricp_connections_usage_seconds_sum,"{language=""java"",pool=""HikariPool-1"",service=""java-order-service"",}",0.002
1790113999.756,java-order-service,tomcat_threads_config_max_threads,"{language=""java"",name=""http-nio-9083"",service=""java-order-service"",}",-1.0
1790113999.756,java-order-service,system_cpu_usage,"{language=""java"",service=""java-order-service"",}",0.32813333333333333
1790113999.756,java-order-service,hikaricp_connections_pending,"{language=""java"",pool=""HikariPool-1"",service=""java-order-service"",}",0.0
1790113999.756,java-order-service,hikaricp_connections_active,"{language=""java"",pool=""HikariPool-1"",service=""java-order-service"",}",0.0
1790113999.756,java-order-service,tomcat_threads_current_threads,"{language=""java"",name=""http-nio-9083"",service=""java-order-service"",}",-1.0
1790113999.756,java-order-service,jvm_memory_committed_bytes,"{area=""nonheap"",id=""CodeHeap 'non-profiled nmethods'"",language=""java"",service=""java-order-service"",}",3604480.0
1790113999.756,java-order-service,jvm_memory_committed_bytes,"{area=""heap"",id=""G1 Eden Space"",language=""java"",service=""java-order-service"",}",45088768.0
1790113999.756,java-order-service,jvm_memory_committed_bytes,"{area=""nonheap"",id=""CodeHeap 'profiled nmethods'"",language=""java"",service=""java-order-service"",}",13172736.0
1790113999.756,java-order-service,jvm_memory_committed_bytes,"{area=""nonheap"",id=""CodeHeap 'non-nmethods'"",language=""java"",service=""java-order-service"",}",2555904.0
1790113999.756,java-order-service,jvm_memory_committed_bytes,"{area=""heap"",id=""G1 Survivor Space"",language=""java"",service=""java-order-service"",}",6291456.0
1790113999.756,java-order-service,jvm_memory_committed_bytes,"{area=""nonheap"",id=""Compressed Class Space"",language=""java"",service=""java-order-service"",}",11075584.0
1790113999.756,java-order-service,jvm_memory_committed_bytes,"{area=""heap"",id=""G1 Old Gen"",language=""java"",service=""java-order-service"",}",32505856.0
1790113999.756,java-order-service,jvm_memory_committed_bytes,"{area=""nonheap"",id=""Metaspace"",language=""java"",service=""java-order-service"",}",78774272.0
1790114004.817,java-user-service,hikaricp_connections_pending,"{framework=""spring-boot"",language=""java"",pool=""HikariPool-1"",service=""java-user-service"",}",0.0
1790114004.817,java-user-service,hikaricp_connections_acquire_seconds_count,"{framework=""spring-boot"",language=""java"",pool=""HikariPool-1"",service=""java-user-service"",}",372.0
1790114004.817,java-user-service,hikaricp_connections_acquire_seconds_sum,"{framework=""spring-boot"",language=""java"",pool=""HikariPool-1"",service=""java-user-service"",}",0.013019835
1790114004.817,java-user-service,jvm_gc_pause_seconds_count,"{action=""end of minor GC"",cause=""G1 Evacuation Pause"",framework=""spring-boot"",gc=""G1 Young Generation"",language=""java"",service=""java-user-service"",}",12.0
1790114004.817,java-user-service,jvm_gc_pause_seconds_sum,"{action=""end of minor GC"",cause=""G1 Evacuation Pause"",framework=""spring-boot"",gc=""G1 Young Generation"",language=""java"",service=""java-user-service"",}",0.1
1790114004.817,java-user-service,process_cpu_usage,"{framework=""spring-boot"",language=""java"",service=""java-user-service"",}",0.45481481481481484
1790114004.817,java-user-service,hikaricp_connections_usage_seconds_count,"{framework=""spring-boot"",language=""java"",pool=""HikariPool-1"",service=""java-user-service"",}",370.0
1790114004.817,java-user-service,hikaricp_connections_usage_seconds_sum,"{framework=""spring-boot"",language=""java"",pool=""HikariPool-1"",service=""java-user-service"",}",17.44
1790114004.817,java-user-service,jvm_memory_used_bytes,"{area=""nonheap"",framework=""spring-boot"",id=""CodeHeap 'non-nmethods'"",language=""java"",service=""java-user-service"",}",1643776.0
1790114004.817,java-user-service,jvm_memory_used_bytes,"{area=""nonheap"",framework=""spring-boot"",id=""CodeHeap 'non-profiled nmethods'"",language=""java"",service=""java-user-service"",}",7667456.0
1790114004.817,java-user-service,jvm_memory_used_bytes,"{area=""heap"",framework=""spring-boot"",id=""G1 Survivor Space"",language=""java"",service=""java-user-service"",}",3128544.0
1790114004.817,java-user-service,jvm_memory_used_bytes,"{area=""heap"",framework=""spring-boot"",id=""G1 Old Gen"",language=""java"",service=""java-user-service"",}",38531064.0
1790114004.817,java-user-service,jvm_memory_used_bytes,"{area=""nonheap"",framework=""spring-boot"",id=""Metaspace"",language=""java"",service=""java-user-service"",}",101624192.0
1790114004.817,java-user-service,jvm_memory_used_bytes,"{area=""heap"",framework=""spring-boot"",id=""G1 Eden Space"",language=""java"",service=""java-user-service"",}",37748736.0
1790114004.817,java-user-service,jvm_memory_used_bytes,"{area=""nonheap"",framework=""spring-boot"",id=""Compressed Class Space"",language=""java"",service=""java-user-service"",}",13404736.0
1790114004.817,java-user-service,jvm_memory_used_bytes,"{area=""nonheap"",framework=""spring-boot"",id=""CodeHeap 'profiled nmethods'"",language=""java"",service=""java-user-service"",}",26435968.0
1790114004.817,java-user-service,tomcat_threads_config_max_threads,"{framework=""spring-boot"",language=""java"",name=""http-nio-9081"",service=""java-user-service"",}",-1.0
1790114004.817,java-user-service,system_cpu_usage,"{framework=""spring-boot"",language=""java"",service=""java-user-service"",}",0.45635140740740743
1790114004.817,java-user-service,tomcat_threads_current_threads,"{framework=""spring-boot"",language=""java"",name=""http-nio-9081"",service=""java-user-service"",}",-1.0
1790114004.817,java-user-service,tomcat_threads_busy_threads,"{framework=""spring-boot"",language=""java"",name=""http-nio-9081"",service=""java-user-service"",}",-1.0
1790114004.817,java-user-service,jvm_memory_committed_bytes,"{area=""nonheap"",framework=""spring-boot"",id=""CodeHeap 'non-nmethods'"",language=""java"",service=""java-user-service"",}",2555904.0
1790114004.817,java-user-service,jvm_memory_committed_bytes,"{area=""nonheap"",framework=""spring-boot"",id=""CodeHeap 'non-profiled nmethods'"",language=""java"",service=""java-user-service"",}",7733248.0
1790114004.817,java-user-service,jvm_memory_committed_bytes,"{area=""heap"",framework=""spring-boot"",id=""G1 Survivor Space"",language=""java"",service=""java-user-service"",}",3145728.0
1790114004.817,java-user-service,jvm_memory_committed_bytes,"{area=""heap"",framework=""spring-boot"",id=""G1 Old Gen"",language=""java"",service=""java-user-service"",}",46137344.0
1790114004.817,java-user-service,jvm_memory_committed_bytes,"{area=""nonheap"",framework=""spring-boot"",id=""Metaspace"",language=""java"",service=""java-user-service"",}",102563840.0
1790114004.817,java-user-service,jvm_memory_committed_bytes,"{area=""heap"",framework=""spring-boot"",id=""G1 Eden Space"",language=""java"",service=""java-user-service"",}",75497472.0
1790114004.817,java-user-service,jvm_memory_committed_bytes,"{area=""nonheap"",framework=""spring-boot"",id=""Compressed Class Space"",language=""java"",service=""java-user-service"",}",13828096.0
1790114004.817,java-user-service,jvm_memory_committed_bytes,"{area=""nonheap"",framework=""spring-boot"",id=""CodeHeap 'profiled nmethods'"",language=""java"",service=""java-user-service"",}",26476544.0
1790114004.817,java-user-service,hikaricp_connections_active,"{framework=""spring-boot"",language=""java"",pool=""HikariPool-1"",service=""java-user-service"",}",2.0
1790114004.817,java-product-service,tomcat_threads_busy_threads,"{language=""java"",name=""http-nio-9082"",service=""java-product-service"",}",-1.0
1790114004.817,java-product-service,jvm_gc_pause_seconds_count,"{action=""end of minor GC"",cause=""G1 Evacuation Pause"",gc=""G1 Young Generation"",language=""java"",service=""java-product-service"",}",3.0
1790114004.817,java-product-service,jvm_gc_pause_seconds_sum,"{action=""end of minor GC"",cause=""G1 Evacuation Pause"",gc=""G1 Young Generation"",language=""java"",service=""java-product-service"",}",0.022
1790114004.817,java-product-service,hikaricp_connections_active,"{language=""java"",pool=""HikariPool-1"",service=""java-product-service"",}",0.0
1790114004.817,java-product-service,tomcat_threads_current_threads,"{language=""java"",name=""http-nio-9082"",service=""java-product-service"",}",-1.0
1790114004.817,java-product-service,hikaricp_connections_usage_seconds_count,"{language=""java"",pool=""HikariPool-1"",service=""java-product-service"",}",42.0
1790114004.817,java-product-service,hikaricp_connections_usage_seconds_sum,"{language=""java"",pool=""HikariPool-1"",service=""java-product-service"",}",0.322
1790114004.817,java-product-service,hikaricp_connections_acquire_seconds_count,"{language=""java"",pool=""HikariPool-1"",service=""java-product-service"",}",42.0
1790114004.817,java-product-service,hikaricp_connections_acquire_seconds_sum,"{language=""java"",pool=""HikariPool-1"",service=""java-product-service"",}",0.01900525
1790114004.817,java-product-service,process_cpu_usage,"{language=""java"",service=""java-product-service"",}",0.03428571428571429
1790114004.817,java-product-service,hikaricp_connections_pending,"{language=""java"",pool=""HikariPool-1"",service=""java-product-service"",}",0.0
1790114004.817,java-product-service,system_cpu_usage,"{language=""java"",service=""java-product-service"",}",0.034989904761904764
1790114004.817,java-product-service,tomcat_threads_config_max_threads,"{language=""java"",name=""http-nio-9082"",service=""java-product-service"",}",-1.0
1790114004.817,java-product-service,jvm_memory_used_bytes,"{area=""nonheap"",id=""CodeHeap 'non-nmethods'"",language=""java"",service=""java-product-service"",}",1638016.0
1790114004.817,java-product-service,jvm_memory_used_bytes,"{area=""heap"",id=""G1 Eden Space"",language=""java"",service=""java-product-service"",}",47185920.0
1790114004.817,java-product-service,jvm_memory_used_bytes,"{area=""nonheap"",id=""Metaspace"",language=""java"",service=""java-product-service"",}",96964960.0
1790114004.817,java-product-service,jvm_memory_used_bytes,"{area=""heap"",id=""G1 Old Gen"",language=""java"",service=""java-product-service"",}",37723768.0
1790114004.817,java-product-service,jvm_memory_used_bytes,"{area=""nonheap"",id=""Compressed Class Space"",language=""java"",service=""java-product-service"",}",12900536.0
1790114004.817,java-product-service,jvm_memory_used_bytes,"{area=""heap"",id=""G1 Survivor Space"",language=""java"",service=""java-product-service"",}",4194304.0
1790114004.817,java-product-service,jvm_memory_used_bytes,"{area=""nonheap"",id=""CodeHeap 'profiled nmethods'"",language=""java"",service=""java-product-service"",}",23246976.0
1790114004.817,java-product-service,jvm_memory_used_bytes,"{area=""nonheap"",id=""CodeHeap 'non-profiled nmethods'"",language=""java"",service=""java-product-service"",}",6344064.0
1790114004.817,java-product-service,jvm_memory_committed_bytes,"{area=""nonheap"",id=""CodeHeap 'non-nmethods'"",language=""java"",service=""java-product-service"",}",2555904.0
1790114004.817,java-product-service,jvm_memory_committed_bytes,"{area=""heap"",id=""G1 Eden Space"",language=""java"",service=""java-product-service"",}",67108864.0
1790114004.817,java-product-service,jvm_memory_committed_bytes,"{area=""nonheap"",id=""Metaspace"",language=""java"",service=""java-product-service"",}",97976320.0
1790114004.817,java-product-service,jvm_memory_committed_bytes,"{area=""heap"",id=""G1 Old Gen"",language=""java"",service=""java-product-service"",}",42991616.0
1790114004.817,java-product-service,jvm_memory_committed_bytes,"{area=""nonheap"",id=""Compressed Class Space"",language=""java"",service=""java-product-service"",}",13369344.0
1790114004.817,java-product-service,jvm_memory_committed_bytes,"{area=""heap"",id=""G1 Survivor Space"",language=""java"",service=""java-product-service"",}",4194304.0
1790114004.817,java-product-service,jvm_memory_committed_bytes,"{area=""nonheap"",id=""CodeHeap 'profiled nmethods'"",language=""java"",service=""java-product-service"",}",23265280.0
1790114004.817,java-product-service,jvm_memory_committed_bytes,"{area=""nonheap"",id=""CodeHeap 'non-profiled nmethods'"",language=""java"",service=""java-product-service"",}",6356992.0
1790114004.817,java-order-service,process_cpu_usage,"{language=""java"",service=""java-order-service"",}",0.025806451612903226
1790114004.817,java-order-service,tomcat_threads_busy_threads,"{language=""java"",name=""http-nio-9083"",service=""java-order-service"",}",-1.0
1790114004.817,java-order-service,jvm_memory_used_bytes,"{area=""nonheap"",id=""CodeHeap 'non-profiled nmethods'"",language=""java"",service=""java-order-service"",}",3660800.0
1790114004.817,java-order-service,jvm_memory_used_bytes,"{area=""heap"",id=""G1 Eden Space"",language=""java"",service=""java-order-service"",}",30408704.0
1790114004.817,java-order-service,jvm_memory_used_bytes,"{area=""nonheap"",id=""CodeHeap 'profiled nmethods'"",language=""java"",service=""java-order-service"",}",12966656.0
1790114004.817,java-order-service,jvm_memory_used_bytes,"{area=""nonheap"",id=""CodeHeap 'non-nmethods'"",language=""java"",service=""java-order-service"",}",1609984.0
1790114004.817,java-order-service,jvm_memory_used_bytes,"{area=""heap"",id=""G1 Survivor Space"",language=""java"",service=""java-order-service"",}",5743328.0
1790114004.817,java-order-service,jvm_memory_used_bytes,"{area=""nonheap"",id=""Compressed Class Space"",language=""java"",service=""java-order-service"",}",10677648.0
1790114004.817,java-order-service,jvm_memory_used_bytes,"{area=""heap"",id=""G1 Old Gen"",language=""java"",service=""java-order-service"",}",28521536.0
1790114004.817,java-order-service,jvm_memory_used_bytes,"{area=""nonheap"",id=""Metaspace"",language=""java"",service=""java-order-service"",}",77995184.0
1790114004.817,java-order-service,hikaricp_connections_acquire_seconds_count,"{language=""java"",pool=""HikariPool-1"",service=""java-order-service"",}",28.0
1790114004.817,java-order-service,hikaricp_connections_acquire_seconds_sum,"{language=""java"",pool=""HikariPool-1"",service=""java-order-service"",}",0.010463419
1790114004.817,java-order-service,hikaricp_connections_usage_seconds_count,"{language=""java"",pool=""HikariPool-1"",service=""java-order-service"",}",28.0
1790114004.817,java-order-service,hikaricp_connections_usage_seconds_sum,"{language=""java"",pool=""HikariPool-1"",service=""java-order-service"",}",0.002
1790114004.817,java-order-service,tomcat_threads_config_max_threads,"{language=""java"",name=""http-nio-9083"",service=""java-order-service"",}",-1.0
1790114004.817,java-order-service,system_cpu_usage,"{language=""java"",service=""java-order-service"",}",0.02496537634408602
1790114004.817,java-order-service,hikaricp_connections_pending,"{language=""java"",pool=""HikariPool-1"",service=""java-order-service"",}",0.0
1790114004.817,java-order-service,hikaricp_connections_active,"{language=""java"",pool=""HikariPool-1"",service=""java-order-service"",}",0.0
1790114004.817,java-order-service,tomcat_threads_current_threads,"{language=""java"",name=""http-nio-9083"",service=""java-order-service"",}",-1.0
1790114004.817,java-order-service,jvm_memory_committed_bytes,"{area=""nonheap"",id=""CodeHeap 'non-profiled nmethods'"",language=""java"",service=""java-order-service"",}",3670016.0
1790114004.817,java-order-service,jvm_memory_committed_bytes,"{area=""heap"",id=""G1 Eden Space"",language=""java"",service=""java-order-service"",}",45088768.0
1790114004.817,java-order-service,jvm_memory_committed_bytes,"{area=""nonheap"",id=""CodeHeap 'profiled nmethods'"",language=""java"",service=""java-order-service"",}",13172736.0
1790114004.817,java-order-service,jvm_memory_committed_bytes,"{area=""nonheap"",id=""CodeHeap 'non-nmethods'"",language=""java"",service=""java-order-service"",}",2555904.0
1790114004.817,java-order-service,jvm_memory_committed_bytes,"{area=""heap"",id=""G1 Survivor Space"",language=""java"",service=""java-order-service"",}",6291456.0
1790114004.817,java-order-service,jvm_memory_committed_bytes,"{area=""nonheap"",id=""Compressed Class Space"",language=""java"",service=""java-order-service"",}",11075584.0
1790114004.817,java-order-service,jvm_memory_committed_bytes,"{area=""heap"",id=""G1 Old Gen"",language=""java"",service=""java-order-service"",}",32505856.0
1790114004.817,java-order-service,jvm_memory_committed_bytes,"{area=""nonheap"",id=""Metaspace"",language=""java"",service=""java-order-service"",}",78905344.0
1790114009.897,java-user-service,hikaricp_connections_pending,"{framework=""spring-boot"",language=""java"",pool=""HikariPool-1"",service=""java-user-service"",}",2.0
1790114009.897,java-user-service,hikaricp_connections_acquire_seconds_count,"{framework=""spring-boot"",language=""java"",pool=""HikariPool-1"",service=""java-user-service"",}",554.0
1790114009.897,java-user-service,hikaricp_connections_acquire_seconds_sum,"{framework=""spring-boot"",language=""java"",pool=""HikariPool-1"",service=""java-user-service"",}",0.417506457
1790114009.897,java-user-service,jvm_gc_pause_seconds_count,"{action=""end of minor GC"",cause=""G1 Evacuation Pause"",framework=""spring-boot"",gc=""G1 Young Generation"",language=""java"",service=""java-user-service"",}",16.0
1790114009.897,java-user-service,jvm_gc_pause_seconds_sum,"{action=""end of minor GC"",cause=""G1 Evacuation Pause"",framework=""spring-boot"",gc=""G1 Young Generation"",language=""java"",service=""java-user-service"",}",0.118
1790114009.897,java-user-service,process_cpu_usage,"{framework=""spring-boot"",language=""java"",service=""java-user-service"",}",0.9474358974358974
1790114009.897,java-user-service,hikaricp_connections_usage_seconds_count,"{framework=""spring-boot"",language=""java"",pool=""HikariPool-1"",service=""java-user-service"",}",543.0
1790114009.897,java-user-service,hikaricp_connections_usage_seconds_sum,"{framework=""spring-boot"",language=""java"",pool=""HikariPool-1"",service=""java-user-service"",}",34.61
1790114009.897,java-user-service,jvm_memory_used_bytes,"{area=""nonheap"",framework=""spring-boot"",id=""CodeHeap 'non-nmethods'"",language=""java"",service=""java-user-service"",}",1643776.0
1790114009.897,java-user-service,jvm_memory_used_bytes,"{area=""nonheap"",framework=""spring-boot"",id=""CodeHeap 'non-profiled nmethods'"",language=""java"",service=""java-user-service"",}",8023552.0
1790114009.897,java-user-service,jvm_memory_used_bytes,"{area=""heap"",framework=""spring-boot"",id=""G1 Survivor Space"",language=""java"",service=""java-user-service"",}",4194304.0
1790114009.897,java-user-service,jvm_memory_used_bytes,"{area=""heap"",framework=""spring-boot"",id=""G1 Old Gen"",language=""java"",service=""java-user-service"",}",38054008.0
1790114009.897,java-user-service,jvm_memory_used_bytes,"{area=""nonheap"",framework=""spring-boot"",id=""Metaspace"",language=""java"",service=""java-user-service"",}",102287128.0
1790114009.897,java-user-service,jvm_memory_used_bytes,"{area=""heap"",framework=""spring-boot"",id=""G1 Eden Space"",language=""java"",service=""java-user-service"",}",13631488.0
1790114009.897,java-user-service,jvm_memory_used_bytes,"{area=""nonheap"",framework=""spring-boot"",id=""Compressed Class Space"",language=""java"",service=""java-user-service"",}",13404736.0
1790114009.897,java-user-service,jvm_memory_used_bytes,"{area=""nonheap"",framework=""spring-boot"",id=""CodeHeap 'profiled nmethods'"",language=""java"",service=""java-user-service"",}",26757120.0
1790114009.897,java-user-service,tomcat_threads_config_max_threads,"{framework=""spring-boot"",language=""java"",name=""http-nio-9081"",service=""java-user-service"",}",-1.0
1790114009.897,java-user-service,system_cpu_usage,"{framework=""spring-boot"",language=""java"",service=""java-user-service"",}",0.9487521794871795
1790114009.897,java-user-service,tomcat_threads_current_threads,"{framework=""spring-boot"",language=""java"",name=""http-nio-9081"",service=""java-user-service"",}",-1.0
1790114009.897,java-user-service,tomcat_threads_busy_threads,"{framework=""spring-boot"",language=""java"",name=""http-nio-9081"",service=""java-user-service"",}",-1.0
1790114009.897,java-user-service,jvm_memory_committed_bytes,"{area=""nonheap"",framework=""spring-boot"",id=""CodeHeap 'non-nmethods'"",language=""java"",service=""java-user-service"",}",2555904.0
1790114009.897,java-user-service,jvm_memory_committed_bytes,"{area=""nonheap"",framework=""spring-boot"",id=""CodeHeap 'non-profiled nmethods'"",language=""java"",service=""java-user-service"",}",8060928.0
1790114009.897,java-user-service,jvm_memory_committed_bytes,"{area=""heap"",framework=""spring-boot"",id=""G1 Survivor Space"",language=""java"",service=""java-user-service"",}",4194304.0
1790114009.897,java-user-service,jvm_memory_committed_bytes,"{area=""heap"",framework=""spring-boot"",id=""G1 Old Gen"",language=""java"",service=""java-user-service"",}",46137344.0
1790114009.897,java-user-service,jvm_memory_committed_bytes,"{area=""nonheap"",framework=""spring-boot"",id=""Metaspace"",language=""java"",service=""java-user-service"",}",103284736.0
1790114009.897,java-user-service,jvm_memory_committed_bytes,"{area=""heap"",framework=""spring-boot"",id=""G1 Eden Space"",language=""java"",service=""java-user-service"",}",74448896.0
1790114009.897,java-user-service,jvm_memory_committed_bytes,"{area=""nonheap"",framework=""spring-boot"",id=""Compressed Class Space"",language=""java"",service=""java-user-service"",}",13828096.0
1790114009.897,java-user-service,jvm_memory_committed_bytes,"{area=""nonheap"",framework=""spring-boot"",id=""CodeHeap 'profiled nmethods'"",language=""java"",service=""java-user-service"",}",27590656.0
1790114009.897,java-user-service,hikaricp_connections_active,"{framework=""spring-boot"",language=""java"",pool=""HikariPool-1"",service=""java-user-service"",}",11.0
1790114009.897,java-product-service,tomcat_threads_busy_threads,"{language=""java"",name=""http-nio-9082"",service=""java-product-service"",}",-1.0
1790114009.897,java-product-service,jvm_gc_pause_seconds_count,"{action=""end of minor GC"",cause=""G1 Evacuation Pause"",gc=""G1 Young Generation"",language=""java"",service=""java-product-service"",}",3.0
1790114009.897,java-product-service,jvm_gc_pause_seconds_sum,"{action=""end of minor GC"",cause=""G1 Evacuation Pause"",gc=""G1 Young Generation"",language=""java"",service=""java-product-service"",}",0.022
1790114009.897,java-product-service,hikaricp_connections_active,"{language=""java"",pool=""HikariPool-1"",service=""java-product-service"",}",0.0
1790114009.897,java-product-service,tomcat_threads_current_threads,"{language=""java"",name=""http-nio-9082"",service=""java-product-service"",}",-1.0
1790114009.897,java-product-service,hikaricp_connections_usage_seconds_count,"{language=""java"",pool=""HikariPool-1"",service=""java-product-service"",}",60.0
1790114009.897,java-product-service,hikaricp_connections_usage_seconds_sum,"{language=""java"",pool=""HikariPool-1"",service=""java-product-service"",}",0.322
1790114009.897,java-product-service,hikaricp_connections_acquire_seconds_count,"{language=""java"",pool=""HikariPool-1"",service=""java-product-service"",}",60.0
1790114009.897,java-product-service,hikaricp_connections_acquire_seconds_sum,"{language=""java"",pool=""HikariPool-1"",service=""java-product-service"",}",0.021368539
1790114009.897,java-product-service,process_cpu_usage,"{language=""java"",service=""java-product-service"",}",0.016666666666666666
1790114009.897,java-product-service,hikaricp_connections_pending,"{language=""java"",pool=""HikariPool-1"",service=""java-product-service"",}",0.0
1790114009.897,java-product-service,system_cpu_usage,"{language=""java"",service=""java-product-service"",}",0.018111944444444444
1790114009.897,java-product-service,tomcat_threads_config_max_threads,"{language=""java"",name=""http-nio-9082"",service=""java-product-service"",}",-1.0
1790114009.897,java-product-service,jvm_memory_used_bytes,"{area=""nonheap"",id=""CodeHeap 'non-nmethods'"",language=""java"",service=""java-product-service"",}",1639552.0
1790114009.897,java-product-service,jvm_memory_used_bytes,"{area=""heap"",id=""G1 Eden Space"",language=""java"",service=""java-product-service"",}",49283072.0
1790114009.897,java-product-service,jvm_memory_used_bytes,"{area=""nonheap"",id=""Metaspace"",language=""java"",service=""java-product-service"",}",96999072.0
1790114009.897,java-product-service,jvm_memory_used_bytes,"{area=""heap"",id=""G1 Old Gen"",language=""java"",service=""java-product-service"",}",37723768.0
1790114009.897,java-product-service,jvm_memory_used_bytes,"{area=""nonheap"",id=""Compressed Class Space"",language=""java"",service=""java-product-service"",}",12900536.0
1790114009.897,java-product-service,jvm_memory_used_bytes,"{area=""heap"",id=""G1 Survivor Space"",language=""java"",service=""java-product-service"",}",4194304.0
1790114009.897,java-product-service,jvm_memory_used_bytes,"{area=""nonheap"",id=""CodeHeap 'profiled nmethods'"",language=""java"",service=""java-product-service"",}",23534592.0
1790114009.897,java-product-service,jvm_memory_used_bytes,"{area=""nonheap"",id=""CodeHeap 'non-profiled nmethods'"",language=""java"",service=""java-product-service"",}",6359040.0
1790114009.897,java-product-service,jvm_memory_committed_bytes,"{area=""nonheap"",id=""CodeHeap 'non-nmethods'"",language=""java"",service=""java-product-service"",}",2555904.0
1790114009.897,java-product-service,jvm_memory_committed_bytes,"{area=""heap"",id=""G1 Eden Space"",language=""java"",service=""java-product-service"",}",67108864.0
1790114009.897,java-product-service,jvm_memory_committed_bytes,"{area=""nonheap"",id=""Metaspace"",language=""java"",service=""java-product-service"",}",97976320.0
1790114009.897,java-product-service,jvm_memory_committed_bytes,"{area=""heap"",id=""G1 Old Gen"",language=""java"",service=""java-product-service"",}",42991616.0
1790114009.897,java-product-service,jvm_memory_committed_bytes,"{area=""nonheap"",id=""Compressed Class Space"",language=""java"",service=""java-product-service"",}",13369344.0
1790114009.897,java-product-service,jvm_memory_committed_bytes,"{area=""heap"",id=""G1 Survivor Space"",language=""java"",service=""java-product-service"",}",4194304.0
1790114009.897,java-product-service,jvm_memory_committed_bytes,"{area=""nonheap"",id=""CodeHeap 'profiled nmethods'"",language=""java"",service=""java-product-service"",}",23592960.0
1790114009.897,java-product-service,jvm_memory_committed_bytes,"{area=""nonheap"",id=""CodeHeap 'non-profiled nmethods'"",language=""java"",service=""java-product-service"",}",6422528.0
1790114009.897,java-order-service,process_cpu_usage,"{language=""java"",service=""java-order-service"",}",0.019444444444444445
1790114009.897,java-order-service,tomcat_threads_busy_threads,"{language=""java"",name=""http-nio-9083"",service=""java-order-service"",}",-1.0
1790114009.897,java-order-service,jvm_memory_used_bytes,"{area=""nonheap"",id=""CodeHeap 'non-profiled nmethods'"",language=""java"",service=""java-order-service"",}",3722240.0
1790114009.897,java-order-service,jvm_memory_used_bytes,"{area=""heap"",id=""G1 Eden Space"",language=""java"",service=""java-order-service"",}",31457280.0
1790114009.897,java-order-service,jvm_memory_used_bytes,"{area=""nonheap"",id=""CodeHeap 'profiled nmethods'"",language=""java"",service=""java-order-service"",}",13251584.0
1790114009.897,java-order-service,jvm_memory_used_bytes,"{area=""nonheap"",id=""CodeHeap 'non-nmethods'"",language=""java"",service=""java-order-service"",}",1609984.0
1790114009.897,java-order-service,jvm_memory_used_bytes,"{area=""heap"",id=""G1 Survivor Space"",language=""java"",service=""java-order-service"",}",5743328.0
1790114009.897,java-order-service,jvm_memory_used_bytes,"{area=""nonheap"",id=""Compressed Class Space"",language=""java"",service=""java-order-service"",}",10677648.0
1790114009.897,java-order-service,jvm_memory_used_bytes,"{area=""heap"",id=""G1 Old Gen"",language=""java"",service=""java-order-service"",}",28521536.0
1790114009.897,java-order-service,jvm_memory_used_bytes,"{area=""nonheap"",id=""Metaspace"",language=""java"",service=""java-order-service"",}",78135872.0
1790114009.897,java-order-service,hikaricp_connections_acquire_seconds_count,"{language=""java"",pool=""HikariPool-1"",service=""java-order-service"",}",48.0
1790114009.897,java-order-service,hikaricp_connections_acquire_seconds_sum,"{language=""java"",pool=""HikariPool-1"",service=""java-order-service"",}",0.012815794
1790114009.897,java-order-service,hikaricp_connections_usage_seconds_count,"{language=""java"",pool=""HikariPool-1"",service=""java-order-service"",}",48.0
1790114009.897,java-order-service,hikaricp_connections_usage_seconds_sum,"{language=""java"",pool=""HikariPool-1"",service=""java-order-service"",}",0.002
1790114009.897,java-order-service,tomcat_threads_config_max_threads,"{language=""java"",name=""http-nio-9083"",service=""java-order-service"",}",-1.0
1790114009.897,java-order-service,system_cpu_usage,"{language=""java"",service=""java-order-service"",}",0.026731944444444444
1790114009.897,java-order-service,hikaricp_connections_pending,"{language=""java"",pool=""HikariPool-1"",service=""java-order-service"",}",0.0
1790114009.897,java-order-service,hikaricp_connections_active,"{language=""java"",pool=""HikariPool-1"",service=""java-order-service"",}",0.0
1790114009.897,java-order-service,tomcat_threads_current_threads,"{language=""java"",name=""http-nio-9083"",service=""java-order-service"",}",-1.0
1790114009.897,java-order-service,jvm_memory_committed_bytes,"{area=""nonheap"",id=""CodeHeap 'non-profiled nmethods'"",language=""java"",service=""java-order-service"",}",3735552.0
1790114009.897,java-order-service,jvm_memory_committed_bytes,"{area=""heap"",id=""G1 Eden Space"",language=""java"",service=""java-order-service"",}",45088768.0
1790114009.897,java-order-service,jvm_memory_committed_bytes,"{area=""nonheap"",id=""CodeHeap 'profiled nmethods'"",language=""java"",service=""java-order-service"",}",13303808.0
1790114009.897,java-order-service,jvm_memory_committed_bytes,"{area=""nonheap"",id=""CodeHeap 'non-nmethods'"",language=""java"",service=""java-order-service"",}",2555904.0
1790114009.897,java-order-service,jvm_memory_committed_bytes,"{area=""heap"",id=""G1 Survivor Space"",language=""java"",service=""java-order-service"",}",6291456.0
1790114009.897,java-order-service,jvm_memory_committed_bytes,"{area=""nonheap"",id=""Compressed Class Space"",language=""java"",service=""java-order-service"",}",11075584.0
1790114009.897,java-order-service,jvm_memory_committed_bytes,"{area=""heap"",id=""G1 Old Gen"",language=""java"",service=""java-order-service"",}",32505856.0
1790114009.897,java-order-service,jvm_memory_committed_bytes,"{area=""nonheap"",id=""Metaspace"",language=""java"",service=""java-order-service"",}",78970880.0
1790114015.083,java-user-service,hikaricp_connections_pending,"{framework=""spring-boot"",language=""java"",pool=""HikariPool-1"",service=""java-user-service"",}",0.0
1790114015.083,java-user-service,hikaricp_connections_acquire_seconds_count,"{framework=""spring-boot"",language=""java"",pool=""HikariPool-1"",service=""java-user-service"",}",755.0
1790114015.083,java-user-service,hikaricp_connections_acquire_seconds_sum,"{framework=""spring-boot"",language=""java"",pool=""HikariPool-1"",service=""java-user-service"",}",1.147853244
1790114015.083,java-user-service,jvm_gc_pause_seconds_count,"{action=""end of minor GC"",cause=""G1 Evacuation Pause"",framework=""spring-boot"",gc=""G1 Young Generation"",language=""java"",service=""java-user-service"",}",20.0
1790114015.083,java-user-service,jvm_gc_pause_seconds_sum,"{action=""end of minor GC"",cause=""G1 Evacuation Pause"",framework=""spring-boot"",gc=""G1 Young Generation"",language=""java"",service=""java-user-service"",}",0.136
1790114015.083,java-user-service,process_cpu_usage,"{framework=""spring-boot"",language=""java"",service=""java-user-service"",}",0.9836477987421384
1790114015.083,java-user-service,hikaricp_connections_usage_seconds_count,"{framework=""spring-boot"",language=""java"",pool=""HikariPool-1"",service=""java-user-service"",}",751.0
1790114015.083,java-user-service,hikaricp_connections_usage_seconds_sum,"{framework=""spring-boot"",language=""java"",pool=""HikariPool-1"",service=""java-user-service"",}",90.655
1790114015.083,java-user-service,jvm_memory_used_bytes,"{area=""nonheap"",framework=""spring-boot"",id=""CodeHeap 'non-nmethods'"",language=""java"",service=""java-user-service"",}",1643776.0
1790114015.083,java-user-service,jvm_memory_used_bytes,"{area=""nonheap"",framework=""spring-boot"",id=""CodeHeap 'non-profiled nmethods'"",language=""java"",service=""java-user-service"",}",7885184.0
1790114015.083,java-user-service,jvm_memory_used_bytes,"{area=""heap"",framework=""spring-boot"",id=""G1 Survivor Space"",language=""java"",service=""java-user-service"",}",4194304.0
1790114015.083,java-user-service,jvm_memory_used_bytes,"{area=""heap"",framework=""spring-boot"",id=""G1 Old Gen"",language=""java"",service=""java-user-service"",}",39981808.0
1790114015.083,java-user-service,jvm_memory_used_bytes,"{area=""nonheap"",framework=""spring-boot"",id=""Metaspace"",language=""java"",service=""java-user-service"",}",102846504.0
1790114015.083,java-user-service,jvm_memory_used_bytes,"{area=""heap"",framework=""spring-boot"",id=""G1 Eden Space"",language=""java"",service=""java-user-service"",}",7340032.0
1790114015.083,java-user-service,jvm_memory_used_bytes,"{area=""nonheap"",framework=""spring-boot"",id=""Compressed Class Space"",language=""java"",service=""java-user-service"",}",13398320.0
1790114015.083,java-user-service,jvm_memory_used_bytes,"{area=""nonheap"",framework=""spring-boot"",id=""CodeHeap 'profiled nmethods'"",language=""java"",service=""java-user-service"",}",24205824.0
1790114015.083,java-user-service,tomcat_threads_config_max_threads,"{framework=""spring-boot"",language=""java"",name=""http-nio-9081"",service=""java-user-service"",}",-1.0
1790114015.083,java-user-service,system_cpu_usage,"{framework=""spring-boot"",language=""java"",service=""java-user-service"",}",0.986077106918239
1790114015.083,java-user-service,tomcat_threads_current_threads,"{framework=""spring-boot"",language=""java"",name=""http-nio-9081"",service=""java-user-service"",}",-1.0
1790114015.083,java-user-service,tomcat_threads_busy_threads,"{framework=""spring-boot"",language=""java"",name=""http-nio-9081"",service=""java-user-service"",}",-1.0
1790114015.083,java-user-service,jvm_memory_committed_bytes,"{area=""nonheap"",framework=""spring-boot"",id=""CodeHeap 'non-nmethods'"",language=""java"",service=""java-user-service"",}",2555904.0
1790114015.083,java-user-service,jvm_memory_committed_bytes,"{area=""nonheap"",framework=""spring-boot"",id=""CodeHeap 'non-profiled nmethods'"",language=""java"",service=""java-user-service"",}",8192000.0
1790114015.083,java-user-service,jvm_memory_committed_bytes,"{area=""heap"",framework=""spring-boot"",id=""G1 Survivor Space"",language=""java"",service=""java-user-service"",}",4194304.0
1790114015.083,java-user-service,jvm_memory_committed_bytes,"{area=""heap"",framework=""spring-boot"",id=""G1 Old Gen"",language=""java"",service=""java-user-service"",}",46137344.0
1790114015.083,java-user-service,jvm_memory_committed_bytes,"{area=""nonheap"",framework=""spring-boot"",id=""Metaspace"",language=""java"",service=""java-user-service"",}",103874560.0
1790114015.083,java-user-service,jvm_memory_committed_bytes,"{area=""heap"",framework=""spring-boot"",id=""G1 Eden Space"",language=""java"",service=""java-user-service"",}",74448896.0
1790114015.083,java-user-service,jvm_memory_committed_bytes,"{area=""nonheap"",framework=""spring-boot"",id=""Compressed Class Space"",language=""java"",service=""java-user-service"",}",13893632.0
1790114015.083,java-user-service,jvm_memory_committed_bytes,"{area=""nonheap"",framework=""spring-boot"",id=""CodeHeap 'profiled nmethods'"",language=""java"",service=""java-user-service"",}",27721728.0
1790114015.083,java-user-service,hikaricp_connections_active,"{framework=""spring-boot"",language=""java"",pool=""HikariPool-1"",service=""java-user-service"",}",4.0
1790114015.083,java-product-service,tomcat_threads_busy_threads,"{language=""java"",name=""http-nio-9082"",service=""java-product-service"",}",-1.0
1790114015.083,java-product-service,jvm_gc_pause_seconds_count,"{action=""end of minor GC"",cause=""G1 Evacuation Pause"",gc=""G1 Young Generation"",language=""java"",service=""java-product-service"",}",3.0
1790114015.083,java-product-service,jvm_gc_pause_seconds_sum,"{action=""end of minor GC"",cause=""G1 Evacuation Pause"",gc=""G1 Young Generation"",language=""java"",service=""java-product-service"",}",0.022
1790114015.083,java-product-service,hikaricp_connections_active,"{language=""java"",pool=""HikariPool-1"",service=""java-product-service"",}",0.0
1790114015.083,java-product-service,tomcat_threads_current_threads,"{language=""java"",name=""http-nio-9082"",service=""java-product-service"",}",-1.0
1790114015.083,java-product-service,hikaricp_connections_usage_seconds_count,"{language=""java"",pool=""HikariPool-1"",service=""java-product-service"",}",76.0
1790114015.083,java-product-service,hikaricp_connections_usage_seconds_sum,"{language=""java"",pool=""HikariPool-1"",service=""java-product-service"",}",0.322
1790114015.083,java-product-service,hikaricp_connections_acquire_seconds_count,"{language=""java"",pool=""HikariPool-1"",service=""java-product-service"",}",76.0
1790114015.083,java-product-service,hikaricp_connections_acquire_seconds_sum,"{language=""java"",pool=""HikariPool-1"",service=""java-product-service"",}",0.023816163
1790114015.083,java-product-service,process_cpu_usage,"{language=""java"",service=""java-product-service"",}",0.020512820512820513
1790114015.083,java-product-service,hikaricp_connections_pending,"{language=""java"",pool=""HikariPool-1"",service=""java-product-service"",}",0.0
1790114015.083,java-product-service,system_cpu_usage,"{language=""java"",service=""java-product-service"",}",0.022427179487179486
1790114015.083,java-product-service,tomcat_threads_config_max_threads,"{language=""java"",name=""http-nio-9082"",service=""java-product-service"",}",-1.0
1790114015.083,java-product-service,jvm_memory_used_bytes,"{area=""nonheap"",id=""CodeHeap 'non-nmethods'"",language=""java"",service=""java-product-service"",}",1639552.0
1790114015.083,java-product-service,jvm_memory_used_bytes,"{area=""heap"",id=""G1 Eden Space"",language=""java"",service=""java-product-service"",}",51380224.0
1790114015.083,java-product-service,jvm_memory_used_bytes,"{area=""nonheap"",id=""Metaspace"",language=""java"",service=""java-product-service"",}",97029792.0
1790114015.083,java-product-service,jvm_memory_used_bytes,"{area=""heap"",id=""G1 Old Gen"",language=""java"",service=""java-product-service"",}",37723768.0
1790114015.083,java-product-service,jvm_memory_used_bytes,"{area=""nonheap"",id=""Compressed Class Space"",language=""java"",service=""java-product-service"",}",12900536.0
1790114015.083,java-product-service,jvm_memory_used_bytes,"{area=""heap"",id=""G1 Survivor Space"",language=""java"",service=""java-product-service"",}",4194304.0
1790114015.083,java-product-service,jvm_memory_used_bytes,"{area=""nonheap"",id=""CodeHeap 'profiled nmethods'"",language=""java"",service=""java-product-service"",}",23644928.0
1790114015.083,java-product-service,jvm_memory_used_bytes,"{area=""nonheap"",id=""CodeHeap 'non-profiled nmethods'"",language=""java"",service=""java-product-service"",}",6377600.0
1790114015.083,java-product-service,jvm_memory_committed_bytes,"{area=""nonheap"",id=""CodeHeap 'non-nmethods'"",language=""java"",service=""java-product-service"",}",2555904.0
1790114015.083,java-product-service,jvm_memory_committed_bytes,"{area=""heap"",id=""G1 Eden Space"",language=""java"",service=""java-product-service"",}",67108864.0
1790114015.083,java-product-service,jvm_memory_committed_bytes,"{area=""nonheap"",id=""Metaspace"",language=""java"",service=""java-product-service"",}",97976320.0
1790114015.083,java-product-service,jvm_memory_committed_bytes,"{area=""heap"",id=""G1 Old Gen"",language=""java"",service=""java-product-service"",}",42991616.0
1790114015.083,java-product-service,jvm_memory_committed_bytes,"{area=""nonheap"",id=""Compressed Class Space"",language=""java"",service=""java-product-service"",}",13369344.0
1790114015.083,java-product-service,jvm_memory_committed_bytes,"{area=""heap"",id=""G1 Survivor Space"",language=""java"",service=""java-product-service"",}",4194304.0
1790114015.083,java-product-service,jvm_memory_committed_bytes,"{area=""nonheap"",id=""CodeHeap 'profiled nmethods'"",language=""java"",service=""java-product-service"",}",23658496.0
1790114015.083,java-product-service,jvm_memory_committed_bytes,"{area=""nonheap"",id=""CodeHeap 'non-profiled nmethods'"",language=""java"",service=""java-product-service"",}",6422528.0
1790114015.083,java-order-service,process_cpu_usage,"{language=""java"",service=""java-order-service"",}",0.025396825396825397
1790114015.083,java-order-service,tomcat_threads_busy_threads,"{language=""java"",name=""http-nio-9083"",service=""java-order-service"",}",-1.0
1790114015.083,java-order-service,jvm_memory_used_bytes,"{area=""nonheap"",id=""CodeHeap 'non-profiled nmethods'"",language=""java"",service=""java-order-service"",}",3758720.0
1790114015.083,java-order-service,jvm_memory_used_bytes,"{area=""heap"",id=""G1 Eden Space"",language=""java"",service=""java-order-service"",}",33554432.0
1790114015.083,java-order-service,jvm_memory_used_bytes,"{area=""nonheap"",id=""CodeHeap 'profiled nmethods'"",language=""java"",service=""java-order-service"",}",13475712.0
1790114015.083,java-order-service,jvm_memory_used_bytes,"{area=""nonheap"",id=""CodeHeap 'non-nmethods'"",language=""java"",service=""java-order-service"",}",1609984.0
1790114015.083,java-order-service,jvm_memory_used_bytes,"{area=""heap"",id=""G1 Survivor Space"",language=""java"",service=""java-order-service"",}",5743328.0
1790114015.083,java-order-service,jvm_memory_used_bytes,"{area=""nonheap"",id=""Compressed Class Space"",language=""java"",service=""java-order-service"",}",10677648.0
1790114015.083,java-order-service,jvm_memory_used_bytes,"{area=""heap"",id=""G1 Old Gen"",language=""java"",service=""java-order-service"",}",28521536.0
1790114015.083,java-order-service,jvm_memory_used_bytes,"{area=""nonheap"",id=""Metaspace"",language=""java"",service=""java-order-service"",}",78187296.0
1790114015.083,java-order-service,hikaricp_connections_acquire_seconds_count,"{language=""java"",pool=""HikariPool-1"",service=""java-order-service"",}",62.0
1790114015.083,java-order-service,hikaricp_connections_acquire_seconds_sum,"{language=""java"",pool=""HikariPool-1"",service=""java-order-service"",}",0.016326171
1790114015.083,java-order-service,hikaricp_connections_usage_seconds_count,"{language=""java"",pool=""HikariPool-1"",service=""java-order-service"",}",62.0
1790114015.083,java-order-service,hikaricp_connections_usage_seconds_sum,"{language=""java"",pool=""HikariPool-1"",service=""java-order-service"",}",0.002
1790114015.083,java-order-service,tomcat_threads_config_max_threads,"{language=""java"",name=""http-nio-9083"",service=""java-order-service"",}",-1.0
1790114015.083,java-order-service,system_cpu_usage,"{language=""java"",service=""java-order-service"",}",0.024545714285714285
1790114015.083,java-order-service,hikaricp_connections_pending,"{language=""java"",pool=""HikariPool-1"",service=""java-order-service"",}",0.0
1790114015.083,java-order-service,hikaricp_connections_active,"{language=""java"",pool=""HikariPool-1"",service=""java-order-service"",}",0.0
1790114015.083,java-order-service,tomcat_threads_current_threads,"{language=""java"",name=""http-nio-9083"",service=""java-order-service"",}",-1.0
1790114015.083,java-order-service,jvm_memory_committed_bytes,"{area=""nonheap"",id=""CodeHeap 'non-profiled nmethods'"",language=""java"",service=""java-order-service"",}",3801088.0
1790114015.083,java-order-service,jvm_memory_committed_bytes,"{area=""heap"",id=""G1 Eden Space"",language=""java"",service=""java-order-service"",}",45088768.0
1790114015.083,java-order-service,jvm_memory_committed_bytes,"{area=""nonheap"",id=""CodeHeap 'profiled nmethods'"",language=""java"",service=""java-order-service"",}",13500416.0
1790114015.083,java-order-service,jvm_memory_committed_bytes,"{area=""nonheap"",id=""CodeHeap 'non-nmethods'"",language=""java"",service=""java-order-service"",}",2555904.0
1790114015.083,java-order-service,jvm_memory_committed_bytes,"{area=""heap"",id=""G1 Survivor Space"",language=""java"",service=""java-order-service"",}",6291456.0
1790114015.083,java-order-service,jvm_memory_committed_bytes,"{area=""nonheap"",id=""Compressed Class Space"",language=""java"",service=""java-order-service"",}",11075584.0
1790114015.083,java-order-service,jvm_memory_committed_bytes,"{area=""heap"",id=""G1 Old Gen"",language=""java"",service=""java-order-service"",}",32505856.0
1790114015.083,java-order-service,jvm_memory_committed_bytes,"{area=""nonheap"",id=""Metaspace"",language=""java"",service=""java-order-service"",}",79101952.0
1790114020.378,java-user-service,hikaricp_connections_pending,"{framework=""spring-boot"",language=""java"",pool=""HikariPool-1"",service=""java-user-service"",}",2.0
1790114020.378,java-user-service,hikaricp_connections_acquire_seconds_count,"{framework=""spring-boot"",language=""java"",pool=""HikariPool-1"",service=""java-user-service"",}",985.0
1790114020.378,java-user-service,hikaricp_connections_acquire_seconds_sum,"{framework=""spring-boot"",language=""java"",pool=""HikariPool-1"",service=""java-user-service"",}",5.92739378
1790114020.378,java-user-service,jvm_gc_pause_seconds_count,"{action=""end of minor GC"",cause=""G1 Evacuation Pause"",framework=""spring-boot"",gc=""G1 Young Generation"",language=""java"",service=""java-user-service"",}",24.0
1790114020.378,java-user-service,jvm_gc_pause_seconds_sum,"{action=""end of minor GC"",cause=""G1 Evacuation Pause"",framework=""spring-boot"",gc=""G1 Young Generation"",language=""java"",service=""java-user-service"",}",0.15
1790114020.378,java-user-service,process_cpu_usage,"{framework=""spring-boot"",language=""java"",service=""java-user-service"",}",0.9888888888888889
1790114020.378,java-user-service,hikaricp_connections_usage_seconds_count,"{framework=""spring-boot"",language=""java"",pool=""HikariPool-1"",service=""java-user-service"",}",968.0
1790114020.378,java-user-service,hikaricp_connections_usage_seconds_sum,"{framework=""spring-boot"",language=""java"",pool=""HikariPool-1"",service=""java-user-service"",}",150.118
1790114020.378,java-user-service,jvm_memory_used_bytes,"{area=""nonheap"",framework=""spring-boot"",id=""CodeHeap 'non-nmethods'"",language=""java"",service=""java-user-service"",}",1643776.0
1790114020.378,java-user-service,jvm_memory_used_bytes,"{area=""nonheap"",framework=""spring-boot"",id=""CodeHeap 'non-profiled nmethods'"",language=""java"",service=""java-user-service"",}",8151424.0
1790114020.378,java-user-service,jvm_memory_used_bytes,"{area=""heap"",framework=""spring-boot"",id=""G1 Survivor Space"",language=""java"",service=""java-user-service"",}",4718592.0
1790114020.378,java-user-service,jvm_memory_used_bytes,"{area=""heap"",framework=""spring-boot"",id=""G1 Old Gen"",language=""java"",service=""java-user-service"",}",39890424.0
1790114020.378,java-user-service,jvm_memory_used_bytes,"{area=""nonheap"",framework=""spring-boot"",id=""Metaspace"",language=""java"",service=""java-user-service"",}",103127568.0
1790114020.378,java-user-service,jvm_memory_used_bytes,"{area=""heap"",framework=""spring-boot"",id=""G1 Eden Space"",language=""java"",service=""java-user-service"",}",31457280.0
1790114020.378,java-user-service,jvm_memory_used_bytes,"{area=""nonheap"",framework=""spring-boot"",id=""Compressed Class Space"",language=""java"",service=""java-user-service"",}",13399880.0
1790114020.378,java-user-service,jvm_memory_used_bytes,"{area=""nonheap"",framework=""spring-boot"",id=""CodeHeap 'profiled nmethods'"",language=""java"",service=""java-user-service"",}",24309888.0
1790114020.378,java-user-service,tomcat_threads_config_max_threads,"{framework=""spring-boot"",language=""java"",name=""http-nio-9081"",service=""java-user-service"",}",-1.0
1790114020.378,java-user-service,system_cpu_usage,"{framework=""spring-boot"",language=""java"",service=""java-user-service"",}",0.9879901234567902
1790114020.378,java-user-service,tomcat_threads_current_threads,"{framework=""spring-boot"",language=""java"",name=""http-nio-9081"",service=""java-user-service"",}",-1.0
1790114020.378,java-user-service,tomcat_threads_busy_threads,"{framework=""spring-boot"",language=""java"",name=""http-nio-9081"",service=""java-user-service"",}",-1.0
1790114020.378,java-user-service,jvm_memory_committed_bytes,"{area=""nonheap"",framework=""spring-boot"",id=""CodeHeap 'non-nmethods'"",language=""java"",service=""java-user-service"",}",2555904.0
1790114020.378,java-user-service,jvm_memory_committed_bytes,"{area=""nonheap"",framework=""spring-boot"",id=""CodeHeap 'non-profiled nmethods'"",language=""java"",service=""java-user-service"",}",8323072.0
1790114020.378,java-user-service,jvm_memory_committed_bytes,"{area=""heap"",framework=""spring-boot"",id=""G1 Survivor Space"",language=""java"",service=""java-user-service"",}",5242880.0
1790114020.378,java-user-service,jvm_memory_committed_bytes,"{area=""heap"",framework=""spring-boot"",id=""G1 Old Gen"",language=""java"",service=""java-user-service"",}",46137344.0
1790114020.378,java-user-service,jvm_memory_committed_bytes,"{area=""nonheap"",framework=""spring-boot"",id=""Metaspace"",language=""java"",service=""java-user-service"",}",104202240.0
1790114020.378,java-user-service,jvm_memory_committed_bytes,"{area=""heap"",framework=""spring-boot"",id=""G1 Eden Space"",language=""java"",service=""java-user-service"",}",73400320.0
1790114020.378,java-user-service,jvm_memory_committed_bytes,"{area=""nonheap"",framework=""spring-boot"",id=""Compressed Class Space"",language=""java"",service=""java-user-service"",}",13893632.0
1790114020.378,java-user-service,jvm_memory_committed_bytes,"{area=""nonheap"",framework=""spring-boot"",id=""CodeHeap 'profiled nmethods'"",language=""java"",service=""java-user-service"",}",27721728.0
1790114020.378,java-user-service,hikaricp_connections_active,"{framework=""spring-boot"",language=""java"",pool=""HikariPool-1"",service=""java-user-service"",}",20.0
1790114020.378,java-product-service,tomcat_threads_busy_threads,"{language=""java"",name=""http-nio-9082"",service=""java-product-service"",}",-1.0
1790114020.378,java-product-service,jvm_gc_pause_seconds_count,"{action=""end of minor GC"",cause=""G1 Evacuation Pause"",gc=""G1 Young Generation"",language=""java"",service=""java-product-service"",}",3.0
1790114020.378,java-product-service,jvm_gc_pause_seconds_sum,"{action=""end of minor GC"",cause=""G1 Evacuation Pause"",gc=""G1 Young Generation"",language=""java"",service=""java-product-service"",}",0.022
1790114020.378,java-product-service,hikaricp_connections_active,"{language=""java"",pool=""HikariPool-1"",service=""java-product-service"",}",0.0
1790114020.378,java-product-service,tomcat_threads_current_threads,"{language=""java"",name=""http-nio-9082"",service=""java-product-service"",}",-1.0
1790114020.378,java-product-service,hikaricp_connections_usage_seconds_count,"{language=""java"",pool=""HikariPool-1"",service=""java-product-service"",}",86.0
1790114020.378,java-product-service,hikaricp_connections_usage_seconds_sum,"{language=""java"",pool=""HikariPool-1"",service=""java-product-service"",}",0.322
1790114020.378,java-product-service,hikaricp_connections_acquire_seconds_count,"{language=""java"",pool=""HikariPool-1"",service=""java-product-service"",}",86.0
1790114020.378,java-product-service,hikaricp_connections_acquire_seconds_sum,"{language=""java"",pool=""HikariPool-1"",service=""java-product-service"",}",0.02545808
1790114020.378,java-product-service,process_cpu_usage,"{language=""java"",service=""java-product-service"",}",0.014492753623188406
1790114020.378,java-product-service,hikaricp_connections_pending,"{language=""java"",pool=""HikariPool-1"",service=""java-product-service"",}",0.0
1790114020.378,java-product-service,system_cpu_usage,"{language=""java"",service=""java-product-service"",}",0.019821159420289856
1790114020.378,java-product-service,tomcat_threads_config_max_threads,"{language=""java"",name=""http-nio-9082"",service=""java-product-service"",}",-1.0
1790114020.378,java-product-service,jvm_memory_used_bytes,"{area=""nonheap"",id=""CodeHeap 'non-nmethods'"",language=""java"",service=""java-product-service"",}",1639552.0
1790114020.378,java-product-service,jvm_memory_used_bytes,"{area=""heap"",id=""G1 Eden Space"",language=""java"",service=""java-product-service"",}",53477376.0
1790114020.378,java-product-service,jvm_memory_used_bytes,"{area=""nonheap"",id=""Metaspace"",language=""java"",service=""java-product-service"",}",97059224.0
1790114020.378,java-product-service,jvm_memory_used_bytes,"{area=""heap"",id=""G1 Old Gen"",language=""java"",service=""java-product-service"",}",37723768.0
1790114020.378,java-product-service,jvm_memory_used_bytes,"{area=""nonheap"",id=""Compressed Class Space"",language=""java"",service=""java-product-service"",}",12900536.0
1790114020.378,java-product-service,jvm_memory_used_bytes,"{area=""heap"",id=""G1 Survivor Space"",language=""java"",service=""java-product-service"",}",4194304.0
1790114020.378,java-product-service,jvm_memory_used_bytes,"{area=""nonheap"",id=""CodeHeap 'profiled nmethods'"",language=""java"",service=""java-product-service"",}",23712384.0
1790114020.378,java-product-service,jvm_memory_used_bytes,"{area=""nonheap"",id=""CodeHeap 'non-profiled nmethods'"",language=""java"",service=""java-product-service"",}",6399744.0
1790114020.378,java-product-service,jvm_memory_committed_bytes,"{area=""nonheap"",id=""CodeHeap 'non-nmethods'"",language=""java"",service=""java-product-service"",}",2555904.0
1790114020.378,java-product-service,jvm_memory_committed_bytes,"{area=""heap"",id=""G1 Eden Space"",language=""java"",service=""java-product-service"",}",67108864.0
1790114020.378,java-product-service,jvm_memory_committed_bytes,"{area=""nonheap"",id=""Metaspace"",language=""java"",service=""java-product-service"",}",98041856.0
1790114020.378,java-product-service,jvm_memory_committed_bytes,"{area=""heap"",id=""G1 Old Gen"",language=""java"",service=""java-product-service"",}",42991616.0
1790114020.378,java-product-service,jvm_memory_committed_bytes,"{area=""nonheap"",id=""Compressed Class Space"",language=""java"",service=""java-product-service"",}",13369344.0
1790114020.378,java-product-service,jvm_memory_committed_bytes,"{area=""heap"",id=""G1 Survivor Space"",language=""java"",service=""java-product-service"",}",4194304.0
1790114020.378,java-product-service,jvm_memory_committed_bytes,"{area=""nonheap"",id=""CodeHeap 'profiled nmethods'"",language=""java"",service=""java-product-service"",}",23724032.0
1790114020.378,java-product-service,jvm_memory_committed_bytes,"{area=""nonheap"",id=""CodeHeap 'non-profiled nmethods'"",language=""java"",service=""java-product-service"",}",6422528.0
1790114020.378,java-order-service,process_cpu_usage,"{language=""java"",service=""java-order-service"",}",0.016666666666666666
1790114020.378,java-order-service,tomcat_threads_busy_threads,"{language=""java"",name=""http-nio-9083"",service=""java-order-service"",}",-1.0
1790114020.378,java-order-service,jvm_memory_used_bytes,"{area=""nonheap"",id=""CodeHeap 'non-profiled nmethods'"",language=""java"",service=""java-order-service"",}",3786112.0
1790114020.378,java-order-service,jvm_memory_used_bytes,"{area=""heap"",id=""G1 Eden Space"",language=""java"",service=""java-order-service"",}",34603008.0
1790114020.378,java-order-service,jvm_memory_used_bytes,"{area=""nonheap"",id=""CodeHeap 'profiled nmethods'"",language=""java"",service=""java-order-service"",}",13572480.0
1790114020.378,java-order-service,jvm_memory_used_bytes,"{area=""nonheap"",id=""CodeHeap 'non-nmethods'"",language=""java"",service=""java-order-service"",}",1609984.0
1790114020.378,java-order-service,jvm_memory_used_bytes,"{area=""heap"",id=""G1 Survivor Space"",language=""java"",service=""java-order-service"",}",5743328.0
1790114020.378,java-order-service,jvm_memory_used_bytes,"{area=""nonheap"",id=""Compressed Class Space"",language=""java"",service=""java-order-service"",}",10677648.0
1790114020.378,java-order-service,jvm_memory_used_bytes,"{area=""heap"",id=""G1 Old Gen"",language=""java"",service=""java-order-service"",}",28521536.0
1790114020.378,java-order-service,jvm_memory_used_bytes,"{area=""nonheap"",id=""Metaspace"",language=""java"",service=""java-order-service"",}",78223712.0
1790114020.378,java-order-service,hikaricp_connections_acquire_seconds_count,"{language=""java"",pool=""HikariPool-1"",service=""java-order-service"",}",72.0
1790114020.378,java-order-service,hikaricp_connections_acquire_seconds_sum,"{language=""java"",pool=""HikariPool-1"",service=""java-order-service"",}",0.017481421
1790114020.378,java-order-service,hikaricp_connections_usage_seconds_count,"{language=""java"",pool=""HikariPool-1"",service=""java-order-service"",}",72.0
1790114020.378,java-order-service,hikaricp_connections_usage_seconds_sum,"{language=""java"",pool=""HikariPool-1"",service=""java-order-service"",}",0.002
1790114020.378,java-order-service,tomcat_threads_config_max_threads,"{language=""java"",name=""http-nio-9083"",service=""java-order-service"",}",-1.0
1790114020.378,java-order-service,system_cpu_usage,"{language=""java"",service=""java-order-service"",}",0.018746
1790114020.378,java-order-service,hikaricp_connections_pending,"{language=""java"",pool=""HikariPool-1"",service=""java-order-service"",}",0.0
1790114020.378,java-order-service,hikaricp_connections_active,"{language=""java"",pool=""HikariPool-1"",service=""java-order-service"",}",0.0
1790114020.378,java-order-service,tomcat_threads_current_threads,"{language=""java"",name=""http-nio-9083"",service=""java-order-service"",}",-1.0
1790114020.378,java-order-service,jvm_memory_committed_bytes,"{area=""nonheap"",id=""CodeHeap 'non-profiled nmethods'"",language=""java"",service=""java-order-service"",}",3801088.0
1790114020.378,java-order-service,jvm_memory_committed_bytes,"{area=""heap"",id=""G1 Eden Space"",language=""java"",service=""java-order-service"",}",45088768.0
1790114020.378,java-order-service,jvm_memory_committed_bytes,"{area=""nonheap"",id=""CodeHeap 'profiled nmethods'"",language=""java"",service=""java-order-service"",}",13631488.0
1790114020.378,java-order-service,jvm_memory_committed_bytes,"{area=""nonheap"",id=""CodeHeap 'non-nmethods'"",language=""java"",service=""java-order-service"",}",2555904.0
1790114020.378,java-order-service,jvm_memory_committed_bytes,"{area=""heap"",id=""G1 Survivor Space"",language=""java"",service=""java-order-service"",}",6291456.0
1790114020.378,java-order-service,jvm_memory_committed_bytes,"{area=""nonheap"",id=""Compressed Class Space"",language=""java"",service=""java-order-service"",}",11075584.0
1790114020.378,java-order-service,jvm_memory_committed_bytes,"{area=""heap"",id=""G1 Old Gen"",language=""java"",service=""java-order-service"",}",32505856.0
1790114020.378,java-order-service,jvm_memory_committed_bytes,"{area=""nonheap"",id=""Metaspace"",language=""java"",service=""java-order-service"",}",79101952.0
1790114025.759,java-user-service,hikaricp_connections_pending,"{framework=""spring-boot"",language=""java"",pool=""HikariPool-1"",service=""java-user-service"",}",0.0
1790114025.759,java-user-service,hikaricp_connections_acquire_seconds_count,"{framework=""spring-boot"",language=""java"",pool=""HikariPool-1"",service=""java-user-service"",}",1198.0
1790114025.759,java-user-service,hikaricp_connections_acquire_seconds_sum,"{framework=""spring-boot"",language=""java"",pool=""HikariPool-1"",service=""java-user-service"",}",23.141606543
1790114025.759,java-user-service,jvm_gc_pause_seconds_count,"{action=""end of minor GC"",cause=""G1 Evacuation Pause"",framework=""spring-boot"",gc=""G1 Young Generation"",language=""java"",service=""java-user-service"",}",28.0
1790114025.759,java-user-service,jvm_gc_pause_seconds_sum,"{action=""end of minor GC"",cause=""G1 Evacuation Pause"",framework=""spring-boot"",gc=""G1 Young Generation"",language=""java"",service=""java-user-service"",}",0.183
1790114025.759,java-user-service,process_cpu_usage,"{framework=""spring-boot"",language=""java"",service=""java-user-service"",}",0.9830065359477124
1790114025.759,java-user-service,hikaricp_connections_usage_seconds_count,"{framework=""spring-boot"",language=""java"",pool=""HikariPool-1"",service=""java-user-service"",}",1183.0
1790114025.759,java-user-service,hikaricp_connections_usage_seconds_sum,"{framework=""spring-boot"",language=""java"",pool=""HikariPool-1"",service=""java-user-service"",}",226.434
1790114025.759,java-user-service,jvm_memory_used_bytes,"{area=""nonheap"",framework=""spring-boot"",id=""CodeHeap 'non-nmethods'"",language=""java"",service=""java-user-service"",}",1643776.0
1790114025.759,java-user-service,jvm_memory_used_bytes,"{area=""nonheap"",framework=""spring-boot"",id=""CodeHeap 'non-profiled nmethods'"",language=""java"",service=""java-user-service"",}",8603904.0
1790114025.759,java-user-service,jvm_memory_used_bytes,"{area=""heap"",framework=""spring-boot"",id=""G1 Survivor Space"",language=""java"",service=""java-user-service"",}",5242880.0
1790114025.759,java-user-service,jvm_memory_used_bytes,"{area=""heap"",framework=""spring-boot"",id=""G1 Old Gen"",language=""java"",service=""java-user-service"",}",40814824.0
1790114025.759,java-user-service,jvm_memory_used_bytes,"{area=""nonheap"",framework=""spring-boot"",id=""Metaspace"",language=""java"",service=""java-user-service"",}",103589224.0
1790114025.759,java-user-service,jvm_memory_used_bytes,"{area=""heap"",framework=""spring-boot"",id=""G1 Eden Space"",language=""java"",service=""java-user-service"",}",42991616.0
1790114025.759,java-user-service,jvm_memory_used_bytes,"{area=""nonheap"",framework=""spring-boot"",id=""Compressed Class Space"",language=""java"",service=""java-user-service"",}",13400392.0
1790114025.759,java-user-service,jvm_memory_used_bytes,"{area=""nonheap"",framework=""spring-boot"",id=""CodeHeap 'profiled nmethods'"",language=""java"",service=""java-user-service"",}",25175040.0
1790114025.759,java-user-service,tomcat_threads_config_max_threads,"{framework=""spring-boot"",language=""java"",name=""http-nio-9081"",service=""java-user-service"",}",-1.0
1790114025.759,java-user-service,system_cpu_usage,"{framework=""spring-boot"",language=""java"",service=""java-user-service"",}",0.9854181699346405
1790114025.759,java-user-service,tomcat_threads_current_threads,"{framework=""spring-boot"",language=""java"",name=""http-nio-9081"",service=""java-user-service"",}",-1.0
1790114025.759,java-user-service,tomcat_threads_busy_threads,"{framework=""spring-boot"",language=""java"",name=""http-nio-9081"",service=""java-user-service"",}",-1.0
1790114025.759,java-user-service,jvm_memory_committed_bytes,"{area=""nonheap"",framework=""spring-boot"",id=""CodeHeap 'non-nmethods'"",language=""java"",service=""java-user-service"",}",2555904.0
1790114025.759,java-user-service,jvm_memory_committed_bytes,"{area=""nonheap"",framework=""spring-boot"",id=""CodeHeap 'non-profiled nmethods'"",language=""java"",service=""java-user-service"",}",8650752.0
1790114025.759,java-user-service,jvm_memory_committed_bytes,"{area=""heap"",framework=""spring-boot"",id=""G1 Survivor Space"",language=""java"",service=""java-user-service"",}",5242880.0
1790114025.759,java-user-service,jvm_memory_committed_bytes,"{area=""heap"",framework=""spring-boot"",id=""G1 Old Gen"",language=""java"",service=""java-user-service"",}",46137344.0
1790114025.759,java-user-service,jvm_memory_committed_bytes,"{area=""nonheap"",framework=""spring-boot"",id=""Metaspace"",language=""java"",service=""java-user-service"",}",104595456.0
1790114025.759,java-user-service,jvm_memory_committed_bytes,"{area=""heap"",framework=""spring-boot"",id=""G1 Eden Space"",language=""java"",service=""java-user-service"",}",73400320.0
1790114025.759,java-user-service,jvm_memory_committed_bytes,"{area=""nonheap"",framework=""spring-boot"",id=""Compressed Class Space"",language=""java"",service=""java-user-service"",}",13893632.0
1790114025.759,java-user-service,jvm_memory_committed_bytes,"{area=""nonheap"",framework=""spring-boot"",id=""CodeHeap 'profiled nmethods'"",language=""java"",service=""java-user-service"",}",27721728.0
1790114025.759,java-user-service,hikaricp_connections_active,"{framework=""spring-boot"",language=""java"",pool=""HikariPool-1"",service=""java-user-service"",}",15.0
1790114025.759,java-product-service,tomcat_threads_busy_threads,"{language=""java"",name=""http-nio-9082"",service=""java-product-service"",}",-1.0
1790114025.759,java-product-service,jvm_gc_pause_seconds_count,"{action=""end of minor GC"",cause=""G1 Evacuation Pause"",gc=""G1 Young Generation"",language=""java"",service=""java-product-service"",}",3.0
1790114025.759,java-product-service,jvm_gc_pause_seconds_sum,"{action=""end of minor GC"",cause=""G1 Evacuation Pause"",gc=""G1 Young Generation"",language=""java"",service=""java-product-service"",}",0.022
1790114025.759,java-product-service,hikaricp_connections_active,"{language=""java"",pool=""HikariPool-1"",service=""java-product-service"",}",0.0
1790114025.759,java-product-service,tomcat_threads_current_threads,"{language=""java"",name=""http-nio-9082"",service=""java-product-service"",}",-1.0
1790114025.759,java-product-service,hikaricp_connections_usage_seconds_count,"{language=""java"",pool=""HikariPool-1"",service=""java-product-service"",}",94.0
1790114025.759,java-product-service,hikaricp_connections_usage_seconds_sum,"{language=""java"",pool=""HikariPool-1"",service=""java-product-service"",}",0.322
1790114025.759,java-product-service,hikaricp_connections_acquire_seconds_count,"{language=""java"",pool=""HikariPool-1"",service=""java-product-service"",}",94.0
1790114025.759,java-product-service,hikaricp_connections_acquire_seconds_sum,"{language=""java"",pool=""HikariPool-1"",service=""java-product-service"",}",0.026736539
1790114025.759,java-product-service,process_cpu_usage,"{language=""java"",service=""java-product-service"",}",0.017543859649122806
1790114025.759,java-product-service,hikaricp_connections_pending,"{language=""java"",pool=""HikariPool-1"",service=""java-product-service"",}",0.0
1790114025.759,java-product-service,system_cpu_usage,"{language=""java"",service=""java-product-service"",}",0.014467719298245614
1790114025.759,java-product-service,tomcat_threads_config_max_threads,"{language=""java"",name=""http-nio-9082"",service=""java-product-service"",}",-1.0
1790114025.759,java-product-service,jvm_memory_used_bytes,"{area=""nonheap"",id=""CodeHeap 'non-nmethods'"",language=""java"",service=""java-product-service"",}",1639552.0
1790114025.759,java-product-service,jvm_memory_used_bytes,"{area=""heap"",id=""G1 Eden Space"",language=""java"",service=""java-product-service"",}",54525952.0
1790114025.759,java-product-service,jvm_memory_used_bytes,"{area=""nonheap"",id=""Metaspace"",language=""java"",service=""java-product-service"",}",97077552.0
1790114025.759,java-product-service,jvm_memory_used_bytes,"{area=""heap"",id=""G1 Old Gen"",language=""java"",service=""java-product-service"",}",37723768.0
1790114025.759,java-product-service,jvm_memory_used_bytes,"{area=""nonheap"",id=""Compressed Class Space"",language=""java"",service=""java-product-service"",}",12903056.0
1790114025.759,java-product-service,jvm_memory_used_bytes,"{area=""heap"",id=""G1 Survivor Space"",language=""java"",service=""java-product-service"",}",4194304.0
1790114025.759,java-product-service,jvm_memory_used_bytes,"{area=""nonheap"",id=""CodeHeap 'profiled nmethods'"",language=""java"",service=""java-product-service"",}",23766144.0
1790114025.759,java-product-service,jvm_memory_used_bytes,"{area=""nonheap"",id=""CodeHeap 'non-profiled nmethods'"",language=""java"",service=""java-product-service"",}",6413184.0
1790114025.759,java-product-service,jvm_memory_committed_bytes,"{area=""nonheap"",id=""CodeHeap 'non-nmethods'"",language=""java"",service=""java-product-service"",}",2555904.0
1790114025.759,java-product-service,jvm_memory_committed_bytes,"{area=""heap"",id=""G1 Eden Space"",language=""java"",service=""java-product-service"",}",67108864.0
1790114025.759,java-product-service,jvm_memory_committed_bytes,"{area=""nonheap"",id=""Metaspace"",language=""java"",service=""java-product-service"",}",98041856.0
1790114025.759,java-product-service,jvm_memory_committed_bytes,"{area=""heap"",id=""G1 Old Gen"",language=""java"",service=""java-product-service"",}",42991616.0
1790114025.759,java-product-service,jvm_memory_committed_bytes,"{area=""nonheap"",id=""Compressed Class Space"",language=""java"",service=""java-product-service"",}",13369344.0
1790114025.759,java-product-service,jvm_memory_committed_bytes,"{area=""heap"",id=""G1 Survivor Space"",language=""java"",service=""java-product-service"",}",4194304.0
1790114025.759,java-product-service,jvm_memory_committed_bytes,"{area=""nonheap"",id=""CodeHeap 'profiled nmethods'"",language=""java"",service=""java-product-service"",}",23789568.0
1790114025.759,java-product-service,jvm_memory_committed_bytes,"{area=""nonheap"",id=""CodeHeap 'non-profiled nmethods'"",language=""java"",service=""java-product-service"",}",6422528.0
1790114025.759,java-order-service,process_cpu_usage,"{language=""java"",service=""java-order-service"",}",0.016666666666666666
1790114025.759,java-order-service,tomcat_threads_busy_threads,"{language=""java"",name=""http-nio-9083"",service=""java-order-service"",}",-1.0
1790114025.759,java-order-service,jvm_memory_used_bytes,"{area=""nonheap"",id=""CodeHeap 'non-profiled nmethods'"",language=""java"",service=""java-order-service"",}",3819008.0
1790114025.759,java-order-service,jvm_memory_used_bytes,"{area=""heap"",id=""G1 Eden Space"",language=""java"",service=""java-order-service"",}",35651584.0
1790114025.759,java-order-service,jvm_memory_used_bytes,"{area=""nonheap"",id=""CodeHeap 'profiled nmethods'"",language=""java"",service=""java-order-service"",}",13689216.0
1790114025.759,java-order-service,jvm_memory_used_bytes,"{area=""nonheap"",id=""CodeHeap 'non-nmethods'"",language=""java"",service=""java-order-service"",}",1609984.0
1790114025.759,java-order-service,jvm_memory_used_bytes,"{area=""heap"",id=""G1 Survivor Space"",language=""java"",service=""java-order-service"",}",5743328.0
1790114025.759,java-order-service,jvm_memory_used_bytes,"{area=""nonheap"",id=""Compressed Class Space"",language=""java"",service=""java-order-service"",}",10680168.0
1790114025.759,java-order-service,jvm_memory_used_bytes,"{area=""heap"",id=""G1 Old Gen"",language=""java"",service=""java-order-service"",}",28521536.0
1790114025.759,java-order-service,jvm_memory_used_bytes,"{area=""nonheap"",id=""Metaspace"",language=""java"",service=""java-order-service"",}",78261456.0
1790114025.759,java-order-service,hikaricp_connections_acquire_seconds_count,"{language=""java"",pool=""HikariPool-1"",service=""java-order-service"",}",80.0
1790114025.759,java-order-service,hikaricp_connections_acquire_seconds_sum,"{language=""java"",pool=""HikariPool-1"",service=""java-order-service"",}",0.018845337
1790114025.759,java-order-service,hikaricp_connections_usage_seconds_count,"{language=""java"",pool=""HikariPool-1"",service=""java-order-service"",}",80.0
1790114025.759,java-order-service,hikaricp_connections_usage_seconds_sum,"{language=""java"",pool=""HikariPool-1"",service=""java-order-service"",}",0.002
1790114025.759,java-order-service,tomcat_threads_config_max_threads,"{language=""java"",name=""http-nio-9083"",service=""java-order-service"",}",-1.0
1790114025.759,java-order-service,system_cpu_usage,"{language=""java"",service=""java-order-service"",}",0.016549166666666667
1790114025.759,java-order-service,hikaricp_connections_pending,"{language=""java"",pool=""HikariPool-1"",service=""java-order-service"",}",0.0
1790114025.759,java-order-service,hikaricp_connections_active,"{language=""java"",pool=""HikariPool-1"",service=""java-order-service"",}",0.0
1790114025.759,java-order-service,tomcat_threads_current_threads,"{language=""java"",name=""http-nio-9083"",service=""java-order-service"",}",-1.0
1790114025.759,java-order-service,jvm_memory_committed_bytes,"{area=""nonheap"",id=""CodeHeap 'non-profiled nmethods'"",language=""java"",service=""java-order-service"",}",3866624.0
1790114025.759,java-order-service,jvm_memory_committed_bytes,"{area=""heap"",id=""G1 Eden Space"",language=""java"",service=""java-order-service"",}",45088768.0
1790114025.759,java-order-service,jvm_memory_committed_bytes,"{area=""nonheap"",id=""CodeHeap 'profiled nmethods'"",language=""java"",service=""java-order-service"",}",13762560.0
1790114025.759,java-order-service,jvm_memory_committed_bytes,"{area=""nonheap"",id=""CodeHeap 'non-nmethods'"",language=""java"",service=""java-order-service"",}",2555904.0
1790114025.759,java-order-service,jvm_memory_committed_bytes,"{area=""heap"",id=""G1 Survivor Space"",language=""java"",service=""java-order-service"",}",6291456.0
1790114025.759,java-order-service,jvm_memory_committed_bytes,"{area=""nonheap"",id=""Compressed Class Space"",language=""java"",service=""java-order-service"",}",11075584.0
1790114025.759,java-order-service,jvm_memory_committed_bytes,"{area=""heap"",id=""G1 Old Gen"",language=""java"",service=""java-order-service"",}",32505856.0
1790114025.759,java-order-service,jvm_memory_committed_bytes,"{area=""nonheap"",id=""Metaspace"",language=""java"",service=""java-order-service"",}",79167488.0
1790114030.848,java-user-service,hikaricp_connections_pending,"{framework=""spring-boot"",language=""java"",pool=""HikariPool-1"",service=""java-user-service"",}",5.0
1790114030.848,java-user-service,hikaricp_connections_acquire_seconds_count,"{framework=""spring-boot"",language=""java"",pool=""HikariPool-1"",service=""java-user-service"",}",1393.0
1790114030.848,java-user-service,hikaricp_connections_acquire_seconds_sum,"{framework=""spring-boot"",language=""java"",pool=""HikariPool-1"",service=""java-user-service"",}",53.892483309
1790114030.848,java-user-service,jvm_gc_pause_seconds_count,"{action=""end of minor GC"",cause=""G1 Evacuation Pause"",framework=""spring-boot"",gc=""G1 Young Generation"",language=""java"",service=""java-user-service"",}",33.0
1790114030.848,java-user-service,jvm_gc_pause_seconds_sum,"{action=""end of minor GC"",cause=""G1 Evacuation Pause"",framework=""spring-boot"",gc=""G1 Young Generation"",language=""java"",service=""java-user-service"",}",0.197
1790114030.848,java-user-service,process_cpu_usage,"{framework=""spring-boot"",language=""java"",service=""java-user-service"",}",1.0
1790114030.848,java-user-service,hikaricp_connections_usage_seconds_count,"{framework=""spring-boot"",language=""java"",pool=""HikariPool-1"",service=""java-user-service"",}",1373.0
1790114030.848,java-user-service,hikaricp_connections_usage_seconds_sum,"{framework=""spring-boot"",language=""java"",pool=""HikariPool-1"",service=""java-user-service"",}",314.264
1790114030.848,java-user-service,jvm_memory_used_bytes,"{area=""nonheap"",framework=""spring-boot"",id=""CodeHeap 'non-nmethods'"",language=""java"",service=""java-user-service"",}",1643776.0
1790114030.848,java-user-service,jvm_memory_used_bytes,"{area=""nonheap"",framework=""spring-boot"",id=""CodeHeap 'non-profiled nmethods'"",language=""java"",service=""java-user-service"",}",8764416.0
1790114030.848,java-user-service,jvm_memory_used_bytes,"{area=""heap"",framework=""spring-boot"",id=""G1 Survivor Space"",language=""java"",service=""java-user-service"",}",4146496.0
1790114030.848,java-user-service,jvm_memory_used_bytes,"{area=""heap"",framework=""spring-boot"",id=""G1 Old Gen"",language=""java"",service=""java-user-service"",}",42388264.0
1790114030.848,java-user-service,jvm_memory_used_bytes,"{area=""nonheap"",framework=""spring-boot"",id=""Metaspace"",language=""java"",service=""java-user-service"",}",103699400.0
1790114030.848,java-user-service,jvm_memory_used_bytes,"{area=""heap"",framework=""spring-boot"",id=""G1 Eden Space"",language=""java"",service=""java-user-service"",}",17825792.0
1790114030.848,java-user-service,jvm_memory_used_bytes,"{area=""nonheap"",framework=""spring-boot"",id=""Compressed Class Space"",language=""java"",service=""java-user-service"",}",13400896.0
1790114030.848,java-user-service,jvm_memory_used_bytes,"{area=""nonheap"",framework=""spring-boot"",id=""CodeHeap 'profiled nmethods'"",language=""java"",service=""java-user-service"",}",25558784.0
1790114030.848,java-user-service,tomcat_threads_config_max_threads,"{framework=""spring-boot"",language=""java"",name=""http-nio-9081"",service=""java-user-service"",}",-1.0
1790114030.848,java-user-service,system_cpu_usage,"{framework=""spring-boot"",language=""java"",service=""java-user-service"",}",1.0
1790114030.848,java-user-service,tomcat_threads_current_threads,"{framework=""spring-boot"",language=""java"",name=""http-nio-9081"",service=""java-user-service"",}",-1.0
1790114030.848,java-user-service,tomcat_threads_busy_threads,"{framework=""spring-boot"",language=""java"",name=""http-nio-9081"",service=""java-user-service"",}",-1.0
1790114030.848,java-user-service,jvm_memory_committed_bytes,"{area=""nonheap"",framework=""spring-boot"",id=""CodeHeap 'non-nmethods'"",language=""java"",service=""java-user-service"",}",2555904.0
1790114030.848,java-user-service,jvm_memory_committed_bytes,"{area=""nonheap"",framework=""spring-boot"",id=""CodeHeap 'non-profiled nmethods'"",language=""java"",service=""java-user-service"",}",8847360.0
1790114030.848,java-user-service,jvm_memory_committed_bytes,"{area=""heap"",framework=""spring-boot"",id=""G1 Survivor Space"",language=""java"",service=""java-user-service"",}",4194304.0
1790114030.848,java-user-service,jvm_memory_committed_bytes,"{area=""heap"",framework=""spring-boot"",id=""G1 Old Gen"",language=""java"",service=""java-user-service"",}",46137344.0
1790114030.848,java-user-service,jvm_memory_committed_bytes,"{area=""nonheap"",framework=""spring-boot"",id=""Metaspace"",language=""java"",service=""java-user-service"",}",104660992.0
1790114030.848,java-user-service,jvm_memory_committed_bytes,"{area=""heap"",framework=""spring-boot"",id=""G1 Eden Space"",language=""java"",service=""java-user-service"",}",74448896.0
1790114030.848,java-user-service,jvm_memory_committed_bytes,"{area=""nonheap"",framework=""spring-boot"",id=""Compressed Class Space"",language=""java"",service=""java-user-service"",}",13893632.0
1790114030.848,java-user-service,jvm_memory_committed_bytes,"{area=""nonheap"",framework=""spring-boot"",id=""CodeHeap 'profiled nmethods'"",language=""java"",service=""java-user-service"",}",27721728.0
1790114030.848,java-user-service,hikaricp_connections_active,"{framework=""spring-boot"",language=""java"",pool=""HikariPool-1"",service=""java-user-service"",}",20.0
1790114030.848,java-product-service,tomcat_threads_busy_threads,"{language=""java"",name=""http-nio-9082"",service=""java-product-service"",}",-1.0
1790114030.848,java-product-service,jvm_gc_pause_seconds_count,"{action=""end of minor GC"",cause=""G1 Evacuation Pause"",gc=""G1 Young Generation"",language=""java"",service=""java-product-service"",}",3.0
1790114030.848,java-product-service,jvm_gc_pause_seconds_sum,"{action=""end of minor GC"",cause=""G1 Evacuation Pause"",gc=""G1 Young Generation"",language=""java"",service=""java-product-service"",}",0.022
1790114030.848,java-product-service,hikaricp_connections_active,"{language=""java"",pool=""HikariPool-1"",service=""java-product-service"",}",0.0
1790114030.848,java-product-service,tomcat_threads_current_threads,"{language=""java"",name=""http-nio-9082"",service=""java-product-service"",}",-1.0
1790114030.848,java-product-service,hikaricp_connections_usage_seconds_count,"{language=""java"",pool=""HikariPool-1"",service=""java-product-service"",}",102.0
1790114030.848,java-product-service,hikaricp_connections_usage_seconds_sum,"{language=""java"",pool=""HikariPool-1"",service=""java-product-service"",}",0.322
1790114030.848,java-product-service,hikaricp_connections_acquire_seconds_count,"{language=""java"",pool=""HikariPool-1"",service=""java-product-service"",}",102.0
1790114030.848,java-product-service,hikaricp_connections_acquire_seconds_sum,"{language=""java"",pool=""HikariPool-1"",service=""java-product-service"",}",0.027918748
1790114030.848,java-product-service,process_cpu_usage,"{language=""java"",service=""java-product-service"",}",0.007692307692307693
1790114030.848,java-product-service,hikaricp_connections_pending,"{language=""java"",pool=""HikariPool-1"",service=""java-product-service"",}",0.0
1790114030.848,java-product-service,system_cpu_usage,"{language=""java"",service=""java-product-service"",}",0.013877179487179488
1790114030.848,java-product-service,tomcat_threads_config_max_threads,"{language=""java"",name=""http-nio-9082"",service=""java-product-service"",}",-1.0
1790114030.848,java-product-service,jvm_memory_used_bytes,"{area=""nonheap"",id=""CodeHeap 'non-nmethods'"",language=""java"",service=""java-product-service"",}",1639552.0
1790114030.848,java-product-service,jvm_memory_used_bytes,"{area=""heap"",id=""G1 Eden Space"",language=""java"",service=""java-product-service"",}",56623104.0
1790114030.848,java-product-service,jvm_memory_used_bytes,"{area=""nonheap"",id=""Metaspace"",language=""java"",service=""java-product-service"",}",97091208.0
1790114030.848,java-product-service,jvm_memory_used_bytes,"{area=""heap"",id=""G1 Old Gen"",language=""java"",service=""java-product-service"",}",37723768.0
1790114030.848,java-product-service,jvm_memory_used_bytes,"{area=""nonheap"",id=""Compressed Class Space"",language=""java"",service=""java-product-service"",}",12903576.0
1790114030.848,java-product-service,jvm_memory_used_bytes,"{area=""heap"",id=""G1 Survivor Space"",language=""java"",service=""java-product-service"",}",4194304.0
1790114030.848,java-product-service,jvm_memory_used_bytes,"{area=""nonheap"",id=""CodeHeap 'profiled nmethods'"",language=""java"",service=""java-product-service"",}",23819776.0
1790114030.848,java-product-service,jvm_memory_used_bytes,"{area=""nonheap"",id=""CodeHeap 'non-profiled nmethods'"",language=""java"",service=""java-product-service"",}",6426496.0
1790114030.848,java-product-service,jvm_memory_committed_bytes,"{area=""nonheap"",id=""CodeHeap 'non-nmethods'"",language=""java"",service=""java-product-service"",}",2555904.0
1790114030.848,java-product-service,jvm_memory_committed_bytes,"{area=""heap"",id=""G1 Eden Space"",language=""java"",service=""java-product-service"",}",67108864.0
1790114030.848,java-product-service,jvm_memory_committed_bytes,"{area=""nonheap"",id=""Metaspace"",language=""java"",service=""java-product-service"",}",98107392.0
1790114030.848,java-product-service,jvm_memory_committed_bytes,"{area=""heap"",id=""G1 Old Gen"",language=""java"",service=""java-product-service"",}",42991616.0
1790114030.848,java-product-service,jvm_memory_committed_bytes,"{area=""nonheap"",id=""Compressed Class Space"",language=""java"",service=""java-product-service"",}",13369344.0
1790114030.848,java-product-service,jvm_memory_committed_bytes,"{area=""heap"",id=""G1 Survivor Space"",language=""java"",service=""java-product-service"",}",4194304.0
1790114030.848,java-product-service,jvm_memory_committed_bytes,"{area=""nonheap"",id=""CodeHeap 'profiled nmethods'"",language=""java"",service=""java-product-service"",}",23855104.0
1790114030.848,java-product-service,jvm_memory_committed_bytes,"{area=""nonheap"",id=""CodeHeap 'non-profiled nmethods'"",language=""java"",service=""java-product-service"",}",6488064.0
1790114030.848,java-order-service,process_cpu_usage,"{language=""java"",service=""java-order-service"",}",0.0196078431372549
1790114030.848,java-order-service,tomcat_threads_busy_threads,"{language=""java"",name=""http-nio-9083"",service=""java-order-service"",}",-1.0
1790114030.848,java-order-service,jvm_memory_used_bytes,"{area=""nonheap"",id=""CodeHeap 'non-profiled nmethods'"",language=""java"",service=""java-order-service"",}",3836288.0
1790114030.848,java-order-service,jvm_memory_used_bytes,"{area=""heap"",id=""G1 Eden Space"",language=""java"",service=""java-order-service"",}",36700160.0
1790114030.848,java-order-service,jvm_memory_used_bytes,"{area=""nonheap"",id=""CodeHeap 'profiled nmethods'"",language=""java"",service=""java-order-service"",}",13786496.0
1790114030.848,java-order-service,jvm_memory_used_bytes,"{area=""nonheap"",id=""CodeHeap 'non-nmethods'"",language=""java"",service=""java-order-service"",}",1609984.0
1790114030.848,java-order-service,jvm_memory_used_bytes,"{area=""heap"",id=""G1 Survivor Space"",language=""java"",service=""java-order-service"",}",5743328.0
1790114030.848,java-order-service,jvm_memory_used_bytes,"{area=""nonheap"",id=""Compressed Class Space"",language=""java"",service=""java-order-service"",}",10680168.0
1790114030.848,java-order-service,jvm_memory_used_bytes,"{area=""heap"",id=""G1 Old Gen"",language=""java"",service=""java-order-service"",}",28521536.0
1790114030.848,java-order-service,jvm_memory_used_bytes,"{area=""nonheap"",id=""Metaspace"",language=""java"",service=""java-order-service"",}",78300376.0
1790114030.848,java-order-service,hikaricp_connections_acquire_seconds_count,"{language=""java"",pool=""HikariPool-1"",service=""java-order-service"",}",88.0
1790114030.848,java-order-service,hikaricp_connections_acquire_seconds_sum,"{language=""java"",pool=""HikariPool-1"",service=""java-order-service"",}",0.019997295
1790114030.848,java-order-service,hikaricp_connections_usage_seconds_count,"{language=""java"",pool=""HikariPool-1"",service=""java-order-service"",}",88.0
1790114030.848,java-order-service,hikaricp_connections_usage_seconds_sum,"{language=""java"",pool=""HikariPool-1"",service=""java-order-service"",}",0.002
1790114030.848,java-order-service,tomcat_threads_config_max_threads,"{language=""java"",name=""http-nio-9083"",service=""java-order-service"",}",-1.0
1790114030.848,java-order-service,system_cpu_usage,"{language=""java"",service=""java-order-service"",}",0.023063529411764705
1790114030.848,java-order-service,hikaricp_connections_pending,"{language=""java"",pool=""HikariPool-1"",service=""java-order-service"",}",0.0
1790114030.848,java-order-service,hikaricp_connections_active,"{language=""java"",pool=""HikariPool-1"",service=""java-order-service"",}",0.0
1790114030.848,java-order-service,tomcat_threads_current_threads,"{language=""java"",name=""http-nio-9083"",service=""java-order-service"",}",-1.0
1790114030.848,java-order-service,jvm_memory_committed_bytes,"{area=""nonheap"",id=""CodeHeap 'non-profiled nmethods'"",language=""java"",service=""java-order-service"",}",3866624.0
1790114030.848,java-order-service,jvm_memory_committed_bytes,"{area=""heap"",id=""G1 Eden Space"",language=""java"",service=""java-order-service"",}",45088768.0
1790114030.848,java-order-service,jvm_memory_committed_bytes,"{area=""nonheap"",id=""CodeHeap 'profiled nmethods'"",language=""java"",service=""java-order-service"",}",13828096.0
1790114030.848,java-order-service,jvm_memory_committed_bytes,"{area=""nonheap"",id=""CodeHeap 'non-nmethods'"",language=""java"",service=""java-order-service"",}",2555904.0
1790114030.848,java-order-service,jvm_memory_committed_bytes,"{area=""heap"",id=""G1 Survivor Space"",language=""java"",service=""java-order-service"",}",6291456.0
1790114030.848,java-order-service,jvm_memory_committed_bytes,"{area=""nonheap"",id=""Compressed Class Space"",language=""java"",service=""java-order-service"",}",11075584.0
1790114030.848,java-order-service,jvm_memory_committed_bytes,"{area=""heap"",id=""G1 Old Gen"",language=""java"",service=""java-order-service"",}",32505856.0
1790114030.848,java-order-service,jvm_memory_committed_bytes,"{area=""nonheap"",id=""Metaspace"",language=""java"",service=""java-order-service"",}",79167488.0
1790114036.514,java-user-service,hikaricp_connections_pending,"{framework=""spring-boot"",language=""java"",pool=""HikariPool-1"",service=""java-user-service"",}",9.0
1790114036.514,java-user-service,hikaricp_connections_acquire_seconds_count,"{framework=""spring-boot"",language=""java"",pool=""HikariPool-1"",service=""java-user-service"",}",1650.0
1790114036.514,java-user-service,hikaricp_connections_acquire_seconds_sum,"{framework=""spring-boot"",language=""java"",pool=""HikariPool-1"",service=""java-user-service"",}",125.487867505
1790114036.514,java-user-service,jvm_gc_pause_seconds_count,"{action=""end of minor GC"",cause=""G1 Evacuation Pause"",framework=""spring-boot"",gc=""G1 Young Generation"",language=""java"",service=""java-user-service"",}",38.0
1790114036.514,java-user-service,jvm_gc_pause_seconds_sum,"{action=""end of minor GC"",cause=""G1 Evacuation Pause"",framework=""spring-boot"",gc=""G1 Young Generation"",language=""java"",service=""java-user-service"",}",0.213
1790114036.514,java-user-service,process_cpu_usage,"{framework=""spring-boot"",language=""java"",service=""java-user-service"",}",0.9987654320987654
1790114036.514,java-user-service,hikaricp_connections_usage_seconds_count,"{framework=""spring-boot"",language=""java"",pool=""HikariPool-1"",service=""java-user-service"",}",1630.0
1790114036.514,java-user-service,hikaricp_connections_usage_seconds_sum,"{framework=""spring-boot"",language=""java"",pool=""HikariPool-1"",service=""java-user-service"",}",407.907
1790114036.514,java-user-service,jvm_memory_used_bytes,"{area=""nonheap"",framework=""spring-boot"",id=""CodeHeap 'non-nmethods'"",language=""java"",service=""java-user-service"",}",1643776.0
1790114036.514,java-user-service,jvm_memory_used_bytes,"{area=""nonheap"",framework=""spring-boot"",id=""CodeHeap 'non-profiled nmethods'"",language=""java"",service=""java-user-service"",}",9082752.0
1790114036.514,java-user-service,jvm_memory_used_bytes,"{area=""heap"",framework=""spring-boot"",id=""G1 Survivor Space"",language=""java"",service=""java-user-service"",}",2972544.0
1790114036.514,java-user-service,jvm_memory_used_bytes,"{area=""heap"",framework=""spring-boot"",id=""G1 Old Gen"",language=""java"",service=""java-user-service"",}",43941704.0
1790114036.514,java-user-service,jvm_memory_used_bytes,"{area=""nonheap"",framework=""spring-boot"",id=""Metaspace"",language=""java"",service=""java-user-service"",}",103760016.0
1790114036.514,java-user-service,jvm_memory_used_bytes,"{area=""heap"",framework=""spring-boot"",id=""G1 Eden Space"",language=""java"",service=""java-user-service"",}",5242880.0
1790114036.514,java-user-service,jvm_memory_used_bytes,"{area=""nonheap"",framework=""spring-boot"",id=""Compressed Class Space"",language=""java"",service=""java-user-service"",}",13401928.0
1790114036.514,java-user-service,jvm_memory_used_bytes,"{area=""nonheap"",framework=""spring-boot"",id=""CodeHeap 'profiled nmethods'"",language=""java"",service=""java-user-service"",}",26010752.0
1790114036.514,java-user-service,tomcat_threads_config_max_threads,"{framework=""spring-boot"",language=""java"",name=""http-nio-9081"",service=""java-user-service"",}",-1.0
1790114036.514,java-user-service,system_cpu_usage,"{framework=""spring-boot"",language=""java"",service=""java-user-service"",}",0.9989564197530865
1790114036.514,java-user-service,tomcat_threads_current_threads,"{framework=""spring-boot"",language=""java"",name=""http-nio-9081"",service=""java-user-service"",}",-1.0
1790114036.514,java-user-service,tomcat_threads_busy_threads,"{framework=""spring-boot"",language=""java"",name=""http-nio-9081"",service=""java-user-service"",}",-1.0
1790114036.514,java-user-service,jvm_memory_committed_bytes,"{area=""nonheap"",framework=""spring-boot"",id=""CodeHeap 'non-nmethods'"",language=""java"",service=""java-user-service"",}",2555904.0
1790114036.514,java-user-service,jvm_memory_committed_bytes,"{area=""nonheap"",framework=""spring-boot"",id=""CodeHeap 'non-profiled nmethods'"",language=""java"",service=""java-user-service"",}",9109504.0
1790114036.514,java-user-service,jvm_memory_committed_bytes,"{area=""heap"",framework=""spring-boot"",id=""G1 Survivor Space"",language=""java"",service=""java-user-service"",}",3145728.0
1790114036.514,java-user-service,jvm_memory_committed_bytes,"{area=""heap"",framework=""spring-boot"",id=""G1 Old Gen"",language=""java"",service=""java-user-service"",}",48234496.0
1790114036.514,java-user-service,jvm_memory_committed_bytes,"{area=""nonheap"",framework=""spring-boot"",id=""Metaspace"",language=""java"",service=""java-user-service"",}",104792064.0
1790114036.514,java-user-service,jvm_memory_committed_bytes,"{area=""heap"",framework=""spring-boot"",id=""G1 Eden Space"",language=""java"",service=""java-user-service"",}",73400320.0
1790114036.514,java-user-service,jvm_memory_committed_bytes,"{area=""nonheap"",framework=""spring-boot"",id=""Compressed Class Space"",language=""java"",service=""java-user-service"",}",13893632.0
1790114036.514,java-user-service,jvm_memory_committed_bytes,"{area=""nonheap"",framework=""spring-boot"",id=""CodeHeap 'profiled nmethods'"",language=""java"",service=""java-user-service"",}",27721728.0
1790114036.514,java-user-service,hikaricp_connections_active,"{framework=""spring-boot"",language=""java"",pool=""HikariPool-1"",service=""java-user-service"",}",20.0
1790114036.514,java-product-service,tomcat_threads_busy_threads,"{language=""java"",name=""http-nio-9082"",service=""java-product-service"",}",-1.0
1790114036.514,java-product-service,jvm_gc_pause_seconds_count,"{action=""end of minor GC"",cause=""G1 Evacuation Pause"",gc=""G1 Young Generation"",language=""java"",service=""java-product-service"",}",3.0
1790114036.514,java-product-service,jvm_gc_pause_seconds_sum,"{action=""end of minor GC"",cause=""G1 Evacuation Pause"",gc=""G1 Young Generation"",language=""java"",service=""java-product-service"",}",0.022
1790114036.514,java-product-service,hikaricp_connections_active,"{language=""java"",pool=""HikariPool-1"",service=""java-product-service"",}",0.0
1790114036.514,java-product-service,tomcat_threads_current_threads,"{language=""java"",name=""http-nio-9082"",service=""java-product-service"",}",-1.0
1790114036.514,java-product-service,hikaricp_connections_usage_seconds_count,"{language=""java"",pool=""HikariPool-1"",service=""java-product-service"",}",108.0
1790114036.514,java-product-service,hikaricp_connections_usage_seconds_sum,"{language=""java"",pool=""HikariPool-1"",service=""java-product-service"",}",0.322
1790114036.514,java-product-service,hikaricp_connections_acquire_seconds_count,"{language=""java"",pool=""HikariPool-1"",service=""java-product-service"",}",108.0
1790114036.514,java-product-service,hikaricp_connections_acquire_seconds_sum,"{language=""java"",pool=""HikariPool-1"",service=""java-product-service"",}",0.02907754
1790114036.514,java-product-service,process_cpu_usage,"{language=""java"",service=""java-product-service"",}",0.028070175438596492
1790114036.514,java-product-service,hikaricp_connections_pending,"{language=""java"",pool=""HikariPool-1"",service=""java-product-service"",}",0.0
1790114036.514,java-product-service,system_cpu_usage,"{language=""java"",service=""java-product-service"",}",0.027337894736842106
1790114036.514,java-product-service,tomcat_threads_config_max_threads,"{language=""java"",name=""http-nio-9082"",service=""java-product-service"",}",-1.0
1790114036.514,java-product-service,jvm_memory_used_bytes,"{area=""nonheap"",id=""CodeHeap 'non-nmethods'"",language=""java"",service=""java-product-service"",}",1639552.0
1790114036.514,java-product-service,jvm_memory_used_bytes,"{area=""heap"",id=""G1 Eden Space"",language=""java"",service=""java-product-service"",}",57671680.0
1790114036.514,java-product-service,jvm_memory_used_bytes,"{area=""nonheap"",id=""Metaspace"",language=""java"",service=""java-product-service"",}",97100096.0
1790114036.514,java-product-service,jvm_memory_used_bytes,"{area=""heap"",id=""G1 Old Gen"",language=""java"",service=""java-product-service"",}",37723768.0
1790114036.514,java-product-service,jvm_memory_used_bytes,"{area=""nonheap"",id=""Compressed Class Space"",language=""java"",service=""java-product-service"",}",12904080.0
1790114036.514,java-product-service,jvm_memory_used_bytes,"{area=""heap"",id=""G1 Survivor Space"",language=""java"",service=""java-product-service"",}",4194304.0
1790114036.514,java-product-service,jvm_memory_used_bytes,"{area=""nonheap"",id=""CodeHeap 'profiled nmethods'"",language=""java"",service=""java-product-service"",}",23847296.0
1790114036.514,java-product-service,jvm_memory_used_bytes,"{area=""nonheap"",id=""CodeHeap 'non-profiled nmethods'"",language=""java"",service=""java-product-service"",}",6434176.0
1790114036.514,java-product-service,jvm_memory_committed_bytes,"{area=""nonheap"",id=""CodeHeap 'non-nmethods'"",language=""java"",service=""java-product-service"",}",2555904.0
1790114036.514,java-product-service,jvm_memory_committed_bytes,"{area=""heap"",id=""G1 Eden Space"",language=""java"",service=""java-product-service"",}",67108864.0
1790114036.514,java-product-service,jvm_memory_committed_bytes,"{area=""nonheap"",id=""Metaspace"",language=""java"",service=""java-product-service"",}",98107392.0
1790114036.514,java-product-service,jvm_memory_committed_bytes,"{area=""heap"",id=""G1 Old Gen"",language=""java"",service=""java-product-service"",}",42991616.0
1790114036.514,java-product-service,jvm_memory_committed_bytes,"{area=""nonheap"",id=""Compressed Class Space"",language=""java"",service=""java-product-service"",}",13369344.0
1790114036.514,java-product-service,jvm_memory_committed_bytes,"{area=""heap"",id=""G1 Survivor Space"",language=""java"",service=""java-product-service"",}",4194304.0
1790114036.514,java-product-service,jvm_memory_committed_bytes,"{area=""nonheap"",id=""CodeHeap 'profiled nmethods'"",language=""java"",service=""java-product-service"",}",23855104.0
1790114036.514,java-product-service,jvm_memory_committed_bytes,"{area=""nonheap"",id=""CodeHeap 'non-profiled nmethods'"",language=""java"",service=""java-product-service"",}",6488064.0
1790114036.514,java-order-service,process_cpu_usage,"{language=""java"",service=""java-order-service"",}",0.013888888888888888
1790114036.514,java-order-service,tomcat_threads_busy_threads,"{language=""java"",name=""http-nio-9083"",service=""java-order-service"",}",-1.0
1790114036.514,java-order-service,jvm_memory_used_bytes,"{area=""nonheap"",id=""CodeHeap 'non-profiled nmethods'"",language=""java"",service=""java-order-service"",}",3856768.0
1790114036.514,java-order-service,jvm_memory_used_bytes,"{area=""heap"",id=""G1 Eden Space"",language=""java"",service=""java-order-service"",}",37748736.0
1790114036.514,java-order-service,jvm_memory_used_bytes,"{area=""nonheap"",id=""CodeHeap 'profiled nmethods'"",language=""java"",service=""java-order-service"",}",13884544.0
1790114036.514,java-order-service,jvm_memory_used_bytes,"{area=""nonheap"",id=""CodeHeap 'non-nmethods'"",language=""java"",service=""java-order-service"",}",1609984.0
1790114036.514,java-order-service,jvm_memory_used_bytes,"{area=""heap"",id=""G1 Survivor Space"",language=""java"",service=""java-order-service"",}",5743328.0
1790114036.514,java-order-service,jvm_memory_used_bytes,"{area=""nonheap"",id=""Compressed Class Space"",language=""java"",service=""java-order-service"",}",10681192.0
1790114036.514,java-order-service,jvm_memory_used_bytes,"{area=""heap"",id=""G1 Old Gen"",language=""java"",service=""java-order-service"",}",28521536.0
1790114036.514,java-order-service,jvm_memory_used_bytes,"{area=""nonheap"",id=""Metaspace"",language=""java"",service=""java-order-service"",}",78357440.0
1790114036.514,java-order-service,hikaricp_connections_acquire_seconds_count,"{language=""java"",pool=""HikariPool-1"",service=""java-order-service"",}",96.0
1790114036.514,java-order-service,hikaricp_connections_acquire_seconds_sum,"{language=""java"",pool=""HikariPool-1"",service=""java-order-service"",}",0.022180168
1790114036.514,java-order-service,hikaricp_connections_usage_seconds_count,"{language=""java"",pool=""HikariPool-1"",service=""java-order-service"",}",96.0
1790114036.514,java-order-service,hikaricp_connections_usage_seconds_sum,"{language=""java"",pool=""HikariPool-1"",service=""java-order-service"",}",0.002
1790114036.514,java-order-service,tomcat_threads_config_max_threads,"{language=""java"",name=""http-nio-9083"",service=""java-order-service"",}",-1.0
1790114036.514,java-order-service,system_cpu_usage,"{language=""java"",service=""java-order-service"",}",0.01789388888888889
1790114036.514,java-order-service,hikaricp_connections_pending,"{language=""java"",pool=""HikariPool-1"",service=""java-order-service"",}",0.0
1790114036.514,java-order-service,hikaricp_connections_active,"{language=""java"",pool=""HikariPool-1"",service=""java-order-service"",}",0.0
1790114036.514,java-order-service,tomcat_threads_current_threads,"{language=""java"",name=""http-nio-9083"",service=""java-order-service"",}",-1.0
1790114036.514,java-order-service,jvm_memory_committed_bytes,"{area=""nonheap"",id=""CodeHeap 'non-profiled nmethods'"",language=""java"",service=""java-order-service"",}",3866624.0
1790114036.514,java-order-service,jvm_memory_committed_bytes,"{area=""heap"",id=""G1 Eden Space"",language=""java"",service=""java-order-service"",}",45088768.0
1790114036.514,java-order-service,jvm_memory_committed_bytes,"{area=""nonheap"",id=""CodeHeap 'profiled nmethods'"",language=""java"",service=""java-order-service"",}",13893632.0
1790114036.514,java-order-service,jvm_memory_committed_bytes,"{area=""nonheap"",id=""CodeHeap 'non-nmethods'"",language=""java"",service=""java-order-service"",}",2555904.0
1790114036.514,java-order-service,jvm_memory_committed_bytes,"{area=""heap"",id=""G1 Survivor Space"",language=""java"",service=""java-order-service"",}",6291456.0
1790114036.514,java-order-service,jvm_memory_committed_bytes,"{area=""nonheap"",id=""Compressed Class Space"",language=""java"",service=""java-order-service"",}",11075584.0
1790114036.514,java-order-service,jvm_memory_committed_bytes,"{area=""heap"",id=""G1 Old Gen"",language=""java"",service=""java-order-service"",}",32505856.0
1790114036.514,java-order-service,jvm_memory_committed_bytes,"{area=""nonheap"",id=""Metaspace"",language=""java"",service=""java-order-service"",}",79233024.0
1790114041.902,java-user-service,hikaricp_connections_pending,"{framework=""spring-boot"",language=""java"",pool=""HikariPool-1"",service=""java-user-service"",}",0.0
1790114041.902,java-user-service,hikaricp_connections_acquire_seconds_count,"{framework=""spring-boot"",language=""java"",pool=""HikariPool-1"",service=""java-user-service"",}",1821.0
1790114041.902,java-user-service,hikaricp_connections_acquire_seconds_sum,"{framework=""spring-boot"",language=""java"",pool=""HikariPool-1"",service=""java-user-service"",}",220.43026518
1790114041.902,java-user-service,jvm_gc_pause_seconds_count,"{action=""end of minor GC"",cause=""G1 Evacuation Pause"",framework=""spring-boot"",gc=""G1 Young Generation"",language=""java"",service=""java-user-service"",}",42.0
1790114041.902,java-user-service,jvm_gc_pause_seconds_sum,"{action=""end of minor GC"",cause=""G1 Evacuation Pause"",framework=""spring-boot"",gc=""G1 Young Generation"",language=""java"",service=""java-user-service"",}",0.226
1790114041.902,java-user-service,process_cpu_usage,"{framework=""spring-boot"",language=""java"",service=""java-user-service"",}",0.989937106918239
1790114041.902,java-user-service,hikaricp_connections_usage_seconds_count,"{framework=""spring-boot"",language=""java"",pool=""HikariPool-1"",service=""java-user-service"",}",1810.0
1790114041.902,java-user-service,hikaricp_connections_usage_seconds_sum,"{framework=""spring-boot"",language=""java"",pool=""HikariPool-1"",service=""java-user-service"",}",506.551
1790114041.902,java-user-service,jvm_memory_used_bytes,"{area=""nonheap"",framework=""spring-boot"",id=""CodeHeap 'non-nmethods'"",language=""java"",service=""java-user-service"",}",1643776.0
1790114041.902,java-user-service,jvm_memory_used_bytes,"{area=""nonheap"",framework=""spring-boot"",id=""CodeHeap 'non-profiled nmethods'"",language=""java"",service=""java-user-service"",}",9340032.0
1790114041.902,java-user-service,jvm_memory_used_bytes,"{area=""heap"",framework=""spring-boot"",id=""G1 Survivor Space"",language=""java"",service=""java-user-service"",}",1048576.0
1790114041.902,java-user-service,jvm_memory_used_bytes,"{area=""heap"",framework=""spring-boot"",id=""G1 Old Gen"",language=""java"",service=""java-user-service"",}",48926608.0
1790114041.902,java-user-service,jvm_memory_used_bytes,"{area=""nonheap"",framework=""spring-boot"",id=""Metaspace"",language=""java"",service=""java-user-service"",}",103792744.0
1790114041.902,java-user-service,jvm_memory_used_bytes,"{area=""heap"",framework=""spring-boot"",id=""G1 Eden Space"",language=""java"",service=""java-user-service"",}",33554432.0
1790114041.902,java-user-service,jvm_memory_used_bytes,"{area=""nonheap"",framework=""spring-boot"",id=""Compressed Class Space"",language=""java"",service=""java-user-service"",}",13402448.0
1790114041.902,java-user-service,jvm_memory_used_bytes,"{area=""nonheap"",framework=""spring-boot"",id=""CodeHeap 'profiled nmethods'"",language=""java"",service=""java-user-service"",}",26051712.0
1790114041.902,java-user-service,tomcat_threads_config_max_threads,"{framework=""spring-boot"",language=""java"",name=""http-nio-9081"",service=""java-user-service"",}",-1.0
1790114041.902,java-user-service,system_cpu_usage,"{framework=""spring-boot"",language=""java"",service=""java-user-service"",}",0.9908984905660377
1790114041.902,java-user-service,tomcat_threads_current_threads,"{framework=""spring-boot"",language=""java"",name=""http-nio-9081"",service=""java-user-service"",}",-1.0
1790114041.902,java-user-service,tomcat_threads_busy_threads,"{framework=""spring-boot"",language=""java"",name=""http-nio-9081"",service=""java-user-service"",}",-1.0
1790114041.902,java-user-service,jvm_memory_committed_bytes,"{area=""nonheap"",framework=""spring-boot"",id=""CodeHeap 'non-nmethods'"",language=""java"",service=""java-user-service"",}",2555904.0
1790114041.902,java-user-service,jvm_memory_committed_bytes,"{area=""nonheap"",framework=""spring-boot"",id=""CodeHeap 'non-profiled nmethods'"",language=""java"",service=""java-user-service"",}",9371648.0
1790114041.902,java-user-service,jvm_memory_committed_bytes,"{area=""heap"",framework=""spring-boot"",id=""G1 Survivor Space"",language=""java"",service=""java-user-service"",}",1048576.0
1790114041.902,java-user-service,jvm_memory_committed_bytes,"{area=""heap"",framework=""spring-boot"",id=""G1 Old Gen"",language=""java"",service=""java-user-service"",}",55574528.0
1790114041.902,java-user-service,jvm_memory_committed_bytes,"{area=""nonheap"",framework=""spring-boot"",id=""Metaspace"",language=""java"",service=""java-user-service"",}",104792064.0
1790114041.902,java-user-service,jvm_memory_committed_bytes,"{area=""heap"",framework=""spring-boot"",id=""G1 Eden Space"",language=""java"",service=""java-user-service"",}",68157440.0
1790114041.902,java-user-service,jvm_memory_committed_bytes,"{area=""nonheap"",framework=""spring-boot"",id=""Compressed Class Space"",language=""java"",service=""java-user-service"",}",13893632.0
1790114041.902,java-user-service,jvm_memory_committed_bytes,"{area=""nonheap"",framework=""spring-boot"",id=""CodeHeap 'profiled nmethods'"",language=""java"",service=""java-user-service"",}",27721728.0
1790114041.902,java-user-service,hikaricp_connections_active,"{framework=""spring-boot"",language=""java"",pool=""HikariPool-1"",service=""java-user-service"",}",11.0
1790114041.902,java-product-service,tomcat_threads_busy_threads,"{language=""java"",name=""http-nio-9082"",service=""java-product-service"",}",-1.0
1790114041.902,java-product-service,jvm_gc_pause_seconds_count,"{action=""end of minor GC"",cause=""G1 Evacuation Pause"",gc=""G1 Young Generation"",language=""java"",service=""java-product-service"",}",3.0
1790114041.902,java-product-service,jvm_gc_pause_seconds_sum,"{action=""end of minor GC"",cause=""G1 Evacuation Pause"",gc=""G1 Young Generation"",language=""java"",service=""java-product-service"",}",0.022
1790114041.902,java-product-service,hikaricp_connections_active,"{language=""java"",pool=""HikariPool-1"",service=""java-product-service"",}",0.0
1790114041.902,java-product-service,tomcat_threads_current_threads,"{language=""java"",name=""http-nio-9082"",service=""java-product-service"",}",-1.0
1790114041.902,java-product-service,hikaricp_connections_usage_seconds_count,"{language=""java"",pool=""HikariPool-1"",service=""java-product-service"",}",112.0
1790114041.902,java-product-service,hikaricp_connections_usage_seconds_sum,"{language=""java"",pool=""HikariPool-1"",service=""java-product-service"",}",0.322
1790114041.902,java-product-service,hikaricp_connections_acquire_seconds_count,"{language=""java"",pool=""HikariPool-1"",service=""java-product-service"",}",112.0
1790114041.902,java-product-service,hikaricp_connections_acquire_seconds_sum,"{language=""java"",pool=""HikariPool-1"",service=""java-product-service"",}",0.029729415
1790114041.902,java-product-service,process_cpu_usage,"{language=""java"",service=""java-product-service"",}",0.02
1790114041.902,java-product-service,hikaricp_connections_pending,"{language=""java"",pool=""HikariPool-1"",service=""java-product-service"",}",0.0
1790114041.902,java-product-service,system_cpu_usage,"{language=""java"",service=""java-product-service"",}",0.030694
1790114041.902,java-product-service,tomcat_threads_config_max_threads,"{language=""java"",name=""http-nio-9082"",service=""java-product-service"",}",-1.0
1790114041.902,java-product-service,jvm_memory_used_bytes,"{area=""nonheap"",id=""CodeHeap 'non-nmethods'"",language=""java"",service=""java-product-service"",}",1639552.0
1790114041.902,java-product-service,jvm_memory_used_bytes,"{area=""heap"",id=""G1 Eden Space"",language=""java"",service=""java-product-service"",}",59768832.0
1790114041.902,java-product-service,jvm_memory_used_bytes,"{area=""nonheap"",id=""Metaspace"",language=""java"",service=""java-product-service"",}",97119832.0
1790114041.902,java-product-service,jvm_memory_used_bytes,"{area=""heap"",id=""G1 Old Gen"",language=""java"",service=""java-product-service"",}",37723768.0
1790114041.902,java-product-service,jvm_memory_used_bytes,"{area=""nonheap"",id=""Compressed Class Space"",language=""java"",service=""java-product-service"",}",12904080.0
1790114041.902,java-product-service,jvm_memory_used_bytes,"{area=""heap"",id=""G1 Survivor Space"",language=""java"",service=""java-product-service"",}",4194304.0
1790114041.902,java-product-service,jvm_memory_used_bytes,"{area=""nonheap"",id=""CodeHeap 'profiled nmethods'"",language=""java"",service=""java-product-service"",}",23963392.0
1790114041.902,java-product-service,jvm_memory_used_bytes,"{area=""nonheap"",id=""CodeHeap 'non-profiled nmethods'"",language=""java"",service=""java-product-service"",}",6436864.0
1790114041.902,java-product-service,jvm_memory_committed_bytes,"{area=""nonheap"",id=""CodeHeap 'non-nmethods'"",language=""java"",service=""java-product-service"",}",2555904.0
1790114041.902,java-product-service,jvm_memory_committed_bytes,"{area=""heap"",id=""G1 Eden Space"",language=""java"",service=""java-product-service"",}",67108864.0
1790114041.902,java-product-service,jvm_memory_committed_bytes,"{area=""nonheap"",id=""Metaspace"",language=""java"",service=""java-product-service"",}",98107392.0
1790114041.902,java-product-service,jvm_memory_committed_bytes,"{area=""heap"",id=""G1 Old Gen"",language=""java"",service=""java-product-service"",}",42991616.0
1790114041.902,java-product-service,jvm_memory_committed_bytes,"{area=""nonheap"",id=""Compressed Class Space"",language=""java"",service=""java-product-service"",}",13369344.0
1790114041.902,java-product-service,jvm_memory_committed_bytes,"{area=""heap"",id=""G1 Survivor Space"",language=""java"",service=""java-product-service"",}",4194304.0
1790114041.902,java-product-service,jvm_memory_committed_bytes,"{area=""nonheap"",id=""CodeHeap 'profiled nmethods'"",language=""java"",service=""java-product-service"",}",23986176.0
1790114041.902,java-product-service,jvm_memory_committed_bytes,"{area=""nonheap"",id=""CodeHeap 'non-profiled nmethods'"",language=""java"",service=""java-product-service"",}",6488064.0
1790114041.902,java-order-service,process_cpu_usage,"{language=""java"",service=""java-order-service"",}",0.010256410256410256
1790114041.902,java-order-service,tomcat_threads_busy_threads,"{language=""java"",name=""http-nio-9083"",service=""java-order-service"",}",-1.0
1790114041.902,java-order-service,jvm_memory_used_bytes,"{area=""nonheap"",id=""CodeHeap 'non-profiled nmethods'"",language=""java"",service=""java-order-service"",}",3867264.0
1790114041.902,java-order-service,jvm_memory_used_bytes,"{area=""heap"",id=""G1 Eden Space"",language=""java"",service=""java-order-service"",}",38797312.0
1790114041.902,java-order-service,jvm_memory_used_bytes,"{area=""nonheap"",id=""CodeHeap 'profiled nmethods'"",language=""java"",service=""java-order-service"",}",13916672.0
1790114041.902,java-order-service,jvm_memory_used_bytes,"{area=""nonheap"",id=""CodeHeap 'non-nmethods'"",language=""java"",service=""java-order-service"",}",1609984.0
1790114041.902,java-order-service,jvm_memory_used_bytes,"{area=""heap"",id=""G1 Survivor Space"",language=""java"",service=""java-order-service"",}",5743328.0
1790114041.902,java-order-service,jvm_memory_used_bytes,"{area=""nonheap"",id=""Compressed Class Space"",language=""java"",service=""java-order-service"",}",10681192.0
1790114041.902,java-order-service,jvm_memory_used_bytes,"{area=""heap"",id=""G1 Old Gen"",language=""java"",service=""java-order-service"",}",28521536.0
1790114041.902,java-order-service,jvm_memory_used_bytes,"{area=""nonheap"",id=""Metaspace"",language=""java"",service=""java-order-service"",}",78368832.0
1790114041.902,java-order-service,hikaricp_connections_acquire_seconds_count,"{language=""java"",pool=""HikariPool-1"",service=""java-order-service"",}",98.0
1790114041.902,java-order-service,hikaricp_connections_acquire_seconds_sum,"{language=""java"",pool=""HikariPool-1"",service=""java-order-service"",}",0.022538376
1790114041.902,java-order-service,hikaricp_connections_usage_seconds_count,"{language=""java"",pool=""HikariPool-1"",service=""java-order-service"",}",98.0
1790114041.902,java-order-service,hikaricp_connections_usage_seconds_sum,"{language=""java"",pool=""HikariPool-1"",service=""java-order-service"",}",0.002
1790114041.902,java-order-service,tomcat_threads_config_max_threads,"{language=""java"",name=""http-nio-9083"",service=""java-order-service"",}",-1.0
1790114041.902,java-order-service,system_cpu_usage,"{language=""java"",service=""java-order-service"",}",0.011562564102564102
1790114041.902,java-order-service,hikaricp_connections_pending,"{language=""java"",pool=""HikariPool-1"",service=""java-order-service"",}",0.0
1790114041.902,java-order-service,hikaricp_connections_active,"{language=""java"",pool=""HikariPool-1"",service=""java-order-service"",}",0.0
1790114041.902,java-order-service,tomcat_threads_current_threads,"{language=""java"",name=""http-nio-9083"",service=""java-order-service"",}",-1.0
1790114041.902,java-order-service,jvm_memory_committed_bytes,"{area=""nonheap"",id=""CodeHeap 'non-profiled nmethods'"",language=""java"",service=""java-order-service"",}",3932160.0
1790114041.902,java-order-service,jvm_memory_committed_bytes,"{area=""heap"",id=""G1 Eden Space"",language=""java"",service=""java-order-service"",}",45088768.0
1790114041.902,java-order-service,jvm_memory_committed_bytes,"{area=""nonheap"",id=""CodeHeap 'profiled nmethods'"",language=""java"",service=""java-order-service"",}",13959168.0
1790114041.902,java-order-service,jvm_memory_committed_bytes,"{area=""nonheap"",id=""CodeHeap 'non-nmethods'"",language=""java"",service=""java-order-service"",}",2555904.0
1790114041.902,java-order-service,jvm_memory_committed_bytes,"{area=""heap"",id=""G1 Survivor Space"",language=""java"",service=""java-order-service"",}",6291456.0
1790114041.902,java-order-service,jvm_memory_committed_bytes,"{area=""nonheap"",id=""Compressed Class Space"",language=""java"",service=""java-order-service"",}",11075584.0
1790114041.902,java-order-service,jvm_memory_committed_bytes,"{area=""heap"",id=""G1 Old Gen"",language=""java"",service=""java-order-service"",}",32505856.0
1790114041.902,java-order-service,jvm_memory_committed_bytes,"{area=""nonheap"",id=""Metaspace"",language=""java"",service=""java-order-service"",}",79233024.0
1790114047.171,java-user-service,hikaricp_connections_pending,"{framework=""spring-boot"",language=""java"",pool=""HikariPool-1"",service=""java-user-service"",}",0.0
1790114047.171,java-user-service,hikaricp_connections_acquire_seconds_count,"{framework=""spring-boot"",language=""java"",pool=""HikariPool-1"",service=""java-user-service"",}",2129.0
1790114047.171,java-user-service,hikaricp_connections_acquire_seconds_sum,"{framework=""spring-boot"",language=""java"",pool=""HikariPool-1"",service=""java-user-service"",}",431.748823412
1790114047.171,java-user-service,jvm_gc_pause_seconds_count,"{action=""end of minor GC"",cause=""G1 Evacuation Pause"",framework=""spring-boot"",gc=""G1 Young Generation"",language=""java"",service=""java-user-service"",}",50.0
1790114047.171,java-user-service,jvm_gc_pause_seconds_sum,"{action=""end of minor GC"",cause=""G1 Evacuation Pause"",framework=""spring-boot"",gc=""G1 Young Generation"",language=""java"",service=""java-user-service"",}",0.248
1790114047.171,java-user-service,process_cpu_usage,"{framework=""spring-boot"",language=""java"",service=""java-user-service"",}",1.0
1790114047.171,java-user-service,hikaricp_connections_usage_seconds_count,"{framework=""spring-boot"",language=""java"",pool=""HikariPool-1"",service=""java-user-service"",}",2115.0
1790114047.171,java-user-service,hikaricp_connections_usage_seconds_sum,"{framework=""spring-boot"",language=""java"",pool=""HikariPool-1"",service=""java-user-service"",}",649.685
1790114047.171,java-user-service,jvm_memory_used_bytes,"{area=""nonheap"",framework=""spring-boot"",id=""CodeHeap 'non-nmethods'"",language=""java"",service=""java-user-service"",}",1663104.0
1790114047.171,java-user-service,jvm_memory_used_bytes,"{area=""nonheap"",framework=""spring-boot"",id=""CodeHeap 'non-profiled nmethods'"",language=""java"",service=""java-user-service"",}",9707264.0
1790114047.171,java-user-service,jvm_memory_used_bytes,"{area=""heap"",framework=""spring-boot"",id=""G1 Survivor Space"",language=""java"",service=""java-user-service"",}",1003688.0
1790114047.171,java-user-service,jvm_memory_used_bytes,"{area=""heap"",framework=""spring-boot"",id=""G1 Old Gen"",language=""java"",service=""java-user-service"",}",53609592.0
1790114047.171,java-user-service,jvm_memory_used_bytes,"{area=""nonheap"",framework=""spring-boot"",id=""Metaspace"",language=""java"",service=""java-user-service"",}",103861888.0
1790114047.171,java-user-service,jvm_memory_used_bytes,"{area=""heap"",framework=""spring-boot"",id=""G1 Eden Space"",language=""java"",service=""java-user-service"",}",7340032.0
1790114047.171,java-user-service,jvm_memory_used_bytes,"{area=""nonheap"",framework=""spring-boot"",id=""Compressed Class Space"",language=""java"",service=""java-user-service"",}",13402448.0
1790114047.171,java-user-service,jvm_memory_used_bytes,"{area=""nonheap"",framework=""spring-boot"",id=""CodeHeap 'profiled nmethods'"",language=""java"",service=""java-user-service"",}",25835008.0
1790114047.171,java-user-service,tomcat_threads_config_max_threads,"{framework=""spring-boot"",language=""java"",name=""http-nio-9081"",service=""java-user-service"",}",-1.0
1790114047.171,java-user-service,system_cpu_usage,"{framework=""spring-boot"",language=""java"",service=""java-user-service"",}",1.0
1790114047.171,java-user-service,tomcat_threads_current_threads,"{framework=""spring-boot"",language=""java"",name=""http-nio-9081"",service=""java-user-service"",}",-1.0
1790114047.171,java-user-service,tomcat_threads_busy_threads,"{framework=""spring-boot"",language=""java"",name=""http-nio-9081"",service=""java-user-service"",}",-1.0
1790114047.171,java-user-service,jvm_memory_committed_bytes,"{area=""nonheap"",framework=""spring-boot"",id=""CodeHeap 'non-nmethods'"",language=""java"",service=""java-user-service"",}",2555904.0
1790114047.171,java-user-service,jvm_memory_committed_bytes,"{area=""nonheap"",framework=""spring-boot"",id=""CodeHeap 'non-profiled nmethods'"",language=""java"",service=""java-user-service"",}",9764864.0
1790114047.171,java-user-service,jvm_memory_committed_bytes,"{area=""heap"",framework=""spring-boot"",id=""G1 Survivor Space"",language=""java"",service=""java-user-service"",}",1048576.0
1790114047.171,java-user-service,jvm_memory_committed_bytes,"{area=""heap"",framework=""spring-boot"",id=""G1 Old Gen"",language=""java"",service=""java-user-service"",}",60817408.0
1790114047.171,java-user-service,jvm_memory_committed_bytes,"{area=""nonheap"",framework=""spring-boot"",id=""Metaspace"",language=""java"",service=""java-user-service"",}",104857600.0
1790114047.171,java-user-service,jvm_memory_committed_bytes,"{area=""heap"",framework=""spring-boot"",id=""G1 Eden Space"",language=""java"",service=""java-user-service"",}",62914560.0
1790114047.171,java-user-service,jvm_memory_committed_bytes,"{area=""nonheap"",framework=""spring-boot"",id=""Compressed Class Space"",language=""java"",service=""java-user-service"",}",13893632.0
1790114047.171,java-user-service,jvm_memory_committed_bytes,"{area=""nonheap"",framework=""spring-boot"",id=""CodeHeap 'profiled nmethods'"",language=""java"",service=""java-user-service"",}",27721728.0
1790114047.171,java-user-service,hikaricp_connections_active,"{framework=""spring-boot"",language=""java"",pool=""HikariPool-1"",service=""java-user-service"",}",14.0
1790114047.171,java-product-service,tomcat_threads_busy_threads,"{language=""java"",name=""http-nio-9082"",service=""java-product-service"",}",-1.0
1790114047.171,java-product-service,jvm_gc_pause_seconds_count,"{action=""end of minor GC"",cause=""G1 Evacuation Pause"",gc=""G1 Young Generation"",language=""java"",service=""java-product-service"",}",3.0
1790114047.171,java-product-service,jvm_gc_pause_seconds_sum,"{action=""end of minor GC"",cause=""G1 Evacuation Pause"",gc=""G1 Young Generation"",language=""java"",service=""java-product-service"",}",0.022
1790114047.171,java-product-service,hikaricp_connections_active,"{language=""java"",pool=""HikariPool-1"",service=""java-product-service"",}",0.0
1790114047.171,java-product-service,tomcat_threads_current_threads,"{language=""java"",name=""http-nio-9082"",service=""java-product-service"",}",-1.0
1790114047.171,java-product-service,hikaricp_connections_usage_seconds_count,"{language=""java"",pool=""HikariPool-1"",service=""java-product-service"",}",118.0
1790114047.171,java-product-service,hikaricp_connections_usage_seconds_sum,"{language=""java"",pool=""HikariPool-1"",service=""java-product-service"",}",0.322
1790114047.171,java-product-service,hikaricp_connections_acquire_seconds_count,"{language=""java"",pool=""HikariPool-1"",service=""java-product-service"",}",118.0
1790114047.171,java-product-service,hikaricp_connections_acquire_seconds_sum,"{language=""java"",pool=""HikariPool-1"",service=""java-product-service"",}",0.03161604
1790114047.171,java-product-service,process_cpu_usage,"{language=""java"",service=""java-product-service"",}",0.022222222222222223
1790114047.171,java-product-service,hikaricp_connections_pending,"{language=""java"",pool=""HikariPool-1"",service=""java-product-service"",}",0.0
1790114047.171,java-product-service,system_cpu_usage,"{language=""java"",service=""java-product-service"",}",0.020173333333333335
1790114047.171,java-product-service,tomcat_threads_config_max_threads,"{language=""java"",name=""http-nio-9082"",service=""java-product-service"",}",-1.0
1790114047.171,java-product-service,jvm_memory_used_bytes,"{area=""nonheap"",id=""CodeHeap 'non-nmethods'"",language=""java"",service=""java-product-service"",}",1639552.0
1790114047.171,java-product-service,jvm_memory_used_bytes,"{area=""heap"",id=""G1 Eden Space"",language=""java"",service=""java-product-service"",}",60817408.0
1790114047.171,java-product-service,jvm_memory_used_bytes,"{area=""nonheap"",id=""Metaspace"",language=""java"",service=""java-product-service"",}",97148408.0
1790114047.171,java-product-service,jvm_memory_used_bytes,"{area=""heap"",id=""G1 Old Gen"",language=""java"",service=""java-product-service"",}",37723768.0
1790114047.171,java-product-service,jvm_memory_used_bytes,"{area=""nonheap"",id=""Compressed Class Space"",language=""java"",service=""java-product-service"",}",12904080.0
1790114047.171,java-product-service,jvm_memory_used_bytes,"{area=""heap"",id=""G1 Survivor Space"",language=""java"",service=""java-product-service"",}",4194304.0
1790114047.171,java-product-service,jvm_memory_used_bytes,"{area=""nonheap"",id=""CodeHeap 'profiled nmethods'"",language=""java"",service=""java-product-service"",}",24071936.0
1790114047.171,java-product-service,jvm_memory_used_bytes,"{area=""nonheap"",id=""CodeHeap 'non-profiled nmethods'"",language=""java"",service=""java-product-service"",}",6454016.0
1790114047.171,java-product-service,jvm_memory_committed_bytes,"{area=""nonheap"",id=""CodeHeap 'non-nmethods'"",language=""java"",service=""java-product-service"",}",2555904.0
1790114047.171,java-product-service,jvm_memory_committed_bytes,"{area=""heap"",id=""G1 Eden Space"",language=""java"",service=""java-product-service"",}",67108864.0
1790114047.171,java-product-service,jvm_memory_committed_bytes,"{area=""nonheap"",id=""Metaspace"",language=""java"",service=""java-product-service"",}",98107392.0
1790114047.171,java-product-service,jvm_memory_committed_bytes,"{area=""heap"",id=""G1 Old Gen"",language=""java"",service=""java-product-service"",}",42991616.0
1790114047.171,java-product-service,jvm_memory_committed_bytes,"{area=""nonheap"",id=""Compressed Class Space"",language=""java"",service=""java-product-service"",}",13369344.0
1790114047.171,java-product-service,jvm_memory_committed_bytes,"{area=""heap"",id=""G1 Survivor Space"",language=""java"",service=""java-product-service"",}",4194304.0
1790114047.171,java-product-service,jvm_memory_committed_bytes,"{area=""nonheap"",id=""CodeHeap 'profiled nmethods'"",language=""java"",service=""java-product-service"",}",24117248.0
1790114047.171,java-product-service,jvm_memory_committed_bytes,"{area=""nonheap"",id=""CodeHeap 'non-profiled nmethods'"",language=""java"",service=""java-product-service"",}",6488064.0
1790114047.171,java-order-service,process_cpu_usage,"{language=""java"",service=""java-order-service"",}",0.04
1790114047.171,java-order-service,tomcat_threads_busy_threads,"{language=""java"",name=""http-nio-9083"",service=""java-order-service"",}",-1.0
1790114047.171,java-order-service,jvm_memory_used_bytes,"{area=""nonheap"",id=""CodeHeap 'non-profiled nmethods'"",language=""java"",service=""java-order-service"",}",3902720.0
1790114047.171,java-order-service,jvm_memory_used_bytes,"{area=""heap"",id=""G1 Eden Space"",language=""java"",service=""java-order-service"",}",0.0
1790114047.171,java-order-service,jvm_memory_used_bytes,"{area=""nonheap"",id=""CodeHeap 'profiled nmethods'"",language=""java"",service=""java-order-service"",}",14000000.0
1790114047.171,java-order-service,jvm_memory_used_bytes,"{area=""nonheap"",id=""CodeHeap 'non-nmethods'"",language=""java"",service=""java-order-service"",}",1609984.0
1790114047.171,java-order-service,jvm_memory_used_bytes,"{area=""heap"",id=""G1 Survivor Space"",language=""java"",service=""java-order-service"",}",4165552.0
1790114047.171,java-order-service,jvm_memory_used_bytes,"{area=""nonheap"",id=""Compressed Class Space"",language=""java"",service=""java-order-service"",}",10681192.0
1790114047.171,java-order-service,jvm_memory_used_bytes,"{area=""heap"",id=""G1 Old Gen"",language=""java"",service=""java-order-service"",}",31259288.0
1790114047.171,java-order-service,jvm_memory_used_bytes,"{area=""nonheap"",id=""Metaspace"",language=""java"",service=""java-order-service"",}",78403912.0
1790114047.171,java-order-service,hikaricp_connections_acquire_seconds_count,"{language=""java"",pool=""HikariPool-1"",service=""java-order-service"",}",106.0
1790114047.171,java-order-service,hikaricp_connections_acquire_seconds_sum,"{language=""java"",pool=""HikariPool-1"",service=""java-order-service"",}",0.023782041
1790114047.171,java-order-service,hikaricp_connections_usage_seconds_count,"{language=""java"",pool=""HikariPool-1"",service=""java-order-service"",}",106.0
1790114047.171,java-order-service,hikaricp_connections_usage_seconds_sum,"{language=""java"",pool=""HikariPool-1"",service=""java-order-service"",}",0.002
1790114047.171,java-order-service,tomcat_threads_config_max_threads,"{language=""java"",name=""http-nio-9083"",service=""java-order-service"",}",-1.0
1790114047.171,java-order-service,system_cpu_usage,"{language=""java"",service=""java-order-service"",}",0.043894333333333334
1790114047.171,java-order-service,hikaricp_connections_pending,"{language=""java"",pool=""HikariPool-1"",service=""java-order-service"",}",0.0
1790114047.171,java-order-service,hikaricp_connections_active,"{language=""java"",pool=""HikariPool-1"",service=""java-order-service"",}",0.0
1790114047.171,java-order-service,tomcat_threads_current_threads,"{language=""java"",name=""http-nio-9083"",service=""java-order-service"",}",-1.0
1790114047.171,java-order-service,jvm_memory_committed_bytes,"{area=""nonheap"",id=""CodeHeap 'non-profiled nmethods'"",language=""java"",service=""java-order-service"",}",3932160.0
1790114047.171,java-order-service,jvm_memory_committed_bytes,"{area=""heap"",id=""G1 Eden Space"",language=""java"",service=""java-order-service"",}",45088768.0
1790114047.171,java-order-service,jvm_memory_committed_bytes,"{area=""nonheap"",id=""CodeHeap 'profiled nmethods'"",language=""java"",service=""java-order-service"",}",14024704.0
1790114047.171,java-order-service,jvm_memory_committed_bytes,"{area=""nonheap"",id=""CodeHeap 'non-nmethods'"",language=""java"",service=""java-order-service"",}",2555904.0
1790114047.171,java-order-service,jvm_memory_committed_bytes,"{area=""heap"",id=""G1 Survivor Space"",language=""java"",service=""java-order-service"",}",4194304.0
1790114047.171,java-order-service,jvm_memory_committed_bytes,"{area=""nonheap"",id=""Compressed Class Space"",language=""java"",service=""java-order-service"",}",11075584.0
1790114047.171,java-order-service,jvm_memory_committed_bytes,"{area=""heap"",id=""G1 Old Gen"",language=""java"",service=""java-order-service"",}",34603008.0
1790114047.171,java-order-service,jvm_memory_committed_bytes,"{area=""nonheap"",id=""Metaspace"",language=""java"",service=""java-order-service"",}",79298560.0
1790114054.978,java-user-service,hikaricp_connections_pending,"{framework=""spring-boot"",language=""java"",pool=""HikariPool-1"",service=""java-user-service"",}",81.0
1790114054.978,java-user-service,hikaricp_connections_acquire_seconds_count,"{framework=""spring-boot"",language=""java"",pool=""HikariPool-1"",service=""java-user-service"",}",2349.0
1790114054.978,java-user-service,hikaricp_connections_acquire_seconds_sum,"{framework=""spring-boot"",language=""java"",pool=""HikariPool-1"",service=""java-user-service"",}",599.934732832
1790114054.978,java-user-service,jvm_gc_pause_seconds_count,"{action=""end of minor GC"",cause=""G1 Evacuation Pause"",framework=""spring-boot"",gc=""G1 Young Generation"",language=""java"",service=""java-user-service"",}",56.0
1790114054.978,java-user-service,jvm_gc_pause_seconds_sum,"{action=""end of minor GC"",cause=""G1 Evacuation Pause"",framework=""spring-boot"",gc=""G1 Young Generation"",language=""java"",service=""java-user-service"",}",0.267
1790114054.978,java-user-service,process_cpu_usage,"{framework=""spring-boot"",language=""java"",service=""java-user-service"",}",0.9888888888888889
1790114054.978,java-user-service,hikaricp_connections_usage_seconds_count,"{framework=""spring-boot"",language=""java"",pool=""HikariPool-1"",service=""java-user-service"",}",2329.0
1790114054.978,java-user-service,hikaricp_connections_usage_seconds_sum,"{framework=""spring-boot"",language=""java"",pool=""HikariPool-1"",service=""java-user-service"",}",739.753
1790114054.978,java-user-service,jvm_memory_used_bytes,"{area=""nonheap"",framework=""spring-boot"",id=""CodeHeap 'non-nmethods'"",language=""java"",service=""java-user-service"",}",1643776.0
1790114054.978,java-user-service,jvm_memory_used_bytes,"{area=""nonheap"",framework=""spring-boot"",id=""CodeHeap 'non-profiled nmethods'"",language=""java"",service=""java-user-service"",}",9946112.0
1790114054.978,java-user-service,jvm_memory_used_bytes,"{area=""heap"",framework=""spring-boot"",id=""G1 Survivor Space"",language=""java"",service=""java-user-service"",}",7340032.0
1790114054.978,java-user-service,jvm_memory_used_bytes,"{area=""heap"",framework=""spring-boot"",id=""G1 Old Gen"",language=""java"",service=""java-user-service"",}",59506072.0
1790114054.978,java-user-service,jvm_memory_used_bytes,"{area=""nonheap"",framework=""spring-boot"",id=""Metaspace"",language=""java"",service=""java-user-service"",}",103884048.0
1790114054.978,java-user-service,jvm_memory_used_bytes,"{area=""heap"",framework=""spring-boot"",id=""G1 Eden Space"",language=""java"",service=""java-user-service"",}",8388608.0
1790114054.978,java-user-service,jvm_memory_used_bytes,"{area=""nonheap"",framework=""spring-boot"",id=""Compressed Class Space"",language=""java"",service=""java-user-service"",}",13402448.0
1790114054.978,java-user-service,jvm_memory_used_bytes,"{area=""nonheap"",framework=""spring-boot"",id=""CodeHeap 'profiled nmethods'"",language=""java"",service=""java-user-service"",}",25827712.0
1790114054.978,java-user-service,tomcat_threads_config_max_threads,"{framework=""spring-boot"",language=""java"",name=""http-nio-9081"",service=""java-user-service"",}",-1.0
1790114054.978,java-user-service,system_cpu_usage,"{framework=""spring-boot"",language=""java"",service=""java-user-service"",}",0.9904028395061728
1790114054.978,java-user-service,tomcat_threads_current_threads,"{framework=""spring-boot"",language=""java"",name=""http-nio-9081"",service=""java-user-service"",}",-1.0
1790114054.978,java-user-service,tomcat_threads_busy_threads,"{framework=""spring-boot"",language=""java"",name=""http-nio-9081"",service=""java-user-service"",}",-1.0
1790114054.978,java-user-service,jvm_memory_committed_bytes,"{area=""nonheap"",framework=""spring-boot"",id=""CodeHeap 'non-nmethods'"",language=""java"",service=""java-user-service"",}",2555904.0
1790114054.978,java-user-service,jvm_memory_committed_bytes,"{area=""nonheap"",framework=""spring-boot"",id=""CodeHeap 'non-profiled nmethods'"",language=""java"",service=""java-user-service"",}",9961472.0
1790114054.978,java-user-service,jvm_memory_committed_bytes,"{area=""heap"",framework=""spring-boot"",id=""G1 Survivor Space"",language=""java"",service=""java-user-service"",}",7340032.0
1790114054.978,java-user-service,jvm_memory_committed_bytes,"{area=""heap"",framework=""spring-boot"",id=""G1 Old Gen"",language=""java"",service=""java-user-service"",}",69206016.0
1790114054.978,java-user-service,jvm_memory_committed_bytes,"{area=""nonheap"",framework=""spring-boot"",id=""Metaspace"",language=""java"",service=""java-user-service"",}",104857600.0
1790114054.978,java-user-service,jvm_memory_committed_bytes,"{area=""heap"",framework=""spring-boot"",id=""G1 Eden Space"",language=""java"",service=""java-user-service"",}",48234496.0
1790114054.978,java-user-service,jvm_memory_committed_bytes,"{area=""nonheap"",framework=""spring-boot"",id=""Compressed Class Space"",language=""java"",service=""java-user-service"",}",13893632.0
1790114054.978,java-user-service,jvm_memory_committed_bytes,"{area=""nonheap"",framework=""spring-boot"",id=""CodeHeap 'profiled nmethods'"",language=""java"",service=""java-user-service"",}",27721728.0
1790114054.978,java-user-service,hikaricp_connections_active,"{framework=""spring-boot"",language=""java"",pool=""HikariPool-1"",service=""java-user-service"",}",20.0
1790114054.978,java-product-service,tomcat_threads_busy_threads,"{language=""java"",name=""http-nio-9082"",service=""java-product-service"",}",-1.0
1790114054.978,java-product-service,jvm_gc_pause_seconds_count,"{action=""end of minor GC"",cause=""G1 Evacuation Pause"",gc=""G1 Young Generation"",language=""java"",service=""java-product-service"",}",4.0
1790114054.978,java-product-service,jvm_gc_pause_seconds_sum,"{action=""end of minor GC"",cause=""G1 Evacuation Pause"",gc=""G1 Young Generation"",language=""java"",service=""java-product-service"",}",0.049
1790114054.978,java-product-service,hikaricp_connections_active,"{language=""java"",pool=""HikariPool-1"",service=""java-product-service"",}",0.0
1790114054.978,java-product-service,tomcat_threads_current_threads,"{language=""java"",name=""http-nio-9082"",service=""java-product-service"",}",-1.0
1790114054.978,java-product-service,hikaricp_connections_usage_seconds_count,"{language=""java"",pool=""HikariPool-1"",service=""java-product-service"",}",124.0
1790114054.978,java-product-service,hikaricp_connections_usage_seconds_sum,"{language=""java"",pool=""HikariPool-1"",service=""java-product-service"",}",0.324
1790114054.978,java-product-service,hikaricp_connections_acquire_seconds_count,"{language=""java"",pool=""HikariPool-1"",service=""java-product-service"",}",124.0
1790114054.978,java-product-service,hikaricp_connections_acquire_seconds_sum,"{language=""java"",pool=""HikariPool-1"",service=""java-product-service"",}",0.060361165
1790114054.978,java-product-service,process_cpu_usage,"{language=""java"",service=""java-product-service"",}",0.08888888888888889
1790114054.978,java-product-service,hikaricp_connections_pending,"{language=""java"",pool=""HikariPool-1"",service=""java-product-service"",}",0.0
1790114054.978,java-product-service,system_cpu_usage,"{language=""java"",service=""java-product-service"",}",0.09758444444444445
1790114054.978,java-product-service,tomcat_threads_config_max_threads,"{language=""java"",name=""http-nio-9082"",service=""java-product-service"",}",-1.0
1790114054.978,java-product-service,jvm_memory_used_bytes,"{area=""nonheap"",id=""CodeHeap 'non-nmethods'"",language=""java"",service=""java-product-service"",}",1639552.0
1790114054.978,java-product-service,jvm_memory_used_bytes,"{area=""heap"",id=""G1 Eden Space"",language=""java"",service=""java-product-service"",}",1048576.0
1790114054.978,java-product-service,jvm_memory_used_bytes,"{area=""nonheap"",id=""Metaspace"",language=""java"",service=""java-product-service"",}",97166152.0
1790114054.978,java-product-service,jvm_memory_used_bytes,"{area=""heap"",id=""G1 Old Gen"",language=""java"",service=""java-product-service"",}",37723768.0
1790114054.978,java-product-service,jvm_memory_used_bytes,"{area=""nonheap"",id=""Compressed Class Space"",language=""java"",service=""java-product-service"",}",12904080.0
1790114054.978,java-product-service,jvm_memory_used_bytes,"{area=""heap"",id=""G1 Survivor Space"",language=""java"",service=""java-product-service"",}",4024160.0
1790114054.978,java-product-service,jvm_memory_used_bytes,"{area=""nonheap"",id=""CodeHeap 'profiled nmethods'"",language=""java"",service=""java-product-service"",}",22320640.0
1790114054.978,java-product-service,jvm_memory_used_bytes,"{area=""nonheap"",id=""CodeHeap 'non-profiled nmethods'"",language=""java"",service=""java-product-service"",}",6031232.0
1790114054.978,java-product-service,jvm_memory_committed_bytes,"{area=""nonheap"",id=""CodeHeap 'non-nmethods'"",language=""java"",service=""java-product-service"",}",2555904.0
1790114054.978,java-product-service,jvm_memory_committed_bytes,"{area=""heap"",id=""G1 Eden Space"",language=""java"",service=""java-product-service"",}",68157440.0
1790114054.978,java-product-service,jvm_memory_committed_bytes,"{area=""nonheap"",id=""Metaspace"",language=""java"",service=""java-product-service"",}",98107392.0
1790114054.978,java-product-service,jvm_memory_committed_bytes,"{area=""heap"",id=""G1 Old Gen"",language=""java"",service=""java-product-service"",}",41943040.0
1790114054.978,java-product-service,jvm_memory_committed_bytes,"{area=""nonheap"",id=""Compressed Class Space"",language=""java"",service=""java-product-service"",}",13369344.0
1790114054.978,java-product-service,jvm_memory_committed_bytes,"{area=""heap"",id=""G1 Survivor Space"",language=""java"",service=""java-product-service"",}",4194304.0
1790114054.978,java-product-service,jvm_memory_committed_bytes,"{area=""nonheap"",id=""CodeHeap 'profiled nmethods'"",language=""java"",service=""java-product-service"",}",24117248.0
1790114054.978,java-product-service,jvm_memory_committed_bytes,"{area=""nonheap"",id=""CodeHeap 'non-profiled nmethods'"",language=""java"",service=""java-product-service"",}",6488064.0
1790114054.978,java-order-service,process_cpu_usage,"{language=""java"",service=""java-order-service"",}",0.04
1790114054.978,java-order-service,tomcat_threads_busy_threads,"{language=""java"",name=""http-nio-9083"",service=""java-order-service"",}",-1.0
1790114054.978,java-order-service,jvm_memory_used_bytes,"{area=""nonheap"",id=""CodeHeap 'non-profiled nmethods'"",language=""java"",service=""java-order-service"",}",3929600.0
1790114054.978,java-order-service,jvm_memory_used_bytes,"{area=""heap"",id=""G1 Eden Space"",language=""java"",service=""java-order-service"",}",1048576.0
1790114054.978,java-order-service,jvm_memory_used_bytes,"{area=""nonheap"",id=""CodeHeap 'profiled nmethods'"",language=""java"",service=""java-order-service"",}",14116224.0
1790114054.978,java-order-service,jvm_memory_used_bytes,"{area=""nonheap"",id=""CodeHeap 'non-nmethods'"",language=""java"",service=""java-order-service"",}",1609984.0
1790114054.978,java-order-service,jvm_memory_used_bytes,"{area=""heap"",id=""G1 Survivor Space"",language=""java"",service=""java-order-service"",}",4165552.0
1790114054.978,java-order-service,jvm_memory_used_bytes,"{area=""nonheap"",id=""Compressed Class Space"",language=""java"",service=""java-order-service"",}",10684408.0
1790114054.978,java-order-service,jvm_memory_used_bytes,"{area=""heap"",id=""G1 Old Gen"",language=""java"",service=""java-order-service"",}",31259288.0
1790114054.978,java-order-service,jvm_memory_used_bytes,"{area=""nonheap"",id=""Metaspace"",language=""java"",service=""java-order-service"",}",78441720.0
1790114054.978,java-order-service,hikaricp_connections_acquire_seconds_count,"{language=""java"",pool=""HikariPool-1"",service=""java-order-service"",}",110.0
1790114054.978,java-order-service,hikaricp_connections_acquire_seconds_sum,"{language=""java"",pool=""HikariPool-1"",service=""java-order-service"",}",0.025002958
1790114054.978,java-order-service,hikaricp_connections_usage_seconds_count,"{language=""java"",pool=""HikariPool-1"",service=""java-order-service"",}",110.0
1790114054.978,java-order-service,hikaricp_connections_usage_seconds_sum,"{language=""java"",pool=""HikariPool-1"",service=""java-order-service"",}",0.002
1790114054.978,java-order-service,tomcat_threads_config_max_threads,"{language=""java"",name=""http-nio-9083"",service=""java-order-service"",}",-1.0
1790114054.978,java-order-service,system_cpu_usage,"{language=""java"",service=""java-order-service"",}",0.03841933333333333
1790114054.978,java-order-service,hikaricp_connections_pending,"{language=""java"",pool=""HikariPool-1"",service=""java-order-service"",}",0.0
1790114054.978,java-order-service,jvm_gc_pause_seconds_count,"{action=""end of minor GC"",cause=""G1 Evacuation Pause"",gc=""G1 Young Generation"",language=""java"",service=""java-order-service"",}",1.0
1790114054.978,java-order-service,jvm_gc_pause_seconds_sum,"{action=""end of minor GC"",cause=""G1 Evacuation Pause"",gc=""G1 Young Generation"",language=""java"",service=""java-order-service"",}",0.025
1790114054.978,java-order-service,hikaricp_connections_active,"{language=""java"",pool=""HikariPool-1"",service=""java-order-service"",}",0.0
1790114054.978,java-order-service,tomcat_threads_current_threads,"{language=""java"",name=""http-nio-9083"",service=""java-order-service"",}",-1.0
1790114054.978,java-order-service,jvm_memory_committed_bytes,"{area=""nonheap"",id=""CodeHeap 'non-profiled nmethods'"",language=""java"",service=""java-order-service"",}",3932160.0
1790114054.978,java-order-service,jvm_memory_committed_bytes,"{area=""heap"",id=""G1 Eden Space"",language=""java"",service=""java-order-service"",}",45088768.0
1790114054.978,java-order-service,jvm_memory_committed_bytes,"{area=""nonheap"",id=""CodeHeap 'profiled nmethods'"",language=""java"",service=""java-order-service"",}",14155776.0
1790114054.978,java-order-service,jvm_memory_committed_bytes,"{area=""nonheap"",id=""CodeHeap 'non-nmethods'"",language=""java"",service=""java-order-service"",}",2555904.0
1790114054.978,java-order-service,jvm_memory_committed_bytes,"{area=""heap"",id=""G1 Survivor Space"",language=""java"",service=""java-order-service"",}",4194304.0
1790114054.978,java-order-service,jvm_memory_committed_bytes,"{area=""nonheap"",id=""Compressed Class Space"",language=""java"",service=""java-order-service"",}",11075584.0
1790114054.978,java-order-service,jvm_memory_committed_bytes,"{area=""heap"",id=""G1 Old Gen"",language=""java"",service=""java-order-service"",}",34603008.0
1790114054.978,java-order-service,jvm_memory_committed_bytes,"{area=""nonheap"",id=""Metaspace"",language=""java"",service=""java-order-service"",}",79364096.0
1790114060.265,java-user-service,hikaricp_connections_pending,"{framework=""spring-boot"",language=""java"",pool=""HikariPool-1"",service=""java-user-service"",}",0.0
1790114060.265,java-user-service,hikaricp_connections_acquire_seconds_count,"{framework=""spring-boot"",language=""java"",pool=""HikariPool-1"",service=""java-user-service"",}",2627.0
1790114060.265,java-user-service,hikaricp_connections_acquire_seconds_sum,"{framework=""spring-boot"",language=""java"",pool=""HikariPool-1"",service=""java-user-service"",}",1011.480471117
1790114060.265,java-user-service,jvm_gc_pause_seconds_count,"{action=""end of minor GC"",cause=""G1 Evacuation Pause"",framework=""spring-boot"",gc=""G1 Young Generation"",language=""java"",service=""java-user-service"",}",63.0
1790114060.265,java-user-service,jvm_gc_pause_seconds_sum,"{action=""end of minor GC"",cause=""G1 Evacuation Pause"",framework=""spring-boot"",gc=""G1 Young Generation"",language=""java"",service=""java-user-service"",}",0.283
1790114060.265,java-user-service,process_cpu_usage,"{framework=""spring-boot"",language=""java"",service=""java-user-service"",}",0.9950617283950617
1790114060.265,java-user-service,hikaricp_connections_usage_seconds_count,"{framework=""spring-boot"",language=""java"",pool=""HikariPool-1"",service=""java-user-service"",}",2607.0
1790114060.265,java-user-service,hikaricp_connections_usage_seconds_sum,"{framework=""spring-boot"",language=""java"",pool=""HikariPool-1"",service=""java-user-service"",}",851.978
1790114060.265,java-user-service,jvm_memory_used_bytes,"{area=""nonheap"",framework=""spring-boot"",id=""CodeHeap 'non-nmethods'"",language=""java"",service=""java-user-service"",}",1643776.0
1790114060.265,java-user-service,jvm_memory_used_bytes,"{area=""nonheap"",framework=""spring-boot"",id=""CodeHeap 'non-profiled nmethods'"",language=""java"",service=""java-user-service"",}",10156160.0
1790114060.265,java-user-service,jvm_memory_used_bytes,"{area=""heap"",framework=""spring-boot"",id=""G1 Survivor Space"",language=""java"",service=""java-user-service"",}",2450656.0
1790114060.265,java-user-service,jvm_memory_used_bytes,"{area=""heap"",framework=""spring-boot"",id=""G1 Old Gen"",language=""java"",service=""java-user-service"",}",69412792.0
1790114060.265,java-user-service,jvm_memory_used_bytes,"{area=""nonheap"",framework=""spring-boot"",id=""Metaspace"",language=""java"",service=""java-user-service"",}",103898672.0
1790114060.265,java-user-service,jvm_memory_used_bytes,"{area=""heap"",framework=""spring-boot"",id=""G1 Eden Space"",language=""java"",service=""java-user-service"",}",18874368.0
1790114060.265,java-user-service,jvm_memory_used_bytes,"{area=""nonheap"",framework=""spring-boot"",id=""Compressed Class Space"",language=""java"",service=""java-user-service"",}",13403152.0
1790114060.265,java-user-service,jvm_memory_used_bytes,"{area=""nonheap"",framework=""spring-boot"",id=""CodeHeap 'profiled nmethods'"",language=""java"",service=""java-user-service"",}",25519360.0
1790114060.265,java-user-service,tomcat_threads_config_max_threads,"{framework=""spring-boot"",language=""java"",name=""http-nio-9081"",service=""java-user-service"",}",-1.0
1790114060.265,java-user-service,system_cpu_usage,"{framework=""spring-boot"",language=""java"",service=""java-user-service"",}",0.9945733333333333
1790114060.265,java-user-service,tomcat_threads_current_threads,"{framework=""spring-boot"",language=""java"",name=""http-nio-9081"",service=""java-user-service"",}",-1.0
1790114060.265,java-user-service,tomcat_threads_busy_threads,"{framework=""spring-boot"",language=""java"",name=""http-nio-9081"",service=""java-user-service"",}",-1.0
1790114060.265,java-user-service,jvm_memory_committed_bytes,"{area=""nonheap"",framework=""spring-boot"",id=""CodeHeap 'non-nmethods'"",language=""java"",service=""java-user-service"",}",2555904.0
1790114060.265,java-user-service,jvm_memory_committed_bytes,"{area=""nonheap"",framework=""spring-boot"",id=""CodeHeap 'non-profiled nmethods'"",language=""java"",service=""java-user-service"",}",10158080.0
1790114060.265,java-user-service,jvm_memory_committed_bytes,"{area=""heap"",framework=""spring-boot"",id=""G1 Survivor Space"",language=""java"",service=""java-user-service"",}",3145728.0
1790114060.265,java-user-service,jvm_memory_committed_bytes,"{area=""heap"",framework=""spring-boot"",id=""G1 Old Gen"",language=""java"",service=""java-user-service"",}",77594624.0
1790114060.265,java-user-service,jvm_memory_committed_bytes,"{area=""nonheap"",framework=""spring-boot"",id=""Metaspace"",language=""java"",service=""java-user-service"",}",104857600.0
1790114060.265,java-user-service,jvm_memory_committed_bytes,"{area=""heap"",framework=""spring-boot"",id=""G1 Eden Space"",language=""java"",service=""java-user-service"",}",44040192.0
1790114060.265,java-user-service,jvm_memory_committed_bytes,"{area=""nonheap"",framework=""spring-boot"",id=""Compressed Class Space"",language=""java"",service=""java-user-service"",}",13893632.0
1790114060.265,java-user-service,jvm_memory_committed_bytes,"{area=""nonheap"",framework=""spring-boot"",id=""CodeHeap 'profiled nmethods'"",language=""java"",service=""java-user-service"",}",27721728.0
1790114060.265,java-user-service,hikaricp_connections_active,"{framework=""spring-boot"",language=""java"",pool=""HikariPool-1"",service=""java-user-service"",}",20.0
1790114060.265,java-product-service,tomcat_threads_busy_threads,"{language=""java"",name=""http-nio-9082"",service=""java-product-service"",}",-1.0
1790114060.265,java-product-service,jvm_gc_pause_seconds_count,"{action=""end of minor GC"",cause=""G1 Evacuation Pause"",gc=""G1 Young Generation"",language=""java"",service=""java-product-service"",}",4.0
1790114060.265,java-product-service,jvm_gc_pause_seconds_sum,"{action=""end of minor GC"",cause=""G1 Evacuation Pause"",gc=""G1 Young Generation"",language=""java"",service=""java-product-service"",}",0.049
1790114060.265,java-product-service,hikaricp_connections_active,"{language=""java"",pool=""HikariPool-1"",service=""java-product-service"",}",0.0
1790114060.265,java-product-service,tomcat_threads_current_threads,"{language=""java"",name=""http-nio-9082"",service=""java-product-service"",}",-1.0
1790114060.265,java-product-service,hikaricp_connections_usage_seconds_count,"{language=""java"",pool=""HikariPool-1"",service=""java-product-service"",}",126.0
1790114060.265,java-product-service,hikaricp_connections_usage_seconds_sum,"{language=""java"",pool=""HikariPool-1"",service=""java-product-service"",}",0.324
1790114060.265,java-product-service,hikaricp_connections_acquire_seconds_count,"{language=""java"",pool=""HikariPool-1"",service=""java-product-service"",}",126.0
1790114060.265,java-product-service,hikaricp_connections_acquire_seconds_sum,"{language=""java"",pool=""HikariPool-1"",service=""java-product-service"",}",0.060869956
1790114060.265,java-product-service,process_cpu_usage,"{language=""java"",service=""java-product-service"",}",0.013333333333333334
1790114060.265,java-product-service,hikaricp_connections_pending,"{language=""java"",pool=""HikariPool-1"",service=""java-product-service"",}",0.0
1790114060.265,java-product-service,system_cpu_usage,"{language=""java"",service=""java-product-service"",}",0.014556
1790114060.265,java-product-service,tomcat_threads_config_max_threads,"{language=""java"",name=""http-nio-9082"",service=""java-product-service"",}",-1.0
1790114060.265,java-product-service,jvm_memory_used_bytes,"{area=""nonheap"",id=""CodeHeap 'non-nmethods'"",language=""java"",service=""java-product-service"",}",1639552.0
1790114060.265,java-product-service,jvm_memory_used_bytes,"{area=""heap"",id=""G1 Eden Space"",language=""java"",service=""java-product-service"",}",3145728.0
1790114060.265,java-product-service,jvm_memory_used_bytes,"{area=""nonheap"",id=""Metaspace"",language=""java"",service=""java-product-service"",}",97167584.0
1790114060.265,java-product-service,jvm_memory_used_bytes,"{area=""heap"",id=""G1 Old Gen"",language=""java"",service=""java-product-service"",}",37723768.0
1790114060.265,java-product-service,jvm_memory_used_bytes,"{area=""nonheap"",id=""Compressed Class Space"",language=""java"",service=""java-product-service"",}",12904080.0
1790114060.265,java-product-service,jvm_memory_used_bytes,"{area=""heap"",id=""G1 Survivor Space"",language=""java"",service=""java-product-service"",}",4024160.0
1790114060.265,java-product-service,jvm_memory_used_bytes,"{area=""nonheap"",id=""CodeHeap 'profiled nmethods'"",language=""java"",service=""java-product-service"",}",22331904.0
1790114060.265,java-product-service,jvm_memory_used_bytes,"{area=""nonheap"",id=""CodeHeap 'non-profiled nmethods'"",language=""java"",service=""java-product-service"",}",6038272.0
1790114060.265,java-product-service,jvm_memory_committed_bytes,"{area=""nonheap"",id=""CodeHeap 'non-nmethods'"",language=""java"",service=""java-product-service"",}",2555904.0
1790114060.265,java-product-service,jvm_memory_committed_bytes,"{area=""heap"",id=""G1 Eden Space"",language=""java"",service=""java-product-service"",}",68157440.0
1790114060.265,java-product-service,jvm_memory_committed_bytes,"{area=""nonheap"",id=""Metaspace"",language=""java"",service=""java-product-service"",}",98107392.0
1790114060.265,java-product-service,jvm_memory_committed_bytes,"{area=""heap"",id=""G1 Old Gen"",language=""java"",service=""java-product-service"",}",41943040.0
1790114060.265,java-product-service,jvm_memory_committed_bytes,"{area=""nonheap"",id=""Compressed Class Space"",language=""java"",service=""java-product-service"",}",13369344.0
1790114060.265,java-product-service,jvm_memory_committed_bytes,"{area=""heap"",id=""G1 Survivor Space"",language=""java"",service=""java-product-service"",}",4194304.0
1790114060.265,java-product-service,jvm_memory_committed_bytes,"{area=""nonheap"",id=""CodeHeap 'profiled nmethods'"",language=""java"",service=""java-product-service"",}",24117248.0
1790114060.265,java-product-service,jvm_memory_committed_bytes,"{area=""nonheap"",id=""CodeHeap 'non-profiled nmethods'"",language=""java"",service=""java-product-service"",}",6488064.0
1790114060.265,java-order-service,process_cpu_usage,"{language=""java"",service=""java-order-service"",}",0.08484848484848485
1790114060.265,java-order-service,tomcat_threads_busy_threads,"{language=""java"",name=""http-nio-9083"",service=""java-order-service"",}",-1.0
1790114060.265,java-order-service,jvm_memory_used_bytes,"{area=""nonheap"",id=""CodeHeap 'non-profiled nmethods'"",language=""java"",service=""java-order-service"",}",4019072.0
1790114060.265,java-order-service,jvm_memory_used_bytes,"{area=""heap"",id=""G1 Eden Space"",language=""java"",service=""java-order-service"",}",2097152.0
1790114060.265,java-order-service,jvm_memory_used_bytes,"{area=""nonheap"",id=""CodeHeap 'profiled nmethods'"",language=""java"",service=""java-order-service"",}",14187008.0
1790114060.265,java-order-service,jvm_memory_used_bytes,"{area=""nonheap"",id=""CodeHeap 'non-nmethods'"",language=""java"",service=""java-order-service"",}",1609984.0
1790114060.265,java-order-service,jvm_memory_used_bytes,"{area=""heap"",id=""G1 Survivor Space"",language=""java"",service=""java-order-service"",}",4165552.0
1790114060.265,java-order-service,jvm_memory_used_bytes,"{area=""nonheap"",id=""Compressed Class Space"",language=""java"",service=""java-order-service"",}",10684936.0
1790114060.265,java-order-service,jvm_memory_used_bytes,"{area=""heap"",id=""G1 Old Gen"",language=""java"",service=""java-order-service"",}",31259288.0
1790114060.265,java-order-service,jvm_memory_used_bytes,"{area=""nonheap"",id=""Metaspace"",language=""java"",service=""java-order-service"",}",78465216.0
1790114060.265,java-order-service,hikaricp_connections_acquire_seconds_count,"{language=""java"",pool=""HikariPool-1"",service=""java-order-service"",}",114.0
1790114060.265,java-order-service,hikaricp_connections_acquire_seconds_sum,"{language=""java"",pool=""HikariPool-1"",service=""java-order-service"",}",0.0256145
1790114060.265,java-order-service,hikaricp_connections_usage_seconds_count,"{language=""java"",pool=""HikariPool-1"",service=""java-order-service"",}",114.0
1790114060.265,java-order-service,hikaricp_connections_usage_seconds_sum,"{language=""java"",pool=""HikariPool-1"",service=""java-order-service"",}",0.002
1790114060.265,java-order-service,tomcat_threads_config_max_threads,"{language=""java"",name=""http-nio-9083"",service=""java-order-service"",}",-1.0
1790114060.265,java-order-service,system_cpu_usage,"{language=""java"",service=""java-order-service"",}",0.0895969696969697
1790114060.265,java-order-service,hikaricp_connections_pending,"{language=""java"",pool=""HikariPool-1"",service=""java-order-service"",}",0.0
1790114060.265,java-order-service,jvm_gc_pause_seconds_count,"{action=""end of minor GC"",cause=""G1 Evacuation Pause"",gc=""G1 Young Generation"",language=""java"",service=""java-order-service"",}",1.0
1790114060.265,java-order-service,jvm_gc_pause_seconds_sum,"{action=""end of minor GC"",cause=""G1 Evacuation Pause"",gc=""G1 Young Generation"",language=""java"",service=""java-order-service"",}",0.025
1790114060.265,java-order-service,hikaricp_connections_active,"{language=""java"",pool=""HikariPool-1"",service=""java-order-service"",}",0.0
1790114060.265,java-order-service,tomcat_threads_current_threads,"{language=""java"",name=""http-nio-9083"",service=""java-order-service"",}",-1.0
1790114060.265,java-order-service,jvm_memory_committed_bytes,"{area=""nonheap"",id=""CodeHeap 'non-profiled nmethods'"",language=""java"",service=""java-order-service"",}",4063232.0
1790114060.265,java-order-service,jvm_memory_committed_bytes,"{area=""heap"",id=""G1 Eden Space"",language=""java"",service=""java-order-service"",}",45088768.0
1790114060.265,java-order-service,jvm_memory_committed_bytes,"{area=""nonheap"",id=""CodeHeap 'profiled nmethods'"",language=""java"",service=""java-order-service"",}",14221312.0
1790114060.265,java-order-service,jvm_memory_committed_bytes,"{area=""nonheap"",id=""CodeHeap 'non-nmethods'"",language=""java"",service=""java-order-service"",}",2555904.0
1790114060.265,java-order-service,jvm_memory_committed_bytes,"{area=""heap"",id=""G1 Survivor Space"",language=""java"",service=""java-order-service"",}",4194304.0
1790114060.265,java-order-service,jvm_memory_committed_bytes,"{area=""nonheap"",id=""Compressed Class Space"",language=""java"",service=""java-order-service"",}",11075584.0
1790114060.265,java-order-service,jvm_memory_committed_bytes,"{area=""heap"",id=""G1 Old Gen"",language=""java"",service=""java-order-service"",}",34603008.0
1790114060.265,java-order-service,jvm_memory_committed_bytes,"{area=""nonheap"",id=""Metaspace"",language=""java"",service=""java-order-service"",}",79364096.0
1790114065.651,java-user-service,hikaricp_connections_pending,"{framework=""spring-boot"",language=""java"",pool=""HikariPool-1"",service=""java-user-service"",}",0.0
1790114065.651,java-user-service,hikaricp_connections_acquire_seconds_count,"{framework=""spring-boot"",language=""java"",pool=""HikariPool-1"",service=""java-user-service"",}",2799.0
1790114065.651,java-user-service,hikaricp_connections_acquire_seconds_sum,"{framework=""spring-boot"",language=""java"",pool=""HikariPool-1"",service=""java-user-service"",}",1376.530806654
1790114065.651,java-user-service,jvm_gc_pause_seconds_count,"{action=""end of minor GC"",cause=""G1 Evacuation Pause"",framework=""spring-boot"",gc=""G1 Young Generation"",language=""java"",service=""java-user-service"",}",71.0
1790114065.651,java-user-service,jvm_gc_pause_seconds_sum,"{action=""end of minor GC"",cause=""G1 Evacuation Pause"",framework=""spring-boot"",gc=""G1 Young Generation"",language=""java"",service=""java-user-service"",}",0.303
1790114065.651,java-user-service,process_cpu_usage,"{framework=""spring-boot"",language=""java"",service=""java-user-service"",}",1.0
1790114065.651,java-user-service,hikaricp_connections_usage_seconds_count,"{framework=""spring-boot"",language=""java"",pool=""HikariPool-1"",service=""java-user-service"",}",2796.0
1790114065.651,java-user-service,hikaricp_connections_usage_seconds_sum,"{framework=""spring-boot"",language=""java"",pool=""HikariPool-1"",service=""java-user-service"",}",973.719
1790114065.651,java-user-service,jvm_memory_used_bytes,"{area=""nonheap"",framework=""spring-boot"",id=""CodeHeap 'non-nmethods'"",language=""java"",service=""java-user-service"",}",1643776.0
1790114065.651,java-user-service,jvm_memory_used_bytes,"{area=""nonheap"",framework=""spring-boot"",id=""CodeHeap 'non-profiled nmethods'"",language=""java"",service=""java-user-service"",}",10479488.0
1790114065.651,java-user-service,jvm_memory_used_bytes,"{area=""heap"",framework=""spring-boot"",id=""G1 Survivor Space"",language=""java"",service=""java-user-service"",}",2097152.0
1790114065.651,java-user-service,jvm_memory_used_bytes,"{area=""heap"",framework=""spring-boot"",id=""G1 Old Gen"",language=""java"",service=""java-user-service"",}",67000424.0
1790114065.651,java-user-service,jvm_memory_used_bytes,"{area=""nonheap"",framework=""spring-boot"",id=""Metaspace"",language=""java"",service=""java-user-service"",}",103910664.0
1790114065.651,java-user-service,jvm_memory_used_bytes,"{area=""heap"",framework=""spring-boot"",id=""G1 Eden Space"",language=""java"",service=""java-user-service"",}",33554432.0
1790114065.651,java-user-service,jvm_memory_used_bytes,"{area=""nonheap"",framework=""spring-boot"",id=""Compressed Class Space"",language=""java"",service=""java-user-service"",}",13403720.0
1790114065.651,java-user-service,jvm_memory_used_bytes,"{area=""nonheap"",framework=""spring-boot"",id=""CodeHeap 'profiled nmethods'"",language=""java"",service=""java-user-service"",}",25473152.0
1790114065.651,java-user-service,tomcat_threads_config_max_threads,"{framework=""spring-boot"",language=""java"",name=""http-nio-9081"",service=""java-user-service"",}",-1.0
1790114065.651,java-user-service,system_cpu_usage,"{framework=""spring-boot"",language=""java"",service=""java-user-service"",}",1.0
1790114065.651,java-user-service,tomcat_threads_current_threads,"{framework=""spring-boot"",language=""java"",name=""http-nio-9081"",service=""java-user-service"",}",-1.0
1790114065.651,java-user-service,tomcat_threads_busy_threads,"{framework=""spring-boot"",language=""java"",name=""http-nio-9081"",service=""java-user-service"",}",-1.0
1790114065.651,java-user-service,jvm_memory_committed_bytes,"{area=""nonheap"",framework=""spring-boot"",id=""CodeHeap 'non-nmethods'"",language=""java"",service=""java-user-service"",}",2555904.0
1790114065.651,java-user-service,jvm_memory_committed_bytes,"{area=""nonheap"",framework=""spring-boot"",id=""CodeHeap 'non-profiled nmethods'"",language=""java"",service=""java-user-service"",}",10485760.0
1790114065.651,java-user-service,jvm_memory_committed_bytes,"{area=""heap"",framework=""spring-boot"",id=""G1 Survivor Space"",language=""java"",service=""java-user-service"",}",2097152.0
1790114065.651,java-user-service,jvm_memory_committed_bytes,"{area=""heap"",framework=""spring-boot"",id=""G1 Old Gen"",language=""java"",service=""java-user-service"",}",73400320.0
1790114065.651,java-user-service,jvm_memory_committed_bytes,"{area=""nonheap"",framework=""spring-boot"",id=""Metaspace"",language=""java"",service=""java-user-service"",}",104857600.0
1790114065.651,java-user-service,jvm_memory_committed_bytes,"{area=""heap"",framework=""spring-boot"",id=""G1 Eden Space"",language=""java"",service=""java-user-service"",}",53477376.0
1790114065.651,java-user-service,jvm_memory_committed_bytes,"{area=""nonheap"",framework=""spring-boot"",id=""Compressed Class Space"",language=""java"",service=""java-user-service"",}",13893632.0
1790114065.651,java-user-service,jvm_memory_committed_bytes,"{area=""nonheap"",framework=""spring-boot"",id=""CodeHeap 'profiled nmethods'"",language=""java"",service=""java-user-service"",}",27721728.0
1790114065.651,java-user-service,hikaricp_connections_active,"{framework=""spring-boot"",language=""java"",pool=""HikariPool-1"",service=""java-user-service"",}",3.0
1790114065.651,java-product-service,tomcat_threads_busy_threads,"{language=""java"",name=""http-nio-9082"",service=""java-product-service"",}",-1.0
1790114065.651,java-product-service,jvm_gc_pause_seconds_count,"{action=""end of minor GC"",cause=""G1 Evacuation Pause"",gc=""G1 Young Generation"",language=""java"",service=""java-product-service"",}",4.0
1790114065.651,java-product-service,jvm_gc_pause_seconds_sum,"{action=""end of minor GC"",cause=""G1 Evacuation Pause"",gc=""G1 Young Generation"",language=""java"",service=""java-product-service"",}",0.049
1790114065.651,java-product-service,hikaricp_connections_active,"{language=""java"",pool=""HikariPool-1"",service=""java-product-service"",}",0.0
1790114065.651,java-product-service,tomcat_threads_current_threads,"{language=""java"",name=""http-nio-9082"",service=""java-product-service"",}",-1.0
1790114065.651,java-product-service,hikaricp_connections_usage_seconds_count,"{language=""java"",pool=""HikariPool-1"",service=""java-product-service"",}",128.0
1790114065.651,java-product-service,hikaricp_connections_usage_seconds_sum,"{language=""java"",pool=""HikariPool-1"",service=""java-product-service"",}",0.324
1790114065.651,java-product-service,hikaricp_connections_acquire_seconds_count,"{language=""java"",pool=""HikariPool-1"",service=""java-product-service"",}",128.0
1790114065.651,java-product-service,hikaricp_connections_acquire_seconds_sum,"{language=""java"",pool=""HikariPool-1"",service=""java-product-service"",}",0.060880539
1790114065.651,java-product-service,process_cpu_usage,"{language=""java"",service=""java-product-service"",}",0.004166666666666667
1790114065.651,java-product-service,hikaricp_connections_pending,"{language=""java"",pool=""HikariPool-1"",service=""java-product-service"",}",0.0
1790114065.651,java-product-service,system_cpu_usage,"{language=""java"",service=""java-product-service"",}",0.0117
1790114065.651,java-product-service,tomcat_threads_config_max_threads,"{language=""java"",name=""http-nio-9082"",service=""java-product-service"",}",-1.0
1790114065.651,java-product-service,jvm_memory_used_bytes,"{area=""nonheap"",id=""CodeHeap 'non-nmethods'"",language=""java"",service=""java-product-service"",}",1639552.0
1790114065.651,java-product-service,jvm_memory_used_bytes,"{area=""heap"",id=""G1 Eden Space"",language=""java"",service=""java-product-service"",}",4194304.0
1790114065.651,java-product-service,jvm_memory_used_bytes,"{area=""nonheap"",id=""Metaspace"",language=""java"",service=""java-product-service"",}",97167856.0
1790114065.651,java-product-service,jvm_memory_used_bytes,"{area=""heap"",id=""G1 Old Gen"",language=""java"",service=""java-product-service"",}",37723768.0
1790114065.651,java-product-service,jvm_memory_used_bytes,"{area=""nonheap"",id=""Compressed Class Space"",language=""java"",service=""java-product-service"",}",12904080.0
1790114065.651,java-product-service,jvm_memory_used_bytes,"{area=""heap"",id=""G1 Survivor Space"",language=""java"",service=""java-product-service"",}",4024160.0
1790114065.651,java-product-service,jvm_memory_used_bytes,"{area=""nonheap"",id=""CodeHeap 'profiled nmethods'"",language=""java"",service=""java-product-service"",}",22333696.0
1790114065.651,java-product-service,jvm_memory_used_bytes,"{area=""nonheap"",id=""CodeHeap 'non-profiled nmethods'"",language=""java"",service=""java-product-service"",}",6041216.0
1790114065.651,java-product-service,jvm_memory_committed_bytes,"{area=""nonheap"",id=""CodeHeap 'non-nmethods'"",language=""java"",service=""java-product-service"",}",2555904.0
1790114065.651,java-product-service,jvm_memory_committed_bytes,"{area=""heap"",id=""G1 Eden Space"",language=""java"",service=""java-product-service"",}",68157440.0
1790114065.651,java-product-service,jvm_memory_committed_bytes,"{area=""nonheap"",id=""Metaspace"",language=""java"",service=""java-product-service"",}",98107392.0
1790114065.651,java-product-service,jvm_memory_committed_bytes,"{area=""heap"",id=""G1 Old Gen"",language=""java"",service=""java-product-service"",}",41943040.0
1790114065.651,java-product-service,jvm_memory_committed_bytes,"{area=""nonheap"",id=""Compressed Class Space"",language=""java"",service=""java-product-service"",}",13369344.0
1790114065.651,java-product-service,jvm_memory_committed_bytes,"{area=""heap"",id=""G1 Survivor Space"",language=""java"",service=""java-product-service"",}",4194304.0
1790114065.651,java-product-service,jvm_memory_committed_bytes,"{area=""nonheap"",id=""CodeHeap 'profiled nmethods'"",language=""java"",service=""java-product-service"",}",24117248.0
1790114065.651,java-product-service,jvm_memory_committed_bytes,"{area=""nonheap"",id=""CodeHeap 'non-profiled nmethods'"",language=""java"",service=""java-product-service"",}",6488064.0
1790114065.651,java-order-service,process_cpu_usage,"{language=""java"",service=""java-order-service"",}",0.011111111111111112
1790114065.651,java-order-service,tomcat_threads_busy_threads,"{language=""java"",name=""http-nio-9083"",service=""java-order-service"",}",-1.0
1790114065.651,java-order-service,jvm_memory_used_bytes,"{area=""nonheap"",id=""CodeHeap 'non-profiled nmethods'"",language=""java"",service=""java-order-service"",}",4026112.0
1790114065.651,java-order-service,jvm_memory_used_bytes,"{area=""heap"",id=""G1 Eden Space"",language=""java"",service=""java-order-service"",}",3145728.0
1790114065.651,java-order-service,jvm_memory_used_bytes,"{area=""nonheap"",id=""CodeHeap 'profiled nmethods'"",language=""java"",service=""java-order-service"",}",14231680.0
1790114065.651,java-order-service,jvm_memory_used_bytes,"{area=""nonheap"",id=""CodeHeap 'non-nmethods'"",language=""java"",service=""java-order-service"",}",1609984.0
1790114065.651,java-order-service,jvm_memory_used_bytes,"{area=""heap"",id=""G1 Survivor Space"",language=""java"",service=""java-order-service"",}",4165552.0
1790114065.651,java-order-service,jvm_memory_used_bytes,"{area=""nonheap"",id=""Compressed Class Space"",language=""java"",service=""java-order-service"",}",10684936.0
1790114065.651,java-order-service,jvm_memory_used_bytes,"{area=""heap"",id=""G1 Old Gen"",language=""java"",service=""java-order-service"",}",31259288.0
1790114065.651,java-order-service,jvm_memory_used_bytes,"{area=""nonheap"",id=""Metaspace"",language=""java"",service=""java-order-service"",}",78475456.0
1790114065.651,java-order-service,hikaricp_connections_acquire_seconds_count,"{language=""java"",pool=""HikariPool-1"",service=""java-order-service"",}",116.0
1790114065.651,java-order-service,hikaricp_connections_acquire_seconds_sum,"{language=""java"",pool=""HikariPool-1"",service=""java-order-service"",}",0.025892541
1790114065.651,java-order-service,hikaricp_connections_usage_seconds_count,"{language=""java"",pool=""HikariPool-1"",service=""java-order-service"",}",116.0
1790114065.651,java-order-service,hikaricp_connections_usage_seconds_sum,"{language=""java"",pool=""HikariPool-1"",service=""java-order-service"",}",0.002
1790114065.651,java-order-service,tomcat_threads_config_max_threads,"{language=""java"",name=""http-nio-9083"",service=""java-order-service"",}",-1.0
1790114065.651,java-order-service,system_cpu_usage,"{language=""java"",service=""java-order-service"",}",0.01733
1790114065.651,java-order-service,hikaricp_connections_pending,"{language=""java"",pool=""HikariPool-1"",service=""java-order-service"",}",0.0
1790114065.651,java-order-service,jvm_gc_pause_seconds_count,"{action=""end of minor GC"",cause=""G1 Evacuation Pause"",gc=""G1 Young Generation"",language=""java"",service=""java-order-service"",}",1.0
1790114065.651,java-order-service,jvm_gc_pause_seconds_sum,"{action=""end of minor GC"",cause=""G1 Evacuation Pause"",gc=""G1 Young Generation"",language=""java"",service=""java-order-service"",}",0.025
1790114065.651,java-order-service,hikaricp_connections_active,"{language=""java"",pool=""HikariPool-1"",service=""java-order-service"",}",0.0
1790114065.651,java-order-service,tomcat_threads_current_threads,"{language=""java"",name=""http-nio-9083"",service=""java-order-service"",}",-1.0
1790114065.651,java-order-service,jvm_memory_committed_bytes,"{area=""nonheap"",id=""CodeHeap 'non-profiled nmethods'"",language=""java"",service=""java-order-service"",}",4063232.0
1790114065.651,java-order-service,jvm_memory_committed_bytes,"{area=""heap"",id=""G1 Eden Space"",language=""java"",service=""java-order-service"",}",45088768.0
1790114065.651,java-order-service,jvm_memory_committed_bytes,"{area=""nonheap"",id=""CodeHeap 'profiled nmethods'"",language=""java"",service=""java-order-service"",}",14286848.0
1790114065.651,java-order-service,jvm_memory_committed_bytes,"{area=""nonheap"",id=""CodeHeap 'non-nmethods'"",language=""java"",service=""java-order-service"",}",2555904.0
1790114065.651,java-order-service,jvm_memory_committed_bytes,"{area=""heap"",id=""G1 Survivor Space"",language=""java"",service=""java-order-service"",}",4194304.0
1790114065.651,java-order-service,jvm_memory_committed_bytes,"{area=""nonheap"",id=""Compressed Class Space"",language=""java"",service=""java-order-service"",}",11075584.0
1790114065.651,java-order-service,jvm_memory_committed_bytes,"{area=""heap"",id=""G1 Old Gen"",language=""java"",service=""java-order-service"",}",34603008.0
1790114065.651,java-order-service,jvm_memory_committed_bytes,"{area=""nonheap"",id=""Metaspace"",language=""java"",service=""java-order-service"",}",79364096.0
1790114071.769,java-user-service,hikaricp_connections_pending,"{framework=""spring-boot"",language=""java"",pool=""HikariPool-1"",service=""java-user-service"",}",0.0
1790114071.769,java-user-service,hikaricp_connections_acquire_seconds_count,"{framework=""spring-boot"",language=""java"",pool=""HikariPool-1"",service=""java-user-service"",}",2974.0
1790114071.769,java-user-service,hikaricp_connections_acquire_seconds_sum,"{framework=""spring-boot"",language=""java"",pool=""HikariPool-1"",service=""java-user-service"",}",1819.262726715
1790114071.769,java-user-service,jvm_gc_pause_seconds_count,"{action=""end of minor GC"",cause=""G1 Evacuation Pause"",framework=""spring-boot"",gc=""G1 Young Generation"",language=""java"",service=""java-user-service"",}",79.0
1790114071.769,java-user-service,jvm_gc_pause_seconds_sum,"{action=""end of minor GC"",cause=""G1 Evacuation Pause"",framework=""spring-boot"",gc=""G1 Young Generation"",language=""java"",service=""java-user-service"",}",0.323
1790114071.769,java-user-service,process_cpu_usage,"{framework=""spring-boot"",language=""java"",service=""java-user-service"",}",1.0
1790114071.769,java-user-service,hikaricp_connections_usage_seconds_count,"{framework=""spring-boot"",language=""java"",pool=""HikariPool-1"",service=""java-user-service"",}",2963.0
1790114071.769,java-user-service,hikaricp_connections_usage_seconds_sum,"{framework=""spring-boot"",language=""java"",pool=""HikariPool-1"",service=""java-user-service"",}",1095.268
1790114071.769,java-user-service,jvm_memory_used_bytes,"{area=""nonheap"",framework=""spring-boot"",id=""CodeHeap 'non-nmethods'"",language=""java"",service=""java-user-service"",}",1643776.0
1790114071.769,java-user-service,jvm_memory_used_bytes,"{area=""nonheap"",framework=""spring-boot"",id=""CodeHeap 'non-profiled nmethods'"",language=""java"",service=""java-user-service"",}",10723968.0
1790114071.769,java-user-service,jvm_memory_used_bytes,"{area=""heap"",framework=""spring-boot"",id=""G1 Survivor Space"",language=""java"",service=""java-user-service"",}",2729152.0
1790114071.769,java-user-service,jvm_memory_used_bytes,"{area=""heap"",framework=""spring-boot"",id=""G1 Old Gen"",language=""java"",service=""java-user-service"",}",68159688.0
1790114071.769,java-user-service,jvm_memory_used_bytes,"{area=""nonheap"",framework=""spring-boot"",id=""Metaspace"",language=""java"",service=""java-user-service"",}",103944816.0
1790114071.769,java-user-service,jvm_memory_used_bytes,"{area=""heap"",framework=""spring-boot"",id=""G1 Eden Space"",language=""java"",service=""java-user-service"",}",25165824.0
1790114071.769,java-user-service,jvm_memory_used_bytes,"{area=""nonheap"",framework=""spring-boot"",id=""Compressed Class Space"",language=""java"",service=""java-user-service"",}",13404240.0
1790114071.769,java-user-service,jvm_memory_used_bytes,"{area=""nonheap"",framework=""spring-boot"",id=""CodeHeap 'profiled nmethods'"",language=""java"",service=""java-user-service"",}",25304704.0
1790114071.769,java-user-service,tomcat_threads_config_max_threads,"{framework=""spring-boot"",language=""java"",name=""http-nio-9081"",service=""java-user-service"",}",-1.0
1790114071.769,java-user-service,system_cpu_usage,"{framework=""spring-boot"",language=""java"",service=""java-user-service"",}",1.0
1790114071.769,java-user-service,tomcat_threads_current_threads,"{framework=""spring-boot"",language=""java"",name=""http-nio-9081"",service=""java-user-service"",}",-1.0
1790114071.769,java-user-service,tomcat_threads_busy_threads,"{framework=""spring-boot"",language=""java"",name=""http-nio-9081"",service=""java-user-service"",}",-1.0
1790114071.769,java-user-service,jvm_memory_committed_bytes,"{area=""nonheap"",framework=""spring-boot"",id=""CodeHeap 'non-nmethods'"",language=""java"",service=""java-user-service"",}",2555904.0
1790114071.769,java-user-service,jvm_memory_committed_bytes,"{area=""nonheap"",framework=""spring-boot"",id=""CodeHeap 'non-profiled nmethods'"",language=""java"",service=""java-user-service"",}",10747904.0
1790114071.769,java-user-service,jvm_memory_committed_bytes,"{area=""heap"",framework=""spring-boot"",id=""G1 Survivor Space"",language=""java"",service=""java-user-service"",}",3145728.0
1790114071.769,java-user-service,jvm_memory_committed_bytes,"{area=""heap"",framework=""spring-boot"",id=""G1 Old Gen"",language=""java"",service=""java-user-service"",}",74448896.0
1790114071.769,java-user-service,jvm_memory_committed_bytes,"{area=""nonheap"",framework=""spring-boot"",id=""Metaspace"",language=""java"",service=""java-user-service"",}",104988672.0
1790114071.769,java-user-service,jvm_memory_committed_bytes,"{area=""heap"",framework=""spring-boot"",id=""G1 Eden Space"",language=""java"",service=""java-user-service"",}",60817408.0
1790114071.769,java-user-service,jvm_memory_committed_bytes,"{area=""nonheap"",framework=""spring-boot"",id=""Compressed Class Space"",language=""java"",service=""java-user-service"",}",13893632.0
1790114071.769,java-user-service,jvm_memory_committed_bytes,"{area=""nonheap"",framework=""spring-boot"",id=""CodeHeap 'profiled nmethods'"",language=""java"",service=""java-user-service"",}",27721728.0
1790114071.769,java-user-service,hikaricp_connections_active,"{framework=""spring-boot"",language=""java"",pool=""HikariPool-1"",service=""java-user-service"",}",12.0
1790114071.769,java-product-service,tomcat_threads_busy_threads,"{language=""java"",name=""http-nio-9082"",service=""java-product-service"",}",-1.0
1790114071.769,java-product-service,jvm_gc_pause_seconds_count,"{action=""end of minor GC"",cause=""G1 Evacuation Pause"",gc=""G1 Young Generation"",language=""java"",service=""java-product-service"",}",4.0
1790114071.769,java-product-service,jvm_gc_pause_seconds_sum,"{action=""end of minor GC"",cause=""G1 Evacuation Pause"",gc=""G1 Young Generation"",language=""java"",service=""java-product-service"",}",0.049
1790114071.769,java-product-service,hikaricp_connections_active,"{language=""java"",pool=""HikariPool-1"",service=""java-product-service"",}",0.0
1790114071.769,java-product-service,tomcat_threads_current_threads,"{language=""java"",name=""http-nio-9082"",service=""java-product-service"",}",-1.0
1790114071.769,java-product-service,hikaricp_connections_usage_seconds_count,"{language=""java"",pool=""HikariPool-1"",service=""java-product-service"",}",132.0
1790114071.769,java-product-service,hikaricp_connections_usage_seconds_sum,"{language=""java"",pool=""HikariPool-1"",service=""java-product-service"",}",0.324
1790114071.769,java-product-service,hikaricp_connections_acquire_seconds_count,"{language=""java"",pool=""HikariPool-1"",service=""java-product-service"",}",132.0
1790114071.769,java-product-service,hikaricp_connections_acquire_seconds_sum,"{language=""java"",pool=""HikariPool-1"",service=""java-product-service"",}",0.061944164
1790114071.769,java-product-service,process_cpu_usage,"{language=""java"",service=""java-product-service"",}",0.027777777777777776
1790114071.769,java-product-service,hikaricp_connections_pending,"{language=""java"",pool=""HikariPool-1"",service=""java-product-service"",}",0.0
1790114071.769,java-product-service,system_cpu_usage,"{language=""java"",service=""java-product-service"",}",0.02712611111111111
1790114071.769,java-product-service,tomcat_threads_config_max_threads,"{language=""java"",name=""http-nio-9082"",service=""java-product-service"",}",-1.0
1790114071.769,java-product-service,jvm_memory_used_bytes,"{area=""nonheap"",id=""CodeHeap 'non-nmethods'"",language=""java"",service=""java-product-service"",}",1639552.0
1790114071.769,java-product-service,jvm_memory_used_bytes,"{area=""heap"",id=""G1 Eden Space"",language=""java"",service=""java-product-service"",}",6291456.0
1790114071.769,java-product-service,jvm_memory_used_bytes,"{area=""nonheap"",id=""Metaspace"",language=""java"",service=""java-product-service"",}",97184016.0
1790114071.769,java-product-service,jvm_memory_used_bytes,"{area=""heap"",id=""G1 Old Gen"",language=""java"",service=""java-product-service"",}",37723768.0
1790114071.769,java-product-service,jvm_memory_used_bytes,"{area=""nonheap"",id=""Compressed Class Space"",language=""java"",service=""java-product-service"",}",12904600.0
1790114071.769,java-product-service,jvm_memory_used_bytes,"{area=""heap"",id=""G1 Survivor Space"",language=""java"",service=""java-product-service"",}",4024160.0
1790114071.769,java-product-service,jvm_memory_used_bytes,"{area=""nonheap"",id=""CodeHeap 'profiled nmethods'"",language=""java"",service=""java-product-service"",}",22397824.0
1790114071.769,java-product-service,jvm_memory_used_bytes,"{area=""nonheap"",id=""CodeHeap 'non-profiled nmethods'"",language=""java"",service=""java-product-service"",}",6057344.0
1790114071.769,java-product-service,jvm_memory_committed_bytes,"{area=""nonheap"",id=""CodeHeap 'non-nmethods'"",language=""java"",service=""java-product-service"",}",2555904.0
1790114071.769,java-product-service,jvm_memory_committed_bytes,"{area=""heap"",id=""G1 Eden Space"",language=""java"",service=""java-product-service"",}",68157440.0
1790114071.769,java-product-service,jvm_memory_committed_bytes,"{area=""nonheap"",id=""Metaspace"",language=""java"",service=""java-product-service"",}",98107392.0
1790114071.769,java-product-service,jvm_memory_committed_bytes,"{area=""heap"",id=""G1 Old Gen"",language=""java"",service=""java-product-service"",}",41943040.0
1790114071.769,java-product-service,jvm_memory_committed_bytes,"{area=""nonheap"",id=""Compressed Class Space"",language=""java"",service=""java-product-service"",}",13369344.0
1790114071.769,java-product-service,jvm_memory_committed_bytes,"{area=""heap"",id=""G1 Survivor Space"",language=""java"",service=""java-product-service"",}",4194304.0
1790114071.769,java-product-service,jvm_memory_committed_bytes,"{area=""nonheap"",id=""CodeHeap 'profiled nmethods'"",language=""java"",service=""java-product-service"",}",24117248.0
1790114071.769,java-product-service,jvm_memory_committed_bytes,"{area=""nonheap"",id=""CodeHeap 'non-profiled nmethods'"",language=""java"",service=""java-product-service"",}",6488064.0
1790114071.769,java-order-service,process_cpu_usage,"{language=""java"",service=""java-order-service"",}",0.011111111111111112
1790114071.769,java-order-service,tomcat_threads_busy_threads,"{language=""java"",name=""http-nio-9083"",service=""java-order-service"",}",-1.0
1790114071.769,java-order-service,jvm_memory_used_bytes,"{area=""nonheap"",id=""CodeHeap 'non-profiled nmethods'"",language=""java"",service=""java-order-service"",}",4042880.0
1790114071.769,java-order-service,jvm_memory_used_bytes,"{area=""heap"",id=""G1 Eden Space"",language=""java"",service=""java-order-service"",}",3145728.0
1790114071.769,java-order-service,jvm_memory_used_bytes,"{area=""nonheap"",id=""CodeHeap 'profiled nmethods'"",language=""java"",service=""java-order-service"",}",14273152.0
1790114071.769,java-order-service,jvm_memory_used_bytes,"{area=""nonheap"",id=""CodeHeap 'non-nmethods'"",language=""java"",service=""java-order-service"",}",1609984.0
1790114071.769,java-order-service,jvm_memory_used_bytes,"{area=""heap"",id=""G1 Survivor Space"",language=""java"",service=""java-order-service"",}",4165552.0
1790114071.769,java-order-service,jvm_memory_used_bytes,"{area=""nonheap"",id=""Compressed Class Space"",language=""java"",service=""java-order-service"",}",10684936.0
1790114071.769,java-order-service,jvm_memory_used_bytes,"{area=""heap"",id=""G1 Old Gen"",language=""java"",service=""java-order-service"",}",31259288.0
1790114071.769,java-order-service,jvm_memory_used_bytes,"{area=""nonheap"",id=""Metaspace"",language=""java"",service=""java-order-service"",}",78482728.0
1790114071.769,java-order-service,hikaricp_connections_acquire_seconds_count,"{language=""java"",pool=""HikariPool-1"",service=""java-order-service"",}",118.0
1790114071.769,java-order-service,hikaricp_connections_acquire_seconds_sum,"{language=""java"",pool=""HikariPool-1"",service=""java-order-service"",}",0.026169415
1790114071.769,java-order-service,hikaricp_connections_usage_seconds_count,"{language=""java"",pool=""HikariPool-1"",service=""java-order-service"",}",118.0
1790114071.769,java-order-service,hikaricp_connections_usage_seconds_sum,"{language=""java"",pool=""HikariPool-1"",service=""java-order-service"",}",0.002
1790114071.769,java-order-service,tomcat_threads_config_max_threads,"{language=""java"",name=""http-nio-9083"",service=""java-order-service"",}",-1.0
1790114071.769,java-order-service,system_cpu_usage,"{language=""java"",service=""java-order-service"",}",0.014625
1790114071.769,java-order-service,hikaricp_connections_pending,"{language=""java"",pool=""HikariPool-1"",service=""java-order-service"",}",0.0
1790114071.769,java-order-service,jvm_gc_pause_seconds_count,"{action=""end of minor GC"",cause=""G1 Evacuation Pause"",gc=""G1 Young Generation"",language=""java"",service=""java-order-service"",}",1.0
1790114071.769,java-order-service,jvm_gc_pause_seconds_sum,"{action=""end of minor GC"",cause=""G1 Evacuation Pause"",gc=""G1 Young Generation"",language=""java"",service=""java-order-service"",}",0.025
1790114071.769,java-order-service,hikaricp_connections_active,"{language=""java"",pool=""HikariPool-1"",service=""java-order-service"",}",0.0
1790114071.769,java-order-service,tomcat_threads_current_threads,"{language=""java"",name=""http-nio-9083"",service=""java-order-service"",}",-1.0
1790114071.769,java-order-service,jvm_memory_committed_bytes,"{area=""nonheap"",id=""CodeHeap 'non-profiled nmethods'"",language=""java"",service=""java-order-service"",}",4063232.0
1790114071.769,java-order-service,jvm_memory_committed_bytes,"{area=""heap"",id=""G1 Eden Space"",language=""java"",service=""java-order-service"",}",45088768.0
1790114071.769,java-order-service,jvm_memory_committed_bytes,"{area=""nonheap"",id=""CodeHeap 'profiled nmethods'"",language=""java"",service=""java-order-service"",}",14286848.0
1790114071.769,java-order-service,jvm_memory_committed_bytes,"{area=""nonheap"",id=""CodeHeap 'non-nmethods'"",language=""java"",service=""java-order-service"",}",2555904.0
1790114071.769,java-order-service,jvm_memory_committed_bytes,"{area=""heap"",id=""G1 Survivor Space"",language=""java"",service=""java-order-service"",}",4194304.0
1790114071.769,java-order-service,jvm_memory_committed_bytes,"{area=""nonheap"",id=""Compressed Class Space"",language=""java"",service=""java-order-service"",}",11075584.0
1790114071.769,java-order-service,jvm_memory_committed_bytes,"{area=""heap"",id=""G1 Old Gen"",language=""java"",service=""java-order-service"",}",34603008.0
1790114071.769,java-order-service,jvm_memory_committed_bytes,"{area=""nonheap"",id=""Metaspace"",language=""java"",service=""java-order-service"",}",79364096.0
1790114077.883,java-user-service,hikaricp_connections_pending,"{framework=""spring-boot"",language=""java"",pool=""HikariPool-1"",service=""java-user-service"",}",0.0
1790114077.883,java-user-service,hikaricp_connections_acquire_seconds_count,"{framework=""spring-boot"",language=""java"",pool=""HikariPool-1"",service=""java-user-service"",}",3316.0
1790114077.883,java-user-service,hikaricp_connections_acquire_seconds_sum,"{framework=""spring-boot"",language=""java"",pool=""HikariPool-1"",service=""java-user-service"",}",2345.468587585
1790114077.883,java-user-service,jvm_gc_pause_seconds_count,"{action=""end of minor GC"",cause=""G1 Evacuation Pause"",framework=""spring-boot"",gc=""G1 Young Generation"",language=""java"",service=""java-user-service"",}",88.0
1790114077.883,java-user-service,jvm_gc_pause_seconds_sum,"{action=""end of minor GC"",cause=""G1 Evacuation Pause"",framework=""spring-boot"",gc=""G1 Young Generation"",language=""java"",service=""java-user-service"",}",0.384
1790114077.883,java-user-service,process_cpu_usage,"{framework=""spring-boot"",language=""java"",service=""java-user-service"",}",0.9974025974025974
1790114077.883,java-user-service,hikaricp_connections_usage_seconds_count,"{framework=""spring-boot"",language=""java"",pool=""HikariPool-1"",service=""java-user-service"",}",3297.0
1790114077.883,java-user-service,hikaricp_connections_usage_seconds_sum,"{framework=""spring-boot"",language=""java"",pool=""HikariPool-1"",service=""java-user-service"",}",1241.178
1790114077.883,java-user-service,jvm_memory_used_bytes,"{area=""nonheap"",framework=""spring-boot"",id=""CodeHeap 'non-nmethods'"",language=""java"",service=""java-user-service"",}",1643776.0
1790114077.883,java-user-service,jvm_memory_used_bytes,"{area=""nonheap"",framework=""spring-boot"",id=""CodeHeap 'non-profiled nmethods'"",language=""java"",service=""java-user-service"",}",10989952.0
1790114077.883,java-user-service,jvm_memory_used_bytes,"{area=""heap"",framework=""spring-boot"",id=""G1 Survivor Space"",language=""java"",service=""java-user-service"",}",3145728.0
1790114077.883,java-user-service,jvm_memory_used_bytes,"{area=""heap"",framework=""spring-boot"",id=""G1 Old Gen"",language=""java"",service=""java-user-service"",}",70828408.0
1790114077.883,java-user-service,jvm_memory_used_bytes,"{area=""nonheap"",framework=""spring-boot"",id=""Metaspace"",language=""java"",service=""java-user-service"",}",103953192.0
1790114077.883,java-user-service,jvm_memory_used_bytes,"{area=""heap"",framework=""spring-boot"",id=""G1 Eden Space"",language=""java"",service=""java-user-service"",}",34603008.0
1790114077.883,java-user-service,jvm_memory_used_bytes,"{area=""nonheap"",framework=""spring-boot"",id=""Compressed Class Space"",language=""java"",service=""java-user-service"",}",13404240.0
1790114077.883,java-user-service,jvm_memory_used_bytes,"{area=""nonheap"",framework=""spring-boot"",id=""CodeHeap 'profiled nmethods'"",language=""java"",service=""java-user-service"",}",24948352.0
1790114077.883,java-user-service,tomcat_threads_config_max_threads,"{framework=""spring-boot"",language=""java"",name=""http-nio-9081"",service=""java-user-service"",}",-1.0
1790114077.883,java-user-service,system_cpu_usage,"{framework=""spring-boot"",language=""java"",service=""java-user-service"",}",0.9979608658008658
1790114077.883,java-user-service,tomcat_threads_current_threads,"{framework=""spring-boot"",language=""java"",name=""http-nio-9081"",service=""java-user-service"",}",-1.0
1790114077.883,java-user-service,tomcat_threads_busy_threads,"{framework=""spring-boot"",language=""java"",name=""http-nio-9081"",service=""java-user-service"",}",-1.0
1790114077.883,java-user-service,jvm_memory_committed_bytes,"{area=""nonheap"",framework=""spring-boot"",id=""CodeHeap 'non-nmethods'"",language=""java"",service=""java-user-service"",}",2555904.0
1790114077.883,java-user-service,jvm_memory_committed_bytes,"{area=""nonheap"",framework=""spring-boot"",id=""CodeHeap 'non-profiled nmethods'"",language=""java"",service=""java-user-service"",}",11010048.0
1790114077.883,java-user-service,jvm_memory_committed_bytes,"{area=""heap"",framework=""spring-boot"",id=""G1 Survivor Space"",language=""java"",service=""java-user-service"",}",3145728.0
1790114077.883,java-user-service,jvm_memory_committed_bytes,"{area=""heap"",framework=""spring-boot"",id=""G1 Old Gen"",language=""java"",service=""java-user-service"",}",76546048.0
1790114077.883,java-user-service,jvm_memory_committed_bytes,"{area=""nonheap"",framework=""spring-boot"",id=""Metaspace"",language=""java"",service=""java-user-service"",}",104988672.0
1790114077.883,java-user-service,jvm_memory_committed_bytes,"{area=""heap"",framework=""spring-boot"",id=""G1 Eden Space"",language=""java"",service=""java-user-service"",}",59768832.0
1790114077.883,java-user-service,jvm_memory_committed_bytes,"{area=""nonheap"",framework=""spring-boot"",id=""Compressed Class Space"",language=""java"",service=""java-user-service"",}",13893632.0
1790114077.883,java-user-service,jvm_memory_committed_bytes,"{area=""nonheap"",framework=""spring-boot"",id=""CodeHeap 'profiled nmethods'"",language=""java"",service=""java-user-service"",}",27721728.0
1790114077.883,java-user-service,hikaricp_connections_active,"{framework=""spring-boot"",language=""java"",pool=""HikariPool-1"",service=""java-user-service"",}",20.0
1790114077.883,java-product-service,tomcat_threads_busy_threads,"{language=""java"",name=""http-nio-9082"",service=""java-product-service"",}",-1.0
1790114077.883,java-product-service,jvm_gc_pause_seconds_count,"{action=""end of minor GC"",cause=""G1 Evacuation Pause"",gc=""G1 Young Generation"",language=""java"",service=""java-product-service"",}",4.0
1790114077.883,java-product-service,jvm_gc_pause_seconds_sum,"{action=""end of minor GC"",cause=""G1 Evacuation Pause"",gc=""G1 Young Generation"",language=""java"",service=""java-product-service"",}",0.049
1790114077.883,java-product-service,hikaricp_connections_active,"{language=""java"",pool=""HikariPool-1"",service=""java-product-service"",}",0.0
1790114077.883,java-product-service,tomcat_threads_current_threads,"{language=""java"",name=""http-nio-9082"",service=""java-product-service"",}",-1.0
1790114077.883,java-product-service,hikaricp_connections_usage_seconds_count,"{language=""java"",pool=""HikariPool-1"",service=""java-product-service"",}",134.0
1790114077.883,java-product-service,hikaricp_connections_usage_seconds_sum,"{language=""java"",pool=""HikariPool-1"",service=""java-product-service"",}",0.324
1790114077.883,java-product-service,hikaricp_connections_acquire_seconds_count,"{language=""java"",pool=""HikariPool-1"",service=""java-product-service"",}",134.0
1790114077.883,java-product-service,hikaricp_connections_acquire_seconds_sum,"{language=""java"",pool=""HikariPool-1"",service=""java-product-service"",}",0.062352081
1790114077.883,java-product-service,process_cpu_usage,"{language=""java"",service=""java-product-service"",}",0.012698412698412698
1790114077.883,java-product-service,hikaricp_connections_pending,"{language=""java"",pool=""HikariPool-1"",service=""java-product-service"",}",0.0
1790114077.883,java-product-service,system_cpu_usage,"{language=""java"",service=""java-product-service"",}",0.016156507936507938
1790114077.883,java-product-service,tomcat_threads_config_max_threads,"{language=""java"",name=""http-nio-9082"",service=""java-product-service"",}",-1.0
1790114077.883,java-product-service,jvm_memory_used_bytes,"{area=""nonheap"",id=""CodeHeap 'non-nmethods'"",language=""java"",service=""java-product-service"",}",1639552.0
1790114077.883,java-product-service,jvm_memory_used_bytes,"{area=""heap"",id=""G1 Eden Space"",language=""java"",service=""java-product-service"",}",6291456.0
1790114077.883,java-product-service,jvm_memory_used_bytes,"{area=""nonheap"",id=""Metaspace"",language=""java"",service=""java-product-service"",}",97184512.0
1790114077.883,java-product-service,jvm_memory_used_bytes,"{area=""heap"",id=""G1 Old Gen"",language=""java"",service=""java-product-service"",}",37723768.0
1790114077.883,java-product-service,jvm_memory_used_bytes,"{area=""nonheap"",id=""Compressed Class Space"",language=""java"",service=""java-product-service"",}",12904600.0
1790114077.883,java-product-service,jvm_memory_used_bytes,"{area=""heap"",id=""G1 Survivor Space"",language=""java"",service=""java-product-service"",}",4024160.0
1790114077.883,java-product-service,jvm_memory_used_bytes,"{area=""nonheap"",id=""CodeHeap 'profiled nmethods'"",language=""java"",service=""java-product-service"",}",22415488.0
1790114077.883,java-product-service,jvm_memory_used_bytes,"{area=""nonheap"",id=""CodeHeap 'non-profiled nmethods'"",language=""java"",service=""java-product-service"",}",6085248.0
1790114077.883,java-product-service,jvm_memory_committed_bytes,"{area=""nonheap"",id=""CodeHeap 'non-nmethods'"",language=""java"",service=""java-product-service"",}",2555904.0
1790114077.883,java-product-service,jvm_memory_committed_bytes,"{area=""heap"",id=""G1 Eden Space"",language=""java"",service=""java-product-service"",}",68157440.0
1790114077.883,java-product-service,jvm_memory_committed_bytes,"{area=""nonheap"",id=""Metaspace"",language=""java"",service=""java-product-service"",}",98107392.0
1790114077.883,java-product-service,jvm_memory_committed_bytes,"{area=""heap"",id=""G1 Old Gen"",language=""java"",service=""java-product-service"",}",41943040.0
1790114077.883,java-product-service,jvm_memory_committed_bytes,"{area=""nonheap"",id=""Compressed Class Space"",language=""java"",service=""java-product-service"",}",13369344.0
1790114077.883,java-product-service,jvm_memory_committed_bytes,"{area=""heap"",id=""G1 Survivor Space"",language=""java"",service=""java-product-service"",}",4194304.0
1790114077.883,java-product-service,jvm_memory_committed_bytes,"{area=""nonheap"",id=""CodeHeap 'profiled nmethods'"",language=""java"",service=""java-product-service"",}",24117248.0
1790114077.883,java-product-service,jvm_memory_committed_bytes,"{area=""nonheap"",id=""CodeHeap 'non-profiled nmethods'"",language=""java"",service=""java-product-service"",}",6488064.0
1790114077.883,java-order-service,process_cpu_usage,"{language=""java"",service=""java-order-service"",}",0.015873015873015872
1790114077.883,java-order-service,tomcat_threads_busy_threads,"{language=""java"",name=""http-nio-9083"",service=""java-order-service"",}",-1.0
1790114077.883,java-order-service,jvm_memory_used_bytes,"{area=""nonheap"",id=""CodeHeap 'non-profiled nmethods'"",language=""java"",service=""java-order-service"",}",4062592.0
1790114077.883,java-order-service,jvm_memory_used_bytes,"{area=""heap"",id=""G1 Eden Space"",language=""java"",service=""java-order-service"",}",4194304.0
1790114077.883,java-order-service,jvm_memory_used_bytes,"{area=""nonheap"",id=""CodeHeap 'profiled nmethods'"",language=""java"",service=""java-order-service"",}",14370432.0
1790114077.883,java-order-service,jvm_memory_used_bytes,"{area=""nonheap"",id=""CodeHeap 'non-nmethods'"",language=""java"",service=""java-order-service"",}",1609984.0
1790114077.883,java-order-service,jvm_memory_used_bytes,"{area=""heap"",id=""G1 Survivor Space"",language=""java"",service=""java-order-service"",}",4165552.0
1790114077.883,java-order-service,jvm_memory_used_bytes,"{area=""nonheap"",id=""Compressed Class Space"",language=""java"",service=""java-order-service"",}",10684936.0
1790114077.883,java-order-service,jvm_memory_used_bytes,"{area=""heap"",id=""G1 Old Gen"",language=""java"",service=""java-order-service"",}",31259288.0
1790114077.883,java-order-service,jvm_memory_used_bytes,"{area=""nonheap"",id=""Metaspace"",language=""java"",service=""java-order-service"",}",78505224.0
1790114077.883,java-order-service,hikaricp_connections_acquire_seconds_count,"{language=""java"",pool=""HikariPool-1"",service=""java-order-service"",}",122.0
1790114077.883,java-order-service,hikaricp_connections_acquire_seconds_sum,"{language=""java"",pool=""HikariPool-1"",service=""java-order-service"",}",0.026721083
1790114077.883,java-order-service,hikaricp_connections_usage_seconds_count,"{language=""java"",pool=""HikariPool-1"",service=""java-order-service"",}",122.0
1790114077.883,java-order-service,hikaricp_connections_usage_seconds_sum,"{language=""java"",pool=""HikariPool-1"",service=""java-order-service"",}",0.002
1790114077.883,java-order-service,tomcat_threads_config_max_threads,"{language=""java"",name=""http-nio-9083"",service=""java-order-service"",}",-1.0
1790114077.883,java-order-service,system_cpu_usage,"{language=""java"",service=""java-order-service"",}",0.020061904761904763
1790114077.883,java-order-service,hikaricp_connections_pending,"{language=""java"",pool=""HikariPool-1"",service=""java-order-service"",}",0.0
1790114077.883,java-order-service,jvm_gc_pause_seconds_count,"{action=""end of minor GC"",cause=""G1 Evacuation Pause"",gc=""G1 Young Generation"",language=""java"",service=""java-order-service"",}",1.0
1790114077.883,java-order-service,jvm_gc_pause_seconds_sum,"{action=""end of minor GC"",cause=""G1 Evacuation Pause"",gc=""G1 Young Generation"",language=""java"",service=""java-order-service"",}",0.025
1790114077.883,java-order-service,hikaricp_connections_active,"{language=""java"",pool=""HikariPool-1"",service=""java-order-service"",}",0.0
1790114077.883,java-order-service,tomcat_threads_current_threads,"{language=""java"",name=""http-nio-9083"",service=""java-order-service"",}",-1.0
1790114077.883,java-order-service,jvm_memory_committed_bytes,"{area=""nonheap"",id=""CodeHeap 'non-profiled nmethods'"",language=""java"",service=""java-order-service"",}",4063232.0
1790114077.883,java-order-service,jvm_memory_committed_bytes,"{area=""heap"",id=""G1 Eden Space"",language=""java"",service=""java-order-service"",}",45088768.0
1790114077.883,java-order-service,jvm_memory_committed_bytes,"{area=""nonheap"",id=""CodeHeap 'profiled nmethods'"",language=""java"",service=""java-order-service"",}",14417920.0
1790114077.883,java-order-service,jvm_memory_committed_bytes,"{area=""nonheap"",id=""CodeHeap 'non-nmethods'"",language=""java"",service=""java-order-service"",}",2555904.0
1790114077.883,java-order-service,jvm_memory_committed_bytes,"{area=""heap"",id=""G1 Survivor Space"",language=""java"",service=""java-order-service"",}",4194304.0
1790114077.883,java-order-service,jvm_memory_committed_bytes,"{area=""nonheap"",id=""Compressed Class Space"",language=""java"",service=""java-order-service"",}",11075584.0
1790114077.883,java-order-service,jvm_memory_committed_bytes,"{area=""heap"",id=""G1 Old Gen"",language=""java"",service=""java-order-service"",}",34603008.0
1790114077.883,java-order-service,jvm_memory_committed_bytes,"{area=""nonheap"",id=""Metaspace"",language=""java"",service=""java-order-service"",}",79364096.0
1790114085.599,java-product-service,tomcat_threads_busy_threads,"{language=""java"",name=""http-nio-9082"",service=""java-product-service"",}",-1.0
1790114085.599,java-product-service,jvm_gc_pause_seconds_count,"{action=""end of minor GC"",cause=""G1 Evacuation Pause"",gc=""G1 Young Generation"",language=""java"",service=""java-product-service"",}",4.0
1790114085.599,java-product-service,jvm_gc_pause_seconds_sum,"{action=""end of minor GC"",cause=""G1 Evacuation Pause"",gc=""G1 Young Generation"",language=""java"",service=""java-product-service"",}",0.049
1790114085.599,java-product-service,hikaricp_connections_active,"{language=""java"",pool=""HikariPool-1"",service=""java-product-service"",}",0.0
1790114085.599,java-product-service,tomcat_threads_current_threads,"{language=""java"",name=""http-nio-9082"",service=""java-product-service"",}",-1.0
1790114085.599,java-product-service,hikaricp_connections_usage_seconds_count,"{language=""java"",pool=""HikariPool-1"",service=""java-product-service"",}",138.0
1790114085.599,java-product-service,hikaricp_connections_usage_seconds_sum,"{language=""java"",pool=""HikariPool-1"",service=""java-product-service"",}",0.324
1790114085.599,java-product-service,hikaricp_connections_acquire_seconds_count,"{language=""java"",pool=""HikariPool-1"",service=""java-product-service"",}",138.0
1790114085.599,java-product-service,hikaricp_connections_acquire_seconds_sum,"{language=""java"",pool=""HikariPool-1"",service=""java-product-service"",}",0.064734123
1790114085.599,java-product-service,process_cpu_usage,"{language=""java"",service=""java-product-service"",}",0.01282051282051282
1790114085.599,java-product-service,hikaricp_connections_pending,"{language=""java"",pool=""HikariPool-1"",service=""java-product-service"",}",0.0
1790114085.599,java-product-service,system_cpu_usage,"{language=""java"",service=""java-product-service"",}",0.01396948717948718
1790114085.599,java-product-service,tomcat_threads_config_max_threads,"{language=""java"",name=""http-nio-9082"",service=""java-product-service"",}",-1.0
1790114085.599,java-product-service,jvm_memory_used_bytes,"{area=""nonheap"",id=""CodeHeap 'non-nmethods'"",language=""java"",service=""java-product-service"",}",1654272.0
1790114085.599,java-product-service,jvm_memory_used_bytes,"{area=""heap"",id=""G1 Eden Space"",language=""java"",service=""java-product-service"",}",7340032.0
1790114085.599,java-product-service,jvm_memory_used_bytes,"{area=""nonheap"",id=""Metaspace"",language=""java"",service=""java-product-service"",}",97189344.0
1790114085.599,java-product-service,jvm_memory_used_bytes,"{area=""heap"",id=""G1 Old Gen"",language=""java"",service=""java-product-service"",}",37723768.0
1790114085.599,java-product-service,jvm_memory_used_bytes,"{area=""nonheap"",id=""Compressed Class Space"",language=""java"",service=""java-product-service"",}",12904600.0
1790114085.599,java-product-service,jvm_memory_used_bytes,"{area=""heap"",id=""G1 Survivor Space"",language=""java"",service=""java-product-service"",}",4024160.0
1790114085.599,java-product-service,jvm_memory_used_bytes,"{area=""nonheap"",id=""CodeHeap 'profiled nmethods'"",language=""java"",service=""java-product-service"",}",22474624.0
1790114085.599,java-product-service,jvm_memory_used_bytes,"{area=""nonheap"",id=""CodeHeap 'non-profiled nmethods'"",language=""java"",service=""java-product-service"",}",6086016.0
1790114085.599,java-product-service,jvm_memory_committed_bytes,"{area=""nonheap"",id=""CodeHeap 'non-nmethods'"",language=""java"",service=""java-product-service"",}",2555904.0
1790114085.599,java-product-service,jvm_memory_committed_bytes,"{area=""heap"",id=""G1 Eden Space"",language=""java"",service=""java-product-service"",}",68157440.0
1790114085.599,java-product-service,jvm_memory_committed_bytes,"{area=""nonheap"",id=""Metaspace"",language=""java"",service=""java-product-service"",}",98107392.0
1790114085.599,java-product-service,jvm_memory_committed_bytes,"{area=""heap"",id=""G1 Old Gen"",language=""java"",service=""java-product-service"",}",41943040.0
1790114085.599,java-product-service,jvm_memory_committed_bytes,"{area=""nonheap"",id=""Compressed Class Space"",language=""java"",service=""java-product-service"",}",13369344.0
1790114085.599,java-product-service,jvm_memory_committed_bytes,"{area=""heap"",id=""G1 Survivor Space"",language=""java"",service=""java-product-service"",}",4194304.0
1790114085.599,java-product-service,jvm_memory_committed_bytes,"{area=""nonheap"",id=""CodeHeap 'profiled nmethods'"",language=""java"",service=""java-product-service"",}",24117248.0
1790114085.599,java-product-service,jvm_memory_committed_bytes,"{area=""nonheap"",id=""CodeHeap 'non-profiled nmethods'"",language=""java"",service=""java-product-service"",}",6488064.0
1790114085.599,java-order-service,process_cpu_usage,"{language=""java"",service=""java-order-service"",}",0.012698412698412698
1790114085.599,java-order-service,tomcat_threads_busy_threads,"{language=""java"",name=""http-nio-9083"",service=""java-order-service"",}",-1.0
1790114085.599,java-order-service,jvm_memory_used_bytes,"{area=""nonheap"",id=""CodeHeap 'non-profiled nmethods'"",language=""java"",service=""java-order-service"",}",4065408.0
1790114085.599,java-order-service,jvm_memory_used_bytes,"{area=""heap"",id=""G1 Eden Space"",language=""java"",service=""java-order-service"",}",5242880.0
1790114085.599,java-order-service,jvm_memory_used_bytes,"{area=""nonheap"",id=""CodeHeap 'profiled nmethods'"",language=""java"",service=""java-order-service"",}",14432512.0
1790114085.599,java-order-service,jvm_memory_used_bytes,"{area=""nonheap"",id=""CodeHeap 'non-nmethods'"",language=""java"",service=""java-order-service"",}",1609984.0
1790114085.599,java-order-service,jvm_memory_used_bytes,"{area=""heap"",id=""G1 Survivor Space"",language=""java"",service=""java-order-service"",}",4165552.0
1790114085.599,java-order-service,jvm_memory_used_bytes,"{area=""nonheap"",id=""Compressed Class Space"",language=""java"",service=""java-order-service"",}",10684936.0
1790114085.599,java-order-service,jvm_memory_used_bytes,"{area=""heap"",id=""G1 Old Gen"",language=""java"",service=""java-order-service"",}",31259288.0
1790114085.599,java-order-service,jvm_memory_used_bytes,"{area=""nonheap"",id=""Metaspace"",language=""java"",service=""java-order-service"",}",78528400.0
1790114085.599,java-order-service,hikaricp_connections_acquire_seconds_count,"{language=""java"",pool=""HikariPool-1"",service=""java-order-service"",}",126.0
1790114085.599,java-order-service,hikaricp_connections_acquire_seconds_sum,"{language=""java"",pool=""HikariPool-1"",service=""java-order-service"",}",0.02840475
1790114085.599,java-order-service,hikaricp_connections_usage_seconds_count,"{language=""java"",pool=""HikariPool-1"",service=""java-order-service"",}",126.0
1790114085.599,java-order-service,hikaricp_connections_usage_seconds_sum,"{language=""java"",pool=""HikariPool-1"",service=""java-order-service"",}",0.002
1790114085.599,java-order-service,tomcat_threads_config_max_threads,"{language=""java"",name=""http-nio-9083"",service=""java-order-service"",}",-1.0
1790114085.599,java-order-service,system_cpu_usage,"{language=""java"",service=""java-order-service"",}",0.015331428571428572
1790114085.599,java-order-service,hikaricp_connections_pending,"{language=""java"",pool=""HikariPool-1"",service=""java-order-service"",}",0.0
1790114085.599,java-order-service,jvm_gc_pause_seconds_count,"{action=""end of minor GC"",cause=""G1 Evacuation Pause"",gc=""G1 Young Generation"",language=""java"",service=""java-order-service"",}",1.0
1790114085.599,java-order-service,jvm_gc_pause_seconds_sum,"{action=""end of minor GC"",cause=""G1 Evacuation Pause"",gc=""G1 Young Generation"",language=""java"",service=""java-order-service"",}",0.025
1790114085.599,java-order-service,hikaricp_connections_active,"{language=""java"",pool=""HikariPool-1"",service=""java-order-service"",}",0.0
1790114085.599,java-order-service,tomcat_threads_current_threads,"{language=""java"",name=""http-nio-9083"",service=""java-order-service"",}",-1.0
1790114085.599,java-order-service,jvm_memory_committed_bytes,"{area=""nonheap"",id=""CodeHeap 'non-profiled nmethods'"",language=""java"",service=""java-order-service"",}",4128768.0
1790114085.599,java-order-service,jvm_memory_committed_bytes,"{area=""heap"",id=""G1 Eden Space"",language=""java"",service=""java-order-service"",}",45088768.0
1790114085.599,java-order-service,jvm_memory_committed_bytes,"{area=""nonheap"",id=""CodeHeap 'profiled nmethods'"",language=""java"",service=""java-order-service"",}",14483456.0
1790114085.599,java-order-service,jvm_memory_committed_bytes,"{area=""nonheap"",id=""CodeHeap 'non-nmethods'"",language=""java"",service=""java-order-service"",}",2555904.0
1790114085.599,java-order-service,jvm_memory_committed_bytes,"{area=""heap"",id=""G1 Survivor Space"",language=""java"",service=""java-order-service"",}",4194304.0
1790114085.599,java-order-service,jvm_memory_committed_bytes,"{area=""nonheap"",id=""Compressed Class Space"",language=""java"",service=""java-order-service"",}",11075584.0
1790114085.599,java-order-service,jvm_memory_committed_bytes,"{area=""heap"",id=""G1 Old Gen"",language=""java"",service=""java-order-service"",}",34603008.0
1790114085.599,java-order-service,jvm_memory_committed_bytes,"{area=""nonheap"",id=""Metaspace"",language=""java"",service=""java-order-service"",}",79364096.0
1790114095.619,java-product-service,tomcat_threads_busy_threads,"{language=""java"",name=""http-nio-9082"",service=""java-product-service"",}",-1.0
1790114095.619,java-product-service,jvm_gc_pause_seconds_count,"{action=""end of minor GC"",cause=""G1 Evacuation Pause"",gc=""G1 Young Generation"",language=""java"",service=""java-product-service"",}",4.0
1790114095.619,java-product-service,jvm_gc_pause_seconds_sum,"{action=""end of minor GC"",cause=""G1 Evacuation Pause"",gc=""G1 Young Generation"",language=""java"",service=""java-product-service"",}",0.049
1790114095.619,java-product-service,hikaricp_connections_active,"{language=""java"",pool=""HikariPool-1"",service=""java-product-service"",}",0.0
1790114095.619,java-product-service,tomcat_threads_current_threads,"{language=""java"",name=""http-nio-9082"",service=""java-product-service"",}",-1.0
1790114095.619,java-product-service,hikaricp_connections_usage_seconds_count,"{language=""java"",pool=""HikariPool-1"",service=""java-product-service"",}",142.0
1790114095.619,java-product-service,hikaricp_connections_usage_seconds_sum,"{language=""java"",pool=""HikariPool-1"",service=""java-product-service"",}",0.325
1790114095.619,java-product-service,hikaricp_connections_acquire_seconds_count,"{language=""java"",pool=""HikariPool-1"",service=""java-product-service"",}",142.0
1790114095.619,java-product-service,hikaricp_connections_acquire_seconds_sum,"{language=""java"",pool=""HikariPool-1"",service=""java-product-service"",}",0.065066666
1790114095.619,java-product-service,process_cpu_usage,"{language=""java"",service=""java-product-service"",}",0.023423423423423424
1790114095.619,java-product-service,hikaricp_connections_pending,"{language=""java"",pool=""HikariPool-1"",service=""java-product-service"",}",0.0
1790114095.619,java-product-service,system_cpu_usage,"{language=""java"",service=""java-product-service"",}",0.025687747747747746
1790114095.619,java-product-service,tomcat_threads_config_max_threads,"{language=""java"",name=""http-nio-9082"",service=""java-product-service"",}",-1.0
1790114095.619,java-product-service,jvm_memory_used_bytes,"{area=""nonheap"",id=""CodeHeap 'non-nmethods'"",language=""java"",service=""java-product-service"",}",1639552.0
1790114095.619,java-product-service,jvm_memory_used_bytes,"{area=""heap"",id=""G1 Eden Space"",language=""java"",service=""java-product-service"",}",9437184.0
1790114095.619,java-product-service,jvm_memory_used_bytes,"{area=""nonheap"",id=""Metaspace"",language=""java"",service=""java-product-service"",}",97201352.0
1790114095.619,java-product-service,jvm_memory_used_bytes,"{area=""heap"",id=""G1 Old Gen"",language=""java"",service=""java-product-service"",}",37723768.0
1790114095.619,java-product-service,jvm_memory_used_bytes,"{area=""nonheap"",id=""Compressed Class Space"",language=""java"",service=""java-product-service"",}",12905120.0
1790114095.619,java-product-service,jvm_memory_used_bytes,"{area=""heap"",id=""G1 Survivor Space"",language=""java"",service=""java-product-service"",}",4024160.0
1790114095.619,java-product-service,jvm_memory_used_bytes,"{area=""nonheap"",id=""CodeHeap 'profiled nmethods'"",language=""java"",service=""java-product-service"",}",22507520.0
1790114095.619,java-product-service,jvm_memory_used_bytes,"{area=""nonheap"",id=""CodeHeap 'non-profiled nmethods'"",language=""java"",service=""java-product-service"",}",6109696.0
1790114095.619,java-product-service,jvm_memory_committed_bytes,"{area=""nonheap"",id=""CodeHeap 'non-nmethods'"",language=""java"",service=""java-product-service"",}",2555904.0
1790114095.619,java-product-service,jvm_memory_committed_bytes,"{area=""heap"",id=""G1 Eden Space"",language=""java"",service=""java-product-service"",}",68157440.0
1790114095.619,java-product-service,jvm_memory_committed_bytes,"{area=""nonheap"",id=""Metaspace"",language=""java"",service=""java-product-service"",}",98172928.0
1790114095.619,java-product-service,jvm_memory_committed_bytes,"{area=""heap"",id=""G1 Old Gen"",language=""java"",service=""java-product-service"",}",41943040.0
1790114095.619,java-product-service,jvm_memory_committed_bytes,"{area=""nonheap"",id=""Compressed Class Space"",language=""java"",service=""java-product-service"",}",13369344.0
1790114095.619,java-product-service,jvm_memory_committed_bytes,"{area=""heap"",id=""G1 Survivor Space"",language=""java"",service=""java-product-service"",}",4194304.0
1790114095.619,java-product-service,jvm_memory_committed_bytes,"{area=""nonheap"",id=""CodeHeap 'profiled nmethods'"",language=""java"",service=""java-product-service"",}",24117248.0
1790114095.619,java-product-service,jvm_memory_committed_bytes,"{area=""nonheap"",id=""CodeHeap 'non-profiled nmethods'"",language=""java"",service=""java-product-service"",}",6488064.0
1790114095.619,java-order-service,process_cpu_usage,"{language=""java"",service=""java-order-service"",}",0.03908045977011494
1790114095.619,java-order-service,tomcat_threads_busy_threads,"{language=""java"",name=""http-nio-9083"",service=""java-order-service"",}",-1.0
1790114095.619,java-order-service,jvm_memory_used_bytes,"{area=""nonheap"",id=""CodeHeap 'non-profiled nmethods'"",language=""java"",service=""java-order-service"",}",4082048.0
1790114095.619,java-order-service,jvm_memory_used_bytes,"{area=""heap"",id=""G1 Eden Space"",language=""java"",service=""java-order-service"",}",6291456.0
1790114095.619,java-order-service,jvm_memory_used_bytes,"{area=""nonheap"",id=""CodeHeap 'profiled nmethods'"",language=""java"",service=""java-order-service"",}",14482944.0
1790114095.619,java-order-service,jvm_memory_used_bytes,"{area=""nonheap"",id=""CodeHeap 'non-nmethods'"",language=""java"",service=""java-order-service"",}",1609984.0
1790114095.619,java-order-service,jvm_memory_used_bytes,"{area=""heap"",id=""G1 Survivor Space"",language=""java"",service=""java-order-service"",}",4165552.0
1790114095.619,java-order-service,jvm_memory_used_bytes,"{area=""nonheap"",id=""Compressed Class Space"",language=""java"",service=""java-order-service"",}",10685456.0
1790114095.619,java-order-service,jvm_memory_used_bytes,"{area=""heap"",id=""G1 Old Gen"",language=""java"",service=""java-order-service"",}",31259288.0
1790114095.619,java-order-service,jvm_memory_used_bytes,"{area=""nonheap"",id=""Metaspace"",language=""java"",service=""java-order-service"",}",78543192.0
1790114095.619,java-order-service,hikaricp_connections_acquire_seconds_count,"{language=""java"",pool=""HikariPool-1"",service=""java-order-service"",}",130.0
1790114095.619,java-order-service,hikaricp_connections_acquire_seconds_sum,"{language=""java"",pool=""HikariPool-1"",service=""java-order-service"",}",0.030288042
1790114095.619,java-order-service,hikaricp_connections_usage_seconds_count,"{language=""java"",pool=""HikariPool-1"",service=""java-order-service"",}",130.0
1790114095.619,java-order-service,hikaricp_connections_usage_seconds_sum,"{language=""java"",pool=""HikariPool-1"",service=""java-order-service"",}",0.004
1790114095.619,java-order-service,tomcat_threads_config_max_threads,"{language=""java"",name=""http-nio-9083"",service=""java-order-service"",}",-1.0
1790114095.619,java-order-service,system_cpu_usage,"{language=""java"",service=""java-order-service"",}",0.047751954022988506
1790114095.619,java-order-service,hikaricp_connections_pending,"{language=""java"",pool=""HikariPool-1"",service=""java-order-service"",}",0.0
1790114095.619,java-order-service,jvm_gc_pause_seconds_count,"{action=""end of minor GC"",cause=""G1 Evacuation Pause"",gc=""G1 Young Generation"",language=""java"",service=""java-order-service"",}",1.0
1790114095.619,java-order-service,jvm_gc_pause_seconds_sum,"{action=""end of minor GC"",cause=""G1 Evacuation Pause"",gc=""G1 Young Generation"",language=""java"",service=""java-order-service"",}",0.025
1790114095.619,java-order-service,hikaricp_connections_active,"{language=""java"",pool=""HikariPool-1"",service=""java-order-service"",}",0.0
1790114095.619,java-order-service,tomcat_threads_current_threads,"{language=""java"",name=""http-nio-9083"",service=""java-order-service"",}",-1.0
1790114095.619,java-order-service,jvm_memory_committed_bytes,"{area=""nonheap"",id=""CodeHeap 'non-profiled nmethods'"",language=""java"",service=""java-order-service"",}",4128768.0
1790114095.619,java-order-service,jvm_memory_committed_bytes,"{area=""heap"",id=""G1 Eden Space"",language=""java"",service=""java-order-service"",}",45088768.0
1790114095.619,java-order-service,jvm_memory_committed_bytes,"{area=""nonheap"",id=""CodeHeap 'profiled nmethods'"",language=""java"",service=""java-order-service"",}",14483456.0
1790114095.619,java-order-service,jvm_memory_committed_bytes,"{area=""nonheap"",id=""CodeHeap 'non-nmethods'"",language=""java"",service=""java-order-service"",}",2555904.0
1790114095.619,java-order-service,jvm_memory_committed_bytes,"{area=""heap"",id=""G1 Survivor Space"",language=""java"",service=""java-order-service"",}",4194304.0
1790114095.619,java-order-service,jvm_memory_committed_bytes,"{area=""nonheap"",id=""Compressed Class Space"",language=""java"",service=""java-order-service"",}",11075584.0
1790114095.619,java-order-service,jvm_memory_committed_bytes,"{area=""heap"",id=""G1 Old Gen"",language=""java"",service=""java-order-service"",}",34603008.0
1790114095.619,java-order-service,jvm_memory_committed_bytes,"{area=""nonheap"",id=""Metaspace"",language=""java"",service=""java-order-service"",}",79429632.0
1790114105.666,java-user-service,hikaricp_connections_pending,"{framework=""spring-boot"",language=""java"",pool=""HikariPool-1"",service=""java-user-service"",}",325.0
1790114105.666,java-user-service,hikaricp_connections_acquire_seconds_count,"{framework=""spring-boot"",language=""java"",pool=""HikariPool-1"",service=""java-user-service"",}",4473.0
1790114105.666,java-user-service,hikaricp_connections_acquire_seconds_sum,"{framework=""spring-boot"",language=""java"",pool=""HikariPool-1"",service=""java-user-service"",}",5915.621792067
1790114105.666,java-user-service,jvm_gc_pause_seconds_count,"{action=""end of minor GC"",cause=""G1 Evacuation Pause"",framework=""spring-boot"",gc=""G1 Young Generation"",language=""java"",service=""java-user-service"",}",117.0
1790114105.666,java-user-service,jvm_gc_pause_seconds_sum,"{action=""end of minor GC"",cause=""G1 Evacuation Pause"",framework=""spring-boot"",gc=""G1 Young Generation"",language=""java"",service=""java-user-service"",}",0.63
1790114105.666,java-user-service,process_cpu_usage,"{framework=""spring-boot"",language=""java"",service=""java-user-service"",}",0.9916666666666667
1790114105.666,java-user-service,hikaricp_connections_usage_seconds_count,"{framework=""spring-boot"",language=""java"",pool=""HikariPool-1"",service=""java-user-service"",}",4453.0
1790114105.666,java-user-service,hikaricp_connections_usage_seconds_sum,"{framework=""spring-boot"",language=""java"",pool=""HikariPool-1"",service=""java-user-service"",}",1736.364
1790114105.666,java-user-service,jvm_memory_used_bytes,"{area=""nonheap"",framework=""spring-boot"",id=""CodeHeap 'non-nmethods'"",language=""java"",service=""java-user-service"",}",1643776.0
1790114105.666,java-user-service,jvm_memory_used_bytes,"{area=""nonheap"",framework=""spring-boot"",id=""CodeHeap 'non-profiled nmethods'"",language=""java"",service=""java-user-service"",}",12293248.0
1790114105.666,java-user-service,jvm_memory_used_bytes,"{area=""heap"",framework=""spring-boot"",id=""G1 Survivor Space"",language=""java"",service=""java-user-service"",}",8388608.0
1790114105.666,java-user-service,jvm_memory_used_bytes,"{area=""heap"",framework=""spring-boot"",id=""G1 Old Gen"",language=""java"",service=""java-user-service"",}",143629944.0
1790114105.666,java-user-service,jvm_memory_used_bytes,"{area=""nonheap"",framework=""spring-boot"",id=""Metaspace"",language=""java"",service=""java-user-service"",}",104162136.0
1790114105.666,java-user-service,jvm_memory_used_bytes,"{area=""heap"",framework=""spring-boot"",id=""G1 Eden Space"",language=""java"",service=""java-user-service"",}",25165824.0
1790114105.666,java-user-service,jvm_memory_used_bytes,"{area=""nonheap"",framework=""spring-boot"",id=""Compressed Class Space"",language=""java"",service=""java-user-service"",}",13413600.0
1790114105.666,java-user-service,jvm_memory_used_bytes,"{area=""nonheap"",framework=""spring-boot"",id=""CodeHeap 'profiled nmethods'"",language=""java"",service=""java-user-service"",}",24947456.0
1790114105.666,java-user-service,tomcat_threads_config_max_threads,"{framework=""spring-boot"",language=""java"",name=""http-nio-9081"",service=""java-user-service"",}",-1.0
1790114105.666,java-user-service,system_cpu_usage,"{framework=""spring-boot"",language=""java"",service=""java-user-service"",}",0.9901845833333334
1790114105.666,java-user-service,tomcat_threads_current_threads,"{framework=""spring-boot"",language=""java"",name=""http-nio-9081"",service=""java-user-service"",}",-1.0
1790114105.666,java-user-service,tomcat_threads_busy_threads,"{framework=""spring-boot"",language=""java"",name=""http-nio-9081"",service=""java-user-service"",}",-1.0
1790114105.666,java-user-service,jvm_memory_committed_bytes,"{area=""nonheap"",framework=""spring-boot"",id=""CodeHeap 'non-nmethods'"",language=""java"",service=""java-user-service"",}",2555904.0
1790114105.666,java-user-service,jvm_memory_committed_bytes,"{area=""nonheap"",framework=""spring-boot"",id=""CodeHeap 'non-profiled nmethods'"",language=""java"",service=""java-user-service"",}",12320768.0
1790114105.666,java-user-service,jvm_memory_committed_bytes,"{area=""heap"",framework=""spring-boot"",id=""G1 Survivor Space"",language=""java"",service=""java-user-service"",}",8388608.0
1790114105.666,java-user-service,jvm_memory_committed_bytes,"{area=""heap"",framework=""spring-boot"",id=""G1 Old Gen"",language=""java"",service=""java-user-service"",}",169869312.0
1790114105.666,java-user-service,jvm_memory_committed_bytes,"{area=""nonheap"",framework=""spring-boot"",id=""Metaspace"",language=""java"",service=""java-user-service"",}",105185280.0
1790114105.666,java-user-service,jvm_memory_committed_bytes,"{area=""heap"",framework=""spring-boot"",id=""G1 Eden Space"",language=""java"",service=""java-user-service"",}",35651584.0
1790114105.666,java-user-service,jvm_memory_committed_bytes,"{area=""nonheap"",framework=""spring-boot"",id=""Compressed Class Space"",language=""java"",service=""java-user-service"",}",13893632.0
1790114105.666,java-user-service,jvm_memory_committed_bytes,"{area=""nonheap"",framework=""spring-boot"",id=""CodeHeap 'profiled nmethods'"",language=""java"",service=""java-user-service"",}",27721728.0
1790114105.666,java-user-service,hikaricp_connections_active,"{framework=""spring-boot"",language=""java"",pool=""HikariPool-1"",service=""java-user-service"",}",20.0
1790114105.666,java-product-service,tomcat_threads_busy_threads,"{language=""java"",name=""http-nio-9082"",service=""java-product-service"",}",-1.0
1790114105.666,java-product-service,jvm_gc_pause_seconds_count,"{action=""end of minor GC"",cause=""G1 Evacuation Pause"",gc=""G1 Young Generation"",language=""java"",service=""java-product-service"",}",4.0
1790114105.666,java-product-service,jvm_gc_pause_seconds_sum,"{action=""end of minor GC"",cause=""G1 Evacuation Pause"",gc=""G1 Young Generation"",language=""java"",service=""java-product-service"",}",0.049
1790114105.666,java-product-service,hikaricp_connections_active,"{language=""java"",pool=""HikariPool-1"",service=""java-product-service"",}",0.0
1790114105.666,java-product-service,tomcat_threads_current_threads,"{language=""java"",name=""http-nio-9082"",service=""java-product-service"",}",-1.0
1790114105.666,java-product-service,hikaricp_connections_usage_seconds_count,"{language=""java"",pool=""HikariPool-1"",service=""java-product-service"",}",148.0
1790114105.666,java-product-service,hikaricp_connections_usage_seconds_sum,"{language=""java"",pool=""HikariPool-1"",service=""java-product-service"",}",0.325
1790114105.666,java-product-service,hikaricp_connections_acquire_seconds_count,"{language=""java"",pool=""HikariPool-1"",service=""java-product-service"",}",148.0
1790114105.666,java-product-service,hikaricp_connections_acquire_seconds_sum,"{language=""java"",pool=""HikariPool-1"",service=""java-product-service"",}",0.067194917
1790114105.666,java-product-service,process_cpu_usage,"{language=""java"",service=""java-product-service"",}",0.014814814814814815
1790114105.666,java-product-service,hikaricp_connections_pending,"{language=""java"",pool=""HikariPool-1"",service=""java-product-service"",}",0.0
1790114105.666,java-product-service,system_cpu_usage,"{language=""java"",service=""java-product-service"",}",0.022226666666666665
1790114105.666,java-product-service,tomcat_threads_config_max_threads,"{language=""java"",name=""http-nio-9082"",service=""java-product-service"",}",-1.0
1790114105.666,java-product-service,jvm_memory_used_bytes,"{area=""nonheap"",id=""CodeHeap 'non-nmethods'"",language=""java"",service=""java-product-service"",}",1639552.0
1790114105.666,java-product-service,jvm_memory_used_bytes,"{area=""heap"",id=""G1 Eden Space"",language=""java"",service=""java-product-service"",}",10485760.0
1790114105.666,java-product-service,jvm_memory_used_bytes,"{area=""nonheap"",id=""Metaspace"",language=""java"",service=""java-product-service"",}",97207152.0
1790114105.666,java-product-service,jvm_memory_used_bytes,"{area=""heap"",id=""G1 Old Gen"",language=""java"",service=""java-product-service"",}",37723768.0
1790114105.666,java-product-service,jvm_memory_used_bytes,"{area=""nonheap"",id=""Compressed Class Space"",language=""java"",service=""java-product-service"",}",12905120.0
1790114105.666,java-product-service,jvm_memory_used_bytes,"{area=""heap"",id=""G1 Survivor Space"",language=""java"",service=""java-product-service"",}",4024160.0
1790114105.666,java-product-service,jvm_memory_used_bytes,"{area=""nonheap"",id=""CodeHeap 'profiled nmethods'"",language=""java"",service=""java-product-service"",}",22525440.0
1790114105.666,java-product-service,jvm_memory_used_bytes,"{area=""nonheap"",id=""CodeHeap 'non-profiled nmethods'"",language=""java"",service=""java-product-service"",}",6125056.0
1790114105.666,java-product-service,jvm_memory_committed_bytes,"{area=""nonheap"",id=""CodeHeap 'non-nmethods'"",language=""java"",service=""java-product-service"",}",2555904.0
1790114105.666,java-product-service,jvm_memory_committed_bytes,"{area=""heap"",id=""G1 Eden Space"",language=""java"",service=""java-product-service"",}",68157440.0
1790114105.666,java-product-service,jvm_memory_committed_bytes,"{area=""nonheap"",id=""Metaspace"",language=""java"",service=""java-product-service"",}",98172928.0
1790114105.666,java-product-service,jvm_memory_committed_bytes,"{area=""heap"",id=""G1 Old Gen"",language=""java"",service=""java-product-service"",}",41943040.0
1790114105.666,java-product-service,jvm_memory_committed_bytes,"{area=""nonheap"",id=""Compressed Class Space"",language=""java"",service=""java-product-service"",}",13369344.0
1790114105.666,java-product-service,jvm_memory_committed_bytes,"{area=""heap"",id=""G1 Survivor Space"",language=""java"",service=""java-product-service"",}",4194304.0
1790114105.666,java-product-service,jvm_memory_committed_bytes,"{area=""nonheap"",id=""CodeHeap 'profiled nmethods'"",language=""java"",service=""java-product-service"",}",24117248.0
1790114105.666,java-product-service,jvm_memory_committed_bytes,"{area=""nonheap"",id=""CodeHeap 'non-profiled nmethods'"",language=""java"",service=""java-product-service"",}",6488064.0
1790114105.666,java-order-service,process_cpu_usage,"{language=""java"",service=""java-order-service"",}",0.03333333333333333
1790114105.666,java-order-service,tomcat_threads_busy_threads,"{language=""java"",name=""http-nio-9083"",service=""java-order-service"",}",-1.0
1790114105.666,java-order-service,jvm_memory_used_bytes,"{area=""nonheap"",id=""CodeHeap 'non-profiled nmethods'"",language=""java"",service=""java-order-service"",}",4097536.0
1790114105.666,java-order-service,jvm_memory_used_bytes,"{area=""heap"",id=""G1 Eden Space"",language=""java"",service=""java-order-service"",}",7340032.0
1790114105.666,java-order-service,jvm_memory_used_bytes,"{area=""nonheap"",id=""CodeHeap 'profiled nmethods'"",language=""java"",service=""java-order-service"",}",14601088.0
1790114105.666,java-order-service,jvm_memory_used_bytes,"{area=""nonheap"",id=""CodeHeap 'non-nmethods'"",language=""java"",service=""java-order-service"",}",1609984.0
1790114105.666,java-order-service,jvm_memory_used_bytes,"{area=""heap"",id=""G1 Survivor Space"",language=""java"",service=""java-order-service"",}",4165552.0
1790114105.666,java-order-service,jvm_memory_used_bytes,"{area=""nonheap"",id=""Compressed Class Space"",language=""java"",service=""java-order-service"",}",10685456.0
1790114105.666,java-order-service,jvm_memory_used_bytes,"{area=""heap"",id=""G1 Old Gen"",language=""java"",service=""java-order-service"",}",31259288.0
1790114105.666,java-order-service,jvm_memory_used_bytes,"{area=""nonheap"",id=""Metaspace"",language=""java"",service=""java-order-service"",}",78576264.0
1790114105.666,java-order-service,hikaricp_connections_acquire_seconds_count,"{language=""java"",pool=""HikariPool-1"",service=""java-order-service"",}",134.0
1790114105.666,java-order-service,hikaricp_connections_acquire_seconds_sum,"{language=""java"",pool=""HikariPool-1"",service=""java-order-service"",}",0.03198175
1790114105.666,java-order-service,hikaricp_connections_usage_seconds_count,"{language=""java"",pool=""HikariPool-1"",service=""java-order-service"",}",134.0
1790114105.666,java-order-service,hikaricp_connections_usage_seconds_sum,"{language=""java"",pool=""HikariPool-1"",service=""java-order-service"",}",0.004
1790114105.666,java-order-service,tomcat_threads_config_max_threads,"{language=""java"",name=""http-nio-9083"",service=""java-order-service"",}",-1.0
1790114105.666,java-order-service,system_cpu_usage,"{language=""java"",service=""java-order-service"",}",0.03354619047619048
1790114105.666,java-order-service,hikaricp_connections_pending,"{language=""java"",pool=""HikariPool-1"",service=""java-order-service"",}",0.0
1790114105.666,java-order-service,jvm_gc_pause_seconds_count,"{action=""end of minor GC"",cause=""G1 Evacuation Pause"",gc=""G1 Young Generation"",language=""java"",service=""java-order-service"",}",1.0
1790114105.666,java-order-service,jvm_gc_pause_seconds_sum,"{action=""end of minor GC"",cause=""G1 Evacuation Pause"",gc=""G1 Young Generation"",language=""java"",service=""java-order-service"",}",0.025
1790114105.666,java-order-service,hikaricp_connections_active,"{language=""java"",pool=""HikariPool-1"",service=""java-order-service"",}",0.0
1790114105.666,java-order-service,tomcat_threads_current_threads,"{language=""java"",name=""http-nio-9083"",service=""java-order-service"",}",-1.0
1790114105.666,java-order-service,jvm_memory_committed_bytes,"{area=""nonheap"",id=""CodeHeap 'non-profiled nmethods'"",language=""java"",service=""java-order-service"",}",4128768.0
1790114105.666,java-order-service,jvm_memory_committed_bytes,"{area=""heap"",id=""G1 Eden Space"",language=""java"",service=""java-order-service"",}",45088768.0
1790114105.666,java-order-service,jvm_memory_committed_bytes,"{area=""nonheap"",id=""CodeHeap 'profiled nmethods'"",language=""java"",service=""java-order-service"",}",14680064.0
1790114105.666,java-order-service,jvm_memory_committed_bytes,"{area=""nonheap"",id=""CodeHeap 'non-nmethods'"",language=""java"",service=""java-order-service"",}",2555904.0
1790114105.666,java-order-service,jvm_memory_committed_bytes,"{area=""heap"",id=""G1 Survivor Space"",language=""java"",service=""java-order-service"",}",4194304.0
1790114105.666,java-order-service,jvm_memory_committed_bytes,"{area=""nonheap"",id=""Compressed Class Space"",language=""java"",service=""java-order-service"",}",11075584.0
1790114105.666,java-order-service,jvm_memory_committed_bytes,"{area=""heap"",id=""G1 Old Gen"",language=""java"",service=""java-order-service"",}",34603008.0
1790114105.666,java-order-service,jvm_memory_committed_bytes,"{area=""nonheap"",id=""Metaspace"",language=""java"",service=""java-order-service"",}",79495168.0
1790114110.765,java-user-service,hikaricp_connections_pending,"{framework=""spring-boot"",language=""java"",pool=""HikariPool-1"",service=""java-user-service"",}",383.0
1790114110.765,java-user-service,hikaricp_connections_acquire_seconds_count,"{framework=""spring-boot"",language=""java"",pool=""HikariPool-1"",service=""java-user-service"",}",4600.0
1790114110.765,java-user-service,hikaricp_connections_acquire_seconds_sum,"{framework=""spring-boot"",language=""java"",pool=""HikariPool-1"",service=""java-user-service"",}",6279.945488571
1790114110.765,java-user-service,jvm_gc_pause_seconds_count,"{action=""end of minor GC"",cause=""G1 Evacuation Pause"",framework=""spring-boot"",gc=""G1 Young Generation"",language=""java"",service=""java-user-service"",}",122.0
1790114110.765,java-user-service,jvm_gc_pause_seconds_sum,"{action=""end of minor GC"",cause=""G1 Evacuation Pause"",framework=""spring-boot"",gc=""G1 Young Generation"",language=""java"",service=""java-user-service"",}",0.658
1790114110.765,java-user-service,process_cpu_usage,"{framework=""spring-boot"",language=""java"",service=""java-user-service"",}",1.0
1790114110.765,java-user-service,hikaricp_connections_usage_seconds_count,"{framework=""spring-boot"",language=""java"",pool=""HikariPool-1"",service=""java-user-service"",}",4580.0
1790114110.765,java-user-service,hikaricp_connections_usage_seconds_sum,"{framework=""spring-boot"",language=""java"",pool=""HikariPool-1"",service=""java-user-service"",}",1833.33
1790114110.765,java-user-service,jvm_memory_used_bytes,"{area=""nonheap"",framework=""spring-boot"",id=""CodeHeap 'non-nmethods'"",language=""java"",service=""java-user-service"",}",1643776.0
1790114110.765,java-user-service,jvm_memory_used_bytes,"{area=""nonheap"",framework=""spring-boot"",id=""CodeHeap 'non-profiled nmethods'"",language=""java"",service=""java-user-service"",}",12585344.0
1790114110.765,java-user-service,jvm_memory_used_bytes,"{area=""heap"",framework=""spring-boot"",id=""G1 Survivor Space"",language=""java"",service=""java-user-service"",}",8388608.0
1790114110.765,java-user-service,jvm_memory_used_bytes,"{area=""heap"",framework=""spring-boot"",id=""G1 Old Gen"",language=""java"",service=""java-user-service"",}",136289912.0
1790114110.765,java-user-service,jvm_memory_used_bytes,"{area=""nonheap"",framework=""spring-boot"",id=""Metaspace"",language=""java"",service=""java-user-service"",}",104177656.0
1790114110.765,java-user-service,jvm_memory_used_bytes,"{area=""heap"",framework=""spring-boot"",id=""G1 Eden Space"",language=""java"",service=""java-user-service"",}",24117248.0
1790114110.765,java-user-service,jvm_memory_used_bytes,"{area=""nonheap"",framework=""spring-boot"",id=""Compressed Class Space"",language=""java"",service=""java-user-service"",}",13413600.0
1790114110.765,java-user-service,jvm_memory_used_bytes,"{area=""nonheap"",framework=""spring-boot"",id=""CodeHeap 'profiled nmethods'"",language=""java"",service=""java-user-service"",}",24575744.0
1790114110.765,java-user-service,tomcat_threads_config_max_threads,"{framework=""spring-boot"",language=""java"",name=""http-nio-9081"",service=""java-user-service"",}",-1.0
1790114110.765,java-user-service,system_cpu_usage,"{framework=""spring-boot"",language=""java"",service=""java-user-service"",}",1.0
1790114110.765,java-user-service,tomcat_threads_current_threads,"{framework=""spring-boot"",language=""java"",name=""http-nio-9081"",service=""java-user-service"",}",-1.0
1790114110.765,java-user-service,tomcat_threads_busy_threads,"{framework=""spring-boot"",language=""java"",name=""http-nio-9081"",service=""java-user-service"",}",-1.0
1790114110.765,java-user-service,jvm_memory_committed_bytes,"{area=""nonheap"",framework=""spring-boot"",id=""CodeHeap 'non-nmethods'"",language=""java"",service=""java-user-service"",}",2555904.0
1790114110.765,java-user-service,jvm_memory_committed_bytes,"{area=""nonheap"",framework=""spring-boot"",id=""CodeHeap 'non-profiled nmethods'"",language=""java"",service=""java-user-service"",}",12648448.0
1790114110.765,java-user-service,jvm_memory_committed_bytes,"{area=""heap"",framework=""spring-boot"",id=""G1 Survivor Space"",language=""java"",service=""java-user-service"",}",8388608.0
1790114110.765,java-user-service,jvm_memory_committed_bytes,"{area=""heap"",framework=""spring-boot"",id=""G1 Old Gen"",language=""java"",service=""java-user-service"",}",167772160.0
1790114110.765,java-user-service,jvm_memory_committed_bytes,"{area=""nonheap"",framework=""spring-boot"",id=""Metaspace"",language=""java"",service=""java-user-service"",}",105185280.0
1790114110.765,java-user-service,jvm_memory_committed_bytes,"{area=""heap"",framework=""spring-boot"",id=""G1 Eden Space"",language=""java"",service=""java-user-service"",}",77594624.0
1790114110.765,java-user-service,jvm_memory_committed_bytes,"{area=""nonheap"",framework=""spring-boot"",id=""Compressed Class Space"",language=""java"",service=""java-user-service"",}",13893632.0
1790114110.765,java-user-service,jvm_memory_committed_bytes,"{area=""nonheap"",framework=""spring-boot"",id=""CodeHeap 'profiled nmethods'"",language=""java"",service=""java-user-service"",}",27721728.0
1790114110.765,java-user-service,hikaricp_connections_active,"{framework=""spring-boot"",language=""java"",pool=""HikariPool-1"",service=""java-user-service"",}",20.0
1790114110.765,java-product-service,tomcat_threads_busy_threads,"{language=""java"",name=""http-nio-9082"",service=""java-product-service"",}",-1.0
1790114110.765,java-product-service,jvm_gc_pause_seconds_count,"{action=""end of minor GC"",cause=""G1 Evacuation Pause"",gc=""G1 Young Generation"",language=""java"",service=""java-product-service"",}",4.0
1790114110.765,java-product-service,jvm_gc_pause_seconds_sum,"{action=""end of minor GC"",cause=""G1 Evacuation Pause"",gc=""G1 Young Generation"",language=""java"",service=""java-product-service"",}",0.049
1790114110.765,java-product-service,hikaricp_connections_active,"{language=""java"",pool=""HikariPool-1"",service=""java-product-service"",}",0.0
1790114110.765,java-product-service,tomcat_threads_current_threads,"{language=""java"",name=""http-nio-9082"",service=""java-product-service"",}",-1.0
1790114110.765,java-product-service,hikaricp_connections_usage_seconds_count,"{language=""java"",pool=""HikariPool-1"",service=""java-product-service"",}",150.0
1790114110.765,java-product-service,hikaricp_connections_usage_seconds_sum,"{language=""java"",pool=""HikariPool-1"",service=""java-product-service"",}",0.325
1790114110.765,java-product-service,hikaricp_connections_acquire_seconds_count,"{language=""java"",pool=""HikariPool-1"",service=""java-product-service"",}",150.0
1790114110.765,java-product-service,hikaricp_connections_acquire_seconds_sum,"{language=""java"",pool=""HikariPool-1"",service=""java-product-service"",}",0.068213917
1790114110.765,java-product-service,process_cpu_usage,"{language=""java"",service=""java-product-service"",}",0.027777777777777776
1790114110.765,java-product-service,hikaricp_connections_pending,"{language=""java"",pool=""HikariPool-1"",service=""java-product-service"",}",0.0
1790114110.765,java-product-service,system_cpu_usage,"{language=""java"",service=""java-product-service"",}",0.03552333333333333
1790114110.765,java-product-service,tomcat_threads_config_max_threads,"{language=""java"",name=""http-nio-9082"",service=""java-product-service"",}",-1.0
1790114110.765,java-product-service,jvm_memory_used_bytes,"{area=""nonheap"",id=""CodeHeap 'non-nmethods'"",language=""java"",service=""java-product-service"",}",1639552.0
1790114110.765,java-product-service,jvm_memory_used_bytes,"{area=""heap"",id=""G1 Eden Space"",language=""java"",service=""java-product-service"",}",11534336.0
1790114110.765,java-product-service,jvm_memory_used_bytes,"{area=""nonheap"",id=""Metaspace"",language=""java"",service=""java-product-service"",}",97210640.0
1790114110.765,java-product-service,jvm_memory_used_bytes,"{area=""heap"",id=""G1 Old Gen"",language=""java"",service=""java-product-service"",}",37723768.0
1790114110.765,java-product-service,jvm_memory_used_bytes,"{area=""nonheap"",id=""Compressed Class Space"",language=""java"",service=""java-product-service"",}",12905120.0
1790114110.765,java-product-service,jvm_memory_used_bytes,"{area=""heap"",id=""G1 Survivor Space"",language=""java"",service=""java-product-service"",}",4024160.0
1790114110.765,java-product-service,jvm_memory_used_bytes,"{area=""nonheap"",id=""CodeHeap 'profiled nmethods'"",language=""java"",service=""java-product-service"",}",22559104.0
1790114110.765,java-product-service,jvm_memory_used_bytes,"{area=""nonheap"",id=""CodeHeap 'non-profiled nmethods'"",language=""java"",service=""java-product-service"",}",6128000.0
1790114110.765,java-product-service,jvm_memory_committed_bytes,"{area=""nonheap"",id=""CodeHeap 'non-nmethods'"",language=""java"",service=""java-product-service"",}",2555904.0
1790114110.765,java-product-service,jvm_memory_committed_bytes,"{area=""heap"",id=""G1 Eden Space"",language=""java"",service=""java-product-service"",}",68157440.0
1790114110.765,java-product-service,jvm_memory_committed_bytes,"{area=""nonheap"",id=""Metaspace"",language=""java"",service=""java-product-service"",}",98172928.0
1790114110.765,java-product-service,jvm_memory_committed_bytes,"{area=""heap"",id=""G1 Old Gen"",language=""java"",service=""java-product-service"",}",41943040.0
1790114110.765,java-product-service,jvm_memory_committed_bytes,"{area=""nonheap"",id=""Compressed Class Space"",language=""java"",service=""java-product-service"",}",13369344.0
1790114110.765,java-product-service,jvm_memory_committed_bytes,"{area=""heap"",id=""G1 Survivor Space"",language=""java"",service=""java-product-service"",}",4194304.0
1790114110.765,java-product-service,jvm_memory_committed_bytes,"{area=""nonheap"",id=""CodeHeap 'profiled nmethods'"",language=""java"",service=""java-product-service"",}",24117248.0
1790114110.765,java-product-service,jvm_memory_committed_bytes,"{area=""nonheap"",id=""CodeHeap 'non-profiled nmethods'"",language=""java"",service=""java-product-service"",}",6488064.0
1790114110.765,java-order-service,process_cpu_usage,"{language=""java"",service=""java-order-service"",}",0.02857142857142857
1790114110.765,java-order-service,tomcat_threads_busy_threads,"{language=""java"",name=""http-nio-9083"",service=""java-order-service"",}",-1.0
1790114110.765,java-order-service,jvm_memory_used_bytes,"{area=""nonheap"",id=""CodeHeap 'non-profiled nmethods'"",language=""java"",service=""java-order-service"",}",4111360.0
1790114110.765,java-order-service,jvm_memory_used_bytes,"{area=""heap"",id=""G1 Eden Space"",language=""java"",service=""java-order-service"",}",8388608.0
1790114110.765,java-order-service,jvm_memory_used_bytes,"{area=""nonheap"",id=""CodeHeap 'profiled nmethods'"",language=""java"",service=""java-order-service"",}",14684544.0
1790114110.765,java-order-service,jvm_memory_used_bytes,"{area=""nonheap"",id=""CodeHeap 'non-nmethods'"",language=""java"",service=""java-order-service"",}",1609984.0
1790114110.765,java-order-service,jvm_memory_used_bytes,"{area=""heap"",id=""G1 Survivor Space"",language=""java"",service=""java-order-service"",}",4165552.0
1790114110.765,java-order-service,jvm_memory_used_bytes,"{area=""nonheap"",id=""Compressed Class Space"",language=""java"",service=""java-order-service"",}",10685456.0
1790114110.765,java-order-service,jvm_memory_used_bytes,"{area=""heap"",id=""G1 Old Gen"",language=""java"",service=""java-order-service"",}",31259288.0
1790114110.765,java-order-service,jvm_memory_used_bytes,"{area=""nonheap"",id=""Metaspace"",language=""java"",service=""java-order-service"",}",78599264.0
1790114110.765,java-order-service,hikaricp_connections_acquire_seconds_count,"{language=""java"",pool=""HikariPool-1"",service=""java-order-service"",}",136.0
1790114110.765,java-order-service,hikaricp_connections_acquire_seconds_sum,"{language=""java"",pool=""HikariPool-1"",service=""java-order-service"",}",0.032324167
1790114110.765,java-order-service,hikaricp_connections_usage_seconds_count,"{language=""java"",pool=""HikariPool-1"",service=""java-order-service"",}",136.0
1790114110.765,java-order-service,hikaricp_connections_usage_seconds_sum,"{language=""java"",pool=""HikariPool-1"",service=""java-order-service"",}",0.004
1790114110.765,java-order-service,tomcat_threads_config_max_threads,"{language=""java"",name=""http-nio-9083"",service=""java-order-service"",}",-1.0
1790114110.765,java-order-service,system_cpu_usage,"{language=""java"",service=""java-order-service"",}",0.032119047619047617
1790114110.765,java-order-service,hikaricp_connections_pending,"{language=""java"",pool=""HikariPool-1"",service=""java-order-service"",}",0.0
1790114110.765,java-order-service,jvm_gc_pause_seconds_count,"{action=""end of minor GC"",cause=""G1 Evacuation Pause"",gc=""G1 Young Generation"",language=""java"",service=""java-order-service"",}",1.0
1790114110.765,java-order-service,jvm_gc_pause_seconds_sum,"{action=""end of minor GC"",cause=""G1 Evacuation Pause"",gc=""G1 Young Generation"",language=""java"",service=""java-order-service"",}",0.025
1790114110.765,java-order-service,hikaricp_connections_active,"{language=""java"",pool=""HikariPool-1"",service=""java-order-service"",}",0.0
1790114110.765,java-order-service,tomcat_threads_current_threads,"{language=""java"",name=""http-nio-9083"",service=""java-order-service"",}",-1.0
1790114110.765,java-order-service,jvm_memory_committed_bytes,"{area=""nonheap"",id=""CodeHeap 'non-profiled nmethods'"",language=""java"",service=""java-order-service"",}",4128768.0
1790114110.765,java-order-service,jvm_memory_committed_bytes,"{area=""heap"",id=""G1 Eden Space"",language=""java"",service=""java-order-service"",}",45088768.0
1790114110.765,java-order-service,jvm_memory_committed_bytes,"{area=""nonheap"",id=""CodeHeap 'profiled nmethods'"",language=""java"",service=""java-order-service"",}",14745600.0
1790114110.765,java-order-service,jvm_memory_committed_bytes,"{area=""nonheap"",id=""CodeHeap 'non-nmethods'"",language=""java"",service=""java-order-service"",}",2555904.0
1790114110.765,java-order-service,jvm_memory_committed_bytes,"{area=""heap"",id=""G1 Survivor Space"",language=""java"",service=""java-order-service"",}",4194304.0
1790114110.765,java-order-service,jvm_memory_committed_bytes,"{area=""nonheap"",id=""Compressed Class Space"",language=""java"",service=""java-order-service"",}",11075584.0
1790114110.765,java-order-service,jvm_memory_committed_bytes,"{area=""heap"",id=""G1 Old Gen"",language=""java"",service=""java-order-service"",}",34603008.0
1790114110.765,java-order-service,jvm_memory_committed_bytes,"{area=""nonheap"",id=""Metaspace"",language=""java"",service=""java-order-service"",}",79495168.0
1790114116.215,java-user-service,hikaricp_connections_pending,"{framework=""spring-boot"",language=""java"",pool=""HikariPool-1"",service=""java-user-service"",}",423.0
1790114116.215,java-user-service,hikaricp_connections_acquire_seconds_count,"{framework=""spring-boot"",language=""java"",pool=""HikariPool-1"",service=""java-user-service"",}",4733.0
1790114116.215,java-user-service,hikaricp_connections_acquire_seconds_sum,"{framework=""spring-boot"",language=""java"",pool=""HikariPool-1"",service=""java-user-service"",}",7375.405194198
1790114116.215,java-user-service,jvm_gc_pause_seconds_count,"{action=""end of minor GC"",cause=""G1 Evacuation Pause"",framework=""spring-boot"",gc=""G1 Young Generation"",language=""java"",service=""java-user-service"",}",125.0
1790114116.215,java-user-service,jvm_gc_pause_seconds_sum,"{action=""end of minor GC"",cause=""G1 Evacuation Pause"",framework=""spring-boot"",gc=""G1 Young Generation"",language=""java"",service=""java-user-service"",}",0.678
1790114116.215,java-user-service,process_cpu_usage,"{framework=""spring-boot"",language=""java"",service=""java-user-service"",}",0.9934640522875817
1790114116.215,java-user-service,hikaricp_connections_usage_seconds_count,"{framework=""spring-boot"",language=""java"",pool=""HikariPool-1"",service=""java-user-service"",}",4713.0
1790114116.215,java-user-service,hikaricp_connections_usage_seconds_sum,"{framework=""spring-boot"",language=""java"",pool=""HikariPool-1"",service=""java-user-service"",}",1946.614
1790114116.215,java-user-service,jvm_memory_used_bytes,"{area=""nonheap"",framework=""spring-boot"",id=""CodeHeap 'non-nmethods'"",language=""java"",service=""java-user-service"",}",1643776.0
1790114116.215,java-user-service,jvm_memory_used_bytes,"{area=""nonheap"",framework=""spring-boot"",id=""CodeHeap 'non-profiled nmethods'"",language=""java"",service=""java-user-service"",}",12852608.0
1790114116.215,java-user-service,jvm_memory_used_bytes,"{area=""heap"",framework=""spring-boot"",id=""G1 Survivor Space"",language=""java"",service=""java-user-service"",}",8912896.0
1790114116.215,java-user-service,jvm_memory_used_bytes,"{area=""heap"",framework=""spring-boot"",id=""G1 Old Gen"",language=""java"",service=""java-user-service"",}",122134136.0
1790114116.215,java-user-service,jvm_memory_used_bytes,"{area=""nonheap"",framework=""spring-boot"",id=""Metaspace"",language=""java"",service=""java-user-service"",}",104181760.0
1790114116.215,java-user-service,jvm_memory_used_bytes,"{area=""heap"",framework=""spring-boot"",id=""G1 Eden Space"",language=""java"",service=""java-user-service"",}",52428800.0
1790114116.215,java-user-service,jvm_memory_used_bytes,"{area=""nonheap"",framework=""spring-boot"",id=""Compressed Class Space"",language=""java"",service=""java-user-service"",}",13415320.0
1790114116.215,java-user-service,jvm_memory_used_bytes,"{area=""nonheap"",framework=""spring-boot"",id=""CodeHeap 'profiled nmethods'"",language=""java"",service=""java-user-service"",}",24594560.0
1790114116.215,java-user-service,tomcat_threads_config_max_threads,"{framework=""spring-boot"",language=""java"",name=""http-nio-9081"",service=""java-user-service"",}",-1.0
1790114116.215,java-user-service,system_cpu_usage,"{framework=""spring-boot"",language=""java"",service=""java-user-service"",}",0.9943898039215686
1790114116.215,java-user-service,tomcat_threads_current_threads,"{framework=""spring-boot"",language=""java"",name=""http-nio-9081"",service=""java-user-service"",}",-1.0
1790114116.215,java-user-service,tomcat_threads_busy_threads,"{framework=""spring-boot"",language=""java"",name=""http-nio-9081"",service=""java-user-service"",}",-1.0
1790114116.215,java-user-service,jvm_memory_committed_bytes,"{area=""nonheap"",framework=""spring-boot"",id=""CodeHeap 'non-nmethods'"",language=""java"",service=""java-user-service"",}",2555904.0
1790114116.215,java-user-service,jvm_memory_committed_bytes,"{area=""nonheap"",framework=""spring-boot"",id=""CodeHeap 'non-profiled nmethods'"",language=""java"",service=""java-user-service"",}",12910592.0
1790114116.215,java-user-service,jvm_memory_committed_bytes,"{area=""heap"",framework=""spring-boot"",id=""G1 Survivor Space"",language=""java"",service=""java-user-service"",}",9437184.0
1790114116.215,java-user-service,jvm_memory_committed_bytes,"{area=""heap"",framework=""spring-boot"",id=""G1 Old Gen"",language=""java"",service=""java-user-service"",}",146800640.0
1790114116.215,java-user-service,jvm_memory_committed_bytes,"{area=""nonheap"",framework=""spring-boot"",id=""Metaspace"",language=""java"",service=""java-user-service"",}",105185280.0
1790114116.215,java-user-service,jvm_memory_committed_bytes,"{area=""heap"",framework=""spring-boot"",id=""G1 Eden Space"",language=""java"",service=""java-user-service"",}",97517568.0
1790114116.215,java-user-service,jvm_memory_committed_bytes,"{area=""nonheap"",framework=""spring-boot"",id=""Compressed Class Space"",language=""java"",service=""java-user-service"",}",13893632.0
1790114116.215,java-user-service,jvm_memory_committed_bytes,"{area=""nonheap"",framework=""spring-boot"",id=""CodeHeap 'profiled nmethods'"",language=""java"",service=""java-user-service"",}",27721728.0
1790114116.215,java-user-service,hikaricp_connections_active,"{framework=""spring-boot"",language=""java"",pool=""HikariPool-1"",service=""java-user-service"",}",20.0
1790114116.215,java-product-service,tomcat_threads_busy_threads,"{language=""java"",name=""http-nio-9082"",service=""java-product-service"",}",-1.0
1790114116.215,java-product-service,jvm_gc_pause_seconds_count,"{action=""end of minor GC"",cause=""G1 Evacuation Pause"",gc=""G1 Young Generation"",language=""java"",service=""java-product-service"",}",4.0
1790114116.215,java-product-service,jvm_gc_pause_seconds_sum,"{action=""end of minor GC"",cause=""G1 Evacuation Pause"",gc=""G1 Young Generation"",language=""java"",service=""java-product-service"",}",0.049
1790114116.215,java-product-service,hikaricp_connections_active,"{language=""java"",pool=""HikariPool-1"",service=""java-product-service"",}",0.0
1790114116.215,java-product-service,tomcat_threads_current_threads,"{language=""java"",name=""http-nio-9082"",service=""java-product-service"",}",-1.0
1790114116.215,java-product-service,hikaricp_connections_usage_seconds_count,"{language=""java"",pool=""HikariPool-1"",service=""java-product-service"",}",152.0
1790114116.215,java-product-service,hikaricp_connections_usage_seconds_sum,"{language=""java"",pool=""HikariPool-1"",service=""java-product-service"",}",0.325
1790114116.215,java-product-service,hikaricp_connections_acquire_seconds_count,"{language=""java"",pool=""HikariPool-1"",service=""java-product-service"",}",152.0
1790114116.215,java-product-service,hikaricp_connections_acquire_seconds_sum,"{language=""java"",pool=""HikariPool-1"",service=""java-product-service"",}",0.06871525
1790114116.215,java-product-service,process_cpu_usage,"{language=""java"",service=""java-product-service"",}",0.016666666666666666
1790114116.215,java-product-service,hikaricp_connections_pending,"{language=""java"",pool=""HikariPool-1"",service=""java-product-service"",}",0.0
1790114116.215,java-product-service,system_cpu_usage,"{language=""java"",service=""java-product-service"",}",0.018613333333333332
1790114116.215,java-product-service,tomcat_threads_config_max_threads,"{language=""java"",name=""http-nio-9082"",service=""java-product-service"",}",-1.0
1790114116.215,java-product-service,jvm_memory_used_bytes,"{area=""nonheap"",id=""CodeHeap 'non-nmethods'"",language=""java"",service=""java-product-service"",}",1639552.0
1790114116.215,java-product-service,jvm_memory_used_bytes,"{area=""heap"",id=""G1 Eden Space"",language=""java"",service=""java-product-service"",}",12582912.0
1790114116.215,java-product-service,jvm_memory_used_bytes,"{area=""nonheap"",id=""Metaspace"",language=""java"",service=""java-product-service"",}",97213752.0
1790114116.215,java-product-service,jvm_memory_used_bytes,"{area=""heap"",id=""G1 Old Gen"",language=""java"",service=""java-product-service"",}",37723768.0
1790114116.215,java-product-service,jvm_memory_used_bytes,"{area=""nonheap"",id=""Compressed Class Space"",language=""java"",service=""java-product-service"",}",12905120.0
1790114116.215,java-product-service,jvm_memory_used_bytes,"{area=""heap"",id=""G1 Survivor Space"",language=""java"",service=""java-product-service"",}",4024160.0
1790114116.215,java-product-service,jvm_memory_used_bytes,"{area=""nonheap"",id=""CodeHeap 'profiled nmethods'"",language=""java"",service=""java-product-service"",}",22589952.0
1790114116.215,java-product-service,jvm_memory_used_bytes,"{area=""nonheap"",id=""CodeHeap 'non-profiled nmethods'"",language=""java"",service=""java-product-service"",}",6147712.0
1790114116.215,java-product-service,jvm_memory_committed_bytes,"{area=""nonheap"",id=""CodeHeap 'non-nmethods'"",language=""java"",service=""java-product-service"",}",2555904.0
1790114116.215,java-product-service,jvm_memory_committed_bytes,"{area=""heap"",id=""G1 Eden Space"",language=""java"",service=""java-product-service"",}",68157440.0
1790114116.215,java-product-service,jvm_memory_committed_bytes,"{area=""nonheap"",id=""Metaspace"",language=""java"",service=""java-product-service"",}",98172928.0
1790114116.215,java-product-service,jvm_memory_committed_bytes,"{area=""heap"",id=""G1 Old Gen"",language=""java"",service=""java-product-service"",}",41943040.0
1790114116.215,java-product-service,jvm_memory_committed_bytes,"{area=""nonheap"",id=""Compressed Class Space"",language=""java"",service=""java-product-service"",}",13369344.0
1790114116.215,java-product-service,jvm_memory_committed_bytes,"{area=""heap"",id=""G1 Survivor Space"",language=""java"",service=""java-product-service"",}",4194304.0
1790114116.215,java-product-service,jvm_memory_committed_bytes,"{area=""nonheap"",id=""CodeHeap 'profiled nmethods'"",language=""java"",service=""java-product-service"",}",24117248.0
1790114116.215,java-product-service,jvm_memory_committed_bytes,"{area=""nonheap"",id=""CodeHeap 'non-profiled nmethods'"",language=""java"",service=""java-product-service"",}",6488064.0
1790114116.215,java-order-service,process_cpu_usage,"{language=""java"",service=""java-order-service"",}",0.0196078431372549
1790114116.215,java-order-service,tomcat_threads_busy_threads,"{language=""java"",name=""http-nio-9083"",service=""java-order-service"",}",-1.0
1790114116.215,java-order-service,jvm_memory_used_bytes,"{area=""nonheap"",id=""CodeHeap 'non-profiled nmethods'"",language=""java"",service=""java-order-service"",}",4123776.0
1790114116.215,java-order-service,jvm_memory_used_bytes,"{area=""heap"",id=""G1 Eden Space"",language=""java"",service=""java-order-service"",}",9437184.0
1790114116.215,java-order-service,jvm_memory_used_bytes,"{area=""nonheap"",id=""CodeHeap 'profiled nmethods'"",language=""java"",service=""java-order-service"",}",14769152.0
1790114116.215,java-order-service,jvm_memory_used_bytes,"{area=""nonheap"",id=""CodeHeap 'non-nmethods'"",language=""java"",service=""java-order-service"",}",1609984.0
1790114116.215,java-order-service,jvm_memory_used_bytes,"{area=""heap"",id=""G1 Survivor Space"",language=""java"",service=""java-order-service"",}",4165552.0
1790114116.215,java-order-service,jvm_memory_used_bytes,"{area=""nonheap"",id=""Compressed Class Space"",language=""java"",service=""java-order-service"",}",10685456.0
1790114116.215,java-order-service,jvm_memory_used_bytes,"{area=""heap"",id=""G1 Old Gen"",language=""java"",service=""java-order-service"",}",31259288.0
1790114116.215,java-order-service,jvm_memory_used_bytes,"{area=""nonheap"",id=""Metaspace"",language=""java"",service=""java-order-service"",}",78617768.0
1790114116.215,java-order-service,hikaricp_connections_acquire_seconds_count,"{language=""java"",pool=""HikariPool-1"",service=""java-order-service"",}",140.0
1790114116.215,java-order-service,hikaricp_connections_acquire_seconds_sum,"{language=""java"",pool=""HikariPool-1"",service=""java-order-service"",}",0.033208126
1790114116.215,java-order-service,hikaricp_connections_usage_seconds_count,"{language=""java"",pool=""HikariPool-1"",service=""java-order-service"",}",140.0
1790114116.215,java-order-service,hikaricp_connections_usage_seconds_sum,"{language=""java"",pool=""HikariPool-1"",service=""java-order-service"",}",0.004
1790114116.215,java-order-service,tomcat_threads_config_max_threads,"{language=""java"",name=""http-nio-9083"",service=""java-order-service"",}",-1.0
1790114116.215,java-order-service,system_cpu_usage,"{language=""java"",service=""java-order-service"",}",0.023225882352941176
1790114116.215,java-order-service,hikaricp_connections_pending,"{language=""java"",pool=""HikariPool-1"",service=""java-order-service"",}",0.0
1790114116.215,java-order-service,jvm_gc_pause_seconds_count,"{action=""end of minor GC"",cause=""G1 Evacuation Pause"",gc=""G1 Young Generation"",language=""java"",service=""java-order-service"",}",1.0
1790114116.215,java-order-service,jvm_gc_pause_seconds_sum,"{action=""end of minor GC"",cause=""G1 Evacuation Pause"",gc=""G1 Young Generation"",language=""java"",service=""java-order-service"",}",0.025
1790114116.215,java-order-service,hikaricp_connections_active,"{language=""java"",pool=""HikariPool-1"",service=""java-order-service"",}",0.0
1790114116.215,java-order-service,tomcat_threads_current_threads,"{language=""java"",name=""http-nio-9083"",service=""java-order-service"",}",-1.0
1790114116.215,java-order-service,jvm_memory_committed_bytes,"{area=""nonheap"",id=""CodeHeap 'non-profiled nmethods'"",language=""java"",service=""java-order-service"",}",4128768.0
1790114116.215,java-order-service,jvm_memory_committed_bytes,"{area=""heap"",id=""G1 Eden Space"",language=""java"",service=""java-order-service"",}",45088768.0
1790114116.215,java-order-service,jvm_memory_committed_bytes,"{area=""nonheap"",id=""CodeHeap 'profiled nmethods'"",language=""java"",service=""java-order-service"",}",14811136.0
1790114116.215,java-order-service,jvm_memory_committed_bytes,"{area=""nonheap"",id=""CodeHeap 'non-nmethods'"",language=""java"",service=""java-order-service"",}",2555904.0
1790114116.215,java-order-service,jvm_memory_committed_bytes,"{area=""heap"",id=""G1 Survivor Space"",language=""java"",service=""java-order-service"",}",4194304.0
1790114116.215,java-order-service,jvm_memory_committed_bytes,"{area=""nonheap"",id=""Compressed Class Space"",language=""java"",service=""java-order-service"",}",11075584.0
1790114116.215,java-order-service,jvm_memory_committed_bytes,"{area=""heap"",id=""G1 Old Gen"",language=""java"",service=""java-order-service"",}",34603008.0
1790114116.215,java-order-service,jvm_memory_committed_bytes,"{area=""nonheap"",id=""Metaspace"",language=""java"",service=""java-order-service"",}",79495168.0
1790114121.248,java-user-service,hikaricp_connections_pending,"{framework=""spring-boot"",language=""java"",pool=""HikariPool-1"",service=""java-user-service"",}",457.0
1790114121.248,java-user-service,hikaricp_connections_acquire_seconds_count,"{framework=""spring-boot"",language=""java"",pool=""HikariPool-1"",service=""java-user-service"",}",4849.0
1790114121.248,java-user-service,hikaricp_connections_acquire_seconds_sum,"{framework=""spring-boot"",language=""java"",pool=""HikariPool-1"",service=""java-user-service"",}",8935.524482388
1790114121.248,java-user-service,jvm_gc_pause_seconds_count,"{action=""end of minor GC"",cause=""G1 Evacuation Pause"",framework=""spring-boot"",gc=""G1 Young Generation"",language=""java"",service=""java-user-service"",}",128.0
1790114121.248,java-user-service,jvm_gc_pause_seconds_sum,"{action=""end of minor GC"",cause=""G1 Evacuation Pause"",framework=""spring-boot"",gc=""G1 Young Generation"",language=""java"",service=""java-user-service"",}",0.695
1790114121.248,java-user-service,process_cpu_usage,"{framework=""spring-boot"",language=""java"",service=""java-user-service"",}",1.0
1790114121.248,java-user-service,hikaricp_connections_usage_seconds_count,"{framework=""spring-boot"",language=""java"",pool=""HikariPool-1"",service=""java-user-service"",}",4829.0
1790114121.248,java-user-service,hikaricp_connections_usage_seconds_sum,"{framework=""spring-boot"",language=""java"",pool=""HikariPool-1"",service=""java-user-service"",}",2045.787
1790114121.248,java-user-service,jvm_memory_used_bytes,"{area=""nonheap"",framework=""spring-boot"",id=""CodeHeap 'non-nmethods'"",language=""java"",service=""java-user-service"",}",1643776.0
1790114121.248,java-user-service,jvm_memory_used_bytes,"{area=""nonheap"",framework=""spring-boot"",id=""CodeHeap 'non-profiled nmethods'"",language=""java"",service=""java-user-service"",}",13178240.0
1790114121.248,java-user-service,jvm_memory_used_bytes,"{area=""heap"",framework=""spring-boot"",id=""G1 Survivor Space"",language=""java"",service=""java-user-service"",}",9961472.0
1790114121.248,java-user-service,jvm_memory_used_bytes,"{area=""heap"",framework=""spring-boot"",id=""G1 Old Gen"",language=""java"",service=""java-user-service"",}",125804152.0
1790114121.248,java-user-service,jvm_memory_used_bytes,"{area=""nonheap"",framework=""spring-boot"",id=""Metaspace"",language=""java"",service=""java-user-service"",}",104191848.0
1790114121.248,java-user-service,jvm_memory_used_bytes,"{area=""heap"",framework=""spring-boot"",id=""G1 Eden Space"",language=""java"",service=""java-user-service"",}",38797312.0
1790114121.248,java-user-service,jvm_memory_used_bytes,"{area=""nonheap"",framework=""spring-boot"",id=""Compressed Class Space"",language=""java"",service=""java-user-service"",}",13415320.0
1790114121.248,java-user-service,jvm_memory_used_bytes,"{area=""nonheap"",framework=""spring-boot"",id=""CodeHeap 'profiled nmethods'"",language=""java"",service=""java-user-service"",}",24509824.0
1790114121.248,java-user-service,tomcat_threads_config_max_threads,"{framework=""spring-boot"",language=""java"",name=""http-nio-9081"",service=""java-user-service"",}",-1.0
1790114121.248,java-user-service,system_cpu_usage,"{framework=""spring-boot"",language=""java"",service=""java-user-service"",}",1.0
1790114121.248,java-user-service,tomcat_threads_current_threads,"{framework=""spring-boot"",language=""java"",name=""http-nio-9081"",service=""java-user-service"",}",-1.0
1790114121.248,java-user-service,tomcat_threads_busy_threads,"{framework=""spring-boot"",language=""java"",name=""http-nio-9081"",service=""java-user-service"",}",-1.0
1790114121.248,java-user-service,jvm_memory_committed_bytes,"{area=""nonheap"",framework=""spring-boot"",id=""CodeHeap 'non-nmethods'"",language=""java"",service=""java-user-service"",}",2555904.0
1790114121.248,java-user-service,jvm_memory_committed_bytes,"{area=""nonheap"",framework=""spring-boot"",id=""CodeHeap 'non-profiled nmethods'"",language=""java"",service=""java-user-service"",}",13238272.0
1790114121.248,java-user-service,jvm_memory_committed_bytes,"{area=""heap"",framework=""spring-boot"",id=""G1 Survivor Space"",language=""java"",service=""java-user-service"",}",10485760.0
1790114121.248,java-user-service,jvm_memory_committed_bytes,"{area=""heap"",framework=""spring-boot"",id=""G1 Old Gen"",language=""java"",service=""java-user-service"",}",148897792.0
1790114121.248,java-user-service,jvm_memory_committed_bytes,"{area=""nonheap"",framework=""spring-boot"",id=""Metaspace"",language=""java"",service=""java-user-service"",}",105185280.0
1790114121.248,java-user-service,jvm_memory_committed_bytes,"{area=""heap"",framework=""spring-boot"",id=""G1 Eden Space"",language=""java"",service=""java-user-service"",}",94371840.0
1790114121.248,java-user-service,jvm_memory_committed_bytes,"{area=""nonheap"",framework=""spring-boot"",id=""Compressed Class Space"",language=""java"",service=""java-user-service"",}",13893632.0
1790114121.248,java-user-service,jvm_memory_committed_bytes,"{area=""nonheap"",framework=""spring-boot"",id=""CodeHeap 'profiled nmethods'"",language=""java"",service=""java-user-service"",}",27721728.0
1790114121.248,java-user-service,hikaricp_connections_active,"{framework=""spring-boot"",language=""java"",pool=""HikariPool-1"",service=""java-user-service"",}",20.0
1790114121.248,java-product-service,tomcat_threads_busy_threads,"{language=""java"",name=""http-nio-9082"",service=""java-product-service"",}",-1.0
1790114121.248,java-product-service,jvm_gc_pause_seconds_count,"{action=""end of minor GC"",cause=""G1 Evacuation Pause"",gc=""G1 Young Generation"",language=""java"",service=""java-product-service"",}",4.0
1790114121.248,java-product-service,jvm_gc_pause_seconds_sum,"{action=""end of minor GC"",cause=""G1 Evacuation Pause"",gc=""G1 Young Generation"",language=""java"",service=""java-product-service"",}",0.049
1790114121.248,java-product-service,hikaricp_connections_active,"{language=""java"",pool=""HikariPool-1"",service=""java-product-service"",}",0.0
1790114121.248,java-product-service,tomcat_threads_current_threads,"{language=""java"",name=""http-nio-9082"",service=""java-product-service"",}",-1.0
1790114121.248,java-product-service,hikaricp_connections_usage_seconds_count,"{language=""java"",pool=""HikariPool-1"",service=""java-product-service"",}",154.0
1790114121.248,java-product-service,hikaricp_connections_usage_seconds_sum,"{language=""java"",pool=""HikariPool-1"",service=""java-product-service"",}",0.325
1790114121.248,java-product-service,hikaricp_connections_acquire_seconds_count,"{language=""java"",pool=""HikariPool-1"",service=""java-product-service"",}",154.0
1790114121.248,java-product-service,hikaricp_connections_acquire_seconds_sum,"{language=""java"",pool=""HikariPool-1"",service=""java-product-service"",}",0.069001458
1790114121.248,java-product-service,process_cpu_usage,"{language=""java"",service=""java-product-service"",}",0.014814814814814815
1790114121.248,java-product-service,hikaricp_connections_pending,"{language=""java"",pool=""HikariPool-1"",service=""java-product-service"",}",0.0
1790114121.248,java-product-service,system_cpu_usage,"{language=""java"",service=""java-product-service"",}",0.023337777777777777
1790114121.248,java-product-service,tomcat_threads_config_max_threads,"{language=""java"",name=""http-nio-9082"",service=""java-product-service"",}",-1.0
1790114121.248,java-product-service,jvm_memory_used_bytes,"{area=""nonheap"",id=""CodeHeap 'non-nmethods'"",language=""java"",service=""java-product-service"",}",1639552.0
1790114121.248,java-product-service,jvm_memory_used_bytes,"{area=""heap"",id=""G1 Eden Space"",language=""java"",service=""java-product-service"",}",13631488.0
1790114121.248,java-product-service,jvm_memory_used_bytes,"{area=""nonheap"",id=""Metaspace"",language=""java"",service=""java-product-service"",}",97217064.0
1790114121.248,java-product-service,jvm_memory_used_bytes,"{area=""heap"",id=""G1 Old Gen"",language=""java"",service=""java-product-service"",}",37723768.0
1790114121.248,java-product-service,jvm_memory_used_bytes,"{area=""nonheap"",id=""Compressed Class Space"",language=""java"",service=""java-product-service"",}",12905120.0
1790114121.248,java-product-service,jvm_memory_used_bytes,"{area=""heap"",id=""G1 Survivor Space"",language=""java"",service=""java-product-service"",}",4024160.0
1790114121.248,java-product-service,jvm_memory_used_bytes,"{area=""nonheap"",id=""CodeHeap 'profiled nmethods'"",language=""java"",service=""java-product-service"",}",22614272.0
1790114121.248,java-product-service,jvm_memory_used_bytes,"{area=""nonheap"",id=""CodeHeap 'non-profiled nmethods'"",language=""java"",service=""java-product-service"",}",6153984.0
1790114121.248,java-product-service,jvm_memory_committed_bytes,"{area=""nonheap"",id=""CodeHeap 'non-nmethods'"",language=""java"",service=""java-product-service"",}",2555904.0
1790114121.248,java-product-service,jvm_memory_committed_bytes,"{area=""heap"",id=""G1 Eden Space"",language=""java"",service=""java-product-service"",}",68157440.0
1790114121.248,java-product-service,jvm_memory_committed_bytes,"{area=""nonheap"",id=""Metaspace"",language=""java"",service=""java-product-service"",}",98172928.0
1790114121.248,java-product-service,jvm_memory_committed_bytes,"{area=""heap"",id=""G1 Old Gen"",language=""java"",service=""java-product-service"",}",41943040.0
1790114121.248,java-product-service,jvm_memory_committed_bytes,"{area=""nonheap"",id=""Compressed Class Space"",language=""java"",service=""java-product-service"",}",13369344.0
1790114121.248,java-product-service,jvm_memory_committed_bytes,"{area=""heap"",id=""G1 Survivor Space"",language=""java"",service=""java-product-service"",}",4194304.0
1790114121.248,java-product-service,jvm_memory_committed_bytes,"{area=""nonheap"",id=""CodeHeap 'profiled nmethods'"",language=""java"",service=""java-product-service"",}",24117248.0
1790114121.248,java-product-service,jvm_memory_committed_bytes,"{area=""nonheap"",id=""CodeHeap 'non-profiled nmethods'"",language=""java"",service=""java-product-service"",}",6488064.0
1790114121.248,java-order-service,process_cpu_usage,"{language=""java"",service=""java-order-service"",}",0.007407407407407408
1790114121.248,java-order-service,tomcat_threads_busy_threads,"{language=""java"",name=""http-nio-9083"",service=""java-order-service"",}",-1.0
1790114121.248,java-order-service,jvm_memory_used_bytes,"{area=""nonheap"",id=""CodeHeap 'non-profiled nmethods'"",language=""java"",service=""java-order-service"",}",4131200.0
1790114121.248,java-order-service,jvm_memory_used_bytes,"{area=""heap"",id=""G1 Eden Space"",language=""java"",service=""java-order-service"",}",10485760.0
1790114121.248,java-order-service,jvm_memory_used_bytes,"{area=""nonheap"",id=""CodeHeap 'profiled nmethods'"",language=""java"",service=""java-order-service"",}",14776832.0
1790114121.248,java-order-service,jvm_memory_used_bytes,"{area=""nonheap"",id=""CodeHeap 'non-nmethods'"",language=""java"",service=""java-order-service"",}",1609984.0
1790114121.248,java-order-service,jvm_memory_used_bytes,"{area=""heap"",id=""G1 Survivor Space"",language=""java"",service=""java-order-service"",}",4165552.0
1790114121.248,java-order-service,jvm_memory_used_bytes,"{area=""nonheap"",id=""Compressed Class Space"",language=""java"",service=""java-order-service"",}",10685456.0
1790114121.248,java-order-service,jvm_memory_used_bytes,"{area=""heap"",id=""G1 Old Gen"",language=""java"",service=""java-order-service"",}",31259288.0
1790114121.248,java-order-service,jvm_memory_used_bytes,"{area=""nonheap"",id=""Metaspace"",language=""java"",service=""java-order-service"",}",78623104.0
1790114121.248,java-order-service,hikaricp_connections_acquire_seconds_count,"{language=""java"",pool=""HikariPool-1"",service=""java-order-service"",}",140.0
1790114121.248,java-order-service,hikaricp_connections_acquire_seconds_sum,"{language=""java"",pool=""HikariPool-1"",service=""java-order-service"",}",0.033208126
1790114121.248,java-order-service,hikaricp_connections_usage_seconds_count,"{language=""java"",pool=""HikariPool-1"",service=""java-order-service"",}",140.0
1790114121.248,java-order-service,hikaricp_connections_usage_seconds_sum,"{language=""java"",pool=""HikariPool-1"",service=""java-order-service"",}",0.004
1790114121.248,java-order-service,tomcat_threads_config_max_threads,"{language=""java"",name=""http-nio-9083"",service=""java-order-service"",}",-1.0
1790114121.248,java-order-service,system_cpu_usage,"{language=""java"",service=""java-order-service"",}",0.009474074074074074
1790114121.248,java-order-service,hikaricp_connections_pending,"{language=""java"",pool=""HikariPool-1"",service=""java-order-service"",}",0.0
1790114121.248,java-order-service,jvm_gc_pause_seconds_count,"{action=""end of minor GC"",cause=""G1 Evacuation Pause"",gc=""G1 Young Generation"",language=""java"",service=""java-order-service"",}",1.0
1790114121.248,java-order-service,jvm_gc_pause_seconds_sum,"{action=""end of minor GC"",cause=""G1 Evacuation Pause"",gc=""G1 Young Generation"",language=""java"",service=""java-order-service"",}",0.025
1790114121.248,java-order-service,hikaricp_connections_active,"{language=""java"",pool=""HikariPool-1"",service=""java-order-service"",}",0.0
1790114121.248,java-order-service,tomcat_threads_current_threads,"{language=""java"",name=""http-nio-9083"",service=""java-order-service"",}",-1.0
1790114121.248,java-order-service,jvm_memory_committed_bytes,"{area=""nonheap"",id=""CodeHeap 'non-profiled nmethods'"",language=""java"",service=""java-order-service"",}",4194304.0
1790114121.248,java-order-service,jvm_memory_committed_bytes,"{area=""heap"",id=""G1 Eden Space"",language=""java"",service=""java-order-service"",}",45088768.0
1790114121.248,java-order-service,jvm_memory_committed_bytes,"{area=""nonheap"",id=""CodeHeap 'profiled nmethods'"",language=""java"",service=""java-order-service"",}",14811136.0
1790114121.248,java-order-service,jvm_memory_committed_bytes,"{area=""nonheap"",id=""CodeHeap 'non-nmethods'"",language=""java"",service=""java-order-service"",}",2555904.0
1790114121.248,java-order-service,jvm_memory_committed_bytes,"{area=""heap"",id=""G1 Survivor Space"",language=""java"",service=""java-order-service"",}",4194304.0
1790114121.248,java-order-service,jvm_memory_committed_bytes,"{area=""nonheap"",id=""Compressed Class Space"",language=""java"",service=""java-order-service"",}",11075584.0
1790114121.248,java-order-service,jvm_memory_committed_bytes,"{area=""heap"",id=""G1 Old Gen"",language=""java"",service=""java-order-service"",}",34603008.0
1790114121.248,java-order-service,jvm_memory_committed_bytes,"{area=""nonheap"",id=""Metaspace"",language=""java"",service=""java-order-service"",}",79495168.0
1790114126.282,java-user-service,hikaricp_connections_pending,"{framework=""spring-boot"",language=""java"",pool=""HikariPool-1"",service=""java-user-service"",}",490.0
1790114126.282,java-user-service,hikaricp_connections_acquire_seconds_count,"{framework=""spring-boot"",language=""java"",pool=""HikariPool-1"",service=""java-user-service"",}",5413.0
1790114126.282,java-user-service,hikaricp_connections_acquire_seconds_sum,"{framework=""spring-boot"",language=""java"",pool=""HikariPool-1"",service=""java-user-service"",}",13420.98695372
1790114126.282,java-user-service,jvm_gc_pause_seconds_count,"{action=""end of minor GC"",cause=""G1 Evacuation Pause"",framework=""spring-boot"",gc=""G1 Young Generation"",language=""java"",service=""java-user-service"",}",134.0
1790114126.282,java-user-service,jvm_gc_pause_seconds_sum,"{action=""end of minor GC"",cause=""G1 Evacuation Pause"",framework=""spring-boot"",gc=""G1 Young Generation"",language=""java"",service=""java-user-service"",}",0.738
1790114126.282,java-user-service,process_cpu_usage,"{framework=""spring-boot"",language=""java"",service=""java-user-service"",}",1.0
1790114126.282,java-user-service,hikaricp_connections_usage_seconds_count,"{framework=""spring-boot"",language=""java"",pool=""HikariPool-1"",service=""java-user-service"",}",5393.0
1790114126.282,java-user-service,hikaricp_connections_usage_seconds_sum,"{framework=""spring-boot"",language=""java"",pool=""HikariPool-1"",service=""java-user-service"",}",2149.64
1790114126.282,java-user-service,jvm_memory_used_bytes,"{area=""nonheap"",framework=""spring-boot"",id=""CodeHeap 'non-nmethods'"",language=""java"",service=""java-user-service"",}",1643776.0
1790114126.282,java-user-service,jvm_memory_used_bytes,"{area=""nonheap"",framework=""spring-boot"",id=""CodeHeap 'non-profiled nmethods'"",language=""java"",service=""java-user-service"",}",13633536.0
1790114126.282,java-user-service,jvm_memory_used_bytes,"{area=""heap"",framework=""spring-boot"",id=""G1 Survivor Space"",language=""java"",service=""java-user-service"",}",8912896.0
1790114126.282,java-user-service,jvm_memory_used_bytes,"{area=""heap"",framework=""spring-boot"",id=""G1 Old Gen"",language=""java"",service=""java-user-service"",}",159882872.0
1790114126.282,java-user-service,jvm_memory_used_bytes,"{area=""nonheap"",framework=""spring-boot"",id=""Metaspace"",language=""java"",service=""java-user-service"",}",104201792.0
1790114126.282,java-user-service,jvm_memory_used_bytes,"{area=""heap"",framework=""spring-boot"",id=""G1 Eden Space"",language=""java"",service=""java-user-service"",}",49283072.0
1790114126.282,java-user-service,jvm_memory_used_bytes,"{area=""nonheap"",framework=""spring-boot"",id=""Compressed Class Space"",language=""java"",service=""java-user-service"",}",13415832.0
1790114126.282,java-user-service,jvm_memory_used_bytes,"{area=""nonheap"",framework=""spring-boot"",id=""CodeHeap 'profiled nmethods'"",language=""java"",service=""java-user-service"",}",24166016.0
1790114126.282,java-user-service,tomcat_threads_config_max_threads,"{framework=""spring-boot"",language=""java"",name=""http-nio-9081"",service=""java-user-service"",}",-1.0
1790114126.282,java-user-service,system_cpu_usage,"{framework=""spring-boot"",language=""java"",service=""java-user-service"",}",1.0
1790114126.282,java-user-service,tomcat_threads_current_threads,"{framework=""spring-boot"",language=""java"",name=""http-nio-9081"",service=""java-user-service"",}",-1.0
1790114126.282,java-user-service,tomcat_threads_busy_threads,"{framework=""spring-boot"",language=""java"",name=""http-nio-9081"",service=""java-user-service"",}",-1.0
1790114126.282,java-user-service,jvm_memory_committed_bytes,"{area=""nonheap"",framework=""spring-boot"",id=""CodeHeap 'non-nmethods'"",language=""java"",service=""java-user-service"",}",2555904.0
1790114126.282,java-user-service,jvm_memory_committed_bytes,"{area=""nonheap"",framework=""spring-boot"",id=""CodeHeap 'non-profiled nmethods'"",language=""java"",service=""java-user-service"",}",13697024.0
1790114126.282,java-user-service,jvm_memory_committed_bytes,"{area=""heap"",framework=""spring-boot"",id=""G1 Survivor Space"",language=""java"",service=""java-user-service"",}",9437184.0
1790114126.282,java-user-service,jvm_memory_committed_bytes,"{area=""heap"",framework=""spring-boot"",id=""G1 Old Gen"",language=""java"",service=""java-user-service"",}",196083712.0
1790114126.282,java-user-service,jvm_memory_committed_bytes,"{area=""nonheap"",framework=""spring-boot"",id=""Metaspace"",language=""java"",service=""java-user-service"",}",105185280.0
1790114126.282,java-user-service,jvm_memory_committed_bytes,"{area=""heap"",framework=""spring-boot"",id=""G1 Eden Space"",language=""java"",service=""java-user-service"",}",88080384.0
1790114126.282,java-user-service,jvm_memory_committed_bytes,"{area=""nonheap"",framework=""spring-boot"",id=""Compressed Class Space"",language=""java"",service=""java-user-service"",}",13893632.0
1790114126.282,java-user-service,jvm_memory_committed_bytes,"{area=""nonheap"",framework=""spring-boot"",id=""CodeHeap 'profiled nmethods'"",language=""java"",service=""java-user-service"",}",27721728.0
1790114126.282,java-user-service,hikaricp_connections_active,"{framework=""spring-boot"",language=""java"",pool=""HikariPool-1"",service=""java-user-service"",}",20.0
1790114126.282,java-product-service,tomcat_threads_busy_threads,"{language=""java"",name=""http-nio-9082"",service=""java-product-service"",}",-1.0
1790114126.282,java-product-service,jvm_gc_pause_seconds_count,"{action=""end of minor GC"",cause=""G1 Evacuation Pause"",gc=""G1 Young Generation"",language=""java"",service=""java-product-service"",}",4.0
1790114126.282,java-product-service,jvm_gc_pause_seconds_sum,"{action=""end of minor GC"",cause=""G1 Evacuation Pause"",gc=""G1 Young Generation"",language=""java"",service=""java-product-service"",}",0.049
1790114126.282,java-product-service,hikaricp_connections_active,"{language=""java"",pool=""HikariPool-1"",service=""java-product-service"",}",0.0
1790114126.282,java-product-service,tomcat_threads_current_threads,"{language=""java"",name=""http-nio-9082"",service=""java-product-service"",}",-1.0
1790114126.282,java-product-service,hikaricp_connections_usage_seconds_count,"{language=""java"",pool=""HikariPool-1"",service=""java-product-service"",}",156.0
1790114126.282,java-product-service,hikaricp_connections_usage_seconds_sum,"{language=""java"",pool=""HikariPool-1"",service=""java-product-service"",}",0.325
1790114126.282,java-product-service,hikaricp_connections_acquire_seconds_count,"{language=""java"",pool=""HikariPool-1"",service=""java-product-service"",}",156.0
1790114126.282,java-product-service,hikaricp_connections_acquire_seconds_sum,"{language=""java"",pool=""HikariPool-1"",service=""java-product-service"",}",0.069372791
1790114126.282,java-product-service,process_cpu_usage,"{language=""java"",service=""java-product-service"",}",0.03333333333333333
1790114126.282,java-product-service,hikaricp_connections_pending,"{language=""java"",pool=""HikariPool-1"",service=""java-product-service"",}",0.0
1790114126.282,java-product-service,system_cpu_usage,"{language=""java"",service=""java-product-service"",}",0.02880111111111111
1790114126.282,java-product-service,tomcat_threads_config_max_threads,"{language=""java"",name=""http-nio-9082"",service=""java-product-service"",}",-1.0
1790114126.282,java-product-service,jvm_memory_used_bytes,"{area=""nonheap"",id=""CodeHeap 'non-nmethods'"",language=""java"",service=""java-product-service"",}",1639552.0
1790114126.282,java-product-service,jvm_memory_used_bytes,"{area=""heap"",id=""G1 Eden Space"",language=""java"",service=""java-product-service"",}",15728640.0
1790114126.282,java-product-service,jvm_memory_used_bytes,"{area=""nonheap"",id=""Metaspace"",language=""java"",service=""java-product-service"",}",97218968.0
1790114126.282,java-product-service,jvm_memory_used_bytes,"{area=""heap"",id=""G1 Old Gen"",language=""java"",service=""java-product-service"",}",37723768.0
1790114126.282,java-product-service,jvm_memory_used_bytes,"{area=""nonheap"",id=""Compressed Class Space"",language=""java"",service=""java-product-service"",}",12905120.0
1790114126.282,java-product-service,jvm_memory_used_bytes,"{area=""heap"",id=""G1 Survivor Space"",language=""java"",service=""java-product-service"",}",4024160.0
1790114126.282,java-product-service,jvm_memory_used_bytes,"{area=""nonheap"",id=""CodeHeap 'profiled nmethods'"",language=""java"",service=""java-product-service"",}",22670592.0
1790114126.282,java-product-service,jvm_memory_used_bytes,"{area=""nonheap"",id=""CodeHeap 'non-profiled nmethods'"",language=""java"",service=""java-product-service"",}",6160128.0
1790114126.282,java-product-service,jvm_memory_committed_bytes,"{area=""nonheap"",id=""CodeHeap 'non-nmethods'"",language=""java"",service=""java-product-service"",}",2555904.0
1790114126.282,java-product-service,jvm_memory_committed_bytes,"{area=""heap"",id=""G1 Eden Space"",language=""java"",service=""java-product-service"",}",68157440.0
1790114126.282,java-product-service,jvm_memory_committed_bytes,"{area=""nonheap"",id=""Metaspace"",language=""java"",service=""java-product-service"",}",98172928.0
1790114126.282,java-product-service,jvm_memory_committed_bytes,"{area=""heap"",id=""G1 Old Gen"",language=""java"",service=""java-product-service"",}",41943040.0
1790114126.282,java-product-service,jvm_memory_committed_bytes,"{area=""nonheap"",id=""Compressed Class Space"",language=""java"",service=""java-product-service"",}",13369344.0
1790114126.282,java-product-service,jvm_memory_committed_bytes,"{area=""heap"",id=""G1 Survivor Space"",language=""java"",service=""java-product-service"",}",4194304.0
1790114126.282,java-product-service,jvm_memory_committed_bytes,"{area=""nonheap"",id=""CodeHeap 'profiled nmethods'"",language=""java"",service=""java-product-service"",}",24117248.0
1790114126.282,java-product-service,jvm_memory_committed_bytes,"{area=""nonheap"",id=""CodeHeap 'non-profiled nmethods'"",language=""java"",service=""java-product-service"",}",6488064.0
1790114126.282,java-order-service,process_cpu_usage,"{language=""java"",service=""java-order-service"",}",0.02666666666666667
1790114126.282,java-order-service,tomcat_threads_busy_threads,"{language=""java"",name=""http-nio-9083"",service=""java-order-service"",}",-1.0
1790114126.282,java-order-service,jvm_memory_used_bytes,"{area=""nonheap"",id=""CodeHeap 'non-profiled nmethods'"",language=""java"",service=""java-order-service"",}",4142976.0
1790114126.282,java-order-service,jvm_memory_used_bytes,"{area=""heap"",id=""G1 Eden Space"",language=""java"",service=""java-order-service"",}",11534336.0
1790114126.282,java-order-service,jvm_memory_used_bytes,"{area=""nonheap"",id=""CodeHeap 'profiled nmethods'"",language=""java"",service=""java-order-service"",}",14877568.0
1790114126.282,java-order-service,jvm_memory_used_bytes,"{area=""nonheap"",id=""CodeHeap 'non-nmethods'"",language=""java"",service=""java-order-service"",}",1609984.0
1790114126.282,java-order-service,jvm_memory_used_bytes,"{area=""heap"",id=""G1 Survivor Space"",language=""java"",service=""java-order-service"",}",4165552.0
1790114126.282,java-order-service,jvm_memory_used_bytes,"{area=""nonheap"",id=""Compressed Class Space"",language=""java"",service=""java-order-service"",}",10685456.0
1790114126.282,java-order-service,jvm_memory_used_bytes,"{area=""heap"",id=""G1 Old Gen"",language=""java"",service=""java-order-service"",}",31259288.0
1790114126.282,java-order-service,jvm_memory_used_bytes,"{area=""nonheap"",id=""Metaspace"",language=""java"",service=""java-order-service"",}",78654392.0
1790114126.282,java-order-service,hikaricp_connections_acquire_seconds_count,"{language=""java"",pool=""HikariPool-1"",service=""java-order-service"",}",144.0
1790114126.282,java-order-service,hikaricp_connections_acquire_seconds_sum,"{language=""java"",pool=""HikariPool-1"",service=""java-order-service"",}",0.033979376
1790114126.282,java-order-service,hikaricp_connections_usage_seconds_count,"{language=""java"",pool=""HikariPool-1"",service=""java-order-service"",}",144.0
1790114126.282,java-order-service,hikaricp_connections_usage_seconds_sum,"{language=""java"",pool=""HikariPool-1"",service=""java-order-service"",}",0.004
1790114126.282,java-order-service,tomcat_threads_config_max_threads,"{language=""java"",name=""http-nio-9083"",service=""java-order-service"",}",-1.0
1790114126.282,java-order-service,system_cpu_usage,"{language=""java"",service=""java-order-service"",}",0.028614666666666667
1790114126.282,java-order-service,hikaricp_connections_pending,"{language=""java"",pool=""HikariPool-1"",service=""java-order-service"",}",0.0
1790114126.282,java-order-service,jvm_gc_pause_seconds_count,"{action=""end of minor GC"",cause=""G1 Evacuation Pause"",gc=""G1 Young Generation"",language=""java"",service=""java-order-service"",}",1.0
1790114126.282,java-order-service,jvm_gc_pause_seconds_sum,"{action=""end of minor GC"",cause=""G1 Evacuation Pause"",gc=""G1 Young Generation"",language=""java"",service=""java-order-service"",}",0.025
1790114126.282,java-order-service,hikaricp_connections_active,"{language=""java"",pool=""HikariPool-1"",service=""java-order-service"",}",0.0
1790114126.282,java-order-service,tomcat_threads_current_threads,"{language=""java"",name=""http-nio-9083"",service=""java-order-service"",}",-1.0
1790114126.282,java-order-service,jvm_memory_committed_bytes,"{area=""nonheap"",id=""CodeHeap 'non-profiled nmethods'"",language=""java"",service=""java-order-service"",}",4194304.0
1790114126.282,java-order-service,jvm_memory_committed_bytes,"{area=""heap"",id=""G1 Eden Space"",language=""java"",service=""java-order-service"",}",45088768.0
1790114126.282,java-order-service,jvm_memory_committed_bytes,"{area=""nonheap"",id=""CodeHeap 'profiled nmethods'"",language=""java"",service=""java-order-service"",}",14942208.0
1790114126.282,java-order-service,jvm_memory_committed_bytes,"{area=""nonheap"",id=""CodeHeap 'non-nmethods'"",language=""java"",service=""java-order-service"",}",2555904.0
1790114126.282,java-order-service,jvm_memory_committed_bytes,"{area=""heap"",id=""G1 Survivor Space"",language=""java"",service=""java-order-service"",}",4194304.0
1790114126.282,java-order-service,jvm_memory_committed_bytes,"{area=""nonheap"",id=""Compressed Class Space"",language=""java"",service=""java-order-service"",}",11075584.0
1790114126.282,java-order-service,jvm_memory_committed_bytes,"{area=""heap"",id=""G1 Old Gen"",language=""java"",service=""java-order-service"",}",34603008.0
1790114126.282,java-order-service,jvm_memory_committed_bytes,"{area=""nonheap"",id=""Metaspace"",language=""java"",service=""java-order-service"",}",79495168.0
1790114131.415,java-user-service,hikaricp_connections_pending,"{framework=""spring-boot"",language=""java"",pool=""HikariPool-1"",service=""java-user-service"",}",525.0
1790114131.415,java-user-service,hikaricp_connections_acquire_seconds_count,"{framework=""spring-boot"",language=""java"",pool=""HikariPool-1"",service=""java-user-service"",}",5534.0
1790114131.415,java-user-service,hikaricp_connections_acquire_seconds_sum,"{framework=""spring-boot"",language=""java"",pool=""HikariPool-1"",service=""java-user-service"",}",14184.327261973
1790114131.415,java-user-service,jvm_gc_pause_seconds_count,"{action=""end of minor GC"",cause=""G1 Evacuation Pause"",framework=""spring-boot"",gc=""G1 Young Generation"",language=""java"",service=""java-user-service"",}",137.0
1790114131.415,java-user-service,jvm_gc_pause_seconds_sum,"{action=""end of minor GC"",cause=""G1 Evacuation Pause"",framework=""spring-boot"",gc=""G1 Young Generation"",language=""java"",service=""java-user-service"",}",0.753
1790114131.415,java-user-service,process_cpu_usage,"{framework=""spring-boot"",language=""java"",service=""java-user-service"",}",0.9950617283950617
1790114131.415,java-user-service,hikaricp_connections_usage_seconds_count,"{framework=""spring-boot"",language=""java"",pool=""HikariPool-1"",service=""java-user-service"",}",5514.0
1790114131.415,java-user-service,hikaricp_connections_usage_seconds_sum,"{framework=""spring-boot"",language=""java"",pool=""HikariPool-1"",service=""java-user-service"",}",2244.525
1790114131.415,java-user-service,jvm_memory_used_bytes,"{area=""nonheap"",framework=""spring-boot"",id=""CodeHeap 'non-nmethods'"",language=""java"",service=""java-user-service"",}",1643776.0
1790114131.415,java-user-service,jvm_memory_used_bytes,"{area=""nonheap"",framework=""spring-boot"",id=""CodeHeap 'non-profiled nmethods'"",language=""java"",service=""java-user-service"",}",13836416.0
1790114131.415,java-user-service,jvm_memory_used_bytes,"{area=""heap"",framework=""spring-boot"",id=""G1 Survivor Space"",language=""java"",service=""java-user-service"",}",9437184.0
1790114131.415,java-user-service,jvm_memory_used_bytes,"{area=""heap"",framework=""spring-boot"",id=""G1 Old Gen"",language=""java"",service=""java-user-service"",}",166174328.0
1790114131.415,java-user-service,jvm_memory_used_bytes,"{area=""nonheap"",framework=""spring-boot"",id=""Metaspace"",language=""java"",service=""java-user-service"",}",104220544.0
1790114131.415,java-user-service,jvm_memory_used_bytes,"{area=""heap"",framework=""spring-boot"",id=""G1 Eden Space"",language=""java"",service=""java-user-service"",}",70254592.0
1790114131.415,java-user-service,jvm_memory_used_bytes,"{area=""nonheap"",framework=""spring-boot"",id=""Compressed Class Space"",language=""java"",service=""java-user-service"",}",13416360.0
1790114131.415,java-user-service,jvm_memory_used_bytes,"{area=""nonheap"",framework=""spring-boot"",id=""CodeHeap 'profiled nmethods'"",language=""java"",service=""java-user-service"",}",23927296.0
1790114131.415,java-user-service,tomcat_threads_config_max_threads,"{framework=""spring-boot"",language=""java"",name=""http-nio-9081"",service=""java-user-service"",}",-1.0
1790114131.415,java-user-service,system_cpu_usage,"{framework=""spring-boot"",language=""java"",service=""java-user-service"",}",0.9955792592592593
1790114131.415,java-user-service,tomcat_threads_current_threads,"{framework=""spring-boot"",language=""java"",name=""http-nio-9081"",service=""java-user-service"",}",-1.0
1790114131.415,java-user-service,tomcat_threads_busy_threads,"{framework=""spring-boot"",language=""java"",name=""http-nio-9081"",service=""java-user-service"",}",-1.0
1790114131.415,java-user-service,jvm_memory_committed_bytes,"{area=""nonheap"",framework=""spring-boot"",id=""CodeHeap 'non-nmethods'"",language=""java"",service=""java-user-service"",}",2555904.0
1790114131.415,java-user-service,jvm_memory_committed_bytes,"{area=""nonheap"",framework=""spring-boot"",id=""CodeHeap 'non-profiled nmethods'"",language=""java"",service=""java-user-service"",}",13893632.0
1790114131.415,java-user-service,jvm_memory_committed_bytes,"{area=""heap"",framework=""spring-boot"",id=""G1 Survivor Space"",language=""java"",service=""java-user-service"",}",9437184.0
1790114131.415,java-user-service,jvm_memory_committed_bytes,"{area=""heap"",framework=""spring-boot"",id=""G1 Old Gen"",language=""java"",service=""java-user-service"",}",191889408.0
1790114131.415,java-user-service,jvm_memory_committed_bytes,"{area=""nonheap"",framework=""spring-boot"",id=""Metaspace"",language=""java"",service=""java-user-service"",}",105250816.0
1790114131.415,java-user-service,jvm_memory_committed_bytes,"{area=""heap"",framework=""spring-boot"",id=""G1 Eden Space"",language=""java"",service=""java-user-service"",}",92274688.0
1790114131.415,java-user-service,jvm_memory_committed_bytes,"{area=""nonheap"",framework=""spring-boot"",id=""Compressed Class Space"",language=""java"",service=""java-user-service"",}",13893632.0
1790114131.415,java-user-service,jvm_memory_committed_bytes,"{area=""nonheap"",framework=""spring-boot"",id=""CodeHeap 'profiled nmethods'"",language=""java"",service=""java-user-service"",}",27721728.0
1790114131.415,java-user-service,hikaricp_connections_active,"{framework=""spring-boot"",language=""java"",pool=""HikariPool-1"",service=""java-user-service"",}",20.0
1790114131.415,java-product-service,tomcat_threads_busy_threads,"{language=""java"",name=""http-nio-9082"",service=""java-product-service"",}",-1.0
1790114131.415,java-product-service,jvm_gc_pause_seconds_count,"{action=""end of minor GC"",cause=""G1 Evacuation Pause"",gc=""G1 Young Generation"",language=""java"",service=""java-product-service"",}",4.0
1790114131.415,java-product-service,jvm_gc_pause_seconds_sum,"{action=""end of minor GC"",cause=""G1 Evacuation Pause"",gc=""G1 Young Generation"",language=""java"",service=""java-product-service"",}",0.049
1790114131.415,java-product-service,hikaricp_connections_active,"{language=""java"",pool=""HikariPool-1"",service=""java-product-service"",}",0.0
1790114131.415,java-product-service,tomcat_threads_current_threads,"{language=""java"",name=""http-nio-9082"",service=""java-product-service"",}",-1.0
1790114131.415,java-product-service,hikaricp_connections_usage_seconds_count,"{language=""java"",pool=""HikariPool-1"",service=""java-product-service"",}",158.0
1790114131.415,java-product-service,hikaricp_connections_usage_seconds_sum,"{language=""java"",pool=""HikariPool-1"",service=""java-product-service"",}",0.325
1790114131.415,java-product-service,hikaricp_connections_acquire_seconds_count,"{language=""java"",pool=""HikariPool-1"",service=""java-product-service"",}",158.0
1790114131.415,java-product-service,hikaricp_connections_acquire_seconds_sum,"{language=""java"",pool=""HikariPool-1"",service=""java-product-service"",}",0.069756415
1790114131.415,java-product-service,process_cpu_usage,"{language=""java"",service=""java-product-service"",}",0.012121212121212121
1790114131.415,java-product-service,hikaricp_connections_pending,"{language=""java"",pool=""HikariPool-1"",service=""java-product-service"",}",0.0
1790114131.415,java-product-service,system_cpu_usage,"{language=""java"",service=""java-product-service"",}",0.01871939393939394
1790114131.415,java-product-service,tomcat_threads_config_max_threads,"{language=""java"",name=""http-nio-9082"",service=""java-product-service"",}",-1.0
1790114131.415,java-product-service,jvm_memory_used_bytes,"{area=""nonheap"",id=""CodeHeap 'non-nmethods'"",language=""java"",service=""java-product-service"",}",1639552.0
1790114131.415,java-product-service,jvm_memory_used_bytes,"{area=""heap"",id=""G1 Eden Space"",language=""java"",service=""java-product-service"",}",16777216.0
1790114131.415,java-product-service,jvm_memory_used_bytes,"{area=""nonheap"",id=""Metaspace"",language=""java"",service=""java-product-service"",}",97221096.0
1790114131.415,java-product-service,jvm_memory_used_bytes,"{area=""heap"",id=""G1 Old Gen"",language=""java"",service=""java-product-service"",}",37723768.0
1790114131.415,java-product-service,jvm_memory_used_bytes,"{area=""nonheap"",id=""Compressed Class Space"",language=""java"",service=""java-product-service"",}",12905120.0
1790114131.415,java-product-service,jvm_memory_used_bytes,"{area=""heap"",id=""G1 Survivor Space"",language=""java"",service=""java-product-service"",}",4024160.0
1790114131.415,java-product-service,jvm_memory_used_bytes,"{area=""nonheap"",id=""CodeHeap 'profiled nmethods'"",language=""java"",service=""java-product-service"",}",22678272.0
1790114131.415,java-product-service,jvm_memory_used_bytes,"{area=""nonheap"",id=""CodeHeap 'non-profiled nmethods'"",language=""java"",service=""java-product-service"",}",6168832.0
1790114131.415,java-product-service,jvm_memory_committed_bytes,"{area=""nonheap"",id=""CodeHeap 'non-nmethods'"",language=""java"",service=""java-product-service"",}",2555904.0
1790114131.415,java-product-service,jvm_memory_committed_bytes,"{area=""heap"",id=""G1 Eden Space"",language=""java"",service=""java-product-service"",}",68157440.0
1790114131.415,java-product-service,jvm_memory_committed_bytes,"{area=""nonheap"",id=""Metaspace"",language=""java"",service=""java-product-service"",}",98172928.0
1790114131.415,java-product-service,jvm_memory_committed_bytes,"{area=""heap"",id=""G1 Old Gen"",language=""java"",service=""java-product-service"",}",41943040.0
1790114131.415,java-product-service,jvm_memory_committed_bytes,"{area=""nonheap"",id=""Compressed Class Space"",language=""java"",service=""java-product-service"",}",13369344.0
1790114131.415,java-product-service,jvm_memory_committed_bytes,"{area=""heap"",id=""G1 Survivor Space"",language=""java"",service=""java-product-service"",}",4194304.0
1790114131.415,java-product-service,jvm_memory_committed_bytes,"{area=""nonheap"",id=""CodeHeap 'profiled nmethods'"",language=""java"",service=""java-product-service"",}",24117248.0
1790114131.415,java-product-service,jvm_memory_committed_bytes,"{area=""nonheap"",id=""CodeHeap 'non-profiled nmethods'"",language=""java"",service=""java-product-service"",}",6488064.0
1790114131.415,java-order-service,process_cpu_usage,"{language=""java"",service=""java-order-service"",}",0.005555555555555556
1790114131.415,java-order-service,tomcat_threads_busy_threads,"{language=""java"",name=""http-nio-9083"",service=""java-order-service"",}",-1.0
1790114131.415,java-order-service,jvm_memory_used_bytes,"{area=""nonheap"",id=""CodeHeap 'non-profiled nmethods'"",language=""java"",service=""java-order-service"",}",4144512.0
1790114131.415,java-order-service,jvm_memory_used_bytes,"{area=""heap"",id=""G1 Eden Space"",language=""java"",service=""java-order-service"",}",12582912.0
1790114131.415,java-order-service,jvm_memory_used_bytes,"{area=""nonheap"",id=""CodeHeap 'profiled nmethods'"",language=""java"",service=""java-order-service"",}",14927872.0
1790114131.415,java-order-service,jvm_memory_used_bytes,"{area=""nonheap"",id=""CodeHeap 'non-nmethods'"",language=""java"",service=""java-order-service"",}",1609984.0
1790114131.415,java-order-service,jvm_memory_used_bytes,"{area=""heap"",id=""G1 Survivor Space"",language=""java"",service=""java-order-service"",}",4165552.0
1790114131.415,java-order-service,jvm_memory_used_bytes,"{area=""nonheap"",id=""Compressed Class Space"",language=""java"",service=""java-order-service"",}",10685456.0
1790114131.415,java-order-service,jvm_memory_used_bytes,"{area=""heap"",id=""G1 Old Gen"",language=""java"",service=""java-order-service"",}",31259288.0
1790114131.415,java-order-service,jvm_memory_used_bytes,"{area=""nonheap"",id=""Metaspace"",language=""java"",service=""java-order-service"",}",78667576.0
1790114131.415,java-order-service,hikaricp_connections_acquire_seconds_count,"{language=""java"",pool=""HikariPool-1"",service=""java-order-service"",}",144.0
1790114131.415,java-order-service,hikaricp_connections_acquire_seconds_sum,"{language=""java"",pool=""HikariPool-1"",service=""java-order-service"",}",0.033979376
1790114131.415,java-order-service,hikaricp_connections_usage_seconds_count,"{language=""java"",pool=""HikariPool-1"",service=""java-order-service"",}",144.0
1790114131.415,java-order-service,hikaricp_connections_usage_seconds_sum,"{language=""java"",pool=""HikariPool-1"",service=""java-order-service"",}",0.004
1790114131.415,java-order-service,tomcat_threads_config_max_threads,"{language=""java"",name=""http-nio-9083"",service=""java-order-service"",}",-1.0
1790114131.415,java-order-service,system_cpu_usage,"{language=""java"",service=""java-order-service"",}",0.012259444444444444
1790114131.415,java-order-service,hikaricp_connections_pending,"{language=""java"",pool=""HikariPool-1"",service=""java-order-service"",}",0.0
1790114131.415,java-order-service,jvm_gc_pause_seconds_count,"{action=""end of minor GC"",cause=""G1 Evacuation Pause"",gc=""G1 Young Generation"",language=""java"",service=""java-order-service"",}",1.0
1790114131.415,java-order-service,jvm_gc_pause_seconds_sum,"{action=""end of minor GC"",cause=""G1 Evacuation Pause"",gc=""G1 Young Generation"",language=""java"",service=""java-order-service"",}",0.025
1790114131.415,java-order-service,hikaricp_connections_active,"{language=""java"",pool=""HikariPool-1"",service=""java-order-service"",}",0.0
1790114131.415,java-order-service,tomcat_threads_current_threads,"{language=""java"",name=""http-nio-9083"",service=""java-order-service"",}",-1.0
1790114131.415,java-order-service,jvm_memory_committed_bytes,"{area=""nonheap"",id=""CodeHeap 'non-profiled nmethods'"",language=""java"",service=""java-order-service"",}",4194304.0
1790114131.415,java-order-service,jvm_memory_committed_bytes,"{area=""heap"",id=""G1 Eden Space"",language=""java"",service=""java-order-service"",}",45088768.0
1790114131.415,java-order-service,jvm_memory_committed_bytes,"{area=""nonheap"",id=""CodeHeap 'profiled nmethods'"",language=""java"",service=""java-order-service"",}",14942208.0
1790114131.415,java-order-service,jvm_memory_committed_bytes,"{area=""nonheap"",id=""CodeHeap 'non-nmethods'"",language=""java"",service=""java-order-service"",}",2555904.0
1790114131.415,java-order-service,jvm_memory_committed_bytes,"{area=""heap"",id=""G1 Survivor Space"",language=""java"",service=""java-order-service"",}",4194304.0
1790114131.415,java-order-service,jvm_memory_committed_bytes,"{area=""nonheap"",id=""Compressed Class Space"",language=""java"",service=""java-order-service"",}",11075584.0
1790114131.415,java-order-service,jvm_memory_committed_bytes,"{area=""heap"",id=""G1 Old Gen"",language=""java"",service=""java-order-service"",}",34603008.0
1790114131.415,java-order-service,jvm_memory_committed_bytes,"{area=""nonheap"",id=""Metaspace"",language=""java"",service=""java-order-service"",}",79560704.0
1790114136.809,java-user-service,hikaricp_connections_pending,"{framework=""spring-boot"",language=""java"",pool=""HikariPool-1"",service=""java-user-service"",}",560.0
1790114136.809,java-user-service,hikaricp_connections_acquire_seconds_count,"{framework=""spring-boot"",language=""java"",pool=""HikariPool-1"",service=""java-user-service"",}",5670.0
1790114136.809,java-user-service,hikaricp_connections_acquire_seconds_sum,"{framework=""spring-boot"",language=""java"",pool=""HikariPool-1"",service=""java-user-service"",}",15616.177202694
1790114136.809,java-user-service,jvm_gc_pause_seconds_count,"{action=""end of minor GC"",cause=""G1 Evacuation Pause"",framework=""spring-boot"",gc=""G1 Young Generation"",language=""java"",service=""java-user-service"",}",140.0
1790114136.809,java-user-service,jvm_gc_pause_seconds_sum,"{action=""end of minor GC"",cause=""G1 Evacuation Pause"",framework=""spring-boot"",gc=""G1 Young Generation"",language=""java"",service=""java-user-service"",}",0.796
1790114136.809,java-user-service,process_cpu_usage,"{framework=""spring-boot"",language=""java"",service=""java-user-service"",}",0.9864197530864197
1790114136.809,java-user-service,hikaricp_connections_usage_seconds_count,"{framework=""spring-boot"",language=""java"",pool=""HikariPool-1"",service=""java-user-service"",}",5650.0
1790114136.809,java-user-service,hikaricp_connections_usage_seconds_sum,"{framework=""spring-boot"",language=""java"",pool=""HikariPool-1"",service=""java-user-service"",}",2354.309
1790114136.809,java-user-service,jvm_memory_used_bytes,"{area=""nonheap"",framework=""spring-boot"",id=""CodeHeap 'non-nmethods'"",language=""java"",service=""java-user-service"",}",1643776.0
1790114136.809,java-user-service,jvm_memory_used_bytes,"{area=""nonheap"",framework=""spring-boot"",id=""CodeHeap 'non-profiled nmethods'"",language=""java"",service=""java-user-service"",}",13908992.0
1790114136.809,java-user-service,jvm_memory_used_bytes,"{area=""heap"",framework=""spring-boot"",id=""G1 Survivor Space"",language=""java"",service=""java-user-service"",}",11010048.0
1790114136.809,java-user-service,jvm_memory_used_bytes,"{area=""heap"",framework=""spring-boot"",id=""G1 Old Gen"",language=""java"",service=""java-user-service"",}",144154232.0
1790114136.809,java-user-service,jvm_memory_used_bytes,"{area=""nonheap"",framework=""spring-boot"",id=""Metaspace"",language=""java"",service=""java-user-service"",}",104235280.0
1790114136.809,java-user-service,jvm_memory_used_bytes,"{area=""heap"",framework=""spring-boot"",id=""G1 Eden Space"",language=""java"",service=""java-user-service"",}",47185920.0
1790114136.809,java-user-service,jvm_memory_used_bytes,"{area=""nonheap"",framework=""spring-boot"",id=""Compressed Class Space"",language=""java"",service=""java-user-service"",}",13416360.0
1790114136.809,java-user-service,jvm_memory_used_bytes,"{area=""nonheap"",framework=""spring-boot"",id=""CodeHeap 'profiled nmethods'"",language=""java"",service=""java-user-service"",}",23643648.0
1790114136.809,java-user-service,tomcat_threads_config_max_threads,"{framework=""spring-boot"",language=""java"",name=""http-nio-9081"",service=""java-user-service"",}",-1.0
1790114136.809,java-user-service,system_cpu_usage,"{framework=""spring-boot"",language=""java"",service=""java-user-service"",}",0.9886398765432098
1790114136.809,java-user-service,tomcat_threads_current_threads,"{framework=""spring-boot"",language=""java"",name=""http-nio-9081"",service=""java-user-service"",}",-1.0
1790114136.809,java-user-service,tomcat_threads_busy_threads,"{framework=""spring-boot"",language=""java"",name=""http-nio-9081"",service=""java-user-service"",}",-1.0
1790114136.809,java-user-service,jvm_memory_committed_bytes,"{area=""nonheap"",framework=""spring-boot"",id=""CodeHeap 'non-nmethods'"",language=""java"",service=""java-user-service"",}",2555904.0
1790114136.809,java-user-service,jvm_memory_committed_bytes,"{area=""nonheap"",framework=""spring-boot"",id=""CodeHeap 'non-profiled nmethods'"",language=""java"",service=""java-user-service"",}",13959168.0
1790114136.809,java-user-service,jvm_memory_committed_bytes,"{area=""heap"",framework=""spring-boot"",id=""G1 Survivor Space"",language=""java"",service=""java-user-service"",}",11534336.0
1790114136.809,java-user-service,jvm_memory_committed_bytes,"{area=""heap"",framework=""spring-boot"",id=""G1 Old Gen"",language=""java"",service=""java-user-service"",}",166723584.0
1790114136.809,java-user-service,jvm_memory_committed_bytes,"{area=""nonheap"",framework=""spring-boot"",id=""Metaspace"",language=""java"",service=""java-user-service"",}",105250816.0
1790114136.809,java-user-service,jvm_memory_committed_bytes,"{area=""heap"",framework=""spring-boot"",id=""G1 Eden Space"",language=""java"",service=""java-user-service"",}",115343360.0
1790114136.809,java-user-service,jvm_memory_committed_bytes,"{area=""nonheap"",framework=""spring-boot"",id=""Compressed Class Space"",language=""java"",service=""java-user-service"",}",13893632.0
1790114136.809,java-user-service,jvm_memory_committed_bytes,"{area=""nonheap"",framework=""spring-boot"",id=""CodeHeap 'profiled nmethods'"",language=""java"",service=""java-user-service"",}",27721728.0
1790114136.809,java-user-service,hikaricp_connections_active,"{framework=""spring-boot"",language=""java"",pool=""HikariPool-1"",service=""java-user-service"",}",20.0
1790114136.809,java-product-service,tomcat_threads_busy_threads,"{language=""java"",name=""http-nio-9082"",service=""java-product-service"",}",-1.0
1790114136.809,java-product-service,jvm_gc_pause_seconds_count,"{action=""end of minor GC"",cause=""G1 Evacuation Pause"",gc=""G1 Young Generation"",language=""java"",service=""java-product-service"",}",4.0
1790114136.809,java-product-service,jvm_gc_pause_seconds_sum,"{action=""end of minor GC"",cause=""G1 Evacuation Pause"",gc=""G1 Young Generation"",language=""java"",service=""java-product-service"",}",0.049
1790114136.809,java-product-service,hikaricp_connections_active,"{language=""java"",pool=""HikariPool-1"",service=""java-product-service"",}",0.0
1790114136.809,java-product-service,tomcat_threads_current_threads,"{language=""java"",name=""http-nio-9082"",service=""java-product-service"",}",-1.0
1790114136.809,java-product-service,hikaricp_connections_usage_seconds_count,"{language=""java"",pool=""HikariPool-1"",service=""java-product-service"",}",160.0
1790114136.809,java-product-service,hikaricp_connections_usage_seconds_sum,"{language=""java"",pool=""HikariPool-1"",service=""java-product-service"",}",0.325
1790114136.809,java-product-service,hikaricp_connections_acquire_seconds_count,"{language=""java"",pool=""HikariPool-1"",service=""java-product-service"",}",160.0
1790114136.809,java-product-service,hikaricp_connections_acquire_seconds_sum,"{language=""java"",pool=""HikariPool-1"",service=""java-product-service"",}",0.070345414
1790114136.809,java-product-service,process_cpu_usage,"{language=""java"",service=""java-product-service"",}",0.015384615384615385
1790114136.809,java-product-service,hikaricp_connections_pending,"{language=""java"",pool=""HikariPool-1"",service=""java-product-service"",}",0.0
1790114136.809,java-product-service,system_cpu_usage,"{language=""java"",service=""java-product-service"",}",0.014832307692307692
1790114136.809,java-product-service,tomcat_threads_config_max_threads,"{language=""java"",name=""http-nio-9082"",service=""java-product-service"",}",-1.0
1790114136.809,java-product-service,jvm_memory_used_bytes,"{area=""nonheap"",id=""CodeHeap 'non-nmethods'"",language=""java"",service=""java-product-service"",}",1639552.0
1790114136.809,java-product-service,jvm_memory_used_bytes,"{area=""heap"",id=""G1 Eden Space"",language=""java"",service=""java-product-service"",}",17825792.0
1790114136.809,java-product-service,jvm_memory_used_bytes,"{area=""nonheap"",id=""Metaspace"",language=""java"",service=""java-product-service"",}",97232256.0
1790114136.809,java-product-service,jvm_memory_used_bytes,"{area=""heap"",id=""G1 Old Gen"",language=""java"",service=""java-product-service"",}",37723768.0
1790114136.809,java-product-service,jvm_memory_used_bytes,"{area=""nonheap"",id=""Compressed Class Space"",language=""java"",service=""java-product-service"",}",12905120.0
1790114136.809,java-product-service,jvm_memory_used_bytes,"{area=""heap"",id=""G1 Survivor Space"",language=""java"",service=""java-product-service"",}",4024160.0
1790114136.809,java-product-service,jvm_memory_used_bytes,"{area=""nonheap"",id=""CodeHeap 'profiled nmethods'"",language=""java"",service=""java-product-service"",}",22738432.0
1790114136.809,java-product-service,jvm_memory_used_bytes,"{area=""nonheap"",id=""CodeHeap 'non-profiled nmethods'"",language=""java"",service=""java-product-service"",}",6172032.0
1790114136.809,java-product-service,jvm_memory_committed_bytes,"{area=""nonheap"",id=""CodeHeap 'non-nmethods'"",language=""java"",service=""java-product-service"",}",2555904.0
1790114136.809,java-product-service,jvm_memory_committed_bytes,"{area=""heap"",id=""G1 Eden Space"",language=""java"",service=""java-product-service"",}",68157440.0
1790114136.809,java-product-service,jvm_memory_committed_bytes,"{area=""nonheap"",id=""Metaspace"",language=""java"",service=""java-product-service"",}",98172928.0
1790114136.809,java-product-service,jvm_memory_committed_bytes,"{area=""heap"",id=""G1 Old Gen"",language=""java"",service=""java-product-service"",}",41943040.0
1790114136.809,java-product-service,jvm_memory_committed_bytes,"{area=""nonheap"",id=""Compressed Class Space"",language=""java"",service=""java-product-service"",}",13369344.0
1790114136.809,java-product-service,jvm_memory_committed_bytes,"{area=""heap"",id=""G1 Survivor Space"",language=""java"",service=""java-product-service"",}",4194304.0
1790114136.809,java-product-service,jvm_memory_committed_bytes,"{area=""nonheap"",id=""CodeHeap 'profiled nmethods'"",language=""java"",service=""java-product-service"",}",24117248.0
1790114136.809,java-product-service,jvm_memory_committed_bytes,"{area=""nonheap"",id=""CodeHeap 'non-profiled nmethods'"",language=""java"",service=""java-product-service"",}",6488064.0
1790114136.809,java-order-service,process_cpu_usage,"{language=""java"",service=""java-order-service"",}",0.016666666666666666
1790114136.809,java-order-service,tomcat_threads_busy_threads,"{language=""java"",name=""http-nio-9083"",service=""java-order-service"",}",-1.0
1790114136.809,java-order-service,jvm_memory_used_bytes,"{area=""nonheap"",id=""CodeHeap 'non-profiled nmethods'"",language=""java"",service=""java-order-service"",}",4148736.0
1790114136.809,java-order-service,jvm_memory_used_bytes,"{area=""heap"",id=""G1 Eden Space"",language=""java"",service=""java-order-service"",}",13631488.0
1790114136.809,java-order-service,jvm_memory_used_bytes,"{area=""nonheap"",id=""CodeHeap 'profiled nmethods'"",language=""java"",service=""java-order-service"",}",14992128.0
1790114136.809,java-order-service,jvm_memory_used_bytes,"{area=""nonheap"",id=""CodeHeap 'non-nmethods'"",language=""java"",service=""java-order-service"",}",1609984.0
1790114136.809,java-order-service,jvm_memory_used_bytes,"{area=""heap"",id=""G1 Survivor Space"",language=""java"",service=""java-order-service"",}",4165552.0
1790114136.809,java-order-service,jvm_memory_used_bytes,"{area=""nonheap"",id=""Compressed Class Space"",language=""java"",service=""java-order-service"",}",10685456.0
1790114136.809,java-order-service,jvm_memory_used_bytes,"{area=""heap"",id=""G1 Old Gen"",language=""java"",service=""java-order-service"",}",31259288.0
1790114136.809,java-order-service,jvm_memory_used_bytes,"{area=""nonheap"",id=""Metaspace"",language=""java"",service=""java-order-service"",}",78679656.0
1790114136.809,java-order-service,hikaricp_connections_acquire_seconds_count,"{language=""java"",pool=""HikariPool-1"",service=""java-order-service"",}",148.0
1790114136.809,java-order-service,hikaricp_connections_acquire_seconds_sum,"{language=""java"",pool=""HikariPool-1"",service=""java-order-service"",}",0.034704126
1790114136.809,java-order-service,hikaricp_connections_usage_seconds_count,"{language=""java"",pool=""HikariPool-1"",service=""java-order-service"",}",148.0
1790114136.809,java-order-service,hikaricp_connections_usage_seconds_sum,"{language=""java"",pool=""HikariPool-1"",service=""java-order-service"",}",0.004
1790114136.809,java-order-service,tomcat_threads_config_max_threads,"{language=""java"",name=""http-nio-9083"",service=""java-order-service"",}",-1.0
1790114136.809,java-order-service,system_cpu_usage,"{language=""java"",service=""java-order-service"",}",0.01939888888888889
1790114136.809,java-order-service,hikaricp_connections_pending,"{language=""java"",pool=""HikariPool-1"",service=""java-order-service"",}",0.0
1790114136.809,java-order-service,jvm_gc_pause_seconds_count,"{action=""end of minor GC"",cause=""G1 Evacuation Pause"",gc=""G1 Young Generation"",language=""java"",service=""java-order-service"",}",1.0
1790114136.809,java-order-service,jvm_gc_pause_seconds_sum,"{action=""end of minor GC"",cause=""G1 Evacuation Pause"",gc=""G1 Young Generation"",language=""java"",service=""java-order-service"",}",0.025
1790114136.809,java-order-service,hikaricp_connections_active,"{language=""java"",pool=""HikariPool-1"",service=""java-order-service"",}",0.0
1790114136.809,java-order-service,tomcat_threads_current_threads,"{language=""java"",name=""http-nio-9083"",service=""java-order-service"",}",-1.0
1790114136.809,java-order-service,jvm_memory_committed_bytes,"{area=""nonheap"",id=""CodeHeap 'non-profiled nmethods'"",language=""java"",service=""java-order-service"",}",4194304.0
1790114136.809,java-order-service,jvm_memory_committed_bytes,"{area=""heap"",id=""G1 Eden Space"",language=""java"",service=""java-order-service"",}",45088768.0
1790114136.809,java-order-service,jvm_memory_committed_bytes,"{area=""nonheap"",id=""CodeHeap 'profiled nmethods'"",language=""java"",service=""java-order-service"",}",15007744.0
1790114136.809,java-order-service,jvm_memory_committed_bytes,"{area=""nonheap"",id=""CodeHeap 'non-nmethods'"",language=""java"",service=""java-order-service"",}",2555904.0
1790114136.809,java-order-service,jvm_memory_committed_bytes,"{area=""heap"",id=""G1 Survivor Space"",language=""java"",service=""java-order-service"",}",4194304.0
1790114136.809,java-order-service,jvm_memory_committed_bytes,"{area=""nonheap"",id=""Compressed Class Space"",language=""java"",service=""java-order-service"",}",11075584.0
1790114136.809,java-order-service,jvm_memory_committed_bytes,"{area=""heap"",id=""G1 Old Gen"",language=""java"",service=""java-order-service"",}",34603008.0
1790114136.809,java-order-service,jvm_memory_committed_bytes,"{area=""nonheap"",id=""Metaspace"",language=""java"",service=""java-order-service"",}",79560704.0
1790114142.163,java-user-service,hikaricp_connections_pending,"{framework=""spring-boot"",language=""java"",pool=""HikariPool-1"",service=""java-user-service"",}",597.0
1790114142.163,java-user-service,hikaricp_connections_acquire_seconds_count,"{framework=""spring-boot"",language=""java"",pool=""HikariPool-1"",service=""java-user-service"",}",5804.0
1790114142.163,java-user-service,hikaricp_connections_acquire_seconds_sum,"{framework=""spring-boot"",language=""java"",pool=""HikariPool-1"",service=""java-user-service"",}",17682.125862161
1790114142.163,java-user-service,jvm_gc_pause_seconds_count,"{action=""end of minor GC"",cause=""G1 Evacuation Pause"",framework=""spring-boot"",gc=""G1 Young Generation"",language=""java"",service=""java-user-service"",}",143.0
1790114142.163,java-user-service,jvm_gc_pause_seconds_sum,"{action=""end of minor GC"",cause=""G1 Evacuation Pause"",framework=""spring-boot"",gc=""G1 Young Generation"",language=""java"",service=""java-user-service"",}",0.812
1790114142.163,java-user-service,process_cpu_usage,"{framework=""spring-boot"",language=""java"",service=""java-user-service"",}",1.0
1790114142.163,java-user-service,hikaricp_connections_usage_seconds_count,"{framework=""spring-boot"",language=""java"",pool=""HikariPool-1"",service=""java-user-service"",}",5784.0
1790114142.163,java-user-service,hikaricp_connections_usage_seconds_sum,"{framework=""spring-boot"",language=""java"",pool=""HikariPool-1"",service=""java-user-service"",}",2461.125
1790114142.163,java-user-service,jvm_memory_used_bytes,"{area=""nonheap"",framework=""spring-boot"",id=""CodeHeap 'non-nmethods'"",language=""java"",service=""java-user-service"",}",1643776.0
1790114142.163,java-user-service,jvm_memory_used_bytes,"{area=""nonheap"",framework=""spring-boot"",id=""CodeHeap 'non-profiled nmethods'"",language=""java"",service=""java-user-service"",}",14093696.0
1790114142.163,java-user-service,jvm_memory_used_bytes,"{area=""heap"",framework=""spring-boot"",id=""G1 Survivor Space"",language=""java"",service=""java-user-service"",}",11010048.0
1790114142.163,java-user-service,jvm_memory_used_bytes,"{area=""heap"",framework=""spring-boot"",id=""G1 Old Gen"",language=""java"",service=""java-user-service"",}",146251384.0
1790114142.163,java-user-service,jvm_memory_used_bytes,"{area=""nonheap"",framework=""spring-boot"",id=""Metaspace"",language=""java"",service=""java-user-service"",}",104239936.0
1790114142.163,java-user-service,jvm_memory_used_bytes,"{area=""heap"",framework=""spring-boot"",id=""G1 Eden Space"",language=""java"",service=""java-user-service"",}",4194304.0
1790114142.163,java-user-service,jvm_memory_used_bytes,"{area=""nonheap"",framework=""spring-boot"",id=""Compressed Class Space"",language=""java"",service=""java-user-service"",}",13416360.0
1790114142.163,java-user-service,jvm_memory_used_bytes,"{area=""nonheap"",framework=""spring-boot"",id=""CodeHeap 'profiled nmethods'"",language=""java"",service=""java-user-service"",}",23680768.0
1790114142.163,java-user-service,tomcat_threads_config_max_threads,"{framework=""spring-boot"",language=""java"",name=""http-nio-9081"",service=""java-user-service"",}",-1.0
1790114142.163,java-user-service,system_cpu_usage,"{framework=""spring-boot"",language=""java"",service=""java-user-service"",}",1.0
1790114142.163,java-user-service,tomcat_threads_current_threads,"{framework=""spring-boot"",language=""java"",name=""http-nio-9081"",service=""java-user-service"",}",-1.0
1790114142.163,java-user-service,tomcat_threads_busy_threads,"{framework=""spring-boot"",language=""java"",name=""http-nio-9081"",service=""java-user-service"",}",-1.0
1790114142.163,java-user-service,jvm_memory_committed_bytes,"{area=""nonheap"",framework=""spring-boot"",id=""CodeHeap 'non-nmethods'"",language=""java"",service=""java-user-service"",}",2555904.0
1790114142.163,java-user-service,jvm_memory_committed_bytes,"{area=""nonheap"",framework=""spring-boot"",id=""CodeHeap 'non-profiled nmethods'"",language=""java"",service=""java-user-service"",}",14155776.0
1790114142.163,java-user-service,jvm_memory_committed_bytes,"{area=""heap"",framework=""spring-boot"",id=""G1 Survivor Space"",language=""java"",service=""java-user-service"",}",11534336.0
1790114142.163,java-user-service,jvm_memory_committed_bytes,"{area=""heap"",framework=""spring-boot"",id=""G1 Old Gen"",language=""java"",service=""java-user-service"",}",165675008.0
1790114142.163,java-user-service,jvm_memory_committed_bytes,"{area=""nonheap"",framework=""spring-boot"",id=""Metaspace"",language=""java"",service=""java-user-service"",}",105250816.0
1790114142.163,java-user-service,jvm_memory_committed_bytes,"{area=""heap"",framework=""spring-boot"",id=""G1 Eden Space"",language=""java"",service=""java-user-service"",}",116391936.0
1790114142.163,java-user-service,jvm_memory_committed_bytes,"{area=""nonheap"",framework=""spring-boot"",id=""Compressed Class Space"",language=""java"",service=""java-user-service"",}",13893632.0
1790114142.163,java-user-service,jvm_memory_committed_bytes,"{area=""nonheap"",framework=""spring-boot"",id=""CodeHeap 'profiled nmethods'"",language=""java"",service=""java-user-service"",}",27721728.0
1790114142.163,java-user-service,hikaricp_connections_active,"{framework=""spring-boot"",language=""java"",pool=""HikariPool-1"",service=""java-user-service"",}",20.0
1790114142.163,java-product-service,tomcat_threads_busy_threads,"{language=""java"",name=""http-nio-9082"",service=""java-product-service"",}",-1.0
1790114142.163,java-product-service,jvm_gc_pause_seconds_count,"{action=""end of minor GC"",cause=""G1 Evacuation Pause"",gc=""G1 Young Generation"",language=""java"",service=""java-product-service"",}",4.0
1790114142.163,java-product-service,jvm_gc_pause_seconds_sum,"{action=""end of minor GC"",cause=""G1 Evacuation Pause"",gc=""G1 Young Generation"",language=""java"",service=""java-product-service"",}",0.049
1790114142.163,java-product-service,hikaricp_connections_active,"{language=""java"",pool=""HikariPool-1"",service=""java-product-service"",}",0.0
1790114142.163,java-product-service,tomcat_threads_current_threads,"{language=""java"",name=""http-nio-9082"",service=""java-product-service"",}",-1.0
1790114142.163,java-product-service,hikaricp_connections_usage_seconds_count,"{language=""java"",pool=""HikariPool-1"",service=""java-product-service"",}",162.0
1790114142.163,java-product-service,hikaricp_connections_usage_seconds_sum,"{language=""java"",pool=""HikariPool-1"",service=""java-product-service"",}",0.325
1790114142.163,java-product-service,hikaricp_connections_acquire_seconds_count,"{language=""java"",pool=""HikariPool-1"",service=""java-product-service"",}",162.0
1790114142.163,java-product-service,hikaricp_connections_acquire_seconds_sum,"{language=""java"",pool=""HikariPool-1"",service=""java-product-service"",}",0.070569581
1790114142.163,java-product-service,process_cpu_usage,"{language=""java"",service=""java-product-service"",}",0.07272727272727272
1790114142.163,java-product-service,hikaricp_connections_pending,"{language=""java"",pool=""HikariPool-1"",service=""java-product-service"",}",0.0
1790114142.163,java-product-service,system_cpu_usage,"{language=""java"",service=""java-product-service"",}",0.07821151515151516
1790114142.163,java-product-service,tomcat_threads_config_max_threads,"{language=""java"",name=""http-nio-9082"",service=""java-product-service"",}",-1.0
1790114142.163,java-product-service,jvm_memory_used_bytes,"{area=""nonheap"",id=""CodeHeap 'non-nmethods'"",language=""java"",service=""java-product-service"",}",1639552.0
1790114142.163,java-product-service,jvm_memory_used_bytes,"{area=""heap"",id=""G1 Eden Space"",language=""java"",service=""java-product-service"",}",18874368.0
1790114142.163,java-product-service,jvm_memory_used_bytes,"{area=""nonheap"",id=""Metaspace"",language=""java"",service=""java-product-service"",}",97241704.0
1790114142.163,java-product-service,jvm_memory_used_bytes,"{area=""heap"",id=""G1 Old Gen"",language=""java"",service=""java-product-service"",}",37723768.0
1790114142.163,java-product-service,jvm_memory_used_bytes,"{area=""nonheap"",id=""Compressed Class Space"",language=""java"",service=""java-product-service"",}",12905120.0
1790114142.163,java-product-service,jvm_memory_used_bytes,"{area=""heap"",id=""G1 Survivor Space"",language=""java"",service=""java-product-service"",}",4024160.0
1790114142.163,java-product-service,jvm_memory_used_bytes,"{area=""nonheap"",id=""CodeHeap 'profiled nmethods'"",language=""java"",service=""java-product-service"",}",22753536.0
1790114142.163,java-product-service,jvm_memory_used_bytes,"{area=""nonheap"",id=""CodeHeap 'non-profiled nmethods'"",language=""java"",service=""java-product-service"",}",6232704.0
1790114142.163,java-product-service,jvm_memory_committed_bytes,"{area=""nonheap"",id=""CodeHeap 'non-nmethods'"",language=""java"",service=""java-product-service"",}",2555904.0
1790114142.163,java-product-service,jvm_memory_committed_bytes,"{area=""heap"",id=""G1 Eden Space"",language=""java"",service=""java-product-service"",}",68157440.0
1790114142.163,java-product-service,jvm_memory_committed_bytes,"{area=""nonheap"",id=""Metaspace"",language=""java"",service=""java-product-service"",}",98172928.0
1790114142.163,java-product-service,jvm_memory_committed_bytes,"{area=""heap"",id=""G1 Old Gen"",language=""java"",service=""java-product-service"",}",41943040.0
1790114142.163,java-product-service,jvm_memory_committed_bytes,"{area=""nonheap"",id=""Compressed Class Space"",language=""java"",service=""java-product-service"",}",13369344.0
1790114142.163,java-product-service,jvm_memory_committed_bytes,"{area=""heap"",id=""G1 Survivor Space"",language=""java"",service=""java-product-service"",}",4194304.0
1790114142.163,java-product-service,jvm_memory_committed_bytes,"{area=""nonheap"",id=""CodeHeap 'profiled nmethods'"",language=""java"",service=""java-product-service"",}",24117248.0
1790114142.163,java-product-service,jvm_memory_committed_bytes,"{area=""nonheap"",id=""CodeHeap 'non-profiled nmethods'"",language=""java"",service=""java-product-service"",}",6488064.0
1790114142.163,java-order-service,process_cpu_usage,"{language=""java"",service=""java-order-service"",}",0.016666666666666666
1790114142.163,java-order-service,tomcat_threads_busy_threads,"{language=""java"",name=""http-nio-9083"",service=""java-order-service"",}",-1.0
1790114142.163,java-order-service,jvm_memory_used_bytes,"{area=""nonheap"",id=""CodeHeap 'non-profiled nmethods'"",language=""java"",service=""java-order-service"",}",4152960.0
1790114142.163,java-order-service,jvm_memory_used_bytes,"{area=""heap"",id=""G1 Eden Space"",language=""java"",service=""java-order-service"",}",13631488.0
1790114142.163,java-order-service,jvm_memory_used_bytes,"{area=""nonheap"",id=""CodeHeap 'profiled nmethods'"",language=""java"",service=""java-order-service"",}",15030784.0
1790114142.163,java-order-service,jvm_memory_used_bytes,"{area=""nonheap"",id=""CodeHeap 'non-nmethods'"",language=""java"",service=""java-order-service"",}",1609984.0
1790114142.163,java-order-service,jvm_memory_used_bytes,"{area=""heap"",id=""G1 Survivor Space"",language=""java"",service=""java-order-service"",}",4165552.0
1790114142.163,java-order-service,jvm_memory_used_bytes,"{area=""nonheap"",id=""Compressed Class Space"",language=""java"",service=""java-order-service"",}",10685456.0
1790114142.163,java-order-service,jvm_memory_used_bytes,"{area=""heap"",id=""G1 Old Gen"",language=""java"",service=""java-order-service"",}",31259288.0
1790114142.163,java-order-service,jvm_memory_used_bytes,"{area=""nonheap"",id=""Metaspace"",language=""java"",service=""java-order-service"",}",78700440.0
1790114142.163,java-order-service,hikaricp_connections_acquire_seconds_count,"{language=""java"",pool=""HikariPool-1"",service=""java-order-service"",}",148.0
1790114142.163,java-order-service,hikaricp_connections_acquire_seconds_sum,"{language=""java"",pool=""HikariPool-1"",service=""java-order-service"",}",0.034704126
1790114142.163,java-order-service,hikaricp_connections_usage_seconds_count,"{language=""java"",pool=""HikariPool-1"",service=""java-order-service"",}",148.0
1790114142.163,java-order-service,hikaricp_connections_usage_seconds_sum,"{language=""java"",pool=""HikariPool-1"",service=""java-order-service"",}",0.004
1790114142.163,java-order-service,tomcat_threads_config_max_threads,"{language=""java"",name=""http-nio-9083"",service=""java-order-service"",}",-1.0
1790114142.163,java-order-service,system_cpu_usage,"{language=""java"",service=""java-order-service"",}",0.015256666666666667
1790114142.163,java-order-service,hikaricp_connections_pending,"{language=""java"",pool=""HikariPool-1"",service=""java-order-service"",}",0.0
1790114142.163,java-order-service,jvm_gc_pause_seconds_count,"{action=""end of minor GC"",cause=""G1 Evacuation Pause"",gc=""G1 Young Generation"",language=""java"",service=""java-order-service"",}",1.0
1790114142.163,java-order-service,jvm_gc_pause_seconds_sum,"{action=""end of minor GC"",cause=""G1 Evacuation Pause"",gc=""G1 Young Generation"",language=""java"",service=""java-order-service"",}",0.025
1790114142.163,java-order-service,hikaricp_connections_active,"{language=""java"",pool=""HikariPool-1"",service=""java-order-service"",}",0.0
1790114142.163,java-order-service,tomcat_threads_current_threads,"{language=""java"",name=""http-nio-9083"",service=""java-order-service"",}",-1.0
1790114142.163,java-order-service,jvm_memory_committed_bytes,"{area=""nonheap"",id=""CodeHeap 'non-profiled nmethods'"",language=""java"",service=""java-order-service"",}",4194304.0
1790114142.163,java-order-service,jvm_memory_committed_bytes,"{area=""heap"",id=""G1 Eden Space"",language=""java"",service=""java-order-service"",}",45088768.0
1790114142.163,java-order-service,jvm_memory_committed_bytes,"{area=""nonheap"",id=""CodeHeap 'profiled nmethods'"",language=""java"",service=""java-order-service"",}",15073280.0
1790114142.163,java-order-service,jvm_memory_committed_bytes,"{area=""nonheap"",id=""CodeHeap 'non-nmethods'"",language=""java"",service=""java-order-service"",}",2555904.0
1790114142.163,java-order-service,jvm_memory_committed_bytes,"{area=""heap"",id=""G1 Survivor Space"",language=""java"",service=""java-order-service"",}",4194304.0
1790114142.163,java-order-service,jvm_memory_committed_bytes,"{area=""nonheap"",id=""Compressed Class Space"",language=""java"",service=""java-order-service"",}",11075584.0
1790114142.163,java-order-service,jvm_memory_committed_bytes,"{area=""heap"",id=""G1 Old Gen"",language=""java"",service=""java-order-service"",}",34603008.0
1790114142.163,java-order-service,jvm_memory_committed_bytes,"{area=""nonheap"",id=""Metaspace"",language=""java"",service=""java-order-service"",}",79560704.0
1790114147.568,java-user-service,hikaricp_connections_pending,"{framework=""spring-boot"",language=""java"",pool=""HikariPool-1"",service=""java-user-service"",}",645.0
1790114147.568,java-user-service,hikaricp_connections_acquire_seconds_count,"{framework=""spring-boot"",language=""java"",pool=""HikariPool-1"",service=""java-user-service"",}",6520.0
1790114147.568,java-user-service,hikaricp_connections_acquire_seconds_sum,"{framework=""spring-boot"",language=""java"",pool=""HikariPool-1"",service=""java-user-service"",}",25230.111044827
1790114147.568,java-user-service,jvm_gc_pause_seconds_count,"{action=""end of minor GC"",cause=""G1 Evacuation Pause"",framework=""spring-boot"",gc=""G1 Young Generation"",language=""java"",service=""java-user-service"",}",148.0
1790114147.568,java-user-service,jvm_gc_pause_seconds_sum,"{action=""end of minor GC"",cause=""G1 Evacuation Pause"",framework=""spring-boot"",gc=""G1 Young Generation"",language=""java"",service=""java-user-service"",}",0.93
1790114147.568,java-user-service,process_cpu_usage,"{framework=""spring-boot"",language=""java"",service=""java-user-service"",}",1.0
1790114147.568,java-user-service,hikaricp_connections_usage_seconds_count,"{framework=""spring-boot"",language=""java"",pool=""HikariPool-1"",service=""java-user-service"",}",6500.0
1790114147.568,java-user-service,hikaricp_connections_usage_seconds_sum,"{framework=""spring-boot"",language=""java"",pool=""HikariPool-1"",service=""java-user-service"",}",2566.575
1790114147.568,java-user-service,jvm_memory_used_bytes,"{area=""nonheap"",framework=""spring-boot"",id=""CodeHeap 'non-nmethods'"",language=""java"",service=""java-user-service"",}",1643776.0
1790114147.568,java-user-service,jvm_memory_used_bytes,"{area=""nonheap"",framework=""spring-boot"",id=""CodeHeap 'non-profiled nmethods'"",language=""java"",service=""java-user-service"",}",14316160.0
1790114147.568,java-user-service,jvm_memory_used_bytes,"{area=""heap"",framework=""spring-boot"",id=""G1 Survivor Space"",language=""java"",service=""java-user-service"",}",10485760.0
1790114147.568,java-user-service,jvm_memory_used_bytes,"{area=""heap"",framework=""spring-boot"",id=""G1 Old Gen"",language=""java"",service=""java-user-service"",}",188718712.0
1790114147.568,java-user-service,jvm_memory_used_bytes,"{area=""nonheap"",framework=""spring-boot"",id=""Metaspace"",language=""java"",service=""java-user-service"",}",104240632.0
1790114147.568,java-user-service,jvm_memory_used_bytes,"{area=""heap"",framework=""spring-boot"",id=""G1 Eden Space"",language=""java"",service=""java-user-service"",}",57671680.0
1790114147.568,java-user-service,jvm_memory_used_bytes,"{area=""nonheap"",framework=""spring-boot"",id=""Compressed Class Space"",language=""java"",service=""java-user-service"",}",13416360.0
1790114147.568,java-user-service,jvm_memory_used_bytes,"{area=""nonheap"",framework=""spring-boot"",id=""CodeHeap 'profiled nmethods'"",language=""java"",service=""java-user-service"",}",23286016.0
1790114147.568,java-user-service,tomcat_threads_config_max_threads,"{framework=""spring-boot"",language=""java"",name=""http-nio-9081"",service=""java-user-service"",}",-1.0
1790114147.568,java-user-service,system_cpu_usage,"{framework=""spring-boot"",language=""java"",service=""java-user-service"",}",1.0
1790114147.568,java-user-service,tomcat_threads_current_threads,"{framework=""spring-boot"",language=""java"",name=""http-nio-9081"",service=""java-user-service"",}",-1.0
1790114147.568,java-user-service,tomcat_threads_busy_threads,"{framework=""spring-boot"",language=""java"",name=""http-nio-9081"",service=""java-user-service"",}",-1.0
1790114147.568,java-user-service,jvm_memory_committed_bytes,"{area=""nonheap"",framework=""spring-boot"",id=""CodeHeap 'non-nmethods'"",language=""java"",service=""java-user-service"",}",2555904.0
1790114147.568,java-user-service,jvm_memory_committed_bytes,"{area=""nonheap"",framework=""spring-boot"",id=""CodeHeap 'non-profiled nmethods'"",language=""java"",service=""java-user-service"",}",14352384.0
1790114147.568,java-user-service,jvm_memory_committed_bytes,"{area=""heap"",framework=""spring-boot"",id=""G1 Survivor Space"",language=""java"",service=""java-user-service"",}",10485760.0
1790114147.568,java-user-service,jvm_memory_committed_bytes,"{area=""heap"",framework=""spring-boot"",id=""G1 Old Gen"",language=""java"",service=""java-user-service"",}",234881024.0
1790114147.568,java-user-service,jvm_memory_committed_bytes,"{area=""nonheap"",framework=""spring-boot"",id=""Metaspace"",language=""java"",service=""java-user-service"",}",105250816.0
1790114147.568,java-user-service,jvm_memory_committed_bytes,"{area=""heap"",framework=""spring-boot"",id=""G1 Eden Space"",language=""java"",service=""java-user-service"",}",84934656.0
1790114147.568,java-user-service,jvm_memory_committed_bytes,"{area=""nonheap"",framework=""spring-boot"",id=""Compressed Class Space"",language=""java"",service=""java-user-service"",}",13893632.0
1790114147.568,java-user-service,jvm_memory_committed_bytes,"{area=""nonheap"",framework=""spring-boot"",id=""CodeHeap 'profiled nmethods'"",language=""java"",service=""java-user-service"",}",27721728.0
1790114147.568,java-user-service,hikaricp_connections_active,"{framework=""spring-boot"",language=""java"",pool=""HikariPool-1"",service=""java-user-service"",}",20.0
1790114147.568,java-product-service,tomcat_threads_busy_threads,"{language=""java"",name=""http-nio-9082"",service=""java-product-service"",}",-1.0
1790114147.568,java-product-service,jvm_gc_pause_seconds_count,"{action=""end of minor GC"",cause=""G1 Evacuation Pause"",gc=""G1 Young Generation"",language=""java"",service=""java-product-service"",}",4.0
1790114147.568,java-product-service,jvm_gc_pause_seconds_sum,"{action=""end of minor GC"",cause=""G1 Evacuation Pause"",gc=""G1 Young Generation"",language=""java"",service=""java-product-service"",}",0.049
1790114147.568,java-product-service,hikaricp_connections_active,"{language=""java"",pool=""HikariPool-1"",service=""java-product-service"",}",0.0
1790114147.568,java-product-service,tomcat_threads_current_threads,"{language=""java"",name=""http-nio-9082"",service=""java-product-service"",}",-1.0
1790114147.568,java-product-service,hikaricp_connections_usage_seconds_count,"{language=""java"",pool=""HikariPool-1"",service=""java-product-service"",}",164.0
1790114147.568,java-product-service,hikaricp_connections_usage_seconds_sum,"{language=""java"",pool=""HikariPool-1"",service=""java-product-service"",}",0.325
1790114147.568,java-product-service,hikaricp_connections_acquire_seconds_count,"{language=""java"",pool=""HikariPool-1"",service=""java-product-service"",}",164.0
1790114147.568,java-product-service,hikaricp_connections_acquire_seconds_sum,"{language=""java"",pool=""HikariPool-1"",service=""java-product-service"",}",0.070779623
1790114147.568,java-product-service,process_cpu_usage,"{language=""java"",service=""java-product-service"",}",0.016666666666666666
1790114147.568,java-product-service,hikaricp_connections_pending,"{language=""java"",pool=""HikariPool-1"",service=""java-product-service"",}",0.0
1790114147.568,java-product-service,system_cpu_usage,"{language=""java"",service=""java-product-service"",}",0.01594
1790114147.568,java-product-service,tomcat_threads_config_max_threads,"{language=""java"",name=""http-nio-9082"",service=""java-product-service"",}",-1.0
1790114147.568,java-product-service,jvm_memory_used_bytes,"{area=""nonheap"",id=""CodeHeap 'non-nmethods'"",language=""java"",service=""java-product-service"",}",1639552.0
1790114147.568,java-product-service,jvm_memory_used_bytes,"{area=""heap"",id=""G1 Eden Space"",language=""java"",service=""java-product-service"",}",20971520.0
1790114147.568,java-product-service,jvm_memory_used_bytes,"{area=""nonheap"",id=""Metaspace"",language=""java"",service=""java-product-service"",}",97247000.0
1790114147.568,java-product-service,jvm_memory_used_bytes,"{area=""heap"",id=""G1 Old Gen"",language=""java"",service=""java-product-service"",}",37723768.0
1790114147.568,java-product-service,jvm_memory_used_bytes,"{area=""nonheap"",id=""Compressed Class Space"",language=""java"",service=""java-product-service"",}",12905120.0
1790114147.568,java-product-service,jvm_memory_used_bytes,"{area=""heap"",id=""G1 Survivor Space"",language=""java"",service=""java-product-service"",}",4024160.0
1790114147.568,java-product-service,jvm_memory_used_bytes,"{area=""nonheap"",id=""CodeHeap 'profiled nmethods'"",language=""java"",service=""java-product-service"",}",22769664.0
1790114147.568,java-product-service,jvm_memory_used_bytes,"{area=""nonheap"",id=""CodeHeap 'non-profiled nmethods'"",language=""java"",service=""java-product-service"",}",6247296.0
1790114147.568,java-product-service,jvm_memory_committed_bytes,"{area=""nonheap"",id=""CodeHeap 'non-nmethods'"",language=""java"",service=""java-product-service"",}",2555904.0
1790114147.568,java-product-service,jvm_memory_committed_bytes,"{area=""heap"",id=""G1 Eden Space"",language=""java"",service=""java-product-service"",}",68157440.0
1790114147.568,java-product-service,jvm_memory_committed_bytes,"{area=""nonheap"",id=""Metaspace"",language=""java"",service=""java-product-service"",}",98172928.0
1790114147.568,java-product-service,jvm_memory_committed_bytes,"{area=""heap"",id=""G1 Old Gen"",language=""java"",service=""java-product-service"",}",41943040.0
1790114147.568,java-product-service,jvm_memory_committed_bytes,"{area=""nonheap"",id=""Compressed Class Space"",language=""java"",service=""java-product-service"",}",13369344.0
1790114147.568,java-product-service,jvm_memory_committed_bytes,"{area=""heap"",id=""G1 Survivor Space"",language=""java"",service=""java-product-service"",}",4194304.0
1790114147.568,java-product-service,jvm_memory_committed_bytes,"{area=""nonheap"",id=""CodeHeap 'profiled nmethods'"",language=""java"",service=""java-product-service"",}",24117248.0
1790114147.568,java-product-service,jvm_memory_committed_bytes,"{area=""nonheap"",id=""CodeHeap 'non-profiled nmethods'"",language=""java"",service=""java-product-service"",}",6488064.0
1790114147.568,java-order-service,process_cpu_usage,"{language=""java"",service=""java-order-service"",}",0.010256410256410256
1790114147.568,java-order-service,tomcat_threads_busy_threads,"{language=""java"",name=""http-nio-9083"",service=""java-order-service"",}",-1.0
1790114147.568,java-order-service,jvm_memory_used_bytes,"{area=""nonheap"",id=""CodeHeap 'non-profiled nmethods'"",language=""java"",service=""java-order-service"",}",4158720.0
1790114147.568,java-order-service,jvm_memory_used_bytes,"{area=""heap"",id=""G1 Eden Space"",language=""java"",service=""java-order-service"",}",14680064.0
1790114147.568,java-order-service,jvm_memory_used_bytes,"{area=""nonheap"",id=""CodeHeap 'profiled nmethods'"",language=""java"",service=""java-order-service"",}",15082624.0
1790114147.568,java-order-service,jvm_memory_used_bytes,"{area=""nonheap"",id=""CodeHeap 'non-nmethods'"",language=""java"",service=""java-order-service"",}",1609984.0
1790114147.568,java-order-service,jvm_memory_used_bytes,"{area=""heap"",id=""G1 Survivor Space"",language=""java"",service=""java-order-service"",}",4165552.0
1790114147.568,java-order-service,jvm_memory_used_bytes,"{area=""nonheap"",id=""Compressed Class Space"",language=""java"",service=""java-order-service"",}",10685456.0
1790114147.568,java-order-service,jvm_memory_used_bytes,"{area=""heap"",id=""G1 Old Gen"",language=""java"",service=""java-order-service"",}",31259288.0
1790114147.568,java-order-service,jvm_memory_used_bytes,"{area=""nonheap"",id=""Metaspace"",language=""java"",service=""java-order-service"",}",78718112.0
1790114147.568,java-order-service,hikaricp_connections_acquire_seconds_count,"{language=""java"",pool=""HikariPool-1"",service=""java-order-service"",}",152.0
1790114147.568,java-order-service,hikaricp_connections_acquire_seconds_sum,"{language=""java"",pool=""HikariPool-1"",service=""java-order-service"",}",0.035551459
1790114147.568,java-order-service,hikaricp_connections_usage_seconds_count,"{language=""java"",pool=""HikariPool-1"",service=""java-order-service"",}",152.0
1790114147.568,java-order-service,hikaricp_connections_usage_seconds_sum,"{language=""java"",pool=""HikariPool-1"",service=""java-order-service"",}",0.004
1790114147.568,java-order-service,tomcat_threads_config_max_threads,"{language=""java"",name=""http-nio-9083"",service=""java-order-service"",}",-1.0
1790114147.568,java-order-service,system_cpu_usage,"{language=""java"",service=""java-order-service"",}",0.01741948717948718
1790114147.568,java-order-service,hikaricp_connections_pending,"{language=""java"",pool=""HikariPool-1"",service=""java-order-service"",}",0.0
1790114147.568,java-order-service,jvm_gc_pause_seconds_count,"{action=""end of minor GC"",cause=""G1 Evacuation Pause"",gc=""G1 Young Generation"",language=""java"",service=""java-order-service"",}",1.0
1790114147.568,java-order-service,jvm_gc_pause_seconds_sum,"{action=""end of minor GC"",cause=""G1 Evacuation Pause"",gc=""G1 Young Generation"",language=""java"",service=""java-order-service"",}",0.025
1790114147.568,java-order-service,hikaricp_connections_active,"{language=""java"",pool=""HikariPool-1"",service=""java-order-service"",}",0.0
1790114147.568,java-order-service,tomcat_threads_current_threads,"{language=""java"",name=""http-nio-9083"",service=""java-order-service"",}",-1.0
1790114147.568,java-order-service,jvm_memory_committed_bytes,"{area=""nonheap"",id=""CodeHeap 'non-profiled nmethods'"",language=""java"",service=""java-order-service"",}",4194304.0
1790114147.568,java-order-service,jvm_memory_committed_bytes,"{area=""heap"",id=""G1 Eden Space"",language=""java"",service=""java-order-service"",}",45088768.0
1790114147.568,java-order-service,jvm_memory_committed_bytes,"{area=""nonheap"",id=""CodeHeap 'profiled nmethods'"",language=""java"",service=""java-order-service"",}",15138816.0
1790114147.568,java-order-service,jvm_memory_committed_bytes,"{area=""nonheap"",id=""CodeHeap 'non-nmethods'"",language=""java"",service=""java-order-service"",}",2555904.0
1790114147.568,java-order-service,jvm_memory_committed_bytes,"{area=""heap"",id=""G1 Survivor Space"",language=""java"",service=""java-order-service"",}",4194304.0
1790114147.568,java-order-service,jvm_memory_committed_bytes,"{area=""nonheap"",id=""Compressed Class Space"",language=""java"",service=""java-order-service"",}",11075584.0
1790114147.568,java-order-service,jvm_memory_committed_bytes,"{area=""heap"",id=""G1 Old Gen"",language=""java"",service=""java-order-service"",}",34603008.0
1790114147.568,java-order-service,jvm_memory_committed_bytes,"{area=""nonheap"",id=""Metaspace"",language=""java"",service=""java-order-service"",}",79560704.0
1790114152.598,java-user-service,hikaricp_connections_pending,"{framework=""spring-boot"",language=""java"",pool=""HikariPool-1"",service=""java-user-service"",}",666.0
1790114152.598,java-user-service,hikaricp_connections_acquire_seconds_count,"{framework=""spring-boot"",language=""java"",pool=""HikariPool-1"",service=""java-user-service"",}",6654.0
1790114152.598,java-user-service,hikaricp_connections_acquire_seconds_sum,"{framework=""spring-boot"",language=""java"",pool=""HikariPool-1"",service=""java-user-service"",}",25944.339631529
1790114152.598,java-user-service,jvm_gc_pause_seconds_count,"{action=""end of minor GC"",cause=""G1 Evacuation Pause"",framework=""spring-boot"",gc=""G1 Young Generation"",language=""java"",service=""java-user-service"",}",151.0
1790114152.598,java-user-service,jvm_gc_pause_seconds_sum,"{action=""end of minor GC"",cause=""G1 Evacuation Pause"",framework=""spring-boot"",gc=""G1 Young Generation"",language=""java"",service=""java-user-service"",}",0.945
1790114152.598,java-user-service,process_cpu_usage,"{framework=""spring-boot"",language=""java"",service=""java-user-service"",}",1.0
1790114152.598,java-user-service,hikaricp_connections_usage_seconds_count,"{framework=""spring-boot"",language=""java"",pool=""HikariPool-1"",service=""java-user-service"",}",6634.0
1790114152.598,java-user-service,hikaricp_connections_usage_seconds_sum,"{framework=""spring-boot"",language=""java"",pool=""HikariPool-1"",service=""java-user-service"",}",2673.338
1790114152.598,java-user-service,jvm_memory_used_bytes,"{area=""nonheap"",framework=""spring-boot"",id=""CodeHeap 'non-nmethods'"",language=""java"",service=""java-user-service"",}",1643776.0
1790114152.598,java-user-service,jvm_memory_used_bytes,"{area=""nonheap"",framework=""spring-boot"",id=""CodeHeap 'non-profiled nmethods'"",language=""java"",service=""java-user-service"",}",14332544.0
1790114152.598,java-user-service,jvm_memory_used_bytes,"{area=""heap"",framework=""spring-boot"",id=""G1 Survivor Space"",language=""java"",service=""java-user-service"",}",8912896.0
1790114152.598,java-user-service,jvm_memory_used_bytes,"{area=""heap"",framework=""spring-boot"",id=""G1 Old Gen"",language=""java"",service=""java-user-service"",}",193819464.0
1790114152.598,java-user-service,jvm_memory_used_bytes,"{area=""nonheap"",framework=""spring-boot"",id=""Metaspace"",language=""java"",service=""java-user-service"",}",104242008.0
1790114152.598,java-user-service,jvm_memory_used_bytes,"{area=""heap"",framework=""spring-boot"",id=""G1 Eden Space"",language=""java"",service=""java-user-service"",}",84934656.0
1790114152.598,java-user-service,jvm_memory_used_bytes,"{area=""nonheap"",framework=""spring-boot"",id=""Compressed Class Space"",language=""java"",service=""java-user-service"",}",13416360.0
1790114152.598,java-user-service,jvm_memory_used_bytes,"{area=""nonheap"",framework=""spring-boot"",id=""CodeHeap 'profiled nmethods'"",language=""java"",service=""java-user-service"",}",23157504.0
1790114152.598,java-user-service,tomcat_threads_config_max_threads,"{framework=""spring-boot"",language=""java"",name=""http-nio-9081"",service=""java-user-service"",}",-1.0
1790114152.598,java-user-service,system_cpu_usage,"{framework=""spring-boot"",language=""java"",service=""java-user-service"",}",1.0
1790114152.598,java-user-service,tomcat_threads_current_threads,"{framework=""spring-boot"",language=""java"",name=""http-nio-9081"",service=""java-user-service"",}",-1.0
1790114152.598,java-user-service,tomcat_threads_busy_threads,"{framework=""spring-boot"",language=""java"",name=""http-nio-9081"",service=""java-user-service"",}",-1.0
1790114152.598,java-user-service,jvm_memory_committed_bytes,"{area=""nonheap"",framework=""spring-boot"",id=""CodeHeap 'non-nmethods'"",language=""java"",service=""java-user-service"",}",2555904.0
1790114152.598,java-user-service,jvm_memory_committed_bytes,"{area=""nonheap"",framework=""spring-boot"",id=""CodeHeap 'non-profiled nmethods'"",language=""java"",service=""java-user-service"",}",14352384.0
1790114152.598,java-user-service,jvm_memory_committed_bytes,"{area=""heap"",framework=""spring-boot"",id=""G1 Survivor Space"",language=""java"",service=""java-user-service"",}",9437184.0
1790114152.598,java-user-service,jvm_memory_committed_bytes,"{area=""heap"",framework=""spring-boot"",id=""G1 Old Gen"",language=""java"",service=""java-user-service"",}",225443840.0
1790114152.598,java-user-service,jvm_memory_committed_bytes,"{area=""nonheap"",framework=""spring-boot"",id=""Metaspace"",language=""java"",service=""java-user-service"",}",105250816.0
1790114152.598,java-user-service,jvm_memory_committed_bytes,"{area=""heap"",framework=""spring-boot"",id=""G1 Eden Space"",language=""java"",service=""java-user-service"",}",97517568.0
1790114152.598,java-user-service,jvm_memory_committed_bytes,"{area=""nonheap"",framework=""spring-boot"",id=""Compressed Class Space"",language=""java"",service=""java-user-service"",}",13893632.0
1790114152.598,java-user-service,jvm_memory_committed_bytes,"{area=""nonheap"",framework=""spring-boot"",id=""CodeHeap 'profiled nmethods'"",language=""java"",service=""java-user-service"",}",27721728.0
1790114152.598,java-user-service,hikaricp_connections_active,"{framework=""spring-boot"",language=""java"",pool=""HikariPool-1"",service=""java-user-service"",}",20.0
1790114152.598,java-product-service,tomcat_threads_busy_threads,"{language=""java"",name=""http-nio-9082"",service=""java-product-service"",}",-1.0
1790114152.598,java-product-service,jvm_gc_pause_seconds_count,"{action=""end of minor GC"",cause=""G1 Evacuation Pause"",gc=""G1 Young Generation"",language=""java"",service=""java-product-service"",}",4.0
1790114152.598,java-product-service,jvm_gc_pause_seconds_sum,"{action=""end of minor GC"",cause=""G1 Evacuation Pause"",gc=""G1 Young Generation"",language=""java"",service=""java-product-service"",}",0.049
1790114152.598,java-product-service,hikaricp_connections_active,"{language=""java"",pool=""HikariPool-1"",service=""java-product-service"",}",0.0
1790114152.598,java-product-service,tomcat_threads_current_threads,"{language=""java"",name=""http-nio-9082"",service=""java-product-service"",}",-1.0
1790114152.598,java-product-service,hikaricp_connections_usage_seconds_count,"{language=""java"",pool=""HikariPool-1"",service=""java-product-service"",}",166.0
1790114152.598,java-product-service,hikaricp_connections_usage_seconds_sum,"{language=""java"",pool=""HikariPool-1"",service=""java-product-service"",}",0.325
1790114152.598,java-product-service,hikaricp_connections_acquire_seconds_count,"{language=""java"",pool=""HikariPool-1"",service=""java-product-service"",}",166.0
1790114152.598,java-product-service,hikaricp_connections_acquire_seconds_sum,"{language=""java"",pool=""HikariPool-1"",service=""java-product-service"",}",0.071016957
1790114152.598,java-product-service,process_cpu_usage,"{language=""java"",service=""java-product-service"",}",0.05128205128205128
1790114152.598,java-product-service,hikaricp_connections_pending,"{language=""java"",pool=""HikariPool-1"",service=""java-product-service"",}",0.0
1790114152.598,java-product-service,system_cpu_usage,"{language=""java"",service=""java-product-service"",}",0.06242923076923077
1790114152.598,java-product-service,tomcat_threads_config_max_threads,"{language=""java"",name=""http-nio-9082"",service=""java-product-service"",}",-1.0
1790114152.598,java-product-service,jvm_memory_used_bytes,"{area=""nonheap"",id=""CodeHeap 'non-nmethods'"",language=""java"",service=""java-product-service"",}",1639552.0
1790114152.598,java-product-service,jvm_memory_used_bytes,"{area=""heap"",id=""G1 Eden Space"",language=""java"",service=""java-product-service"",}",22020096.0
1790114152.598,java-product-service,jvm_memory_used_bytes,"{area=""nonheap"",id=""Metaspace"",language=""java"",service=""java-product-service"",}",97248456.0
1790114152.598,java-product-service,jvm_memory_used_bytes,"{area=""heap"",id=""G1 Old Gen"",language=""java"",service=""java-product-service"",}",37723768.0
1790114152.598,java-product-service,jvm_memory_used_bytes,"{area=""nonheap"",id=""Compressed Class Space"",language=""java"",service=""java-product-service"",}",12905120.0
1790114152.598,java-product-service,jvm_memory_used_bytes,"{area=""heap"",id=""G1 Survivor Space"",language=""java"",service=""java-product-service"",}",4024160.0
1790114152.598,java-product-service,jvm_memory_used_bytes,"{area=""nonheap"",id=""CodeHeap 'profiled nmethods'"",language=""java"",service=""java-product-service"",}",22787968.0
1790114152.598,java-product-service,jvm_memory_used_bytes,"{area=""nonheap"",id=""CodeHeap 'non-profiled nmethods'"",language=""java"",service=""java-product-service"",}",6311168.0
1790114152.598,java-product-service,jvm_memory_committed_bytes,"{area=""nonheap"",id=""CodeHeap 'non-nmethods'"",language=""java"",service=""java-product-service"",}",2555904.0
1790114152.598,java-product-service,jvm_memory_committed_bytes,"{area=""heap"",id=""G1 Eden Space"",language=""java"",service=""java-product-service"",}",68157440.0
1790114152.598,java-product-service,jvm_memory_committed_bytes,"{area=""nonheap"",id=""Metaspace"",language=""java"",service=""java-product-service"",}",98172928.0
1790114152.598,java-product-service,jvm_memory_committed_bytes,"{area=""heap"",id=""G1 Old Gen"",language=""java"",service=""java-product-service"",}",41943040.0
1790114152.598,java-product-service,jvm_memory_committed_bytes,"{area=""nonheap"",id=""Compressed Class Space"",language=""java"",service=""java-product-service"",}",13369344.0
1790114152.598,java-product-service,jvm_memory_committed_bytes,"{area=""heap"",id=""G1 Survivor Space"",language=""java"",service=""java-product-service"",}",4194304.0
1790114152.598,java-product-service,jvm_memory_committed_bytes,"{area=""nonheap"",id=""CodeHeap 'profiled nmethods'"",language=""java"",service=""java-product-service"",}",24117248.0
1790114152.598,java-product-service,jvm_memory_committed_bytes,"{area=""nonheap"",id=""CodeHeap 'non-profiled nmethods'"",language=""java"",service=""java-product-service"",}",6488064.0
1790114152.598,java-order-service,process_cpu_usage,"{language=""java"",service=""java-order-service"",}",0.016666666666666666
1790114152.598,java-order-service,tomcat_threads_busy_threads,"{language=""java"",name=""http-nio-9083"",service=""java-order-service"",}",-1.0
1790114152.598,java-order-service,jvm_memory_used_bytes,"{area=""nonheap"",id=""CodeHeap 'non-profiled nmethods'"",language=""java"",service=""java-order-service"",}",4167808.0
1790114152.598,java-order-service,jvm_memory_used_bytes,"{area=""heap"",id=""G1 Eden Space"",language=""java"",service=""java-order-service"",}",15728640.0
1790114152.598,java-order-service,jvm_memory_used_bytes,"{area=""nonheap"",id=""CodeHeap 'profiled nmethods'"",language=""java"",service=""java-order-service"",}",15116032.0
1790114152.598,java-order-service,jvm_memory_used_bytes,"{area=""nonheap"",id=""CodeHeap 'non-nmethods'"",language=""java"",service=""java-order-service"",}",1609984.0
1790114152.598,java-order-service,jvm_memory_used_bytes,"{area=""heap"",id=""G1 Survivor Space"",language=""java"",service=""java-order-service"",}",4165552.0
1790114152.598,java-order-service,jvm_memory_used_bytes,"{area=""nonheap"",id=""Compressed Class Space"",language=""java"",service=""java-order-service"",}",10685456.0
1790114152.598,java-order-service,jvm_memory_used_bytes,"{area=""heap"",id=""G1 Old Gen"",language=""java"",service=""java-order-service"",}",31259288.0
1790114152.598,java-order-service,jvm_memory_used_bytes,"{area=""nonheap"",id=""Metaspace"",language=""java"",service=""java-order-service"",}",78724656.0
1790114152.598,java-order-service,hikaricp_connections_acquire_seconds_count,"{language=""java"",pool=""HikariPool-1"",service=""java-order-service"",}",152.0
1790114152.598,java-order-service,hikaricp_connections_acquire_seconds_sum,"{language=""java"",pool=""HikariPool-1"",service=""java-order-service"",}",0.035551459
1790114152.598,java-order-service,hikaricp_connections_usage_seconds_count,"{language=""java"",pool=""HikariPool-1"",service=""java-order-service"",}",152.0
1790114152.598,java-order-service,hikaricp_connections_usage_seconds_sum,"{language=""java"",pool=""HikariPool-1"",service=""java-order-service"",}",0.004
1790114152.598,java-order-service,tomcat_threads_config_max_threads,"{language=""java"",name=""http-nio-9083"",service=""java-order-service"",}",-1.0
1790114152.598,java-order-service,system_cpu_usage,"{language=""java"",service=""java-order-service"",}",0.015925
1790114152.598,java-order-service,hikaricp_connections_pending,"{language=""java"",pool=""HikariPool-1"",service=""java-order-service"",}",0.0
1790114152.598,java-order-service,jvm_gc_pause_seconds_count,"{action=""end of minor GC"",cause=""G1 Evacuation Pause"",gc=""G1 Young Generation"",language=""java"",service=""java-order-service"",}",1.0
1790114152.598,java-order-service,jvm_gc_pause_seconds_sum,"{action=""end of minor GC"",cause=""G1 Evacuation Pause"",gc=""G1 Young Generation"",language=""java"",service=""java-order-service"",}",0.025
1790114152.598,java-order-service,hikaricp_connections_active,"{language=""java"",pool=""HikariPool-1"",service=""java-order-service"",}",0.0
1790114152.598,java-order-service,tomcat_threads_current_threads,"{language=""java"",name=""http-nio-9083"",service=""java-order-service"",}",-1.0
1790114152.598,java-order-service,jvm_memory_committed_bytes,"{area=""nonheap"",id=""CodeHeap 'non-profiled nmethods'"",language=""java"",service=""java-order-service"",}",4194304.0
1790114152.598,java-order-service,jvm_memory_committed_bytes,"{area=""heap"",id=""G1 Eden Space"",language=""java"",service=""java-order-service"",}",45088768.0
1790114152.598,java-order-service,jvm_memory_committed_bytes,"{area=""nonheap"",id=""CodeHeap 'profiled nmethods'"",language=""java"",service=""java-order-service"",}",15204352.0
1790114152.598,java-order-service,jvm_memory_committed_bytes,"{area=""nonheap"",id=""CodeHeap 'non-nmethods'"",language=""java"",service=""java-order-service"",}",2555904.0
1790114152.598,java-order-service,jvm_memory_committed_bytes,"{area=""heap"",id=""G1 Survivor Space"",language=""java"",service=""java-order-service"",}",4194304.0
1790114152.598,java-order-service,jvm_memory_committed_bytes,"{area=""nonheap"",id=""Compressed Class Space"",language=""java"",service=""java-order-service"",}",11075584.0
1790114152.598,java-order-service,jvm_memory_committed_bytes,"{area=""heap"",id=""G1 Old Gen"",language=""java"",service=""java-order-service"",}",34603008.0
1790114152.598,java-order-service,jvm_memory_committed_bytes,"{area=""nonheap"",id=""Metaspace"",language=""java"",service=""java-order-service"",}",79626240.0
1790114158.002,java-user-service,hikaricp_connections_pending,"{framework=""spring-boot"",language=""java"",pool=""HikariPool-1"",service=""java-user-service"",}",701.0
1790114158.002,java-user-service,hikaricp_connections_acquire_seconds_count,"{framework=""spring-boot"",language=""java"",pool=""HikariPool-1"",service=""java-user-service"",}",6792.0
1790114158.002,java-user-service,hikaricp_connections_acquire_seconds_sum,"{framework=""spring-boot"",language=""java"",pool=""HikariPool-1"",service=""java-user-service"",}",27356.067468363
1790114158.002,java-user-service,jvm_gc_pause_seconds_count,"{action=""end of minor GC"",cause=""G1 Evacuation Pause"",framework=""spring-boot"",gc=""G1 Young Generation"",language=""java"",service=""java-user-service"",}",154.0
1790114158.002,java-user-service,jvm_gc_pause_seconds_sum,"{action=""end of minor GC"",cause=""G1 Evacuation Pause"",framework=""spring-boot"",gc=""G1 Young Generation"",language=""java"",service=""java-user-service"",}",1.013
1790114158.002,java-user-service,process_cpu_usage,"{framework=""spring-boot"",language=""java"",service=""java-user-service"",}",0.9924528301886792
1790114158.002,java-user-service,hikaricp_connections_usage_seconds_count,"{framework=""spring-boot"",language=""java"",pool=""HikariPool-1"",service=""java-user-service"",}",6772.0
1790114158.002,java-user-service,hikaricp_connections_usage_seconds_sum,"{framework=""spring-boot"",language=""java"",pool=""HikariPool-1"",service=""java-user-service"",}",2780.668
1790114158.002,java-user-service,jvm_memory_used_bytes,"{area=""nonheap"",framework=""spring-boot"",id=""CodeHeap 'non-nmethods'"",language=""java"",service=""java-user-service"",}",1643776.0
1790114158.002,java-user-service,jvm_memory_used_bytes,"{area=""nonheap"",framework=""spring-boot"",id=""CodeHeap 'non-profiled nmethods'"",language=""java"",service=""java-user-service"",}",14377984.0
1790114158.002,java-user-service,jvm_memory_used_bytes,"{area=""heap"",framework=""spring-boot"",id=""G1 Survivor Space"",language=""java"",service=""java-user-service"",}",13107200.0
1790114158.002,java-user-service,jvm_memory_used_bytes,"{area=""heap"",framework=""spring-boot"",id=""G1 Old Gen"",language=""java"",service=""java-user-service"",}",166698616.0
1790114158.002,java-user-service,jvm_memory_used_bytes,"{area=""nonheap"",framework=""spring-boot"",id=""Metaspace"",language=""java"",service=""java-user-service"",}",104245968.0
1790114158.002,java-user-service,jvm_memory_used_bytes,"{area=""heap"",framework=""spring-boot"",id=""G1 Eden Space"",language=""java"",service=""java-user-service"",}",34603008.0
1790114158.002,java-user-service,jvm_memory_used_bytes,"{area=""nonheap"",framework=""spring-boot"",id=""Compressed Class Space"",language=""java"",service=""java-user-service"",}",13416360.0
1790114158.002,java-user-service,jvm_memory_used_bytes,"{area=""nonheap"",framework=""spring-boot"",id=""CodeHeap 'profiled nmethods'"",language=""java"",service=""java-user-service"",}",22969856.0
1790114158.002,java-user-service,tomcat_threads_config_max_threads,"{framework=""spring-boot"",language=""java"",name=""http-nio-9081"",service=""java-user-service"",}",-1.0
1790114158.002,java-user-service,system_cpu_usage,"{framework=""spring-boot"",language=""java"",service=""java-user-service"",}",0.9931623899371069
1790114158.002,java-user-service,tomcat_threads_current_threads,"{framework=""spring-boot"",language=""java"",name=""http-nio-9081"",service=""java-user-service"",}",-1.0
1790114158.002,java-user-service,tomcat_threads_busy_threads,"{framework=""spring-boot"",language=""java"",name=""http-nio-9081"",service=""java-user-service"",}",-1.0
1790114158.002,java-user-service,jvm_memory_committed_bytes,"{area=""nonheap"",framework=""spring-boot"",id=""CodeHeap 'non-nmethods'"",language=""java"",service=""java-user-service"",}",2555904.0
1790114158.002,java-user-service,jvm_memory_committed_bytes,"{area=""nonheap"",framework=""spring-boot"",id=""CodeHeap 'non-profiled nmethods'"",language=""java"",service=""java-user-service"",}",14417920.0
1790114158.002,java-user-service,jvm_memory_committed_bytes,"{area=""heap"",framework=""spring-boot"",id=""G1 Survivor Space"",language=""java"",service=""java-user-service"",}",13631488.0
1790114158.002,java-user-service,jvm_memory_committed_bytes,"{area=""heap"",framework=""spring-boot"",id=""G1 Old Gen"",language=""java"",service=""java-user-service"",}",193986560.0
1790114158.002,java-user-service,jvm_memory_committed_bytes,"{area=""nonheap"",framework=""spring-boot"",id=""Metaspace"",language=""java"",service=""java-user-service"",}",105250816.0
1790114158.002,java-user-service,jvm_memory_committed_bytes,"{area=""heap"",framework=""spring-boot"",id=""G1 Eden Space"",language=""java"",service=""java-user-service"",}",124780544.0
1790114158.002,java-user-service,jvm_memory_committed_bytes,"{area=""nonheap"",framework=""spring-boot"",id=""Compressed Class Space"",language=""java"",service=""java-user-service"",}",13893632.0
1790114158.002,java-user-service,jvm_memory_committed_bytes,"{area=""nonheap"",framework=""spring-boot"",id=""CodeHeap 'profiled nmethods'"",language=""java"",service=""java-user-service"",}",27721728.0
1790114158.002,java-user-service,hikaricp_connections_active,"{framework=""spring-boot"",language=""java"",pool=""HikariPool-1"",service=""java-user-service"",}",20.0
1790114158.002,java-product-service,tomcat_threads_busy_threads,"{language=""java"",name=""http-nio-9082"",service=""java-product-service"",}",-1.0
1790114158.002,java-product-service,jvm_gc_pause_seconds_count,"{action=""end of minor GC"",cause=""G1 Evacuation Pause"",gc=""G1 Young Generation"",language=""java"",service=""java-product-service"",}",4.0
1790114158.002,java-product-service,jvm_gc_pause_seconds_sum,"{action=""end of minor GC"",cause=""G1 Evacuation Pause"",gc=""G1 Young Generation"",language=""java"",service=""java-product-service"",}",0.049
1790114158.002,java-product-service,hikaricp_connections_active,"{language=""java"",pool=""HikariPool-1"",service=""java-product-service"",}",0.0
1790114158.002,java-product-service,tomcat_threads_current_threads,"{language=""java"",name=""http-nio-9082"",service=""java-product-service"",}",-1.0
1790114158.002,java-product-service,hikaricp_connections_usage_seconds_count,"{language=""java"",pool=""HikariPool-1"",service=""java-product-service"",}",168.0
1790114158.002,java-product-service,hikaricp_connections_usage_seconds_sum,"{language=""java"",pool=""HikariPool-1"",service=""java-product-service"",}",0.325
1790114158.002,java-product-service,hikaricp_connections_acquire_seconds_count,"{language=""java"",pool=""HikariPool-1"",service=""java-product-service"",}",168.0
1790114158.002,java-product-service,hikaricp_connections_acquire_seconds_sum,"{language=""java"",pool=""HikariPool-1"",service=""java-product-service"",}",0.071231207
1790114158.002,java-product-service,process_cpu_usage,"{language=""java"",service=""java-product-service"",}",0.016666666666666666
1790114158.002,java-product-service,hikaricp_connections_pending,"{language=""java"",pool=""HikariPool-1"",service=""java-product-service"",}",0.0
1790114158.002,java-product-service,system_cpu_usage,"{language=""java"",service=""java-product-service"",}",0.0128175
1790114158.002,java-product-service,tomcat_threads_config_max_threads,"{language=""java"",name=""http-nio-9082"",service=""java-product-service"",}",-1.0
1790114158.002,java-product-service,jvm_memory_used_bytes,"{area=""nonheap"",id=""CodeHeap 'non-nmethods'"",language=""java"",service=""java-product-service"",}",1639552.0
1790114158.002,java-product-service,jvm_memory_used_bytes,"{area=""heap"",id=""G1 Eden Space"",language=""java"",service=""java-product-service"",}",23068672.0
1790114158.002,java-product-service,jvm_memory_used_bytes,"{area=""nonheap"",id=""Metaspace"",language=""java"",service=""java-product-service"",}",97253872.0
1790114158.002,java-product-service,jvm_memory_used_bytes,"{area=""heap"",id=""G1 Old Gen"",language=""java"",service=""java-product-service"",}",37723768.0
1790114158.002,java-product-service,jvm_memory_used_bytes,"{area=""nonheap"",id=""Compressed Class Space"",language=""java"",service=""java-product-service"",}",12905120.0
1790114158.002,java-product-service,jvm_memory_used_bytes,"{area=""heap"",id=""G1 Survivor Space"",language=""java"",service=""java-product-service"",}",4024160.0
1790114158.002,java-product-service,jvm_memory_used_bytes,"{area=""nonheap"",id=""CodeHeap 'profiled nmethods'"",language=""java"",service=""java-product-service"",}",22806528.0
1790114158.002,java-product-service,jvm_memory_used_bytes,"{area=""nonheap"",id=""CodeHeap 'non-profiled nmethods'"",language=""java"",service=""java-product-service"",}",6314624.0
1790114158.002,java-product-service,jvm_memory_committed_bytes,"{area=""nonheap"",id=""CodeHeap 'non-nmethods'"",language=""java"",service=""java-product-service"",}",2555904.0
1790114158.002,java-product-service,jvm_memory_committed_bytes,"{area=""heap"",id=""G1 Eden Space"",language=""java"",service=""java-product-service"",}",68157440.0
1790114158.002,java-product-service,jvm_memory_committed_bytes,"{area=""nonheap"",id=""Metaspace"",language=""java"",service=""java-product-service"",}",98172928.0
1790114158.002,java-product-service,jvm_memory_committed_bytes,"{area=""heap"",id=""G1 Old Gen"",language=""java"",service=""java-product-service"",}",41943040.0
1790114158.002,java-product-service,jvm_memory_committed_bytes,"{area=""nonheap"",id=""Compressed Class Space"",language=""java"",service=""java-product-service"",}",13369344.0
1790114158.002,java-product-service,jvm_memory_committed_bytes,"{area=""heap"",id=""G1 Survivor Space"",language=""java"",service=""java-product-service"",}",4194304.0
1790114158.002,java-product-service,jvm_memory_committed_bytes,"{area=""nonheap"",id=""CodeHeap 'profiled nmethods'"",language=""java"",service=""java-product-service"",}",24117248.0
1790114158.002,java-product-service,jvm_memory_committed_bytes,"{area=""nonheap"",id=""CodeHeap 'non-profiled nmethods'"",language=""java"",service=""java-product-service"",}",6488064.0
1790114158.002,java-order-service,process_cpu_usage,"{language=""java"",service=""java-order-service"",}",0.02
1790114158.002,java-order-service,tomcat_threads_busy_threads,"{language=""java"",name=""http-nio-9083"",service=""java-order-service"",}",-1.0
1790114158.002,java-order-service,jvm_memory_used_bytes,"{area=""nonheap"",id=""CodeHeap 'non-profiled nmethods'"",language=""java"",service=""java-order-service"",}",4175872.0
1790114158.002,java-order-service,jvm_memory_used_bytes,"{area=""heap"",id=""G1 Eden Space"",language=""java"",service=""java-order-service"",}",16777216.0
1790114158.002,java-order-service,jvm_memory_used_bytes,"{area=""nonheap"",id=""CodeHeap 'profiled nmethods'"",language=""java"",service=""java-order-service"",}",15213312.0
1790114158.002,java-order-service,jvm_memory_used_bytes,"{area=""nonheap"",id=""CodeHeap 'non-nmethods'"",language=""java"",service=""java-order-service"",}",1609984.0
1790114158.002,java-order-service,jvm_memory_used_bytes,"{area=""heap"",id=""G1 Survivor Space"",language=""java"",service=""java-order-service"",}",4165552.0
1790114158.002,java-order-service,jvm_memory_used_bytes,"{area=""nonheap"",id=""Compressed Class Space"",language=""java"",service=""java-order-service"",}",10685456.0
1790114158.002,java-order-service,jvm_memory_used_bytes,"{area=""heap"",id=""G1 Old Gen"",language=""java"",service=""java-order-service"",}",31259288.0
1790114158.002,java-order-service,jvm_memory_used_bytes,"{area=""nonheap"",id=""Metaspace"",language=""java"",service=""java-order-service"",}",78745128.0
1790114158.002,java-order-service,hikaricp_connections_acquire_seconds_count,"{language=""java"",pool=""HikariPool-1"",service=""java-order-service"",}",156.0
1790114158.002,java-order-service,hikaricp_connections_acquire_seconds_sum,"{language=""java"",pool=""HikariPool-1"",service=""java-order-service"",}",0.036001752
1790114158.002,java-order-service,hikaricp_connections_usage_seconds_count,"{language=""java"",pool=""HikariPool-1"",service=""java-order-service"",}",156.0
1790114158.002,java-order-service,hikaricp_connections_usage_seconds_sum,"{language=""java"",pool=""HikariPool-1"",service=""java-order-service"",}",0.004
1790114158.002,java-order-service,tomcat_threads_config_max_threads,"{language=""java"",name=""http-nio-9083"",service=""java-order-service"",}",-1.0
1790114158.002,java-order-service,system_cpu_usage,"{language=""java"",service=""java-order-service"",}",0.020305333333333335
1790114158.002,java-order-service,hikaricp_connections_pending,"{language=""java"",pool=""HikariPool-1"",service=""java-order-service"",}",0.0
1790114158.002,java-order-service,jvm_gc_pause_seconds_count,"{action=""end of minor GC"",cause=""G1 Evacuation Pause"",gc=""G1 Young Generation"",language=""java"",service=""java-order-service"",}",1.0
1790114158.002,java-order-service,jvm_gc_pause_seconds_sum,"{action=""end of minor GC"",cause=""G1 Evacuation Pause"",gc=""G1 Young Generation"",language=""java"",service=""java-order-service"",}",0.025
1790114158.002,java-order-service,hikaricp_connections_active,"{language=""java"",pool=""HikariPool-1"",service=""java-order-service"",}",0.0
1790114158.002,java-order-service,tomcat_threads_current_threads,"{language=""java"",name=""http-nio-9083"",service=""java-order-service"",}",-1.0
1790114158.002,java-order-service,jvm_memory_committed_bytes,"{area=""nonheap"",id=""CodeHeap 'non-profiled nmethods'"",language=""java"",service=""java-order-service"",}",4194304.0
1790114158.002,java-order-service,jvm_memory_committed_bytes,"{area=""heap"",id=""G1 Eden Space"",language=""java"",service=""java-order-service"",}",45088768.0
1790114158.002,java-order-service,jvm_memory_committed_bytes,"{area=""nonheap"",id=""CodeHeap 'profiled nmethods'"",language=""java"",service=""java-order-service"",}",15269888.0
1790114158.002,java-order-service,jvm_memory_committed_bytes,"{area=""nonheap"",id=""CodeHeap 'non-nmethods'"",language=""java"",service=""java-order-service"",}",2555904.0
1790114158.002,java-order-service,jvm_memory_committed_bytes,"{area=""heap"",id=""G1 Survivor Space"",language=""java"",service=""java-order-service"",}",4194304.0
1790114158.002,java-order-service,jvm_memory_committed_bytes,"{area=""nonheap"",id=""Compressed Class Space"",language=""java"",service=""java-order-service"",}",11075584.0
1790114158.002,java-order-service,jvm_memory_committed_bytes,"{area=""heap"",id=""G1 Old Gen"",language=""java"",service=""java-order-service"",}",34603008.0
1790114158.002,java-order-service,jvm_memory_committed_bytes,"{area=""nonheap"",id=""Metaspace"",language=""java"",service=""java-order-service"",}",79626240.0
1790114163.276,java-user-service,hikaricp_connections_pending,"{framework=""spring-boot"",language=""java"",pool=""HikariPool-1"",service=""java-user-service"",}",737.0
1790114163.276,java-user-service,hikaricp_connections_acquire_seconds_count,"{framework=""spring-boot"",language=""java"",pool=""HikariPool-1"",service=""java-user-service"",}",6927.0
1790114163.276,java-user-service,hikaricp_connections_acquire_seconds_sum,"{framework=""spring-boot"",language=""java"",pool=""HikariPool-1"",service=""java-user-service"",}",29432.193843603
1790114163.276,java-user-service,jvm_gc_pause_seconds_count,"{action=""end of minor GC"",cause=""G1 Evacuation Pause"",framework=""spring-boot"",gc=""G1 Young Generation"",language=""java"",service=""java-user-service"",}",156.0
1790114163.276,java-user-service,jvm_gc_pause_seconds_sum,"{action=""end of minor GC"",cause=""G1 Evacuation Pause"",framework=""spring-boot"",gc=""G1 Young Generation"",language=""java"",service=""java-user-service"",}",1.026
1790114163.276,java-user-service,process_cpu_usage,"{framework=""spring-boot"",language=""java"",service=""java-user-service"",}",0.9953216374269006
1790114163.276,java-user-service,hikaricp_connections_usage_seconds_count,"{framework=""spring-boot"",language=""java"",pool=""HikariPool-1"",service=""java-user-service"",}",6908.0
1790114163.276,java-user-service,hikaricp_connections_usage_seconds_sum,"{framework=""spring-boot"",language=""java"",pool=""HikariPool-1"",service=""java-user-service"",}",2887.442
1790114163.276,java-user-service,jvm_memory_used_bytes,"{area=""nonheap"",framework=""spring-boot"",id=""CodeHeap 'non-nmethods'"",language=""java"",service=""java-user-service"",}",1643776.0
1790114163.276,java-user-service,jvm_memory_used_bytes,"{area=""nonheap"",framework=""spring-boot"",id=""CodeHeap 'non-profiled nmethods'"",language=""java"",service=""java-user-service"",}",14556928.0
1790114163.276,java-user-service,jvm_memory_used_bytes,"{area=""heap"",framework=""spring-boot"",id=""G1 Survivor Space"",language=""java"",service=""java-user-service"",}",12582912.0
1790114163.276,java-user-service,jvm_memory_used_bytes,"{area=""heap"",framework=""spring-boot"",id=""G1 Old Gen"",language=""java"",service=""java-user-service"",}",167162216.0
1790114163.276,java-user-service,jvm_memory_used_bytes,"{area=""nonheap"",framework=""spring-boot"",id=""Metaspace"",language=""java"",service=""java-user-service"",}",104251592.0
1790114163.276,java-user-service,jvm_memory_used_bytes,"{area=""heap"",framework=""spring-boot"",id=""G1 Eden Space"",language=""java"",service=""java-user-service"",}",99614720.0
1790114163.276,java-user-service,jvm_memory_used_bytes,"{area=""nonheap"",framework=""spring-boot"",id=""Compressed Class Space"",language=""java"",service=""java-user-service"",}",13416360.0
1790114163.276,java-user-service,jvm_memory_used_bytes,"{area=""nonheap"",framework=""spring-boot"",id=""CodeHeap 'profiled nmethods'"",language=""java"",service=""java-user-service"",}",23006208.0
1790114163.276,java-user-service,tomcat_threads_config_max_threads,"{framework=""spring-boot"",language=""java"",name=""http-nio-9081"",service=""java-user-service"",}",-1.0
1790114163.276,java-user-service,system_cpu_usage,"{framework=""spring-boot"",language=""java"",service=""java-user-service"",}",0.9960457309941521
1790114163.276,java-user-service,tomcat_threads_current_threads,"{framework=""spring-boot"",language=""java"",name=""http-nio-9081"",service=""java-user-service"",}",-1.0
1790114163.276,java-user-service,tomcat_threads_busy_threads,"{framework=""spring-boot"",language=""java"",name=""http-nio-9081"",service=""java-user-service"",}",-1.0
1790114163.276,java-user-service,jvm_memory_committed_bytes,"{area=""nonheap"",framework=""spring-boot"",id=""CodeHeap 'non-nmethods'"",language=""java"",service=""java-user-service"",}",2555904.0
1790114163.276,java-user-service,jvm_memory_committed_bytes,"{area=""nonheap"",framework=""spring-boot"",id=""CodeHeap 'non-profiled nmethods'"",language=""java"",service=""java-user-service"",}",14614528.0
1790114163.276,java-user-service,jvm_memory_committed_bytes,"{area=""heap"",framework=""spring-boot"",id=""G1 Survivor Space"",language=""java"",service=""java-user-service"",}",12582912.0
1790114163.276,java-user-service,jvm_memory_committed_bytes,"{area=""heap"",framework=""spring-boot"",id=""G1 Old Gen"",language=""java"",service=""java-user-service"",}",190840832.0
1790114163.276,java-user-service,jvm_memory_committed_bytes,"{area=""nonheap"",framework=""spring-boot"",id=""Metaspace"",language=""java"",service=""java-user-service"",}",105250816.0
1790114163.276,java-user-service,jvm_memory_committed_bytes,"{area=""heap"",framework=""spring-boot"",id=""G1 Eden Space"",language=""java"",service=""java-user-service"",}",128974848.0
1790114163.276,java-user-service,jvm_memory_committed_bytes,"{area=""nonheap"",framework=""spring-boot"",id=""Compressed Class Space"",language=""java"",service=""java-user-service"",}",13893632.0
1790114163.276,java-user-service,jvm_memory_committed_bytes,"{area=""nonheap"",framework=""spring-boot"",id=""CodeHeap 'profiled nmethods'"",language=""java"",service=""java-user-service"",}",27721728.0
1790114163.276,java-user-service,hikaricp_connections_active,"{framework=""spring-boot"",language=""java"",pool=""HikariPool-1"",service=""java-user-service"",}",20.0
1790114163.276,java-product-service,tomcat_threads_busy_threads,"{language=""java"",name=""http-nio-9082"",service=""java-product-service"",}",-1.0
1790114163.276,java-product-service,jvm_gc_pause_seconds_count,"{action=""end of minor GC"",cause=""G1 Evacuation Pause"",gc=""G1 Young Generation"",language=""java"",service=""java-product-service"",}",4.0
1790114163.276,java-product-service,jvm_gc_pause_seconds_sum,"{action=""end of minor GC"",cause=""G1 Evacuation Pause"",gc=""G1 Young Generation"",language=""java"",service=""java-product-service"",}",0.049
1790114163.276,java-product-service,hikaricp_connections_active,"{language=""java"",pool=""HikariPool-1"",service=""java-product-service"",}",0.0
1790114163.276,java-product-service,tomcat_threads_current_threads,"{language=""java"",name=""http-nio-9082"",service=""java-product-service"",}",-1.0
1790114163.276,java-product-service,hikaricp_connections_usage_seconds_count,"{language=""java"",pool=""HikariPool-1"",service=""java-product-service"",}",170.0
1790114163.276,java-product-service,hikaricp_connections_usage_seconds_sum,"{language=""java"",pool=""HikariPool-1"",service=""java-product-service"",}",0.325
1790114163.276,java-product-service,hikaricp_connections_acquire_seconds_count,"{language=""java"",pool=""HikariPool-1"",service=""java-product-service"",}",170.0
1790114163.276,java-product-service,hikaricp_connections_acquire_seconds_sum,"{language=""java"",pool=""HikariPool-1"",service=""java-product-service"",}",0.071557666
1790114163.276,java-product-service,process_cpu_usage,"{language=""java"",service=""java-product-service"",}",0.006666666666666667
1790114163.276,java-product-service,hikaricp_connections_pending,"{language=""java"",pool=""HikariPool-1"",service=""java-product-service"",}",0.0
1790114163.276,java-product-service,system_cpu_usage,"{language=""java"",service=""java-product-service"",}",0.009860333333333334
1790114163.276,java-product-service,tomcat_threads_config_max_threads,"{language=""java"",name=""http-nio-9082"",service=""java-product-service"",}",-1.0
1790114163.276,java-product-service,jvm_memory_used_bytes,"{area=""nonheap"",id=""CodeHeap 'non-nmethods'"",language=""java"",service=""java-product-service"",}",1639552.0
1790114163.276,java-product-service,jvm_memory_used_bytes,"{area=""heap"",id=""G1 Eden Space"",language=""java"",service=""java-product-service"",}",24117248.0
1790114163.276,java-product-service,jvm_memory_used_bytes,"{area=""nonheap"",id=""Metaspace"",language=""java"",service=""java-product-service"",}",97266824.0
1790114163.276,java-product-service,jvm_memory_used_bytes,"{area=""heap"",id=""G1 Old Gen"",language=""java"",service=""java-product-service"",}",37723768.0
1790114163.276,java-product-service,jvm_memory_used_bytes,"{area=""nonheap"",id=""Compressed Class Space"",language=""java"",service=""java-product-service"",}",12905120.0
1790114163.276,java-product-service,jvm_memory_used_bytes,"{area=""heap"",id=""G1 Survivor Space"",language=""java"",service=""java-product-service"",}",4024160.0
1790114163.276,java-product-service,jvm_memory_used_bytes,"{area=""nonheap"",id=""CodeHeap 'profiled nmethods'"",language=""java"",service=""java-product-service"",}",22832896.0
1790114163.276,java-product-service,jvm_memory_used_bytes,"{area=""nonheap"",id=""CodeHeap 'non-profiled nmethods'"",language=""java"",service=""java-product-service"",}",6315392.0
1790114163.276,java-product-service,jvm_memory_committed_bytes,"{area=""nonheap"",id=""CodeHeap 'non-nmethods'"",language=""java"",service=""java-product-service"",}",2555904.0
1790114163.276,java-product-service,jvm_memory_committed_bytes,"{area=""heap"",id=""G1 Eden Space"",language=""java"",service=""java-product-service"",}",68157440.0
1790114163.276,java-product-service,jvm_memory_committed_bytes,"{area=""nonheap"",id=""Metaspace"",language=""java"",service=""java-product-service"",}",98238464.0
1790114163.276,java-product-service,jvm_memory_committed_bytes,"{area=""heap"",id=""G1 Old Gen"",language=""java"",service=""java-product-service"",}",41943040.0
1790114163.276,java-product-service,jvm_memory_committed_bytes,"{area=""nonheap"",id=""Compressed Class Space"",language=""java"",service=""java-product-service"",}",13369344.0
1790114163.276,java-product-service,jvm_memory_committed_bytes,"{area=""heap"",id=""G1 Survivor Space"",language=""java"",service=""java-product-service"",}",4194304.0
1790114163.276,java-product-service,jvm_memory_committed_bytes,"{area=""nonheap"",id=""CodeHeap 'profiled nmethods'"",language=""java"",service=""java-product-service"",}",24117248.0
1790114163.276,java-product-service,jvm_memory_committed_bytes,"{area=""nonheap"",id=""CodeHeap 'non-profiled nmethods'"",language=""java"",service=""java-product-service"",}",6488064.0
1790114163.276,java-order-service,process_cpu_usage,"{language=""java"",service=""java-order-service"",}",0.004166666666666667
1790114163.276,java-order-service,tomcat_threads_busy_threads,"{language=""java"",name=""http-nio-9083"",service=""java-order-service"",}",-1.0
1790114163.276,java-order-service,jvm_memory_used_bytes,"{area=""nonheap"",id=""CodeHeap 'non-profiled nmethods'"",language=""java"",service=""java-order-service"",}",4178944.0
1790114163.276,java-order-service,jvm_memory_used_bytes,"{area=""heap"",id=""G1 Eden Space"",language=""java"",service=""java-order-service"",}",17825792.0
1790114163.276,java-order-service,jvm_memory_used_bytes,"{area=""nonheap"",id=""CodeHeap 'profiled nmethods'"",language=""java"",service=""java-order-service"",}",15248512.0
1790114163.276,java-order-service,jvm_memory_used_bytes,"{area=""nonheap"",id=""CodeHeap 'non-nmethods'"",language=""java"",service=""java-order-service"",}",1609984.0
1790114163.276,java-order-service,jvm_memory_used_bytes,"{area=""heap"",id=""G1 Survivor Space"",language=""java"",service=""java-order-service"",}",4165552.0
1790114163.276,java-order-service,jvm_memory_used_bytes,"{area=""nonheap"",id=""Compressed Class Space"",language=""java"",service=""java-order-service"",}",10685456.0
1790114163.276,java-order-service,jvm_memory_used_bytes,"{area=""heap"",id=""G1 Old Gen"",language=""java"",service=""java-order-service"",}",31259288.0
1790114163.276,java-order-service,jvm_memory_used_bytes,"{area=""nonheap"",id=""Metaspace"",language=""java"",service=""java-order-service"",}",78754744.0
1790114163.276,java-order-service,hikaricp_connections_acquire_seconds_count,"{language=""java"",pool=""HikariPool-1"",service=""java-order-service"",}",156.0
1790114163.276,java-order-service,hikaricp_connections_acquire_seconds_sum,"{language=""java"",pool=""HikariPool-1"",service=""java-order-service"",}",0.036001752
1790114163.276,java-order-service,hikaricp_connections_usage_seconds_count,"{language=""java"",pool=""HikariPool-1"",service=""java-order-service"",}",156.0
1790114163.276,java-order-service,hikaricp_connections_usage_seconds_sum,"{language=""java"",pool=""HikariPool-1"",service=""java-order-service"",}",0.004
1790114163.276,java-order-service,tomcat_threads_config_max_threads,"{language=""java"",name=""http-nio-9083"",service=""java-order-service"",}",-1.0
1790114163.276,java-order-service,system_cpu_usage,"{language=""java"",service=""java-order-service"",}",0.005348333333333333
1790114163.276,java-order-service,hikaricp_connections_pending,"{language=""java"",pool=""HikariPool-1"",service=""java-order-service"",}",0.0
1790114163.276,java-order-service,jvm_gc_pause_seconds_count,"{action=""end of minor GC"",cause=""G1 Evacuation Pause"",gc=""G1 Young Generation"",language=""java"",service=""java-order-service"",}",1.0
1790114163.276,java-order-service,jvm_gc_pause_seconds_sum,"{action=""end of minor GC"",cause=""G1 Evacuation Pause"",gc=""G1 Young Generation"",language=""java"",service=""java-order-service"",}",0.025
1790114163.276,java-order-service,hikaricp_connections_active,"{language=""java"",pool=""HikariPool-1"",service=""java-order-service"",}",0.0
1790114163.276,java-order-service,tomcat_threads_current_threads,"{language=""java"",name=""http-nio-9083"",service=""java-order-service"",}",-1.0
1790114163.276,java-order-service,jvm_memory_committed_bytes,"{area=""nonheap"",id=""CodeHeap 'non-profiled nmethods'"",language=""java"",service=""java-order-service"",}",4194304.0
1790114163.276,java-order-service,jvm_memory_committed_bytes,"{area=""heap"",id=""G1 Eden Space"",language=""java"",service=""java-order-service"",}",45088768.0
1790114163.276,java-order-service,jvm_memory_committed_bytes,"{area=""nonheap"",id=""CodeHeap 'profiled nmethods'"",language=""java"",service=""java-order-service"",}",15269888.0
1790114163.276,java-order-service,jvm_memory_committed_bytes,"{area=""nonheap"",id=""CodeHeap 'non-nmethods'"",language=""java"",service=""java-order-service"",}",2555904.0
1790114163.276,java-order-service,jvm_memory_committed_bytes,"{area=""heap"",id=""G1 Survivor Space"",language=""java"",service=""java-order-service"",}",4194304.0
1790114163.276,java-order-service,jvm_memory_committed_bytes,"{area=""nonheap"",id=""Compressed Class Space"",language=""java"",service=""java-order-service"",}",11075584.0
1790114163.276,java-order-service,jvm_memory_committed_bytes,"{area=""heap"",id=""G1 Old Gen"",language=""java"",service=""java-order-service"",}",34603008.0
1790114163.276,java-order-service,jvm_memory_committed_bytes,"{area=""nonheap"",id=""Metaspace"",language=""java"",service=""java-order-service"",}",79626240.0
1790114168.958,java-user-service,hikaricp_connections_pending,"{framework=""spring-boot"",language=""java"",pool=""HikariPool-1"",service=""java-user-service"",}",765.0
1790114168.958,java-user-service,hikaricp_connections_acquire_seconds_count,"{framework=""spring-boot"",language=""java"",pool=""HikariPool-1"",service=""java-user-service"",}",7061.0
1790114168.958,java-user-service,hikaricp_connections_acquire_seconds_sum,"{framework=""spring-boot"",language=""java"",pool=""HikariPool-1"",service=""java-user-service"",}",32151.734361656
1790114168.958,java-user-service,jvm_gc_pause_seconds_count,"{action=""end of minor GC"",cause=""G1 Evacuation Pause"",framework=""spring-boot"",gc=""G1 Young Generation"",language=""java"",service=""java-user-service"",}",159.0
1790114168.958,java-user-service,jvm_gc_pause_seconds_sum,"{action=""end of minor GC"",cause=""G1 Evacuation Pause"",framework=""spring-boot"",gc=""G1 Young Generation"",language=""java"",service=""java-user-service"",}",1.045
1790114168.958,java-user-service,process_cpu_usage,"{framework=""spring-boot"",language=""java"",service=""java-user-service"",}",1.0
1790114168.958,java-user-service,hikaricp_connections_usage_seconds_count,"{framework=""spring-boot"",language=""java"",pool=""HikariPool-1"",service=""java-user-service"",}",7042.0
1790114168.958,java-user-service,hikaricp_connections_usage_seconds_sum,"{framework=""spring-boot"",language=""java"",pool=""HikariPool-1"",service=""java-user-service"",}",2998.102
1790114168.958,java-user-service,jvm_memory_used_bytes,"{area=""nonheap"",framework=""spring-boot"",id=""CodeHeap 'non-nmethods'"",language=""java"",service=""java-user-service"",}",1643776.0
1790114168.958,java-user-service,jvm_memory_used_bytes,"{area=""nonheap"",framework=""spring-boot"",id=""CodeHeap 'non-profiled nmethods'"",language=""java"",service=""java-user-service"",}",14743424.0
1790114168.958,java-user-service,jvm_memory_used_bytes,"{area=""heap"",framework=""spring-boot"",id=""G1 Survivor Space"",language=""java"",service=""java-user-service"",}",11010048.0
1790114168.958,java-user-service,jvm_memory_used_bytes,"{area=""heap"",framework=""spring-boot"",id=""G1 Old Gen"",language=""java"",service=""java-user-service"",}",171941496.0
1790114168.958,java-user-service,jvm_memory_used_bytes,"{area=""nonheap"",framework=""spring-boot"",id=""Metaspace"",language=""java"",service=""java-user-service"",}",104256376.0
1790114168.958,java-user-service,jvm_memory_used_bytes,"{area=""heap"",framework=""spring-boot"",id=""G1 Eden Space"",language=""java"",service=""java-user-service"",}",33554432.0
1790114168.958,java-user-service,jvm_memory_used_bytes,"{area=""nonheap"",framework=""spring-boot"",id=""Compressed Class Space"",language=""java"",service=""java-user-service"",}",13416360.0
1790114168.958,java-user-service,jvm_memory_used_bytes,"{area=""nonheap"",framework=""spring-boot"",id=""CodeHeap 'profiled nmethods'"",language=""java"",service=""java-user-service"",}",22921856.0
1790114168.958,java-user-service,tomcat_threads_config_max_threads,"{framework=""spring-boot"",language=""java"",name=""http-nio-9081"",service=""java-user-service"",}",-1.0
1790114168.958,java-user-service,system_cpu_usage,"{framework=""spring-boot"",language=""java"",service=""java-user-service"",}",1.0
1790114168.958,java-user-service,tomcat_threads_current_threads,"{framework=""spring-boot"",language=""java"",name=""http-nio-9081"",service=""java-user-service"",}",-1.0
1790114168.958,java-user-service,tomcat_threads_busy_threads,"{framework=""spring-boot"",language=""java"",name=""http-nio-9081"",service=""java-user-service"",}",-1.0
1790114168.958,java-user-service,jvm_memory_committed_bytes,"{area=""nonheap"",framework=""spring-boot"",id=""CodeHeap 'non-nmethods'"",language=""java"",service=""java-user-service"",}",2555904.0
1790114168.958,java-user-service,jvm_memory_committed_bytes,"{area=""nonheap"",framework=""spring-boot"",id=""CodeHeap 'non-profiled nmethods'"",language=""java"",service=""java-user-service"",}",14745600.0
1790114168.958,java-user-service,jvm_memory_committed_bytes,"{area=""heap"",framework=""spring-boot"",id=""G1 Survivor Space"",language=""java"",service=""java-user-service"",}",11534336.0
1790114168.958,java-user-service,jvm_memory_committed_bytes,"{area=""heap"",framework=""spring-boot"",id=""G1 Old Gen"",language=""java"",service=""java-user-service"",}",190840832.0
1790114168.958,java-user-service,jvm_memory_committed_bytes,"{area=""nonheap"",framework=""spring-boot"",id=""Metaspace"",language=""java"",service=""java-user-service"",}",105250816.0
1790114168.958,java-user-service,jvm_memory_committed_bytes,"{area=""heap"",framework=""spring-boot"",id=""G1 Eden Space"",language=""java"",service=""java-user-service"",}",130023424.0
1790114168.958,java-user-service,jvm_memory_committed_bytes,"{area=""nonheap"",framework=""spring-boot"",id=""Compressed Class Space"",language=""java"",service=""java-user-service"",}",13893632.0
1790114168.958,java-user-service,jvm_memory_committed_bytes,"{area=""nonheap"",framework=""spring-boot"",id=""CodeHeap 'profiled nmethods'"",language=""java"",service=""java-user-service"",}",27721728.0
1790114168.958,java-user-service,hikaricp_connections_active,"{framework=""spring-boot"",language=""java"",pool=""HikariPool-1"",service=""java-user-service"",}",19.0
1790114168.958,java-product-service,tomcat_threads_busy_threads,"{language=""java"",name=""http-nio-9082"",service=""java-product-service"",}",-1.0
1790114168.958,java-product-service,jvm_gc_pause_seconds_count,"{action=""end of minor GC"",cause=""G1 Evacuation Pause"",gc=""G1 Young Generation"",language=""java"",service=""java-product-service"",}",4.0
1790114168.958,java-product-service,jvm_gc_pause_seconds_sum,"{action=""end of minor GC"",cause=""G1 Evacuation Pause"",gc=""G1 Young Generation"",language=""java"",service=""java-product-service"",}",0.049
1790114168.958,java-product-service,hikaricp_connections_active,"{language=""java"",pool=""HikariPool-1"",service=""java-product-service"",}",0.0
1790114168.958,java-product-service,tomcat_threads_current_threads,"{language=""java"",name=""http-nio-9082"",service=""java-product-service"",}",-1.0
1790114168.958,java-product-service,hikaricp_connections_usage_seconds_count,"{language=""java"",pool=""HikariPool-1"",service=""java-product-service"",}",172.0
1790114168.958,java-product-service,hikaricp_connections_usage_seconds_sum,"{language=""java"",pool=""HikariPool-1"",service=""java-product-service"",}",0.325
1790114168.958,java-product-service,hikaricp_connections_acquire_seconds_count,"{language=""java"",pool=""HikariPool-1"",service=""java-product-service"",}",172.0
1790114168.958,java-product-service,hikaricp_connections_acquire_seconds_sum,"{language=""java"",pool=""HikariPool-1"",service=""java-product-service"",}",0.071885333
1790114168.958,java-product-service,process_cpu_usage,"{language=""java"",service=""java-product-service"",}",0.007407407407407408
1790114168.958,java-product-service,hikaricp_connections_pending,"{language=""java"",pool=""HikariPool-1"",service=""java-product-service"",}",0.0
1790114168.958,java-product-service,system_cpu_usage,"{language=""java"",service=""java-product-service"",}",0.007526666666666667
1790114168.958,java-product-service,tomcat_threads_config_max_threads,"{language=""java"",name=""http-nio-9082"",service=""java-product-service"",}",-1.0
1790114168.958,java-product-service,jvm_memory_used_bytes,"{area=""nonheap"",id=""CodeHeap 'non-nmethods'"",language=""java"",service=""java-product-service"",}",1639552.0
1790114168.958,java-product-service,jvm_memory_used_bytes,"{area=""heap"",id=""G1 Eden Space"",language=""java"",service=""java-product-service"",}",25165824.0
1790114168.958,java-product-service,jvm_memory_used_bytes,"{area=""nonheap"",id=""Metaspace"",language=""java"",service=""java-product-service"",}",97274704.0
1790114168.958,java-product-service,jvm_memory_used_bytes,"{area=""heap"",id=""G1 Old Gen"",language=""java"",service=""java-product-service"",}",37723768.0
1790114168.958,java-product-service,jvm_memory_used_bytes,"{area=""nonheap"",id=""Compressed Class Space"",language=""java"",service=""java-product-service"",}",12905120.0
1790114168.958,java-product-service,jvm_memory_used_bytes,"{area=""heap"",id=""G1 Survivor Space"",language=""java"",service=""java-product-service"",}",4024160.0
1790114168.958,java-product-service,jvm_memory_used_bytes,"{area=""nonheap"",id=""CodeHeap 'profiled nmethods'"",language=""java"",service=""java-product-service"",}",22878080.0
1790114168.958,java-product-service,jvm_memory_used_bytes,"{area=""nonheap"",id=""CodeHeap 'non-profiled nmethods'"",language=""java"",service=""java-product-service"",}",6320512.0
1790114168.958,java-product-service,jvm_memory_committed_bytes,"{area=""nonheap"",id=""CodeHeap 'non-nmethods'"",language=""java"",service=""java-product-service"",}",2555904.0
1790114168.958,java-product-service,jvm_memory_committed_bytes,"{area=""heap"",id=""G1 Eden Space"",language=""java"",service=""java-product-service"",}",68157440.0
1790114168.958,java-product-service,jvm_memory_committed_bytes,"{area=""nonheap"",id=""Metaspace"",language=""java"",service=""java-product-service"",}",98238464.0
1790114168.958,java-product-service,jvm_memory_committed_bytes,"{area=""heap"",id=""G1 Old Gen"",language=""java"",service=""java-product-service"",}",41943040.0
1790114168.958,java-product-service,jvm_memory_committed_bytes,"{area=""nonheap"",id=""Compressed Class Space"",language=""java"",service=""java-product-service"",}",13369344.0
1790114168.958,java-product-service,jvm_memory_committed_bytes,"{area=""heap"",id=""G1 Survivor Space"",language=""java"",service=""java-product-service"",}",4194304.0
1790114168.958,java-product-service,jvm_memory_committed_bytes,"{area=""nonheap"",id=""CodeHeap 'profiled nmethods'"",language=""java"",service=""java-product-service"",}",24117248.0
1790114168.958,java-product-service,jvm_memory_committed_bytes,"{area=""nonheap"",id=""CodeHeap 'non-profiled nmethods'"",language=""java"",service=""java-product-service"",}",6488064.0
1790114168.958,java-order-service,process_cpu_usage,"{language=""java"",service=""java-order-service"",}",0.009523809523809525
1790114168.958,java-order-service,tomcat_threads_busy_threads,"{language=""java"",name=""http-nio-9083"",service=""java-order-service"",}",-1.0
1790114168.958,java-order-service,jvm_memory_used_bytes,"{area=""nonheap"",id=""CodeHeap 'non-profiled nmethods'"",language=""java"",service=""java-order-service"",}",4203520.0
1790114168.958,java-order-service,jvm_memory_used_bytes,"{area=""heap"",id=""G1 Eden Space"",language=""java"",service=""java-order-service"",}",18874368.0
1790114168.958,java-order-service,jvm_memory_used_bytes,"{area=""nonheap"",id=""CodeHeap 'profiled nmethods'"",language=""java"",service=""java-order-service"",}",15299200.0
1790114168.958,java-order-service,jvm_memory_used_bytes,"{area=""nonheap"",id=""CodeHeap 'non-nmethods'"",language=""java"",service=""java-order-service"",}",1609984.0
1790114168.958,java-order-service,jvm_memory_used_bytes,"{area=""heap"",id=""G1 Survivor Space"",language=""java"",service=""java-order-service"",}",4165552.0
1790114168.958,java-order-service,jvm_memory_used_bytes,"{area=""nonheap"",id=""Compressed Class Space"",language=""java"",service=""java-order-service"",}",10685976.0
1790114168.958,java-order-service,jvm_memory_used_bytes,"{area=""heap"",id=""G1 Old Gen"",language=""java"",service=""java-order-service"",}",31259288.0
1790114168.958,java-order-service,jvm_memory_used_bytes,"{area=""nonheap"",id=""Metaspace"",language=""java"",service=""java-order-service"",}",78771328.0
1790114168.958,java-order-service,hikaricp_connections_acquire_seconds_count,"{language=""java"",pool=""HikariPool-1"",service=""java-order-service"",}",160.0
1790114168.958,java-order-service,hikaricp_connections_acquire_seconds_sum,"{language=""java"",pool=""HikariPool-1"",service=""java-order-service"",}",0.036497336
1790114168.958,java-order-service,hikaricp_connections_usage_seconds_count,"{language=""java"",pool=""HikariPool-1"",service=""java-order-service"",}",160.0
1790114168.958,java-order-service,hikaricp_connections_usage_seconds_sum,"{language=""java"",pool=""HikariPool-1"",service=""java-order-service"",}",0.004
1790114168.958,java-order-service,tomcat_threads_config_max_threads,"{language=""java"",name=""http-nio-9083"",service=""java-order-service"",}",-1.0
1790114168.958,java-order-service,system_cpu_usage,"{language=""java"",service=""java-order-service"",}",0.015627619047619046
1790114168.958,java-order-service,hikaricp_connections_pending,"{language=""java"",pool=""HikariPool-1"",service=""java-order-service"",}",0.0
1790114168.958,java-order-service,jvm_gc_pause_seconds_count,"{action=""end of minor GC"",cause=""G1 Evacuation Pause"",gc=""G1 Young Generation"",language=""java"",service=""java-order-service"",}",1.0
1790114168.958,java-order-service,jvm_gc_pause_seconds_sum,"{action=""end of minor GC"",cause=""G1 Evacuation Pause"",gc=""G1 Young Generation"",language=""java"",service=""java-order-service"",}",0.025
1790114168.958,java-order-service,hikaricp_connections_active,"{language=""java"",pool=""HikariPool-1"",service=""java-order-service"",}",0.0
1790114168.958,java-order-service,tomcat_threads_current_threads,"{language=""java"",name=""http-nio-9083"",service=""java-order-service"",}",-1.0
1790114168.958,java-order-service,jvm_memory_committed_bytes,"{area=""nonheap"",id=""CodeHeap 'non-profiled nmethods'"",language=""java"",service=""java-order-service"",}",4259840.0
1790114168.958,java-order-service,jvm_memory_committed_bytes,"{area=""heap"",id=""G1 Eden Space"",language=""java"",service=""java-order-service"",}",45088768.0
1790114168.958,java-order-service,jvm_memory_committed_bytes,"{area=""nonheap"",id=""CodeHeap 'profiled nmethods'"",language=""java"",service=""java-order-service"",}",15335424.0
1790114168.958,java-order-service,jvm_memory_committed_bytes,"{area=""nonheap"",id=""CodeHeap 'non-nmethods'"",language=""java"",service=""java-order-service"",}",2555904.0
1790114168.958,java-order-service,jvm_memory_committed_bytes,"{area=""heap"",id=""G1 Survivor Space"",language=""java"",service=""java-order-service"",}",4194304.0
1790114168.958,java-order-service,jvm_memory_committed_bytes,"{area=""nonheap"",id=""Compressed Class Space"",language=""java"",service=""java-order-service"",}",11141120.0
1790114168.958,java-order-service,jvm_memory_committed_bytes,"{area=""heap"",id=""G1 Old Gen"",language=""java"",service=""java-order-service"",}",34603008.0
1790114168.958,java-order-service,jvm_memory_committed_bytes,"{area=""nonheap"",id=""Metaspace"",language=""java"",service=""java-order-service"",}",79691776.0
1790114174.544,java-user-service,hikaricp_connections_pending,"{framework=""spring-boot"",language=""java"",pool=""HikariPool-1"",service=""java-user-service"",}",744.0
1790114174.544,java-user-service,hikaricp_connections_acquire_seconds_count,"{framework=""spring-boot"",language=""java"",pool=""HikariPool-1"",service=""java-user-service"",}",7762.0
1790114174.544,java-user-service,hikaricp_connections_acquire_seconds_sum,"{framework=""spring-boot"",language=""java"",pool=""HikariPool-1"",service=""java-user-service"",}",44284.552858816
1790114174.544,java-user-service,jvm_gc_pause_seconds_count,"{action=""end of minor GC"",cause=""G1 Evacuation Pause"",framework=""spring-boot"",gc=""G1 Young Generation"",language=""java"",service=""java-user-service"",}",164.0
1790114174.544,java-user-service,jvm_gc_pause_seconds_sum,"{action=""end of minor GC"",cause=""G1 Evacuation Pause"",framework=""spring-boot"",gc=""G1 Young Generation"",language=""java"",service=""java-user-service"",}",1.135
1790114174.544,java-user-service,process_cpu_usage,"{framework=""spring-boot"",language=""java"",service=""java-user-service"",}",0.9888888888888889
1790114174.544,java-user-service,hikaricp_connections_usage_seconds_count,"{framework=""spring-boot"",language=""java"",pool=""HikariPool-1"",service=""java-user-service"",}",7742.0
1790114174.544,java-user-service,hikaricp_connections_usage_seconds_sum,"{framework=""spring-boot"",language=""java"",pool=""HikariPool-1"",service=""java-user-service"",}",3107.149
1790114174.544,java-user-service,jvm_memory_used_bytes,"{area=""nonheap"",framework=""spring-boot"",id=""CodeHeap 'non-nmethods'"",language=""java"",service=""java-user-service"",}",1643776.0
1790114174.544,java-user-service,jvm_memory_used_bytes,"{area=""nonheap"",framework=""spring-boot"",id=""CodeHeap 'non-profiled nmethods'"",language=""java"",service=""java-user-service"",}",14977408.0
1790114174.544,java-user-service,jvm_memory_used_bytes,"{area=""heap"",framework=""spring-boot"",id=""G1 Survivor Space"",language=""java"",service=""java-user-service"",}",11534336.0
1790114174.544,java-user-service,jvm_memory_used_bytes,"{area=""heap"",framework=""spring-boot"",id=""G1 Old Gen"",language=""java"",service=""java-user-service"",}",229613176.0
1790114174.544,java-user-service,jvm_memory_used_bytes,"{area=""nonheap"",framework=""spring-boot"",id=""Metaspace"",language=""java"",service=""java-user-service"",}",104292208.0
1790114174.544,java-user-service,jvm_memory_used_bytes,"{area=""heap"",framework=""spring-boot"",id=""G1 Eden Space"",language=""java"",service=""java-user-service"",}",11534336.0
1790114174.544,java-user-service,jvm_memory_used_bytes,"{area=""nonheap"",framework=""spring-boot"",id=""Compressed Class Space"",language=""java"",service=""java-user-service"",}",13416360.0
1790114174.544,java-user-service,jvm_memory_used_bytes,"{area=""nonheap"",framework=""spring-boot"",id=""CodeHeap 'profiled nmethods'"",language=""java"",service=""java-user-service"",}",22730880.0
1790114174.544,java-user-service,tomcat_threads_config_max_threads,"{framework=""spring-boot"",language=""java"",name=""http-nio-9081"",service=""java-user-service"",}",-1.0
1790114174.544,java-user-service,system_cpu_usage,"{framework=""spring-boot"",language=""java"",service=""java-user-service"",}",0.9895714814814814
1790114174.544,java-user-service,tomcat_threads_current_threads,"{framework=""spring-boot"",language=""java"",name=""http-nio-9081"",service=""java-user-service"",}",-1.0
1790114174.544,java-user-service,tomcat_threads_busy_threads,"{framework=""spring-boot"",language=""java"",name=""http-nio-9081"",service=""java-user-service"",}",-1.0
1790114174.544,java-user-service,jvm_memory_committed_bytes,"{area=""nonheap"",framework=""spring-boot"",id=""CodeHeap 'non-nmethods'"",language=""java"",service=""java-user-service"",}",2555904.0
1790114174.544,java-user-service,jvm_memory_committed_bytes,"{area=""nonheap"",framework=""spring-boot"",id=""CodeHeap 'non-profiled nmethods'"",language=""java"",service=""java-user-service"",}",15007744.0
1790114174.544,java-user-service,jvm_memory_committed_bytes,"{area=""heap"",framework=""spring-boot"",id=""G1 Survivor Space"",language=""java"",service=""java-user-service"",}",11534336.0
1790114174.544,java-user-service,jvm_memory_committed_bytes,"{area=""heap"",framework=""spring-boot"",id=""G1 Old Gen"",language=""java"",service=""java-user-service"",}",282066944.0
1790114174.544,java-user-service,jvm_memory_committed_bytes,"{area=""nonheap"",framework=""spring-boot"",id=""Metaspace"",language=""java"",service=""java-user-service"",}",105316352.0
1790114174.544,java-user-service,jvm_memory_committed_bytes,"{area=""heap"",framework=""spring-boot"",id=""G1 Eden Space"",language=""java"",service=""java-user-service"",}",91226112.0
1790114174.544,java-user-service,jvm_memory_committed_bytes,"{area=""nonheap"",framework=""spring-boot"",id=""Compressed Class Space"",language=""java"",service=""java-user-service"",}",13893632.0
1790114174.544,java-user-service,jvm_memory_committed_bytes,"{area=""nonheap"",framework=""spring-boot"",id=""CodeHeap 'profiled nmethods'"",language=""java"",service=""java-user-service"",}",27721728.0
1790114174.544,java-user-service,hikaricp_connections_active,"{framework=""spring-boot"",language=""java"",pool=""HikariPool-1"",service=""java-user-service"",}",20.0
1790114174.544,java-product-service,tomcat_threads_busy_threads,"{language=""java"",name=""http-nio-9082"",service=""java-product-service"",}",-1.0
1790114174.544,java-product-service,jvm_gc_pause_seconds_count,"{action=""end of minor GC"",cause=""G1 Evacuation Pause"",gc=""G1 Young Generation"",language=""java"",service=""java-product-service"",}",4.0
1790114174.544,java-product-service,jvm_gc_pause_seconds_sum,"{action=""end of minor GC"",cause=""G1 Evacuation Pause"",gc=""G1 Young Generation"",language=""java"",service=""java-product-service"",}",0.049
1790114174.544,java-product-service,hikaricp_connections_active,"{language=""java"",pool=""HikariPool-1"",service=""java-product-service"",}",0.0
1790114174.544,java-product-service,tomcat_threads_current_threads,"{language=""java"",name=""http-nio-9082"",service=""java-product-service"",}",-1.0
1790114174.544,java-product-service,hikaricp_connections_usage_seconds_count,"{language=""java"",pool=""HikariPool-1"",service=""java-product-service"",}",174.0
1790114174.544,java-product-service,hikaricp_connections_usage_seconds_sum,"{language=""java"",pool=""HikariPool-1"",service=""java-product-service"",}",0.325
1790114174.544,java-product-service,hikaricp_connections_acquire_seconds_count,"{language=""java"",pool=""HikariPool-1"",service=""java-product-service"",}",174.0
1790114174.544,java-product-service,hikaricp_connections_acquire_seconds_sum,"{language=""java"",pool=""HikariPool-1"",service=""java-product-service"",}",0.072199958
1790114174.544,java-product-service,process_cpu_usage,"{language=""java"",service=""java-product-service"",}",0.007017543859649123
1790114174.544,java-product-service,hikaricp_connections_pending,"{language=""java"",pool=""HikariPool-1"",service=""java-product-service"",}",0.0
1790114174.544,java-product-service,system_cpu_usage,"{language=""java"",service=""java-product-service"",}",0.012878947368421052
1790114174.544,java-product-service,tomcat_threads_config_max_threads,"{language=""java"",name=""http-nio-9082"",service=""java-product-service"",}",-1.0
1790114174.544,java-product-service,jvm_memory_used_bytes,"{area=""nonheap"",id=""CodeHeap 'non-nmethods'"",language=""java"",service=""java-product-service"",}",1639552.0
1790114174.544,java-product-service,jvm_memory_used_bytes,"{area=""heap"",id=""G1 Eden Space"",language=""java"",service=""java-product-service"",}",27262976.0
1790114174.544,java-product-service,jvm_memory_used_bytes,"{area=""nonheap"",id=""Metaspace"",language=""java"",service=""java-product-service"",}",97290648.0
1790114174.544,java-product-service,jvm_memory_used_bytes,"{area=""heap"",id=""G1 Old Gen"",language=""java"",service=""java-product-service"",}",37723768.0
1790114174.544,java-product-service,jvm_memory_used_bytes,"{area=""nonheap"",id=""Compressed Class Space"",language=""java"",service=""java-product-service"",}",12905120.0
1790114174.544,java-product-service,jvm_memory_used_bytes,"{area=""heap"",id=""G1 Survivor Space"",language=""java"",service=""java-product-service"",}",4024160.0
1790114174.544,java-product-service,jvm_memory_used_bytes,"{area=""nonheap"",id=""CodeHeap 'profiled nmethods'"",language=""java"",service=""java-product-service"",}",22941056.0
1790114174.544,java-product-service,jvm_memory_used_bytes,"{area=""nonheap"",id=""CodeHeap 'non-profiled nmethods'"",language=""java"",service=""java-product-service"",}",6327936.0
1790114174.544,java-product-service,jvm_memory_committed_bytes,"{area=""nonheap"",id=""CodeHeap 'non-nmethods'"",language=""java"",service=""java-product-service"",}",2555904.0
1790114174.544,java-product-service,jvm_memory_committed_bytes,"{area=""heap"",id=""G1 Eden Space"",language=""java"",service=""java-product-service"",}",68157440.0
1790114174.544,java-product-service,jvm_memory_committed_bytes,"{area=""nonheap"",id=""Metaspace"",language=""java"",service=""java-product-service"",}",98238464.0
1790114174.544,java-product-service,jvm_memory_committed_bytes,"{area=""heap"",id=""G1 Old Gen"",language=""java"",service=""java-product-service"",}",41943040.0
1790114174.544,java-product-service,jvm_memory_committed_bytes,"{area=""nonheap"",id=""Compressed Class Space"",language=""java"",service=""java-product-service"",}",13369344.0
1790114174.544,java-product-service,jvm_memory_committed_bytes,"{area=""heap"",id=""G1 Survivor Space"",language=""java"",service=""java-product-service"",}",4194304.0
1790114174.544,java-product-service,jvm_memory_committed_bytes,"{area=""nonheap"",id=""CodeHeap 'profiled nmethods'"",language=""java"",service=""java-product-service"",}",24117248.0
1790114174.544,java-product-service,jvm_memory_committed_bytes,"{area=""nonheap"",id=""CodeHeap 'non-profiled nmethods'"",language=""java"",service=""java-product-service"",}",6488064.0
1790114174.544,java-order-service,process_cpu_usage,"{language=""java"",service=""java-order-service"",}",0.010256410256410256
1790114174.544,java-order-service,tomcat_threads_busy_threads,"{language=""java"",name=""http-nio-9083"",service=""java-order-service"",}",-1.0
1790114174.544,java-order-service,jvm_memory_used_bytes,"{area=""nonheap"",id=""CodeHeap 'non-profiled nmethods'"",language=""java"",service=""java-order-service"",}",4212864.0
1790114174.544,java-order-service,jvm_memory_used_bytes,"{area=""heap"",id=""G1 Eden Space"",language=""java"",service=""java-order-service"",}",19922944.0
1790114174.544,java-order-service,jvm_memory_used_bytes,"{area=""nonheap"",id=""CodeHeap 'profiled nmethods'"",language=""java"",service=""java-order-service"",}",15371392.0
1790114174.544,java-order-service,jvm_memory_used_bytes,"{area=""nonheap"",id=""CodeHeap 'non-nmethods'"",language=""java"",service=""java-order-service"",}",1609984.0
1790114174.544,java-order-service,jvm_memory_used_bytes,"{area=""heap"",id=""G1 Survivor Space"",language=""java"",service=""java-order-service"",}",4165552.0
1790114174.544,java-order-service,jvm_memory_used_bytes,"{area=""nonheap"",id=""Compressed Class Space"",language=""java"",service=""java-order-service"",}",10685976.0
1790114174.544,java-order-service,jvm_memory_used_bytes,"{area=""heap"",id=""G1 Old Gen"",language=""java"",service=""java-order-service"",}",31259288.0
1790114174.544,java-order-service,jvm_memory_used_bytes,"{area=""nonheap"",id=""Metaspace"",language=""java"",service=""java-order-service"",}",78796336.0
1790114174.544,java-order-service,hikaricp_connections_acquire_seconds_count,"{language=""java"",pool=""HikariPool-1"",service=""java-order-service"",}",160.0
1790114174.544,java-order-service,hikaricp_connections_acquire_seconds_sum,"{language=""java"",pool=""HikariPool-1"",service=""java-order-service"",}",0.036497336
1790114174.544,java-order-service,hikaricp_connections_usage_seconds_count,"{language=""java"",pool=""HikariPool-1"",service=""java-order-service"",}",160.0
1790114174.544,java-order-service,hikaricp_connections_usage_seconds_sum,"{language=""java"",pool=""HikariPool-1"",service=""java-order-service"",}",0.004
1790114174.544,java-order-service,tomcat_threads_config_max_threads,"{language=""java"",name=""http-nio-9083"",service=""java-order-service"",}",-1.0
1790114174.544,java-order-service,system_cpu_usage,"{language=""java"",service=""java-order-service"",}",0.01290047619047619
1790114174.544,java-order-service,hikaricp_connections_pending,"{language=""java"",pool=""HikariPool-1"",service=""java-order-service"",}",0.0
1790114174.544,java-order-service,jvm_gc_pause_seconds_count,"{action=""end of minor GC"",cause=""G1 Evacuation Pause"",gc=""G1 Young Generation"",language=""java"",service=""java-order-service"",}",1.0
1790114174.544,java-order-service,jvm_gc_pause_seconds_sum,"{action=""end of minor GC"",cause=""G1 Evacuation Pause"",gc=""G1 Young Generation"",language=""java"",service=""java-order-service"",}",0.025
1790114174.544,java-order-service,hikaricp_connections_active,"{language=""java"",pool=""HikariPool-1"",service=""java-order-service"",}",0.0
1790114174.544,java-order-service,tomcat_threads_current_threads,"{language=""java"",name=""http-nio-9083"",service=""java-order-service"",}",-1.0
1790114174.544,java-order-service,jvm_memory_committed_bytes,"{area=""nonheap"",id=""CodeHeap 'non-profiled nmethods'"",language=""java"",service=""java-order-service"",}",4259840.0
1790114174.544,java-order-service,jvm_memory_committed_bytes,"{area=""heap"",id=""G1 Eden Space"",language=""java"",service=""java-order-service"",}",45088768.0
1790114174.544,java-order-service,jvm_memory_committed_bytes,"{area=""nonheap"",id=""CodeHeap 'profiled nmethods'"",language=""java"",service=""java-order-service"",}",15400960.0
1790114174.544,java-order-service,jvm_memory_committed_bytes,"{area=""nonheap"",id=""CodeHeap 'non-nmethods'"",language=""java"",service=""java-order-service"",}",2555904.0
1790114174.544,java-order-service,jvm_memory_committed_bytes,"{area=""heap"",id=""G1 Survivor Space"",language=""java"",service=""java-order-service"",}",4194304.0
1790114174.544,java-order-service,jvm_memory_committed_bytes,"{area=""nonheap"",id=""Compressed Class Space"",language=""java"",service=""java-order-service"",}",11141120.0
1790114174.544,java-order-service,jvm_memory_committed_bytes,"{area=""heap"",id=""G1 Old Gen"",language=""java"",service=""java-order-service"",}",34603008.0
1790114174.544,java-order-service,jvm_memory_committed_bytes,"{area=""nonheap"",id=""Metaspace"",language=""java"",service=""java-order-service"",}",79691776.0
1790114179.891,java-user-service,hikaricp_connections_pending,"{framework=""spring-boot"",language=""java"",pool=""HikariPool-1"",service=""java-user-service"",}",654.0
1790114179.891,java-user-service,hikaricp_connections_acquire_seconds_count,"{framework=""spring-boot"",language=""java"",pool=""HikariPool-1"",service=""java-user-service"",}",8024.0
1790114179.891,java-user-service,hikaricp_connections_acquire_seconds_sum,"{framework=""spring-boot"",language=""java"",pool=""HikariPool-1"",service=""java-user-service"",}",45790.314102823
1790114179.891,java-user-service,jvm_gc_pause_seconds_count,"{action=""end of minor GC"",cause=""G1 Evacuation Pause"",framework=""spring-boot"",gc=""G1 Young Generation"",language=""java"",service=""java-user-service"",}",167.0
1790114179.891,java-user-service,jvm_gc_pause_seconds_sum,"{action=""end of minor GC"",cause=""G1 Evacuation Pause"",framework=""spring-boot"",gc=""G1 Young Generation"",language=""java"",service=""java-user-service"",}",1.16
1790114179.891,java-user-service,process_cpu_usage,"{framework=""spring-boot"",language=""java"",service=""java-user-service"",}",0.9961538461538462
1790114179.891,java-user-service,hikaricp_connections_usage_seconds_count,"{framework=""spring-boot"",language=""java"",pool=""HikariPool-1"",service=""java-user-service"",}",8004.0
1790114179.891,java-user-service,hikaricp_connections_usage_seconds_sum,"{framework=""spring-boot"",language=""java"",pool=""HikariPool-1"",service=""java-user-service"",}",3213.412
1790114179.891,java-user-service,jvm_memory_used_bytes,"{area=""nonheap"",framework=""spring-boot"",id=""CodeHeap 'non-nmethods'"",language=""java"",service=""java-user-service"",}",1643776.0
1790114179.891,java-user-service,jvm_memory_used_bytes,"{area=""nonheap"",framework=""spring-boot"",id=""CodeHeap 'non-profiled nmethods'"",language=""java"",service=""java-user-service"",}",15075328.0
1790114179.891,java-user-service,jvm_memory_used_bytes,"{area=""heap"",framework=""spring-boot"",id=""G1 Survivor Space"",language=""java"",service=""java-user-service"",}",9961472.0
1790114179.891,java-user-service,jvm_memory_used_bytes,"{area=""heap"",framework=""spring-boot"",id=""G1 Old Gen"",language=""java"",service=""java-user-service"",}",206544504.0
1790114179.891,java-user-service,jvm_memory_used_bytes,"{area=""nonheap"",framework=""spring-boot"",id=""Metaspace"",language=""java"",service=""java-user-service"",}",104303416.0
1790114179.891,java-user-service,jvm_memory_used_bytes,"{area=""heap"",framework=""spring-boot"",id=""G1 Eden Space"",language=""java"",service=""java-user-service"",}",26214400.0
1790114179.891,java-user-service,jvm_memory_used_bytes,"{area=""nonheap"",framework=""spring-boot"",id=""Compressed Class Space"",language=""java"",service=""java-user-service"",}",13416360.0
1790114179.891,java-user-service,jvm_memory_used_bytes,"{area=""nonheap"",framework=""spring-boot"",id=""CodeHeap 'profiled nmethods'"",language=""java"",service=""java-user-service"",}",22684544.0
1790114179.891,java-user-service,tomcat_threads_config_max_threads,"{framework=""spring-boot"",language=""java"",name=""http-nio-9081"",service=""java-user-service"",}",-1.0
1790114179.891,java-user-service,system_cpu_usage,"{framework=""spring-boot"",language=""java"",service=""java-user-service"",}",0.9980117948717949
1790114179.891,java-user-service,tomcat_threads_current_threads,"{framework=""spring-boot"",language=""java"",name=""http-nio-9081"",service=""java-user-service"",}",-1.0
1790114179.891,java-user-service,tomcat_threads_busy_threads,"{framework=""spring-boot"",language=""java"",name=""http-nio-9081"",service=""java-user-service"",}",-1.0
1790114179.891,java-user-service,jvm_memory_committed_bytes,"{area=""nonheap"",framework=""spring-boot"",id=""CodeHeap 'non-nmethods'"",language=""java"",service=""java-user-service"",}",2555904.0
1790114179.891,java-user-service,jvm_memory_committed_bytes,"{area=""nonheap"",framework=""spring-boot"",id=""CodeHeap 'non-profiled nmethods'"",language=""java"",service=""java-user-service"",}",15138816.0
1790114179.891,java-user-service,jvm_memory_committed_bytes,"{area=""heap"",framework=""spring-boot"",id=""G1 Survivor Space"",language=""java"",service=""java-user-service"",}",10485760.0
1790114179.891,java-user-service,jvm_memory_committed_bytes,"{area=""heap"",framework=""spring-boot"",id=""G1 Old Gen"",language=""java"",service=""java-user-service"",}",250609664.0
1790114179.891,java-user-service,jvm_memory_committed_bytes,"{area=""nonheap"",framework=""spring-boot"",id=""Metaspace"",language=""java"",service=""java-user-service"",}",105316352.0
1790114179.891,java-user-service,jvm_memory_committed_bytes,"{area=""heap"",framework=""spring-boot"",id=""G1 Eden Space"",language=""java"",service=""java-user-service"",}",123731968.0
1790114179.891,java-user-service,jvm_memory_committed_bytes,"{area=""nonheap"",framework=""spring-boot"",id=""Compressed Class Space"",language=""java"",service=""java-user-service"",}",13893632.0
1790114179.891,java-user-service,jvm_memory_committed_bytes,"{area=""nonheap"",framework=""spring-boot"",id=""CodeHeap 'profiled nmethods'"",language=""java"",service=""java-user-service"",}",27721728.0
1790114179.891,java-user-service,hikaricp_connections_active,"{framework=""spring-boot"",language=""java"",pool=""HikariPool-1"",service=""java-user-service"",}",20.0
1790114179.891,java-product-service,tomcat_threads_busy_threads,"{language=""java"",name=""http-nio-9082"",service=""java-product-service"",}",-1.0
1790114179.891,java-product-service,jvm_gc_pause_seconds_count,"{action=""end of minor GC"",cause=""G1 Evacuation Pause"",gc=""G1 Young Generation"",language=""java"",service=""java-product-service"",}",4.0
1790114179.891,java-product-service,jvm_gc_pause_seconds_sum,"{action=""end of minor GC"",cause=""G1 Evacuation Pause"",gc=""G1 Young Generation"",language=""java"",service=""java-product-service"",}",0.049
1790114179.891,java-product-service,hikaricp_connections_active,"{language=""java"",pool=""HikariPool-1"",service=""java-product-service"",}",0.0
1790114179.891,java-product-service,tomcat_threads_current_threads,"{language=""java"",name=""http-nio-9082"",service=""java-product-service"",}",-1.0
1790114179.891,java-product-service,hikaricp_connections_usage_seconds_count,"{language=""java"",pool=""HikariPool-1"",service=""java-product-service"",}",176.0
1790114179.891,java-product-service,hikaricp_connections_usage_seconds_sum,"{language=""java"",pool=""HikariPool-1"",service=""java-product-service"",}",0.325
1790114179.891,java-product-service,hikaricp_connections_acquire_seconds_count,"{language=""java"",pool=""HikariPool-1"",service=""java-product-service"",}",176.0
1790114179.891,java-product-service,hikaricp_connections_acquire_seconds_sum,"{language=""java"",pool=""HikariPool-1"",service=""java-product-service"",}",0.072665958
1790114179.891,java-product-service,process_cpu_usage,"{language=""java"",service=""java-product-service"",}",0.010256410256410256
1790114179.891,java-product-service,hikaricp_connections_pending,"{language=""java"",pool=""HikariPool-1"",service=""java-product-service"",}",0.0
1790114179.891,java-product-service,system_cpu_usage,"{language=""java"",service=""java-product-service"",}",0.008206153846153846
1790114179.891,java-product-service,tomcat_threads_config_max_threads,"{language=""java"",name=""http-nio-9082"",service=""java-product-service"",}",-1.0
1790114179.891,java-product-service,jvm_memory_used_bytes,"{area=""nonheap"",id=""CodeHeap 'non-nmethods'"",language=""java"",service=""java-product-service"",}",1639552.0
1790114179.891,java-product-service,jvm_memory_used_bytes,"{area=""heap"",id=""G1 Eden Space"",language=""java"",service=""java-product-service"",}",28311552.0
1790114179.891,java-product-service,jvm_memory_used_bytes,"{area=""nonheap"",id=""Metaspace"",language=""java"",service=""java-product-service"",}",97295592.0
1790114179.891,java-product-service,jvm_memory_used_bytes,"{area=""heap"",id=""G1 Old Gen"",language=""java"",service=""java-product-service"",}",37723768.0
1790114179.891,java-product-service,jvm_memory_used_bytes,"{area=""nonheap"",id=""Compressed Class Space"",language=""java"",service=""java-product-service"",}",12905120.0
1790114179.891,java-product-service,jvm_memory_used_bytes,"{area=""heap"",id=""G1 Survivor Space"",language=""java"",service=""java-product-service"",}",4024160.0
1790114179.891,java-product-service,jvm_memory_used_bytes,"{area=""nonheap"",id=""CodeHeap 'profiled nmethods'"",language=""java"",service=""java-product-service"",}",22961152.0
1790114179.891,java-product-service,jvm_memory_used_bytes,"{area=""nonheap"",id=""CodeHeap 'non-profiled nmethods'"",language=""java"",service=""java-product-service"",}",6340608.0
1790114179.891,java-product-service,jvm_memory_committed_bytes,"{area=""nonheap"",id=""CodeHeap 'non-nmethods'"",language=""java"",service=""java-product-service"",}",2555904.0
1790114179.891,java-product-service,jvm_memory_committed_bytes,"{area=""heap"",id=""G1 Eden Space"",language=""java"",service=""java-product-service"",}",68157440.0
1790114179.891,java-product-service,jvm_memory_committed_bytes,"{area=""nonheap"",id=""Metaspace"",language=""java"",service=""java-product-service"",}",98238464.0
1790114179.891,java-product-service,jvm_memory_committed_bytes,"{area=""heap"",id=""G1 Old Gen"",language=""java"",service=""java-product-service"",}",41943040.0
1790114179.891,java-product-service,jvm_memory_committed_bytes,"{area=""nonheap"",id=""Compressed Class Space"",language=""java"",service=""java-product-service"",}",13369344.0
1790114179.891,java-product-service,jvm_memory_committed_bytes,"{area=""heap"",id=""G1 Survivor Space"",language=""java"",service=""java-product-service"",}",4194304.0
1790114179.891,java-product-service,jvm_memory_committed_bytes,"{area=""nonheap"",id=""CodeHeap 'profiled nmethods'"",language=""java"",service=""java-product-service"",}",24117248.0
1790114179.891,java-product-service,jvm_memory_committed_bytes,"{area=""nonheap"",id=""CodeHeap 'non-profiled nmethods'"",language=""java"",service=""java-product-service"",}",6488064.0
1790114179.891,java-order-service,process_cpu_usage,"{language=""java"",service=""java-order-service"",}",0.012121212121212121
1790114179.891,java-order-service,tomcat_threads_busy_threads,"{language=""java"",name=""http-nio-9083"",service=""java-order-service"",}",-1.0
1790114179.891,java-order-service,jvm_memory_used_bytes,"{area=""nonheap"",id=""CodeHeap 'non-profiled nmethods'"",language=""java"",service=""java-order-service"",}",4217088.0
1790114179.891,java-order-service,jvm_memory_used_bytes,"{area=""heap"",id=""G1 Eden Space"",language=""java"",service=""java-order-service"",}",20971520.0
1790114179.891,java-order-service,jvm_memory_used_bytes,"{area=""nonheap"",id=""CodeHeap 'profiled nmethods'"",language=""java"",service=""java-order-service"",}",15410816.0
1790114179.891,java-order-service,jvm_memory_used_bytes,"{area=""nonheap"",id=""CodeHeap 'non-nmethods'"",language=""java"",service=""java-order-service"",}",1609984.0
1790114179.891,java-order-service,jvm_memory_used_bytes,"{area=""heap"",id=""G1 Survivor Space"",language=""java"",service=""java-order-service"",}",4165552.0
1790114179.891,java-order-service,jvm_memory_used_bytes,"{area=""nonheap"",id=""Compressed Class Space"",language=""java"",service=""java-order-service"",}",10685976.0
1790114179.891,java-order-service,jvm_memory_used_bytes,"{area=""heap"",id=""G1 Old Gen"",language=""java"",service=""java-order-service"",}",31259288.0
1790114179.891,java-order-service,jvm_memory_used_bytes,"{area=""nonheap"",id=""Metaspace"",language=""java"",service=""java-order-service"",}",78810056.0
1790114179.891,java-order-service,hikaricp_connections_acquire_seconds_count,"{language=""java"",pool=""HikariPool-1"",service=""java-order-service"",}",164.0
1790114179.891,java-order-service,hikaricp_connections_acquire_seconds_sum,"{language=""java"",pool=""HikariPool-1"",service=""java-order-service"",}",0.036831378
1790114179.891,java-order-service,hikaricp_connections_usage_seconds_count,"{language=""java"",pool=""HikariPool-1"",service=""java-order-service"",}",164.0
1790114179.891,java-order-service,hikaricp_connections_usage_seconds_sum,"{language=""java"",pool=""HikariPool-1"",service=""java-order-service"",}",0.004
1790114179.891,java-order-service,tomcat_threads_config_max_threads,"{language=""java"",name=""http-nio-9083"",service=""java-order-service"",}",-1.0
1790114179.891,java-order-service,system_cpu_usage,"{language=""java"",service=""java-order-service"",}",0.02087
1790114179.891,java-order-service,hikaricp_connections_pending,"{language=""java"",pool=""HikariPool-1"",service=""java-order-service"",}",0.0
1790114179.891,java-order-service,jvm_gc_pause_seconds_count,"{action=""end of minor GC"",cause=""G1 Evacuation Pause"",gc=""G1 Young Generation"",language=""java"",service=""java-order-service"",}",1.0
1790114179.891,java-order-service,jvm_gc_pause_seconds_sum,"{action=""end of minor GC"",cause=""G1 Evacuation Pause"",gc=""G1 Young Generation"",language=""java"",service=""java-order-service"",}",0.025
1790114179.891,java-order-service,hikaricp_connections_active,"{language=""java"",pool=""HikariPool-1"",service=""java-order-service"",}",0.0
1790114179.891,java-order-service,tomcat_threads_current_threads,"{language=""java"",name=""http-nio-9083"",service=""java-order-service"",}",-1.0
1790114179.891,java-order-service,jvm_memory_committed_bytes,"{area=""nonheap"",id=""CodeHeap 'non-profiled nmethods'"",language=""java"",service=""java-order-service"",}",4259840.0
1790114179.891,java-order-service,jvm_memory_committed_bytes,"{area=""heap"",id=""G1 Eden Space"",language=""java"",service=""java-order-service"",}",45088768.0
1790114179.891,java-order-service,jvm_memory_committed_bytes,"{area=""nonheap"",id=""CodeHeap 'profiled nmethods'"",language=""java"",service=""java-order-service"",}",15466496.0
1790114179.891,java-order-service,jvm_memory_committed_bytes,"{area=""nonheap"",id=""CodeHeap 'non-nmethods'"",language=""java"",service=""java-order-service"",}",2555904.0
1790114179.891,java-order-service,jvm_memory_committed_bytes,"{area=""heap"",id=""G1 Survivor Space"",language=""java"",service=""java-order-service"",}",4194304.0
1790114179.891,java-order-service,jvm_memory_committed_bytes,"{area=""nonheap"",id=""Compressed Class Space"",language=""java"",service=""java-order-service"",}",11141120.0
1790114179.891,java-order-service,jvm_memory_committed_bytes,"{area=""heap"",id=""G1 Old Gen"",language=""java"",service=""java-order-service"",}",34603008.0
1790114179.891,java-order-service,jvm_memory_committed_bytes,"{area=""nonheap"",id=""Metaspace"",language=""java"",service=""java-order-service"",}",79691776.0
1790114185.069,java-user-service,hikaricp_connections_pending,"{framework=""spring-boot"",language=""java"",pool=""HikariPool-1"",service=""java-user-service"",}",524.0
1790114185.069,java-user-service,hikaricp_connections_acquire_seconds_count,"{framework=""spring-boot"",language=""java"",pool=""HikariPool-1"",service=""java-user-service"",}",8159.0
1790114185.069,java-user-service,hikaricp_connections_acquire_seconds_sum,"{framework=""spring-boot"",language=""java"",pool=""HikariPool-1"",service=""java-user-service"",}",47114.582572737
1790114185.069,java-user-service,jvm_gc_pause_seconds_count,"{action=""end of minor GC"",cause=""G1 Evacuation Pause"",framework=""spring-boot"",gc=""G1 Young Generation"",language=""java"",service=""java-user-service"",}",169.0
1790114185.069,java-user-service,jvm_gc_pause_seconds_sum,"{action=""end of minor GC"",cause=""G1 Evacuation Pause"",framework=""spring-boot"",gc=""G1 Young Generation"",language=""java"",service=""java-user-service"",}",1.192
1790114185.069,java-user-service,process_cpu_usage,"{framework=""spring-boot"",language=""java"",service=""java-user-service"",}",1.0
1790114185.069,java-user-service,hikaricp_connections_usage_seconds_count,"{framework=""spring-boot"",language=""java"",pool=""HikariPool-1"",service=""java-user-service"",}",8139.0
1790114185.069,java-user-service,hikaricp_connections_usage_seconds_sum,"{framework=""spring-boot"",language=""java"",pool=""HikariPool-1"",service=""java-user-service"",}",3320.288
1790114185.069,java-user-service,jvm_memory_used_bytes,"{area=""nonheap"",framework=""spring-boot"",id=""CodeHeap 'non-nmethods'"",language=""java"",service=""java-user-service"",}",1643776.0
1790114185.069,java-user-service,jvm_memory_used_bytes,"{area=""nonheap"",framework=""spring-boot"",id=""CodeHeap 'non-profiled nmethods'"",language=""java"",service=""java-user-service"",}",15077888.0
1790114185.069,java-user-service,jvm_memory_used_bytes,"{area=""heap"",framework=""spring-boot"",id=""G1 Survivor Space"",language=""java"",service=""java-user-service"",}",4194304.0
1790114185.069,java-user-service,jvm_memory_used_bytes,"{area=""heap"",framework=""spring-boot"",id=""G1 Old Gen"",language=""java"",service=""java-user-service"",}",180207808.0
1790114185.069,java-user-service,jvm_memory_used_bytes,"{area=""nonheap"",framework=""spring-boot"",id=""Metaspace"",language=""java"",service=""java-user-service"",}",104307488.0
1790114185.069,java-user-service,jvm_memory_used_bytes,"{area=""heap"",framework=""spring-boot"",id=""G1 Eden Space"",language=""java"",service=""java-user-service"",}",50331648.0
1790114185.069,java-user-service,jvm_memory_used_bytes,"{area=""nonheap"",framework=""spring-boot"",id=""Compressed Class Space"",language=""java"",service=""java-user-service"",}",13416360.0
1790114185.069,java-user-service,jvm_memory_used_bytes,"{area=""nonheap"",framework=""spring-boot"",id=""CodeHeap 'profiled nmethods'"",language=""java"",service=""java-user-service"",}",22702080.0
1790114185.069,java-user-service,tomcat_threads_config_max_threads,"{framework=""spring-boot"",language=""java"",name=""http-nio-9081"",service=""java-user-service"",}",-1.0
1790114185.069,java-user-service,system_cpu_usage,"{framework=""spring-boot"",language=""java"",service=""java-user-service"",}",1.0
1790114185.069,java-user-service,tomcat_threads_current_threads,"{framework=""spring-boot"",language=""java"",name=""http-nio-9081"",service=""java-user-service"",}",-1.0
1790114185.069,java-user-service,tomcat_threads_busy_threads,"{framework=""spring-boot"",language=""java"",name=""http-nio-9081"",service=""java-user-service"",}",-1.0
1790114185.069,java-user-service,jvm_memory_committed_bytes,"{area=""nonheap"",framework=""spring-boot"",id=""CodeHeap 'non-nmethods'"",language=""java"",service=""java-user-service"",}",2555904.0
1790114185.069,java-user-service,jvm_memory_committed_bytes,"{area=""nonheap"",framework=""spring-boot"",id=""CodeHeap 'non-profiled nmethods'"",language=""java"",service=""java-user-service"",}",15138816.0
1790114185.069,java-user-service,jvm_memory_committed_bytes,"{area=""heap"",framework=""spring-boot"",id=""G1 Survivor Space"",language=""java"",service=""java-user-service"",}",4194304.0
1790114185.069,java-user-service,jvm_memory_committed_bytes,"{area=""heap"",framework=""spring-boot"",id=""G1 Old Gen"",language=""java"",service=""java-user-service"",}",206569472.0
1790114185.069,java-user-service,jvm_memory_committed_bytes,"{area=""nonheap"",framework=""spring-boot"",id=""Metaspace"",language=""java"",service=""java-user-service"",}",105316352.0
1790114185.069,java-user-service,jvm_memory_committed_bytes,"{area=""heap"",framework=""spring-boot"",id=""G1 Eden Space"",language=""java"",service=""java-user-service"",}",174063616.0
1790114185.069,java-user-service,jvm_memory_committed_bytes,"{area=""nonheap"",framework=""spring-boot"",id=""Compressed Class Space"",language=""java"",service=""java-user-service"",}",13893632.0
1790114185.069,java-user-service,jvm_memory_committed_bytes,"{area=""nonheap"",framework=""spring-boot"",id=""CodeHeap 'profiled nmethods'"",language=""java"",service=""java-user-service"",}",27721728.0
1790114185.069,java-user-service,hikaricp_connections_active,"{framework=""spring-boot"",language=""java"",pool=""HikariPool-1"",service=""java-user-service"",}",20.0
1790114185.069,java-product-service,tomcat_threads_busy_threads,"{language=""java"",name=""http-nio-9082"",service=""java-product-service"",}",-1.0
1790114185.069,java-product-service,jvm_gc_pause_seconds_count,"{action=""end of minor GC"",cause=""G1 Evacuation Pause"",gc=""G1 Young Generation"",language=""java"",service=""java-product-service"",}",4.0
1790114185.069,java-product-service,jvm_gc_pause_seconds_sum,"{action=""end of minor GC"",cause=""G1 Evacuation Pause"",gc=""G1 Young Generation"",language=""java"",service=""java-product-service"",}",0.049
1790114185.069,java-product-service,hikaricp_connections_active,"{language=""java"",pool=""HikariPool-1"",service=""java-product-service"",}",0.0
1790114185.069,java-product-service,tomcat_threads_current_threads,"{language=""java"",name=""http-nio-9082"",service=""java-product-service"",}",-1.0
1790114185.069,java-product-service,hikaricp_connections_usage_seconds_count,"{language=""java"",pool=""HikariPool-1"",service=""java-product-service"",}",178.0
1790114185.069,java-product-service,hikaricp_connections_usage_seconds_sum,"{language=""java"",pool=""HikariPool-1"",service=""java-product-service"",}",0.325
1790114185.069,java-product-service,hikaricp_connections_acquire_seconds_count,"{language=""java"",pool=""HikariPool-1"",service=""java-product-service"",}",178.0
1790114185.069,java-product-service,hikaricp_connections_acquire_seconds_sum,"{language=""java"",pool=""HikariPool-1"",service=""java-product-service"",}",0.072948291
1790114185.069,java-product-service,process_cpu_usage,"{language=""java"",service=""java-product-service"",}",0.005128205128205128
1790114185.069,java-product-service,hikaricp_connections_pending,"{language=""java"",pool=""HikariPool-1"",service=""java-product-service"",}",0.0
1790114185.069,java-product-service,system_cpu_usage,"{language=""java"",service=""java-product-service"",}",0.013234871794871796
1790114185.069,java-product-service,tomcat_threads_config_max_threads,"{language=""java"",name=""http-nio-9082"",service=""java-product-service"",}",-1.0
1790114185.069,java-product-service,jvm_memory_used_bytes,"{area=""nonheap"",id=""CodeHeap 'non-nmethods'"",language=""java"",service=""java-product-service"",}",1639552.0
1790114185.069,java-product-service,jvm_memory_used_bytes,"{area=""heap"",id=""G1 Eden Space"",language=""java"",service=""java-product-service"",}",29360128.0
1790114185.069,java-product-service,jvm_memory_used_bytes,"{area=""nonheap"",id=""Metaspace"",language=""java"",service=""java-product-service"",}",97304808.0
1790114185.069,java-product-service,jvm_memory_used_bytes,"{area=""heap"",id=""G1 Old Gen"",language=""java"",service=""java-product-service"",}",37723768.0
1790114185.069,java-product-service,jvm_memory_used_bytes,"{area=""nonheap"",id=""Compressed Class Space"",language=""java"",service=""java-product-service"",}",12905120.0
1790114185.069,java-product-service,jvm_memory_used_bytes,"{area=""heap"",id=""G1 Survivor Space"",language=""java"",service=""java-product-service"",}",4024160.0
1790114185.069,java-product-service,jvm_memory_used_bytes,"{area=""nonheap"",id=""CodeHeap 'profiled nmethods'"",language=""java"",service=""java-product-service"",}",23001600.0
1790114185.069,java-product-service,jvm_memory_used_bytes,"{area=""nonheap"",id=""CodeHeap 'non-profiled nmethods'"",language=""java"",service=""java-product-service"",}",6346240.0
1790114185.069,java-product-service,jvm_memory_committed_bytes,"{area=""nonheap"",id=""CodeHeap 'non-nmethods'"",language=""java"",service=""java-product-service"",}",2555904.0
1790114185.069,java-product-service,jvm_memory_committed_bytes,"{area=""heap"",id=""G1 Eden Space"",language=""java"",service=""java-product-service"",}",68157440.0
1790114185.069,java-product-service,jvm_memory_committed_bytes,"{area=""nonheap"",id=""Metaspace"",language=""java"",service=""java-product-service"",}",98238464.0
1790114185.069,java-product-service,jvm_memory_committed_bytes,"{area=""heap"",id=""G1 Old Gen"",language=""java"",service=""java-product-service"",}",41943040.0
1790114185.069,java-product-service,jvm_memory_committed_bytes,"{area=""nonheap"",id=""Compressed Class Space"",language=""java"",service=""java-product-service"",}",13369344.0
1790114185.069,java-product-service,jvm_memory_committed_bytes,"{area=""heap"",id=""G1 Survivor Space"",language=""java"",service=""java-product-service"",}",4194304.0
1790114185.069,java-product-service,jvm_memory_committed_bytes,"{area=""nonheap"",id=""CodeHeap 'profiled nmethods'"",language=""java"",service=""java-product-service"",}",24117248.0
1790114185.069,java-product-service,jvm_memory_committed_bytes,"{area=""nonheap"",id=""CodeHeap 'non-profiled nmethods'"",language=""java"",service=""java-product-service"",}",6488064.0
1790114185.069,java-order-service,process_cpu_usage,"{language=""java"",service=""java-order-service"",}",0.006666666666666667
1790114185.069,java-order-service,tomcat_threads_busy_threads,"{language=""java"",name=""http-nio-9083"",service=""java-order-service"",}",-1.0
1790114185.069,java-order-service,jvm_memory_used_bytes,"{area=""nonheap"",id=""CodeHeap 'non-profiled nmethods'"",language=""java"",service=""java-order-service"",}",4220416.0
1790114185.069,java-order-service,jvm_memory_used_bytes,"{area=""heap"",id=""G1 Eden Space"",language=""java"",service=""java-order-service"",}",20971520.0
1790114185.069,java-order-service,jvm_memory_used_bytes,"{area=""nonheap"",id=""CodeHeap 'profiled nmethods'"",language=""java"",service=""java-order-service"",}",15438720.0
1790114185.069,java-order-service,jvm_memory_used_bytes,"{area=""nonheap"",id=""CodeHeap 'non-nmethods'"",language=""java"",service=""java-order-service"",}",1609984.0
1790114185.069,java-order-service,jvm_memory_used_bytes,"{area=""heap"",id=""G1 Survivor Space"",language=""java"",service=""java-order-service"",}",4165552.0
1790114185.069,java-order-service,jvm_memory_used_bytes,"{area=""nonheap"",id=""Compressed Class Space"",language=""java"",service=""java-order-service"",}",10685976.0
1790114185.069,java-order-service,jvm_memory_used_bytes,"{area=""heap"",id=""G1 Old Gen"",language=""java"",service=""java-order-service"",}",31259288.0
1790114185.069,java-order-service,jvm_memory_used_bytes,"{area=""nonheap"",id=""Metaspace"",language=""java"",service=""java-order-service"",}",78813048.0
1790114185.069,java-order-service,hikaricp_connections_acquire_seconds_count,"{language=""java"",pool=""HikariPool-1"",service=""java-order-service"",}",164.0
1790114185.069,java-order-service,hikaricp_connections_acquire_seconds_sum,"{language=""java"",pool=""HikariPool-1"",service=""java-order-service"",}",0.036831378
1790114185.069,java-order-service,hikaricp_connections_usage_seconds_count,"{language=""java"",pool=""HikariPool-1"",service=""java-order-service"",}",164.0
1790114185.069,java-order-service,hikaricp_connections_usage_seconds_sum,"{language=""java"",pool=""HikariPool-1"",service=""java-order-service"",}",0.004
1790114185.069,java-order-service,tomcat_threads_config_max_threads,"{language=""java"",name=""http-nio-9083"",service=""java-order-service"",}",-1.0
1790114185.069,java-order-service,system_cpu_usage,"{language=""java"",service=""java-order-service"",}",0.007181333333333333
1790114185.069,java-order-service,hikaricp_connections_pending,"{language=""java"",pool=""HikariPool-1"",service=""java-order-service"",}",0.0
1790114185.069,java-order-service,jvm_gc_pause_seconds_count,"{action=""end of minor GC"",cause=""G1 Evacuation Pause"",gc=""G1 Young Generation"",language=""java"",service=""java-order-service"",}",1.0
1790114185.069,java-order-service,jvm_gc_pause_seconds_sum,"{action=""end of minor GC"",cause=""G1 Evacuation Pause"",gc=""G1 Young Generation"",language=""java"",service=""java-order-service"",}",0.025
1790114185.069,java-order-service,hikaricp_connections_active,"{language=""java"",pool=""HikariPool-1"",service=""java-order-service"",}",0.0
1790114185.069,java-order-service,tomcat_threads_current_threads,"{language=""java"",name=""http-nio-9083"",service=""java-order-service"",}",-1.0
1790114185.069,java-order-service,jvm_memory_committed_bytes,"{area=""nonheap"",id=""CodeHeap 'non-profiled nmethods'"",language=""java"",service=""java-order-service"",}",4259840.0
1790114185.069,java-order-service,jvm_memory_committed_bytes,"{area=""heap"",id=""G1 Eden Space"",language=""java"",service=""java-order-service"",}",45088768.0
1790114185.069,java-order-service,jvm_memory_committed_bytes,"{area=""nonheap"",id=""CodeHeap 'profiled nmethods'"",language=""java"",service=""java-order-service"",}",15466496.0
1790114185.069,java-order-service,jvm_memory_committed_bytes,"{area=""nonheap"",id=""CodeHeap 'non-nmethods'"",language=""java"",service=""java-order-service"",}",2555904.0
1790114185.069,java-order-service,jvm_memory_committed_bytes,"{area=""heap"",id=""G1 Survivor Space"",language=""java"",service=""java-order-service"",}",4194304.0
1790114185.069,java-order-service,jvm_memory_committed_bytes,"{area=""nonheap"",id=""Compressed Class Space"",language=""java"",service=""java-order-service"",}",11141120.0
1790114185.069,java-order-service,jvm_memory_committed_bytes,"{area=""heap"",id=""G1 Old Gen"",language=""java"",service=""java-order-service"",}",34603008.0
1790114185.069,java-order-service,jvm_memory_committed_bytes,"{area=""nonheap"",id=""Metaspace"",language=""java"",service=""java-order-service"",}",79757312.0
1790114190.320,java-user-service,hikaricp_connections_pending,"{framework=""spring-boot"",language=""java"",pool=""HikariPool-1"",service=""java-user-service"",}",397.0
1790114190.320,java-user-service,hikaricp_connections_acquire_seconds_count,"{framework=""spring-boot"",language=""java"",pool=""HikariPool-1"",service=""java-user-service"",}",8292.0
1790114190.320,java-user-service,hikaricp_connections_acquire_seconds_sum,"{framework=""spring-boot"",language=""java"",pool=""HikariPool-1"",service=""java-user-service"",}",49005.196660559
1790114190.320,java-user-service,jvm_gc_pause_seconds_count,"{action=""end of minor GC"",cause=""G1 Evacuation Pause"",framework=""spring-boot"",gc=""G1 Young Generation"",language=""java"",service=""java-user-service"",}",170.0
1790114190.320,java-user-service,jvm_gc_pause_seconds_sum,"{action=""end of minor GC"",cause=""G1 Evacuation Pause"",framework=""spring-boot"",gc=""G1 Young Generation"",language=""java"",service=""java-user-service"",}",1.198
1790114190.320,java-user-service,process_cpu_usage,"{framework=""spring-boot"",language=""java"",service=""java-user-service"",}",0.9934640522875817
1790114190.320,java-user-service,hikaricp_connections_usage_seconds_count,"{framework=""spring-boot"",language=""java"",pool=""HikariPool-1"",service=""java-user-service"",}",8271.0
1790114190.320,java-user-service,hikaricp_connections_usage_seconds_sum,"{framework=""spring-boot"",language=""java"",pool=""HikariPool-1"",service=""java-user-service"",}",3421.474
1790114190.320,java-user-service,jvm_memory_used_bytes,"{area=""nonheap"",framework=""spring-boot"",id=""CodeHeap 'non-nmethods'"",language=""java"",service=""java-user-service"",}",1643776.0
1790114190.320,java-user-service,jvm_memory_used_bytes,"{area=""nonheap"",framework=""spring-boot"",id=""CodeHeap 'non-profiled nmethods'"",language=""java"",service=""java-user-service"",}",15236480.0
1790114190.320,java-user-service,jvm_memory_used_bytes,"{area=""heap"",framework=""spring-boot"",id=""G1 Survivor Space"",language=""java"",service=""java-user-service"",}",5135536.0
1790114190.320,java-user-service,jvm_memory_used_bytes,"{area=""heap"",framework=""spring-boot"",id=""G1 Old Gen"",language=""java"",service=""java-user-service"",}",166698616.0
1790114190.320,java-user-service,jvm_memory_used_bytes,"{area=""nonheap"",framework=""spring-boot"",id=""Metaspace"",language=""java"",service=""java-user-service"",}",104541224.0
1790114190.320,java-user-service,jvm_memory_used_bytes,"{area=""heap"",framework=""spring-boot"",id=""G1 Eden Space"",language=""java"",service=""java-user-service"",}",138412032.0
1790114190.320,java-user-service,jvm_memory_used_bytes,"{area=""nonheap"",framework=""spring-boot"",id=""Compressed Class Space"",language=""java"",service=""java-user-service"",}",13450992.0
1790114190.320,java-user-service,jvm_memory_used_bytes,"{area=""nonheap"",framework=""spring-boot"",id=""CodeHeap 'profiled nmethods'"",language=""java"",service=""java-user-service"",}",23069824.0
1790114190.320,java-user-service,tomcat_threads_config_max_threads,"{framework=""spring-boot"",language=""java"",name=""http-nio-9081"",service=""java-user-service"",}",-1.0
1790114190.320,java-user-service,system_cpu_usage,"{framework=""spring-boot"",language=""java"",service=""java-user-service"",}",0.9935329411764706
1790114190.320,java-user-service,tomcat_threads_current_threads,"{framework=""spring-boot"",language=""java"",name=""http-nio-9081"",service=""java-user-service"",}",-1.0
1790114190.320,java-user-service,tomcat_threads_busy_threads,"{framework=""spring-boot"",language=""java"",name=""http-nio-9081"",service=""java-user-service"",}",-1.0
1790114190.320,java-user-service,jvm_memory_committed_bytes,"{area=""nonheap"",framework=""spring-boot"",id=""CodeHeap 'non-nmethods'"",language=""java"",service=""java-user-service"",}",2555904.0
1790114190.320,java-user-service,jvm_memory_committed_bytes,"{area=""nonheap"",framework=""spring-boot"",id=""CodeHeap 'non-profiled nmethods'"",language=""java"",service=""java-user-service"",}",15269888.0
1790114190.320,java-user-service,jvm_memory_committed_bytes,"{area=""heap"",framework=""spring-boot"",id=""G1 Survivor Space"",language=""java"",service=""java-user-service"",}",5242880.0
1790114190.320,java-user-service,jvm_memory_committed_bytes,"{area=""heap"",framework=""spring-boot"",id=""G1 Old Gen"",language=""java"",service=""java-user-service"",}",184549376.0
1790114190.320,java-user-service,jvm_memory_committed_bytes,"{area=""nonheap"",framework=""spring-boot"",id=""Metaspace"",language=""java"",service=""java-user-service"",}",105512960.0
1790114190.320,java-user-service,jvm_memory_committed_bytes,"{area=""heap"",framework=""spring-boot"",id=""G1 Eden Space"",language=""java"",service=""java-user-service"",}",195035136.0
1790114190.320,java-user-service,jvm_memory_committed_bytes,"{area=""nonheap"",framework=""spring-boot"",id=""Compressed Class Space"",language=""java"",service=""java-user-service"",}",13893632.0
1790114190.320,java-user-service,jvm_memory_committed_bytes,"{area=""nonheap"",framework=""spring-boot"",id=""CodeHeap 'profiled nmethods'"",language=""java"",service=""java-user-service"",}",27721728.0
1790114190.320,java-user-service,hikaricp_connections_active,"{framework=""spring-boot"",language=""java"",pool=""HikariPool-1"",service=""java-user-service"",}",20.0
1790114190.320,java-product-service,tomcat_threads_busy_threads,"{language=""java"",name=""http-nio-9082"",service=""java-product-service"",}",-1.0
1790114190.320,java-product-service,jvm_gc_pause_seconds_count,"{action=""end of minor GC"",cause=""G1 Evacuation Pause"",gc=""G1 Young Generation"",language=""java"",service=""java-product-service"",}",4.0
1790114190.320,java-product-service,jvm_gc_pause_seconds_sum,"{action=""end of minor GC"",cause=""G1 Evacuation Pause"",gc=""G1 Young Generation"",language=""java"",service=""java-product-service"",}",0.049
1790114190.320,java-product-service,hikaricp_connections_active,"{language=""java"",pool=""HikariPool-1"",service=""java-product-service"",}",0.0
1790114190.320,java-product-service,tomcat_threads_current_threads,"{language=""java"",name=""http-nio-9082"",service=""java-product-service"",}",-1.0
1790114190.320,java-product-service,hikaricp_connections_usage_seconds_count,"{language=""java"",pool=""HikariPool-1"",service=""java-product-service"",}",180.0
1790114190.320,java-product-service,hikaricp_connections_usage_seconds_sum,"{language=""java"",pool=""HikariPool-1"",service=""java-product-service"",}",0.325
1790114190.320,java-product-service,hikaricp_connections_acquire_seconds_count,"{language=""java"",pool=""HikariPool-1"",service=""java-product-service"",}",180.0
1790114190.320,java-product-service,hikaricp_connections_acquire_seconds_sum,"{language=""java"",pool=""HikariPool-1"",service=""java-product-service"",}",0.073248374
1790114190.320,java-product-service,process_cpu_usage,"{language=""java"",service=""java-product-service"",}",0.016666666666666666
1790114190.320,java-product-service,hikaricp_connections_pending,"{language=""java"",pool=""HikariPool-1"",service=""java-product-service"",}",0.0
1790114190.320,java-product-service,system_cpu_usage,"{language=""java"",service=""java-product-service"",}",0.013243333333333333
1790114190.320,java-product-service,tomcat_threads_config_max_threads,"{language=""java"",name=""http-nio-9082"",service=""java-product-service"",}",-1.0
1790114190.320,java-product-service,jvm_memory_used_bytes,"{area=""nonheap"",id=""CodeHeap 'non-nmethods'"",language=""java"",service=""java-product-service"",}",1639552.0
1790114190.320,java-product-service,jvm_memory_used_bytes,"{area=""heap"",id=""G1 Eden Space"",language=""java"",service=""java-product-service"",}",30408704.0
1790114190.320,java-product-service,jvm_memory_used_bytes,"{area=""nonheap"",id=""Metaspace"",language=""java"",service=""java-product-service"",}",97307560.0
1790114190.320,java-product-service,jvm_memory_used_bytes,"{area=""heap"",id=""G1 Old Gen"",language=""java"",service=""java-product-service"",}",37723768.0
1790114190.320,java-product-service,jvm_memory_used_bytes,"{area=""nonheap"",id=""Compressed Class Space"",language=""java"",service=""java-product-service"",}",12905120.0
1790114190.320,java-product-service,jvm_memory_used_bytes,"{area=""heap"",id=""G1 Survivor Space"",language=""java"",service=""java-product-service"",}",4024160.0
1790114190.320,java-product-service,jvm_memory_used_bytes,"{area=""nonheap"",id=""CodeHeap 'profiled nmethods'"",language=""java"",service=""java-product-service"",}",23013376.0
1790114190.320,java-product-service,jvm_memory_used_bytes,"{area=""nonheap"",id=""CodeHeap 'non-profiled nmethods'"",language=""java"",service=""java-product-service"",}",6356096.0
1790114190.320,java-product-service,jvm_memory_committed_bytes,"{area=""nonheap"",id=""CodeHeap 'non-nmethods'"",language=""java"",service=""java-product-service"",}",2555904.0
1790114190.320,java-product-service,jvm_memory_committed_bytes,"{area=""heap"",id=""G1 Eden Space"",language=""java"",service=""java-product-service"",}",68157440.0
1790114190.320,java-product-service,jvm_memory_committed_bytes,"{area=""nonheap"",id=""Metaspace"",language=""java"",service=""java-product-service"",}",98238464.0
1790114190.320,java-product-service,jvm_memory_committed_bytes,"{area=""heap"",id=""G1 Old Gen"",language=""java"",service=""java-product-service"",}",41943040.0
1790114190.320,java-product-service,jvm_memory_committed_bytes,"{area=""nonheap"",id=""Compressed Class Space"",language=""java"",service=""java-product-service"",}",13369344.0
1790114190.320,java-product-service,jvm_memory_committed_bytes,"{area=""heap"",id=""G1 Survivor Space"",language=""java"",service=""java-product-service"",}",4194304.0
1790114190.320,java-product-service,jvm_memory_committed_bytes,"{area=""nonheap"",id=""CodeHeap 'profiled nmethods'"",language=""java"",service=""java-product-service"",}",24117248.0
1790114190.320,java-product-service,jvm_memory_committed_bytes,"{area=""nonheap"",id=""CodeHeap 'non-profiled nmethods'"",language=""java"",service=""java-product-service"",}",6488064.0
1790114190.320,java-order-service,process_cpu_usage,"{language=""java"",service=""java-order-service"",}",0.00784313725490196
1790114190.320,java-order-service,tomcat_threads_busy_threads,"{language=""java"",name=""http-nio-9083"",service=""java-order-service"",}",-1.0
1790114190.320,java-order-service,jvm_memory_used_bytes,"{area=""nonheap"",id=""CodeHeap 'non-profiled nmethods'"",language=""java"",service=""java-order-service"",}",4222720.0
1790114190.320,java-order-service,jvm_memory_used_bytes,"{area=""heap"",id=""G1 Eden Space"",language=""java"",service=""java-order-service"",}",22020096.0
1790114190.320,java-order-service,jvm_memory_used_bytes,"{area=""nonheap"",id=""CodeHeap 'profiled nmethods'"",language=""java"",service=""java-order-service"",}",15506944.0
1790114190.320,java-order-service,jvm_memory_used_bytes,"{area=""nonheap"",id=""CodeHeap 'non-nmethods'"",language=""java"",service=""java-order-service"",}",1609984.0
1790114190.320,java-order-service,jvm_memory_used_bytes,"{area=""heap"",id=""G1 Survivor Space"",language=""java"",service=""java-order-service"",}",4165552.0
1790114190.320,java-order-service,jvm_memory_used_bytes,"{area=""nonheap"",id=""Compressed Class Space"",language=""java"",service=""java-order-service"",}",10685976.0
1790114190.320,java-order-service,jvm_memory_used_bytes,"{area=""heap"",id=""G1 Old Gen"",language=""java"",service=""java-order-service"",}",31259288.0
1790114190.320,java-order-service,jvm_memory_used_bytes,"{area=""nonheap"",id=""Metaspace"",language=""java"",service=""java-order-service"",}",78829912.0
1790114190.320,java-order-service,hikaricp_connections_acquire_seconds_count,"{language=""java"",pool=""HikariPool-1"",service=""java-order-service"",}",168.0
1790114190.320,java-order-service,hikaricp_connections_acquire_seconds_sum,"{language=""java"",pool=""HikariPool-1"",service=""java-order-service"",}",0.037185669
1790114190.320,java-order-service,hikaricp_connections_usage_seconds_count,"{language=""java"",pool=""HikariPool-1"",service=""java-order-service"",}",168.0
1790114190.320,java-order-service,hikaricp_connections_usage_seconds_sum,"{language=""java"",pool=""HikariPool-1"",service=""java-order-service"",}",0.004
1790114190.320,java-order-service,tomcat_threads_config_max_threads,"{language=""java"",name=""http-nio-9083"",service=""java-order-service"",}",-1.0
1790114190.320,java-order-service,system_cpu_usage,"{language=""java"",service=""java-order-service"",}",0.011423529411764706
1790114190.320,java-order-service,hikaricp_connections_pending,"{language=""java"",pool=""HikariPool-1"",service=""java-order-service"",}",0.0
1790114190.320,java-order-service,jvm_gc_pause_seconds_count,"{action=""end of minor GC"",cause=""G1 Evacuation Pause"",gc=""G1 Young Generation"",language=""java"",service=""java-order-service"",}",1.0
1790114190.320,java-order-service,jvm_gc_pause_seconds_sum,"{action=""end of minor GC"",cause=""G1 Evacuation Pause"",gc=""G1 Young Generation"",language=""java"",service=""java-order-service"",}",0.025
1790114190.320,java-order-service,hikaricp_connections_active,"{language=""java"",pool=""HikariPool-1"",service=""java-order-service"",}",0.0
1790114190.320,java-order-service,tomcat_threads_current_threads,"{language=""java"",name=""http-nio-9083"",service=""java-order-service"",}",-1.0
1790114190.320,java-order-service,jvm_memory_committed_bytes,"{area=""nonheap"",id=""CodeHeap 'non-profiled nmethods'"",language=""java"",service=""java-order-service"",}",4259840.0
1790114190.320,java-order-service,jvm_memory_committed_bytes,"{area=""heap"",id=""G1 Eden Space"",language=""java"",service=""java-order-service"",}",45088768.0
1790114190.320,java-order-service,jvm_memory_committed_bytes,"{area=""nonheap"",id=""CodeHeap 'profiled nmethods'"",language=""java"",service=""java-order-service"",}",15532032.0
1790114190.320,java-order-service,jvm_memory_committed_bytes,"{area=""nonheap"",id=""CodeHeap 'non-nmethods'"",language=""java"",service=""java-order-service"",}",2555904.0
1790114190.320,java-order-service,jvm_memory_committed_bytes,"{area=""heap"",id=""G1 Survivor Space"",language=""java"",service=""java-order-service"",}",4194304.0
1790114190.320,java-order-service,jvm_memory_committed_bytes,"{area=""nonheap"",id=""Compressed Class Space"",language=""java"",service=""java-order-service"",}",11141120.0
1790114190.320,java-order-service,jvm_memory_committed_bytes,"{area=""heap"",id=""G1 Old Gen"",language=""java"",service=""java-order-service"",}",34603008.0
1790114190.320,java-order-service,jvm_memory_committed_bytes,"{area=""nonheap"",id=""Metaspace"",language=""java"",service=""java-order-service"",}",79757312.0
1790114195.388,java-user-service,hikaricp_connections_pending,"{framework=""spring-boot"",language=""java"",pool=""HikariPool-1"",service=""java-user-service"",}",273.0
1790114195.388,java-user-service,hikaricp_connections_acquire_seconds_count,"{framework=""spring-boot"",language=""java"",pool=""HikariPool-1"",service=""java-user-service"",}",8417.0
1790114195.388,java-user-service,hikaricp_connections_acquire_seconds_sum,"{framework=""spring-boot"",language=""java"",pool=""HikariPool-1"",service=""java-user-service"",}",51346.113899205
1790114195.388,java-user-service,jvm_gc_pause_seconds_count,"{action=""end of minor GC"",cause=""G1 Evacuation Pause"",framework=""spring-boot"",gc=""G1 Young Generation"",language=""java"",service=""java-user-service"",}",172.0
1790114195.388,java-user-service,jvm_gc_pause_seconds_sum,"{action=""end of minor GC"",cause=""G1 Evacuation Pause"",framework=""spring-boot"",gc=""G1 Young Generation"",language=""java"",service=""java-user-service"",}",1.236
1790114195.388,java-user-service,process_cpu_usage,"{framework=""spring-boot"",language=""java"",service=""java-user-service"",}",0.9948717948717949
1790114195.388,java-user-service,hikaricp_connections_usage_seconds_count,"{framework=""spring-boot"",language=""java"",pool=""HikariPool-1"",service=""java-user-service"",}",8396.0
1790114195.388,java-user-service,hikaricp_connections_usage_seconds_sum,"{framework=""spring-boot"",language=""java"",pool=""HikariPool-1"",service=""java-user-service"",}",3517.562
1790114195.388,java-user-service,jvm_memory_used_bytes,"{area=""nonheap"",framework=""spring-boot"",id=""CodeHeap 'non-nmethods'"",language=""java"",service=""java-user-service"",}",1643776.0
1790114195.388,java-user-service,jvm_memory_used_bytes,"{area=""nonheap"",framework=""spring-boot"",id=""CodeHeap 'non-profiled nmethods'"",language=""java"",service=""java-user-service"",}",15245440.0
1790114195.388,java-user-service,jvm_memory_used_bytes,"{area=""heap"",framework=""spring-boot"",id=""G1 Survivor Space"",language=""java"",service=""java-user-service"",}",5767168.0
1790114195.388,java-user-service,jvm_memory_used_bytes,"{area=""heap"",framework=""spring-boot"",id=""G1 Old Gen"",language=""java"",service=""java-user-service"",}",166698616.0
1790114195.388,java-user-service,jvm_memory_used_bytes,"{area=""nonheap"",framework=""spring-boot"",id=""Metaspace"",language=""java"",service=""java-user-service"",}",104549064.0
1790114195.388,java-user-service,jvm_memory_used_bytes,"{area=""heap"",framework=""spring-boot"",id=""G1 Eden Space"",language=""java"",service=""java-user-service"",}",27262976.0
1790114195.388,java-user-service,jvm_memory_used_bytes,"{area=""nonheap"",framework=""spring-boot"",id=""Compressed Class Space"",language=""java"",service=""java-user-service"",}",13450992.0
1790114195.388,java-user-service,jvm_memory_used_bytes,"{area=""nonheap"",framework=""spring-boot"",id=""CodeHeap 'profiled nmethods'"",language=""java"",service=""java-user-service"",}",22975232.0
1790114195.388,java-user-service,tomcat_threads_config_max_threads,"{framework=""spring-boot"",language=""java"",name=""http-nio-9081"",service=""java-user-service"",}",-1.0
1790114195.388,java-user-service,system_cpu_usage,"{framework=""spring-boot"",language=""java"",service=""java-user-service"",}",0.9961557692307692
1790114195.388,java-user-service,tomcat_threads_current_threads,"{framework=""spring-boot"",language=""java"",name=""http-nio-9081"",service=""java-user-service"",}",-1.0
1790114195.388,java-user-service,tomcat_threads_busy_threads,"{framework=""spring-boot"",language=""java"",name=""http-nio-9081"",service=""java-user-service"",}",-1.0
1790114195.388,java-user-service,jvm_memory_committed_bytes,"{area=""nonheap"",framework=""spring-boot"",id=""CodeHeap 'non-nmethods'"",language=""java"",service=""java-user-service"",}",2555904.0
1790114195.388,java-user-service,jvm_memory_committed_bytes,"{area=""nonheap"",framework=""spring-boot"",id=""CodeHeap 'non-profiled nmethods'"",language=""java"",service=""java-user-service"",}",15269888.0
1790114195.388,java-user-service,jvm_memory_committed_bytes,"{area=""heap"",framework=""spring-boot"",id=""G1 Survivor Space"",language=""java"",service=""java-user-service"",}",6291456.0
1790114195.388,java-user-service,jvm_memory_committed_bytes,"{area=""heap"",framework=""spring-boot"",id=""G1 Old Gen"",language=""java"",service=""java-user-service"",}",178257920.0
1790114195.388,java-user-service,jvm_memory_committed_bytes,"{area=""nonheap"",framework=""spring-boot"",id=""Metaspace"",language=""java"",service=""java-user-service"",}",105512960.0
1790114195.388,java-user-service,jvm_memory_committed_bytes,"{area=""heap"",framework=""spring-boot"",id=""G1 Eden Space"",language=""java"",service=""java-user-service"",}",200278016.0
1790114195.388,java-user-service,jvm_memory_committed_bytes,"{area=""nonheap"",framework=""spring-boot"",id=""Compressed Class Space"",language=""java"",service=""java-user-service"",}",13893632.0
1790114195.388,java-user-service,jvm_memory_committed_bytes,"{area=""nonheap"",framework=""spring-boot"",id=""CodeHeap 'profiled nmethods'"",language=""java"",service=""java-user-service"",}",27721728.0
1790114195.388,java-user-service,hikaricp_connections_active,"{framework=""spring-boot"",language=""java"",pool=""HikariPool-1"",service=""java-user-service"",}",20.0
1790114195.388,java-product-service,tomcat_threads_busy_threads,"{language=""java"",name=""http-nio-9082"",service=""java-product-service"",}",-1.0
1790114195.388,java-product-service,jvm_gc_pause_seconds_count,"{action=""end of minor GC"",cause=""G1 Evacuation Pause"",gc=""G1 Young Generation"",language=""java"",service=""java-product-service"",}",4.0
1790114195.388,java-product-service,jvm_gc_pause_seconds_sum,"{action=""end of minor GC"",cause=""G1 Evacuation Pause"",gc=""G1 Young Generation"",language=""java"",service=""java-product-service"",}",0.049
1790114195.388,java-product-service,hikaricp_connections_active,"{language=""java"",pool=""HikariPool-1"",service=""java-product-service"",}",0.0
1790114195.388,java-product-service,tomcat_threads_current_threads,"{language=""java"",name=""http-nio-9082"",service=""java-product-service"",}",-1.0
1790114195.388,java-product-service,hikaricp_connections_usage_seconds_count,"{language=""java"",pool=""HikariPool-1"",service=""java-product-service"",}",182.0
1790114195.388,java-product-service,hikaricp_connections_usage_seconds_sum,"{language=""java"",pool=""HikariPool-1"",service=""java-product-service"",}",0.325
1790114195.388,java-product-service,hikaricp_connections_acquire_seconds_count,"{language=""java"",pool=""HikariPool-1"",service=""java-product-service"",}",182.0
1790114195.388,java-product-service,hikaricp_connections_acquire_seconds_sum,"{language=""java"",pool=""HikariPool-1"",service=""java-product-service"",}",0.07353279
1790114195.388,java-product-service,process_cpu_usage,"{language=""java"",service=""java-product-service"",}",0.008333333333333333
1790114195.388,java-product-service,hikaricp_connections_pending,"{language=""java"",pool=""HikariPool-1"",service=""java-product-service"",}",0.0
1790114195.388,java-product-service,system_cpu_usage,"{language=""java"",service=""java-product-service"",}",0.01283125
1790114195.388,java-product-service,tomcat_threads_config_max_threads,"{language=""java"",name=""http-nio-9082"",service=""java-product-service"",}",-1.0
1790114195.388,java-product-service,jvm_memory_used_bytes,"{area=""nonheap"",id=""CodeHeap 'non-nmethods'"",language=""java"",service=""java-product-service"",}",1639552.0
1790114195.388,java-product-service,jvm_memory_used_bytes,"{area=""heap"",id=""G1 Eden Space"",language=""java"",service=""java-product-service"",}",31457280.0
1790114195.388,java-product-service,jvm_memory_used_bytes,"{area=""nonheap"",id=""Metaspace"",language=""java"",service=""java-product-service"",}",97316280.0
1790114195.388,java-product-service,jvm_memory_used_bytes,"{area=""heap"",id=""G1 Old Gen"",language=""java"",service=""java-product-service"",}",37723768.0
1790114195.388,java-product-service,jvm_memory_used_bytes,"{area=""nonheap"",id=""Compressed Class Space"",language=""java"",service=""java-product-service"",}",12905120.0
1790114195.388,java-product-service,jvm_memory_used_bytes,"{area=""heap"",id=""G1 Survivor Space"",language=""java"",service=""java-product-service"",}",4024160.0
1790114195.388,java-product-service,jvm_memory_used_bytes,"{area=""nonheap"",id=""CodeHeap 'profiled nmethods'"",language=""java"",service=""java-product-service"",}",23046656.0
1790114195.388,java-product-service,jvm_memory_used_bytes,"{area=""nonheap"",id=""CodeHeap 'non-profiled nmethods'"",language=""java"",service=""java-product-service"",}",6368768.0
1790114195.388,java-product-service,jvm_memory_committed_bytes,"{area=""nonheap"",id=""CodeHeap 'non-nmethods'"",language=""java"",service=""java-product-service"",}",2555904.0
1790114195.388,java-product-service,jvm_memory_committed_bytes,"{area=""heap"",id=""G1 Eden Space"",language=""java"",service=""java-product-service"",}",68157440.0
1790114195.388,java-product-service,jvm_memory_committed_bytes,"{area=""nonheap"",id=""Metaspace"",language=""java"",service=""java-product-service"",}",98238464.0
1790114195.388,java-product-service,jvm_memory_committed_bytes,"{area=""heap"",id=""G1 Old Gen"",language=""java"",service=""java-product-service"",}",41943040.0
1790114195.388,java-product-service,jvm_memory_committed_bytes,"{area=""nonheap"",id=""Compressed Class Space"",language=""java"",service=""java-product-service"",}",13369344.0
1790114195.388,java-product-service,jvm_memory_committed_bytes,"{area=""heap"",id=""G1 Survivor Space"",language=""java"",service=""java-product-service"",}",4194304.0
1790114195.388,java-product-service,jvm_memory_committed_bytes,"{area=""nonheap"",id=""CodeHeap 'profiled nmethods'"",language=""java"",service=""java-product-service"",}",24117248.0
1790114195.388,java-product-service,jvm_memory_committed_bytes,"{area=""nonheap"",id=""CodeHeap 'non-profiled nmethods'"",language=""java"",service=""java-product-service"",}",6488064.0
1790114195.388,java-order-service,process_cpu_usage,"{language=""java"",service=""java-order-service"",}",0.022222222222222223
1790114195.388,java-order-service,tomcat_threads_busy_threads,"{language=""java"",name=""http-nio-9083"",service=""java-order-service"",}",-1.0
1790114195.388,java-order-service,jvm_memory_used_bytes,"{area=""nonheap"",id=""CodeHeap 'non-profiled nmethods'"",language=""java"",service=""java-order-service"",}",4226176.0
1790114195.388,java-order-service,jvm_memory_used_bytes,"{area=""heap"",id=""G1 Eden Space"",language=""java"",service=""java-order-service"",}",23068672.0
1790114195.388,java-order-service,jvm_memory_used_bytes,"{area=""nonheap"",id=""CodeHeap 'profiled nmethods'"",language=""java"",service=""java-order-service"",}",15523840.0
1790114195.388,java-order-service,jvm_memory_used_bytes,"{area=""nonheap"",id=""CodeHeap 'non-nmethods'"",language=""java"",service=""java-order-service"",}",1624192.0
1790114195.388,java-order-service,jvm_memory_used_bytes,"{area=""heap"",id=""G1 Survivor Space"",language=""java"",service=""java-order-service"",}",4165552.0
1790114195.388,java-order-service,jvm_memory_used_bytes,"{area=""nonheap"",id=""Compressed Class Space"",language=""java"",service=""java-order-service"",}",10685976.0
1790114195.388,java-order-service,jvm_memory_used_bytes,"{area=""heap"",id=""G1 Old Gen"",language=""java"",service=""java-order-service"",}",31259288.0
1790114195.388,java-order-service,jvm_memory_used_bytes,"{area=""nonheap"",id=""Metaspace"",language=""java"",service=""java-order-service"",}",78854312.0
1790114195.388,java-order-service,hikaricp_connections_acquire_seconds_count,"{language=""java"",pool=""HikariPool-1"",service=""java-order-service"",}",168.0
1790114195.388,java-order-service,hikaricp_connections_acquire_seconds_sum,"{language=""java"",pool=""HikariPool-1"",service=""java-order-service"",}",0.037185669
1790114195.388,java-order-service,hikaricp_connections_usage_seconds_count,"{language=""java"",pool=""HikariPool-1"",service=""java-order-service"",}",168.0
1790114195.388,java-order-service,hikaricp_connections_usage_seconds_sum,"{language=""java"",pool=""HikariPool-1"",service=""java-order-service"",}",0.004
1790114195.388,java-order-service,tomcat_threads_config_max_threads,"{language=""java"",name=""http-nio-9083"",service=""java-order-service"",}",-1.0
1790114195.388,java-order-service,system_cpu_usage,"{language=""java"",service=""java-order-service"",}",0.01733111111111111
1790114195.388,java-order-service,hikaricp_connections_pending,"{language=""java"",pool=""HikariPool-1"",service=""java-order-service"",}",0.0
1790114195.388,java-order-service,jvm_gc_pause_seconds_count,"{action=""end of minor GC"",cause=""G1 Evacuation Pause"",gc=""G1 Young Generation"",language=""java"",service=""java-order-service"",}",1.0
1790114195.388,java-order-service,jvm_gc_pause_seconds_sum,"{action=""end of minor GC"",cause=""G1 Evacuation Pause"",gc=""G1 Young Generation"",language=""java"",service=""java-order-service"",}",0.025
1790114195.388,java-order-service,hikaricp_connections_active,"{language=""java"",pool=""HikariPool-1"",service=""java-order-service"",}",0.0
1790114195.388,java-order-service,tomcat_threads_current_threads,"{language=""java"",name=""http-nio-9083"",service=""java-order-service"",}",-1.0
1790114195.388,java-order-service,jvm_memory_committed_bytes,"{area=""nonheap"",id=""CodeHeap 'non-profiled nmethods'"",language=""java"",service=""java-order-service"",}",4259840.0
1790114195.388,java-order-service,jvm_memory_committed_bytes,"{area=""heap"",id=""G1 Eden Space"",language=""java"",service=""java-order-service"",}",45088768.0
1790114195.388,java-order-service,jvm_memory_committed_bytes,"{area=""nonheap"",id=""CodeHeap 'profiled nmethods'"",language=""java"",service=""java-order-service"",}",15597568.0
1790114195.388,java-order-service,jvm_memory_committed_bytes,"{area=""nonheap"",id=""CodeHeap 'non-nmethods'"",language=""java"",service=""java-order-service"",}",2555904.0
1790114195.388,java-order-service,jvm_memory_committed_bytes,"{area=""heap"",id=""G1 Survivor Space"",language=""java"",service=""java-order-service"",}",4194304.0
1790114195.388,java-order-service,jvm_memory_committed_bytes,"{area=""nonheap"",id=""Compressed Class Space"",language=""java"",service=""java-order-service"",}",11141120.0
1790114195.388,java-order-service,jvm_memory_committed_bytes,"{area=""heap"",id=""G1 Old Gen"",language=""java"",service=""java-order-service"",}",34603008.0
1790114195.388,java-order-service,jvm_memory_committed_bytes,"{area=""nonheap"",id=""Metaspace"",language=""java"",service=""java-order-service"",}",79822848.0
1790114200.581,java-user-service,hikaricp_connections_pending,"{framework=""spring-boot"",language=""java"",pool=""HikariPool-1"",service=""java-user-service"",}",142.0
1790114200.581,java-user-service,hikaricp_connections_acquire_seconds_count,"{framework=""spring-boot"",language=""java"",pool=""HikariPool-1"",service=""java-user-service"",}",8555.0
1790114200.581,java-user-service,hikaricp_connections_acquire_seconds_sum,"{framework=""spring-boot"",language=""java"",pool=""HikariPool-1"",service=""java-user-service"",}",54550.557227262
1790114200.581,java-user-service,jvm_gc_pause_seconds_count,"{action=""end of minor GC"",cause=""G1 Evacuation Pause"",framework=""spring-boot"",gc=""G1 Young Generation"",language=""java"",service=""java-user-service"",}",173.0
1790114200.581,java-user-service,jvm_gc_pause_seconds_sum,"{action=""end of minor GC"",cause=""G1 Evacuation Pause"",framework=""spring-boot"",gc=""G1 Young Generation"",language=""java"",service=""java-user-service"",}",1.241
1790114200.581,java-user-service,process_cpu_usage,"{framework=""spring-boot"",language=""java"",service=""java-user-service"",}",1.0
1790114200.581,java-user-service,hikaricp_connections_usage_seconds_count,"{framework=""spring-boot"",language=""java"",pool=""HikariPool-1"",service=""java-user-service"",}",8534.0
1790114200.581,java-user-service,hikaricp_connections_usage_seconds_sum,"{framework=""spring-boot"",language=""java"",pool=""HikariPool-1"",service=""java-user-service"",}",3622.741
1790114200.581,java-user-service,jvm_memory_used_bytes,"{area=""nonheap"",framework=""spring-boot"",id=""CodeHeap 'non-nmethods'"",language=""java"",service=""java-user-service"",}",1643776.0
1790114200.581,java-user-service,jvm_memory_used_bytes,"{area=""nonheap"",framework=""spring-boot"",id=""CodeHeap 'non-profiled nmethods'"",language=""java"",service=""java-user-service"",}",15337728.0
1790114200.581,java-user-service,jvm_memory_used_bytes,"{area=""heap"",framework=""spring-boot"",id=""G1 Survivor Space"",language=""java"",service=""java-user-service"",}",7340032.0
1790114200.581,java-user-service,jvm_memory_used_bytes,"{area=""heap"",framework=""spring-boot"",id=""G1 Old Gen"",language=""java"",service=""java-user-service"",}",152627864.0
1790114200.581,java-user-service,jvm_memory_used_bytes,"{area=""nonheap"",framework=""spring-boot"",id=""Metaspace"",language=""java"",service=""java-user-service"",}",104556240.0
1790114200.581,java-user-service,jvm_memory_used_bytes,"{area=""heap"",framework=""spring-boot"",id=""G1 Eden Space"",language=""java"",service=""java-user-service"",}",99614720.0
1790114200.581,java-user-service,jvm_memory_used_bytes,"{area=""nonheap"",framework=""spring-boot"",id=""Compressed Class Space"",language=""java"",service=""java-user-service"",}",13450992.0
1790114200.581,java-user-service,jvm_memory_used_bytes,"{area=""nonheap"",framework=""spring-boot"",id=""CodeHeap 'profiled nmethods'"",language=""java"",service=""java-user-service"",}",23027328.0
1790114200.581,java-user-service,tomcat_threads_config_max_threads,"{framework=""spring-boot"",language=""java"",name=""http-nio-9081"",service=""java-user-service"",}",-1.0
1790114200.581,java-user-service,system_cpu_usage,"{framework=""spring-boot"",language=""java"",service=""java-user-service"",}",1.0
1790114200.581,java-user-service,tomcat_threads_current_threads,"{framework=""spring-boot"",language=""java"",name=""http-nio-9081"",service=""java-user-service"",}",-1.0
1790114200.581,java-user-service,tomcat_threads_busy_threads,"{framework=""spring-boot"",language=""java"",name=""http-nio-9081"",service=""java-user-service"",}",-1.0
1790114200.581,java-user-service,jvm_memory_committed_bytes,"{area=""nonheap"",framework=""spring-boot"",id=""CodeHeap 'non-nmethods'"",language=""java"",service=""java-user-service"",}",2555904.0
1790114200.581,java-user-service,jvm_memory_committed_bytes,"{area=""nonheap"",framework=""spring-boot"",id=""CodeHeap 'non-profiled nmethods'"",language=""java"",service=""java-user-service"",}",15400960.0
1790114200.581,java-user-service,jvm_memory_committed_bytes,"{area=""heap"",framework=""spring-boot"",id=""G1 Survivor Space"",language=""java"",service=""java-user-service"",}",7340032.0
1790114200.581,java-user-service,jvm_memory_committed_bytes,"{area=""heap"",framework=""spring-boot"",id=""G1 Old Gen"",language=""java"",service=""java-user-service"",}",161480704.0
1790114200.581,java-user-service,jvm_memory_committed_bytes,"{area=""nonheap"",framework=""spring-boot"",id=""Metaspace"",language=""java"",service=""java-user-service"",}",105512960.0
1790114200.581,java-user-service,jvm_memory_committed_bytes,"{area=""heap"",framework=""spring-boot"",id=""G1 Eden Space"",language=""java"",service=""java-user-service"",}",216006656.0
1790114200.581,java-user-service,jvm_memory_committed_bytes,"{area=""nonheap"",framework=""spring-boot"",id=""Compressed Class Space"",language=""java"",service=""java-user-service"",}",13893632.0
1790114200.581,java-user-service,jvm_memory_committed_bytes,"{area=""nonheap"",framework=""spring-boot"",id=""CodeHeap 'profiled nmethods'"",language=""java"",service=""java-user-service"",}",27721728.0
1790114200.581,java-user-service,hikaricp_connections_active,"{framework=""spring-boot"",language=""java"",pool=""HikariPool-1"",service=""java-user-service"",}",20.0
1790114200.581,java-product-service,tomcat_threads_busy_threads,"{language=""java"",name=""http-nio-9082"",service=""java-product-service"",}",-1.0
1790114200.581,java-product-service,jvm_gc_pause_seconds_count,"{action=""end of minor GC"",cause=""G1 Evacuation Pause"",gc=""G1 Young Generation"",language=""java"",service=""java-product-service"",}",4.0
1790114200.581,java-product-service,jvm_gc_pause_seconds_sum,"{action=""end of minor GC"",cause=""G1 Evacuation Pause"",gc=""G1 Young Generation"",language=""java"",service=""java-product-service"",}",0.049
1790114200.581,java-product-service,hikaricp_connections_active,"{language=""java"",pool=""HikariPool-1"",service=""java-product-service"",}",0.0
1790114200.581,java-product-service,tomcat_threads_current_threads,"{language=""java"",name=""http-nio-9082"",service=""java-product-service"",}",-1.0
1790114200.581,java-product-service,hikaricp_connections_usage_seconds_count,"{language=""java"",pool=""HikariPool-1"",service=""java-product-service"",}",184.0
1790114200.581,java-product-service,hikaricp_connections_usage_seconds_sum,"{language=""java"",pool=""HikariPool-1"",service=""java-product-service"",}",0.325
1790114200.581,java-product-service,hikaricp_connections_acquire_seconds_count,"{language=""java"",pool=""HikariPool-1"",service=""java-product-service"",}",184.0
1790114200.581,java-product-service,hikaricp_connections_acquire_seconds_sum,"{language=""java"",pool=""HikariPool-1"",service=""java-product-service"",}",0.07375329
1790114200.581,java-product-service,process_cpu_usage,"{language=""java"",service=""java-product-service"",}",0.009523809523809525
1790114200.581,java-product-service,hikaricp_connections_pending,"{language=""java"",pool=""HikariPool-1"",service=""java-product-service"",}",0.0
1790114200.581,java-product-service,system_cpu_usage,"{language=""java"",service=""java-product-service"",}",0.009313333333333333
1790114200.581,java-product-service,tomcat_threads_config_max_threads,"{language=""java"",name=""http-nio-9082"",service=""java-product-service"",}",-1.0
1790114200.581,java-product-service,jvm_memory_used_bytes,"{area=""nonheap"",id=""CodeHeap 'non-nmethods'"",language=""java"",service=""java-product-service"",}",1639552.0
1790114200.581,java-product-service,jvm_memory_used_bytes,"{area=""heap"",id=""G1 Eden Space"",language=""java"",service=""java-product-service"",}",33554432.0
1790114200.581,java-product-service,jvm_memory_used_bytes,"{area=""nonheap"",id=""Metaspace"",language=""java"",service=""java-product-service"",}",97324960.0
1790114200.581,java-product-service,jvm_memory_used_bytes,"{area=""heap"",id=""G1 Old Gen"",language=""java"",service=""java-product-service"",}",37723768.0
1790114200.581,java-product-service,jvm_memory_used_bytes,"{area=""nonheap"",id=""Compressed Class Space"",language=""java"",service=""java-product-service"",}",12905120.0
1790114200.581,java-product-service,jvm_memory_used_bytes,"{area=""heap"",id=""G1 Survivor Space"",language=""java"",service=""java-product-service"",}",4024160.0
1790114200.581,java-product-service,jvm_memory_used_bytes,"{area=""nonheap"",id=""CodeHeap 'profiled nmethods'"",language=""java"",service=""java-product-service"",}",23091200.0
1790114200.581,java-product-service,jvm_memory_used_bytes,"{area=""nonheap"",id=""CodeHeap 'non-profiled nmethods'"",language=""java"",service=""java-product-service"",}",6379904.0
1790114200.581,java-product-service,jvm_memory_committed_bytes,"{area=""nonheap"",id=""CodeHeap 'non-nmethods'"",language=""java"",service=""java-product-service"",}",2555904.0
1790114200.581,java-product-service,jvm_memory_committed_bytes,"{area=""heap"",id=""G1 Eden Space"",language=""java"",service=""java-product-service"",}",68157440.0
1790114200.581,java-product-service,jvm_memory_committed_bytes,"{area=""nonheap"",id=""Metaspace"",language=""java"",service=""java-product-service"",}",98238464.0
1790114200.581,java-product-service,jvm_memory_committed_bytes,"{area=""heap"",id=""G1 Old Gen"",language=""java"",service=""java-product-service"",}",41943040.0
1790114200.581,java-product-service,jvm_memory_committed_bytes,"{area=""nonheap"",id=""Compressed Class Space"",language=""java"",service=""java-product-service"",}",13369344.0
1790114200.581,java-product-service,jvm_memory_committed_bytes,"{area=""heap"",id=""G1 Survivor Space"",language=""java"",service=""java-product-service"",}",4194304.0
1790114200.581,java-product-service,jvm_memory_committed_bytes,"{area=""nonheap"",id=""CodeHeap 'profiled nmethods'"",language=""java"",service=""java-product-service"",}",24117248.0
1790114200.581,java-product-service,jvm_memory_committed_bytes,"{area=""nonheap"",id=""CodeHeap 'non-profiled nmethods'"",language=""java"",service=""java-product-service"",}",6488064.0
1790114200.581,java-order-service,process_cpu_usage,"{language=""java"",service=""java-order-service"",}",0.024242424242424242
1790114200.581,java-order-service,tomcat_threads_busy_threads,"{language=""java"",name=""http-nio-9083"",service=""java-order-service"",}",-1.0
1790114200.581,java-order-service,jvm_memory_used_bytes,"{area=""nonheap"",id=""CodeHeap 'non-profiled nmethods'"",language=""java"",service=""java-order-service"",}",4242176.0
1790114200.581,java-order-service,jvm_memory_used_bytes,"{area=""heap"",id=""G1 Eden Space"",language=""java"",service=""java-order-service"",}",24117248.0
1790114200.581,java-order-service,jvm_memory_used_bytes,"{area=""nonheap"",id=""CodeHeap 'profiled nmethods'"",language=""java"",service=""java-order-service"",}",15602816.0
1790114200.581,java-order-service,jvm_memory_used_bytes,"{area=""nonheap"",id=""CodeHeap 'non-nmethods'"",language=""java"",service=""java-order-service"",}",1609984.0
1790114200.581,java-order-service,jvm_memory_used_bytes,"{area=""heap"",id=""G1 Survivor Space"",language=""java"",service=""java-order-service"",}",4165552.0
1790114200.581,java-order-service,jvm_memory_used_bytes,"{area=""nonheap"",id=""Compressed Class Space"",language=""java"",service=""java-order-service"",}",10685976.0
1790114200.581,java-order-service,jvm_memory_used_bytes,"{area=""heap"",id=""G1 Old Gen"",language=""java"",service=""java-order-service"",}",31259288.0
1790114200.581,java-order-service,jvm_memory_used_bytes,"{area=""nonheap"",id=""Metaspace"",language=""java"",service=""java-order-service"",}",78873456.0
1790114200.581,java-order-service,hikaricp_connections_acquire_seconds_count,"{language=""java"",pool=""HikariPool-1"",service=""java-order-service"",}",172.0
1790114200.581,java-order-service,hikaricp_connections_acquire_seconds_sum,"{language=""java"",pool=""HikariPool-1"",service=""java-order-service"",}",0.038123918
1790114200.581,java-order-service,hikaricp_connections_usage_seconds_count,"{language=""java"",pool=""HikariPool-1"",service=""java-order-service"",}",172.0
1790114200.581,java-order-service,hikaricp_connections_usage_seconds_sum,"{language=""java"",pool=""HikariPool-1"",service=""java-order-service"",}",0.004
1790114200.581,java-order-service,tomcat_threads_config_max_threads,"{language=""java"",name=""http-nio-9083"",service=""java-order-service"",}",-1.0
1790114200.581,java-order-service,system_cpu_usage,"{language=""java"",service=""java-order-service"",}",0.02888121212121212
1790114200.581,java-order-service,hikaricp_connections_pending,"{language=""java"",pool=""HikariPool-1"",service=""java-order-service"",}",0.0
1790114200.581,java-order-service,jvm_gc_pause_seconds_count,"{action=""end of minor GC"",cause=""G1 Evacuation Pause"",gc=""G1 Young Generation"",language=""java"",service=""java-order-service"",}",1.0
1790114200.581,java-order-service,jvm_gc_pause_seconds_sum,"{action=""end of minor GC"",cause=""G1 Evacuation Pause"",gc=""G1 Young Generation"",language=""java"",service=""java-order-service"",}",0.025
1790114200.581,java-order-service,hikaricp_connections_active,"{language=""java"",pool=""HikariPool-1"",service=""java-order-service"",}",0.0
1790114200.581,java-order-service,tomcat_threads_current_threads,"{language=""java"",name=""http-nio-9083"",service=""java-order-service"",}",-1.0
1790114200.581,java-order-service,jvm_memory_committed_bytes,"{area=""nonheap"",id=""CodeHeap 'non-profiled nmethods'"",language=""java"",service=""java-order-service"",}",4259840.0
1790114200.581,java-order-service,jvm_memory_committed_bytes,"{area=""heap"",id=""G1 Eden Space"",language=""java"",service=""java-order-service"",}",45088768.0
1790114200.581,java-order-service,jvm_memory_committed_bytes,"{area=""nonheap"",id=""CodeHeap 'profiled nmethods'"",language=""java"",service=""java-order-service"",}",15663104.0
1790114200.581,java-order-service,jvm_memory_committed_bytes,"{area=""nonheap"",id=""CodeHeap 'non-nmethods'"",language=""java"",service=""java-order-service"",}",2555904.0
1790114200.581,java-order-service,jvm_memory_committed_bytes,"{area=""heap"",id=""G1 Survivor Space"",language=""java"",service=""java-order-service"",}",4194304.0
1790114200.581,java-order-service,jvm_memory_committed_bytes,"{area=""nonheap"",id=""Compressed Class Space"",language=""java"",service=""java-order-service"",}",11141120.0
1790114200.581,java-order-service,jvm_memory_committed_bytes,"{area=""heap"",id=""G1 Old Gen"",language=""java"",service=""java-order-service"",}",34603008.0
1790114200.581,java-order-service,jvm_memory_committed_bytes,"{area=""nonheap"",id=""Metaspace"",language=""java"",service=""java-order-service"",}",79822848.0
1790114205.786,java-user-service,hikaricp_connections_pending,"{framework=""spring-boot"",language=""java"",pool=""HikariPool-1"",service=""java-user-service"",}",0.0
1790114205.786,java-user-service,hikaricp_connections_acquire_seconds_count,"{framework=""spring-boot"",language=""java"",pool=""HikariPool-1"",service=""java-user-service"",}",8728.0
1790114205.786,java-user-service,hikaricp_connections_acquire_seconds_sum,"{framework=""spring-boot"",language=""java"",pool=""HikariPool-1"",service=""java-user-service"",}",58091.767111105
1790114205.786,java-user-service,jvm_gc_pause_seconds_count,"{action=""end of minor GC"",cause=""G1 Evacuation Pause"",framework=""spring-boot"",gc=""G1 Young Generation"",language=""java"",service=""java-user-service"",}",174.0
1790114205.786,java-user-service,jvm_gc_pause_seconds_sum,"{action=""end of minor GC"",cause=""G1 Evacuation Pause"",framework=""spring-boot"",gc=""G1 Young Generation"",language=""java"",service=""java-user-service"",}",1.246
1790114205.786,java-user-service,process_cpu_usage,"{framework=""spring-boot"",language=""java"",service=""java-user-service"",}",1.0
1790114205.786,java-user-service,hikaricp_connections_usage_seconds_count,"{framework=""spring-boot"",language=""java"",pool=""HikariPool-1"",service=""java-user-service"",}",8712.0
1790114205.786,java-user-service,hikaricp_connections_usage_seconds_sum,"{framework=""spring-boot"",language=""java"",pool=""HikariPool-1"",service=""java-user-service"",}",3734.64
1790114205.786,java-user-service,jvm_memory_used_bytes,"{area=""nonheap"",framework=""spring-boot"",id=""CodeHeap 'non-nmethods'"",language=""java"",service=""java-user-service"",}",1643776.0
1790114205.786,java-user-service,jvm_memory_used_bytes,"{area=""nonheap"",framework=""spring-boot"",id=""CodeHeap 'non-profiled nmethods'"",language=""java"",service=""java-user-service"",}",14939392.0
1790114205.786,java-user-service,jvm_memory_used_bytes,"{area=""heap"",framework=""spring-boot"",id=""G1 Survivor Space"",language=""java"",service=""java-user-service"",}",10485760.0
1790114205.786,java-user-service,jvm_memory_used_bytes,"{area=""heap"",framework=""spring-boot"",id=""G1 Old Gen"",language=""java"",service=""java-user-service"",}",152627864.0
1790114205.786,java-user-service,jvm_memory_used_bytes,"{area=""nonheap"",framework=""spring-boot"",id=""Metaspace"",language=""java"",service=""java-user-service"",}",104579920.0
1790114205.786,java-user-service,jvm_memory_used_bytes,"{area=""heap"",framework=""spring-boot"",id=""G1 Eden Space"",language=""java"",service=""java-user-service"",}",177209344.0
1790114205.786,java-user-service,jvm_memory_used_bytes,"{area=""nonheap"",framework=""spring-boot"",id=""Compressed Class Space"",language=""java"",service=""java-user-service"",}",13450992.0
1790114205.786,java-user-service,jvm_memory_used_bytes,"{area=""nonheap"",framework=""spring-boot"",id=""CodeHeap 'profiled nmethods'"",language=""java"",service=""java-user-service"",}",23029504.0
1790114205.786,java-user-service,tomcat_threads_config_max_threads,"{framework=""spring-boot"",language=""java"",name=""http-nio-9081"",service=""java-user-service"",}",-1.0
1790114205.786,java-user-service,system_cpu_usage,"{framework=""spring-boot"",language=""java"",service=""java-user-service"",}",1.0
1790114205.786,java-user-service,tomcat_threads_current_threads,"{framework=""spring-boot"",language=""java"",name=""http-nio-9081"",service=""java-user-service"",}",-1.0
1790114205.786,java-user-service,tomcat_threads_busy_threads,"{framework=""spring-boot"",language=""java"",name=""http-nio-9081"",service=""java-user-service"",}",-1.0
1790114205.786,java-user-service,jvm_memory_committed_bytes,"{area=""nonheap"",framework=""spring-boot"",id=""CodeHeap 'non-nmethods'"",language=""java"",service=""java-user-service"",}",2555904.0
1790114205.786,java-user-service,jvm_memory_committed_bytes,"{area=""nonheap"",framework=""spring-boot"",id=""CodeHeap 'non-profiled nmethods'"",language=""java"",service=""java-user-service"",}",15400960.0
1790114205.786,java-user-service,jvm_memory_committed_bytes,"{area=""heap"",framework=""spring-boot"",id=""G1 Survivor Space"",language=""java"",service=""java-user-service"",}",10485760.0
1790114205.786,java-user-service,jvm_memory_committed_bytes,"{area=""heap"",framework=""spring-boot"",id=""G1 Old Gen"",language=""java"",service=""java-user-service"",}",161480704.0
1790114205.786,java-user-service,jvm_memory_committed_bytes,"{area=""nonheap"",framework=""spring-boot"",id=""Metaspace"",language=""java"",service=""java-user-service"",}",105578496.0
1790114205.786,java-user-service,jvm_memory_committed_bytes,"{area=""heap"",framework=""spring-boot"",id=""G1 Eden Space"",language=""java"",service=""java-user-service"",}",212860928.0
1790114205.786,java-user-service,jvm_memory_committed_bytes,"{area=""nonheap"",framework=""spring-boot"",id=""Compressed Class Space"",language=""java"",service=""java-user-service"",}",13893632.0
1790114205.786,java-user-service,jvm_memory_committed_bytes,"{area=""nonheap"",framework=""spring-boot"",id=""CodeHeap 'profiled nmethods'"",language=""java"",service=""java-user-service"",}",27721728.0
1790114205.786,java-user-service,hikaricp_connections_active,"{framework=""spring-boot"",language=""java"",pool=""HikariPool-1"",service=""java-user-service"",}",15.0
1790114205.786,java-product-service,tomcat_threads_busy_threads,"{language=""java"",name=""http-nio-9082"",service=""java-product-service"",}",-1.0
1790114205.786,java-product-service,jvm_gc_pause_seconds_count,"{action=""end of minor GC"",cause=""G1 Evacuation Pause"",gc=""G1 Young Generation"",language=""java"",service=""java-product-service"",}",4.0
1790114205.786,java-product-service,jvm_gc_pause_seconds_sum,"{action=""end of minor GC"",cause=""G1 Evacuation Pause"",gc=""G1 Young Generation"",language=""java"",service=""java-product-service"",}",0.049
1790114205.786,java-product-service,hikaricp_connections_active,"{language=""java"",pool=""HikariPool-1"",service=""java-product-service"",}",0.0
1790114205.786,java-product-service,tomcat_threads_current_threads,"{language=""java"",name=""http-nio-9082"",service=""java-product-service"",}",-1.0
1790114205.786,java-product-service,hikaricp_connections_usage_seconds_count,"{language=""java"",pool=""HikariPool-1"",service=""java-product-service"",}",190.0
1790114205.786,java-product-service,hikaricp_connections_usage_seconds_sum,"{language=""java"",pool=""HikariPool-1"",service=""java-product-service"",}",0.325
1790114205.786,java-product-service,hikaricp_connections_acquire_seconds_count,"{language=""java"",pool=""HikariPool-1"",service=""java-product-service"",}",190.0
1790114205.786,java-product-service,hikaricp_connections_acquire_seconds_sum,"{language=""java"",pool=""HikariPool-1"",service=""java-product-service"",}",0.074570956
1790114205.786,java-product-service,process_cpu_usage,"{language=""java"",service=""java-product-service"",}",0.010256410256410256
1790114205.786,java-product-service,hikaricp_connections_pending,"{language=""java"",pool=""HikariPool-1"",service=""java-product-service"",}",0.0
1790114205.786,java-product-service,system_cpu_usage,"{language=""java"",service=""java-product-service"",}",0.018375384615384616
1790114205.786,java-product-service,tomcat_threads_config_max_threads,"{language=""java"",name=""http-nio-9082"",service=""java-product-service"",}",-1.0
1790114205.786,java-product-service,jvm_memory_used_bytes,"{area=""nonheap"",id=""CodeHeap 'non-nmethods'"",language=""java"",service=""java-product-service"",}",1639552.0
1790114205.786,java-product-service,jvm_memory_used_bytes,"{area=""heap"",id=""G1 Eden Space"",language=""java"",service=""java-product-service"",}",34603008.0
1790114205.786,java-product-service,jvm_memory_used_bytes,"{area=""nonheap"",id=""Metaspace"",language=""java"",service=""java-product-service"",}",97338240.0
1790114205.786,java-product-service,jvm_memory_used_bytes,"{area=""heap"",id=""G1 Old Gen"",language=""java"",service=""java-product-service"",}",37723768.0
1790114205.786,java-product-service,jvm_memory_used_bytes,"{area=""nonheap"",id=""Compressed Class Space"",language=""java"",service=""java-product-service"",}",12905120.0
1790114205.786,java-product-service,jvm_memory_used_bytes,"{area=""heap"",id=""G1 Survivor Space"",language=""java"",service=""java-product-service"",}",4024160.0
1790114205.786,java-product-service,jvm_memory_used_bytes,"{area=""nonheap"",id=""CodeHeap 'profiled nmethods'"",language=""java"",service=""java-product-service"",}",23139584.0
1790114205.786,java-product-service,jvm_memory_used_bytes,"{area=""nonheap"",id=""CodeHeap 'non-profiled nmethods'"",language=""java"",service=""java-product-service"",}",6389632.0
1790114205.786,java-product-service,jvm_memory_committed_bytes,"{area=""nonheap"",id=""CodeHeap 'non-nmethods'"",language=""java"",service=""java-product-service"",}",2555904.0
1790114205.786,java-product-service,jvm_memory_committed_bytes,"{area=""heap"",id=""G1 Eden Space"",language=""java"",service=""java-product-service"",}",68157440.0
1790114205.786,java-product-service,jvm_memory_committed_bytes,"{area=""nonheap"",id=""Metaspace"",language=""java"",service=""java-product-service"",}",98304000.0
1790114205.786,java-product-service,jvm_memory_committed_bytes,"{area=""heap"",id=""G1 Old Gen"",language=""java"",service=""java-product-service"",}",41943040.0
1790114205.786,java-product-service,jvm_memory_committed_bytes,"{area=""nonheap"",id=""Compressed Class Space"",language=""java"",service=""java-product-service"",}",13369344.0
1790114205.786,java-product-service,jvm_memory_committed_bytes,"{area=""heap"",id=""G1 Survivor Space"",language=""java"",service=""java-product-service"",}",4194304.0
1790114205.786,java-product-service,jvm_memory_committed_bytes,"{area=""nonheap"",id=""CodeHeap 'profiled nmethods'"",language=""java"",service=""java-product-service"",}",24117248.0
1790114205.786,java-product-service,jvm_memory_committed_bytes,"{area=""nonheap"",id=""CodeHeap 'non-profiled nmethods'"",language=""java"",service=""java-product-service"",}",6488064.0
1790114205.786,java-order-service,process_cpu_usage,"{language=""java"",service=""java-order-service"",}",0.0044444444444444444
1790114205.786,java-order-service,tomcat_threads_busy_threads,"{language=""java"",name=""http-nio-9083"",service=""java-order-service"",}",-1.0
1790114205.786,java-order-service,jvm_memory_used_bytes,"{area=""nonheap"",id=""CodeHeap 'non-profiled nmethods'"",language=""java"",service=""java-order-service"",}",4251776.0
1790114205.786,java-order-service,jvm_memory_used_bytes,"{area=""heap"",id=""G1 Eden Space"",language=""java"",service=""java-order-service"",}",25165824.0
1790114205.786,java-order-service,jvm_memory_used_bytes,"{area=""nonheap"",id=""CodeHeap 'profiled nmethods'"",language=""java"",service=""java-order-service"",}",15618432.0
1790114205.786,java-order-service,jvm_memory_used_bytes,"{area=""nonheap"",id=""CodeHeap 'non-nmethods'"",language=""java"",service=""java-order-service"",}",1609984.0
1790114205.786,java-order-service,jvm_memory_used_bytes,"{area=""heap"",id=""G1 Survivor Space"",language=""java"",service=""java-order-service"",}",4165552.0
1790114205.786,java-order-service,jvm_memory_used_bytes,"{area=""nonheap"",id=""Compressed Class Space"",language=""java"",service=""java-order-service"",}",10685976.0
1790114205.786,java-order-service,jvm_memory_used_bytes,"{area=""heap"",id=""G1 Old Gen"",language=""java"",service=""java-order-service"",}",31259288.0
1790114205.786,java-order-service,jvm_memory_used_bytes,"{area=""nonheap"",id=""Metaspace"",language=""java"",service=""java-order-service"",}",78878664.0
1790114205.786,java-order-service,hikaricp_connections_acquire_seconds_count,"{language=""java"",pool=""HikariPool-1"",service=""java-order-service"",}",176.0
1790114205.786,java-order-service,hikaricp_connections_acquire_seconds_sum,"{language=""java"",pool=""HikariPool-1"",service=""java-order-service"",}",0.038674668
1790114205.786,java-order-service,hikaricp_connections_usage_seconds_count,"{language=""java"",pool=""HikariPool-1"",service=""java-order-service"",}",176.0
1790114205.786,java-order-service,hikaricp_connections_usage_seconds_sum,"{language=""java"",pool=""HikariPool-1"",service=""java-order-service"",}",0.004
1790114205.786,java-order-service,tomcat_threads_config_max_threads,"{language=""java"",name=""http-nio-9083"",service=""java-order-service"",}",-1.0
1790114205.786,java-order-service,system_cpu_usage,"{language=""java"",service=""java-order-service"",}",0.008166666666666666
1790114205.786,java-order-service,hikaricp_connections_pending,"{language=""java"",pool=""HikariPool-1"",service=""java-order-service"",}",0.0
1790114205.786,java-order-service,jvm_gc_pause_seconds_count,"{action=""end of minor GC"",cause=""G1 Evacuation Pause"",gc=""G1 Young Generation"",language=""java"",service=""java-order-service"",}",1.0
1790114205.786,java-order-service,jvm_gc_pause_seconds_sum,"{action=""end of minor GC"",cause=""G1 Evacuation Pause"",gc=""G1 Young Generation"",language=""java"",service=""java-order-service"",}",0.025
1790114205.786,java-order-service,hikaricp_connections_active,"{language=""java"",pool=""HikariPool-1"",service=""java-order-service"",}",0.0
1790114205.786,java-order-service,tomcat_threads_current_threads,"{language=""java"",name=""http-nio-9083"",service=""java-order-service"",}",-1.0
1790114205.786,java-order-service,jvm_memory_committed_bytes,"{area=""nonheap"",id=""CodeHeap 'non-profiled nmethods'"",language=""java"",service=""java-order-service"",}",4259840.0
1790114205.786,java-order-service,jvm_memory_committed_bytes,"{area=""heap"",id=""G1 Eden Space"",language=""java"",service=""java-order-service"",}",45088768.0
1790114205.786,java-order-service,jvm_memory_committed_bytes,"{area=""nonheap"",id=""CodeHeap 'profiled nmethods'"",language=""java"",service=""java-order-service"",}",15663104.0
1790114205.786,java-order-service,jvm_memory_committed_bytes,"{area=""nonheap"",id=""CodeHeap 'non-nmethods'"",language=""java"",service=""java-order-service"",}",2555904.0
1790114205.786,java-order-service,jvm_memory_committed_bytes,"{area=""heap"",id=""G1 Survivor Space"",language=""java"",service=""java-order-service"",}",4194304.0
1790114205.786,java-order-service,jvm_memory_committed_bytes,"{area=""nonheap"",id=""Compressed Class Space"",language=""java"",service=""java-order-service"",}",11141120.0
1790114205.786,java-order-service,jvm_memory_committed_bytes,"{area=""heap"",id=""G1 Old Gen"",language=""java"",service=""java-order-service"",}",34603008.0
1790114205.786,java-order-service,jvm_memory_committed_bytes,"{area=""nonheap"",id=""Metaspace"",language=""java"",service=""java-order-service"",}",79822848.0
