t,service,series,cumulative_count,cumulative_sum_seconds
1790110574.773,java-user-service,"http_server_requests_seconds{error=""none"",exception=""none"",framework=""spring-boot"",language=""java"",method=""GET"",outcome=""SUCCESS"",service=""java-user-service"",status=""200"",uri=""/actuator/health"",quanti,}",0.0,0.0
1790110574.773,java-user-service,"http_server_requests_seconds{error=""none"",exception=""none"",framework=""spring-boot"",language=""java"",method=""GET"",outcome=""SUCCESS"",service=""java-user-service"",status=""200"",uri=""/actuator/health"",}",3.0,0.33811375
1790110574.773,java-user-service,"http_server_requests_seconds{error=""none"",exception=""none"",framework=""spring-boot"",language=""java"",method=""POST"",outcome=""SUCCESS"",service=""java-user-service"",status=""201"",uri=""/users"",quanti,}",0.0,0.0
1790110574.773,java-user-service,"http_server_requests_seconds{error=""none"",exception=""none"",framework=""spring-boot"",language=""java"",method=""POST"",outcome=""SUCCESS"",service=""java-user-service"",status=""201"",uri=""/users"",}",107.0,20.550137888
1790110574.773,java-user-service,"http_server_requests_seconds{error=""none"",exception=""none"",framework=""spring-boot"",language=""java"",method=""GET"",outcome=""SUCCESS"",service=""java-user-service"",status=""200"",uri=""/users"",quanti,}",0.0,0.0
1790110574.773,java-user-service,"http_server_requests_seconds{error=""none"",exception=""none"",framework=""spring-boot"",language=""java"",method=""GET"",outcome=""SUCCESS"",service=""java-user-service"",status=""200"",uri=""/users"",}",1000.0,7.750674296
1790110574.773,java-user-service,"http_server_requests_seconds{error=""none"",exception=""none"",framework=""spring-boot"",language=""java"",method=""GET"",outcome=""SUCCESS"",service=""java-user-service"",status=""200"",uri=""/actuator/prometheus"",quanti,}",0.0,0.0
1790110574.773,java-user-service,"http_server_requests_seconds{error=""none"",exception=""none"",framework=""spring-boot"",language=""java"",method=""GET"",outcome=""SUCCESS"",service=""java-user-service"",status=""200"",uri=""/actuator/prometheus"",}",1.0,0.03947175
1790110574.773,java-product-service,"http_server_requests_seconds{error=""none"",exception=""none"",language=""java"",method=""GET"",outcome=""SUCCESS"",service=""java-product-service"",status=""200"",uri=""/actuator/health"",quanti,}",0.0,0.0
1790110574.773,java-product-service,"http_server_requests_seconds{error=""none"",exception=""none"",language=""java"",method=""GET"",outcome=""SUCCESS"",service=""java-product-service"",status=""200"",uri=""/actuator/health"",}",4.0,0.250074958
1790110574.773,java-product-service,"http_server_requests_seconds{error=""none"",exception=""none"",language=""java"",method=""GET"",outcome=""SUCCESS"",service=""java-product-service"",status=""200"",uri=""/actuator/prometheus"",quanti,}",0.0,0.0
1790110574.773,java-product-service,"http_server_requests_seconds{error=""none"",exception=""none"",language=""java"",method=""GET"",outcome=""SUCCESS"",service=""java-product-service"",status=""200"",uri=""/actuator/prometheus"",}",1.0,0.015421125
1790110574.773,java-product-service,"http_server_requests_seconds{error=""none"",exception=""none"",language=""java"",method=""POST"",outcome=""SUCCESS"",service=""java-product-service"",status=""201"",uri=""/products"",quanti,}",0.0,0.0
1790110574.773,java-product-service,"http_server_requests_seconds{error=""none"",exception=""none"",language=""java"",method=""POST"",outcome=""SUCCESS"",service=""java-product-service"",status=""201"",uri=""/products"",}",5.0,0.07632475
1790110574.773,java-product-service,"http_server_requests_seconds{error=""none"",exception=""none"",language=""java"",method=""GET"",outcome=""SUCCESS"",service=""java-product-service"",status=""200"",uri=""/products"",quanti,}",0.0,0.0
1790110574.773,java-product-service,"http_server_requests_seconds{error=""none"",exception=""none"",language=""java"",method=""GET"",outcome=""SUCCESS"",service=""java-product-service"",status=""200"",uri=""/products"",}",1000.0,1.935842886
1790110574.773,java-order-service,"http_server_requests_seconds{error=""none"",exception=""none"",language=""java"",method=""GET"",outcome=""SUCCESS"",service=""java-order-service"",status=""200"",uri=""/actuator/prometheus"",quanti,}",0.0,0.0
1790110574.773,java-order-service,"http_server_requests_seconds{error=""none"",exception=""none"",language=""java"",method=""GET"",outcome=""SUCCESS"",service=""java-order-service"",status=""200"",uri=""/actuator/prometheus"",}",1.0,0.0149875
1790110574.773,java-order-service,"http_server_requests_seconds{error=""none"",exception=""none"",language=""java"",method=""GET"",outcome=""SUCCESS"",service=""java-order-service"",status=""200"",uri=""/actuator/health"",quanti,}",0.0,0.0
1790110574.773,java-order-service,"http_server_requests_seconds{error=""none"",exception=""none"",language=""java"",method=""GET"",outcome=""SUCCESS"",service=""java-order-service"",status=""200"",uri=""/actuator/health"",}",5.0,0.059261374
1790110579.814,java-user-service,"http_server_requests_seconds{error=""none"",exception=""none"",framework=""spring-boot"",language=""java"",method=""GET"",outcome=""SUCCESS"",service=""java-user-service"",status=""200"",uri=""/actuator/health"",quanti,}",0.0,0.0
1790110579.814,java-user-service,"http_server_requests_seconds{error=""none"",exception=""none"",framework=""spring-boot"",language=""java"",method=""GET"",outcome=""SUCCESS"",service=""java-user-service"",status=""200"",uri=""/actuator/health"",}",14.0,0.389007832
1790110579.814,java-user-service,"http_server_requests_seconds{error=""none"",exception=""none"",framework=""spring-boot"",language=""java"",method=""POST"",outcome=""SUCCESS"",service=""java-user-service"",status=""201"",uri=""/users"",quanti,}",0.0,0.0
1790110579.814,java-user-service,"http_server_requests_seconds{error=""none"",exception=""none"",framework=""spring-boot"",language=""java"",method=""POST"",outcome=""SUCCESS"",service=""java-user-service"",status=""201"",uri=""/users"",}",115.0,21.101387137
1790110579.814,java-user-service,"http_server_requests_seconds{error=""none"",exception=""none"",framework=""spring-boot"",language=""java"",method=""GET"",outcome=""SUCCESS"",service=""java-user-service"",status=""200"",uri=""/users"",quanti,}",0.0,0.0
1790110579.814,java-user-service,"http_server_requests_seconds{error=""none"",exception=""none"",framework=""spring-boot"",language=""java"",method=""GET"",outcome=""SUCCESS"",service=""java-user-service"",status=""200"",uri=""/users"",}",1000.0,7.750674296
1790110579.814,java-user-service,"http_server_requests_seconds{error=""none"",exception=""none"",framework=""spring-boot"",language=""java"",method=""GET"",outcome=""SUCCESS"",service=""java-user-service"",status=""200"",uri=""/actuator/prometheus"",quanti,}",0.0,0.0
1790110579.814,java-user-service,"http_server_requests_seconds{error=""none"",exception=""none"",framework=""spring-boot"",language=""java"",method=""GET"",outcome=""SUCCESS"",service=""java-user-service"",status=""200"",uri=""/actuator/prometheus"",}",2.0,0.046006791
1790110579.814,java-product-service,"http_server_requests_seconds{error=""none"",exception=""none"",language=""java"",method=""GET"",outcome=""SUCCESS"",service=""java-product-service"",status=""200"",uri=""/actuator/health"",quanti,}",0.0,0.0
1790110579.814,java-product-service,"http_server_requests_seconds{error=""none"",exception=""none"",language=""java"",method=""GET"",outcome=""SUCCESS"",service=""java-product-service"",status=""200"",uri=""/actuator/health"",}",14.0,0.289076292
1790110579.814,java-product-service,"http_server_requests_seconds{error=""none"",exception=""none"",language=""java"",method=""GET"",outcome=""SUCCESS"",service=""java-product-service"",status=""200"",uri=""/actuator/prometheus"",quanti,}",0.0,0.0
1790110579.814,java-product-service,"http_server_requests_seconds{error=""none"",exception=""none"",language=""java"",method=""GET"",outcome=""SUCCESS"",service=""java-product-service"",status=""200"",uri=""/actuator/prometheus"",}",2.0,0.021002667
1790110579.814,java-product-service,"http_server_requests_seconds{error=""none"",exception=""none"",language=""java"",method=""POST"",outcome=""SUCCESS"",service=""java-product-service"",status=""201"",uri=""/products"",quanti,}",0.0,0.0
1790110579.814,java-product-service,"http_server_requests_seconds{error=""none"",exception=""none"",language=""java"",method=""POST"",outcome=""SUCCESS"",service=""java-product-service"",status=""201"",uri=""/products"",}",10.0,0.090821916
1790110579.814,java-product-service,"http_server_requests_seconds{error=""none"",exception=""none"",language=""java"",method=""GET"",outcome=""SUCCESS"",service=""java-product-service"",status=""200"",uri=""/products"",quanti,}",0.0,0.0
1790110579.814,java-product-service,"http_server_requests_seconds{error=""none"",exception=""none"",language=""java"",method=""GET"",outcome=""SUCCESS"",service=""java-product-service"",status=""200"",uri=""/products"",}",1003.0,1.947091678
1790110579.814,java-order-service,"http_server_requests_seconds{error=""none"",exception=""none"",language=""java"",method=""GET"",outcome=""SUCCESS"",service=""java-order-service"",status=""200"",uri=""/actuator/prometheus"",quanti,}",0.0,0.0
1790110579.814,java-order-service,"http_server_requests_seconds{error=""none"",exception=""none"",language=""java"",method=""GET"",outcome=""SUCCESS"",service=""java-order-service"",status=""200"",uri=""/actuator/prometheus"",}",2.0,0.019475667
1790110579.814,java-order-service,"http_server_requests_seconds{error=""none"",exception=""none"",language=""java"",method=""GET"",outcome=""SUCCESS"",service=""java-order-service"",status=""200"",uri=""/actuator/health"",quanti,}",0.0,0.0
1790110579.814,java-order-service,"http_server_requests_seconds{error=""none"",exception=""none"",language=""java"",method=""GET"",outcome=""SUCCESS"",service=""java-order-service"",status=""200"",uri=""/actuator/health"",}",14.0,0.088624374
1790110584.871,java-user-service,"http_server_requests_seconds{error=""none"",exception=""none"",framework=""spring-boot"",language=""java"",method=""GET"",outcome=""SUCCESS"",service=""java-user-service"",status=""200"",uri=""/actuator/health"",quanti,}",0.0,0.0
1790110584.871,java-user-service,"http_server_requests_seconds{error=""none"",exception=""none"",framework=""spring-boot"",language=""java"",method=""GET"",outcome=""SUCCESS"",service=""java-user-service"",status=""200"",uri=""/actuator/health"",}",24.0,0.432707748
1790110584.871,java-user-service,"http_server_requests_seconds{error=""none"",exception=""none"",framework=""spring-boot"",language=""java"",method=""POST"",outcome=""SUCCESS"",service=""java-user-service"",status=""201"",uri=""/users"",quanti,}",0.0,0.0
1790110584.871,java-user-service,"http_server_requests_seconds{error=""none"",exception=""none"",framework=""spring-boot"",language=""java"",method=""POST"",outcome=""SUCCESS"",service=""java-user-service"",status=""201"",uri=""/users"",}",123.0,21.713329013
1790110584.871,java-user-service,"http_server_requests_seconds{error=""none"",exception=""none"",framework=""spring-boot"",language=""java"",method=""GET"",outcome=""SUCCESS"",service=""java-user-service"",status=""200"",uri=""/users"",quanti,}",0.0,0.0
1790110584.871,java-user-service,"http_server_requests_seconds{error=""none"",exception=""none"",framework=""spring-boot"",language=""java"",method=""GET"",outcome=""SUCCESS"",service=""java-user-service"",status=""200"",uri=""/users"",}",1000.0,7.750674296
1790110584.871,java-user-service,"http_server_requests_seconds{error=""none"",exception=""none"",framework=""spring-boot"",language=""java"",method=""GET"",outcome=""SUCCESS"",service=""java-user-service"",status=""200"",uri=""/actuator/prometheus"",quanti,}",0.0,0.0
1790110584.871,java-user-service,"http_server_requests_seconds{error=""none"",exception=""none"",framework=""spring-boot"",language=""java"",method=""GET"",outcome=""SUCCESS"",service=""java-user-service"",status=""200"",uri=""/actuator/prometheus"",}",3.0,0.061322083
1790110584.871,java-product-service,"http_server_requests_seconds{error=""none"",exception=""none"",language=""java"",method=""GET"",outcome=""SUCCESS"",service=""java-product-service"",status=""200"",uri=""/actuator/health"",quanti,}",0.0,0.0
1790110584.871,java-product-service,"http_server_requests_seconds{error=""none"",exception=""none"",language=""java"",method=""GET"",outcome=""SUCCESS"",service=""java-product-service"",status=""200"",uri=""/actuator/health"",}",24.0,0.325670042
1790110584.871,java-product-service,"http_server_requests_seconds{error=""none"",exception=""none"",language=""java"",method=""GET"",outcome=""SUCCESS"",service=""java-product-service"",status=""200"",uri=""/actuator/prometheus"",quanti,}",0.0,0.0
1790110584.871,java-product-service,"http_server_requests_seconds{error=""none"",exception=""none"",language=""java"",method=""GET"",outcome=""SUCCESS"",service=""java-product-service"",status=""200"",uri=""/actuator/prometheus"",}",3.0,0.030972834
1790110584.871,java-product-service,"http_server_requests_seconds{error=""none"",exception=""none"",language=""java"",method=""POST"",outcome=""SUCCESS"",service=""java-product-service"",status=""201"",uri=""/products"",quanti,}",0.0,0.0
1790110584.871,java-product-service,"http_server_requests_seconds{error=""none"",exception=""none"",language=""java"",method=""POST"",outcome=""SUCCESS"",service=""java-product-service"",status=""201"",uri=""/products"",}",10.0,0.090821916
1790110584.871,java-product-service,"http_server_requests_seconds{error=""none"",exception=""none"",language=""java"",method=""GET"",outcome=""SUCCESS"",service=""java-product-service"",status=""200"",uri=""/products"",quanti,}",0.0,0.0
1790110584.871,java-product-service,"http_server_requests_seconds{error=""none"",exception=""none"",language=""java"",method=""GET"",outcome=""SUCCESS"",service=""java-product-service"",status=""200"",uri=""/products"",}",1025.0,1.974547258
1790110584.871,java-order-service,"http_server_requests_seconds{error=""none"",exception=""none"",language=""java"",method=""GET"",outcome=""SUCCESS"",service=""java-order-service"",status=""200"",uri=""/actuator/prometheus"",quanti,}",0.0,0.0
1790110584.871,java-order-service,"http_server_requests_seconds{error=""none"",exception=""none"",language=""java"",method=""GET"",outcome=""SUCCESS"",service=""java-order-service"",status=""200"",uri=""/actuator/prometheus"",}",3.0,0.027043209
1790110584.871,java-order-service,"http_server_requests_seconds{error=""none"",exception=""none"",language=""java"",method=""GET"",outcome=""SUCCESS"",service=""java-order-service"",status=""200"",uri=""/actuator/health"",quanti,}",0.0,0.0
1790110584.871,java-order-service,"http_server_requests_seconds{error=""none"",exception=""none"",language=""java"",method=""GET"",outcome=""SUCCESS"",service=""java-order-service"",status=""200"",uri=""/actuator/health"",}",25.0,0.119853372
1790110589.941,java-user-service,"http_server_requests_seconds{error=""none"",exception=""none"",framework=""spring-boot"",language=""java"",method=""GET"",outcome=""SUCCESS"",service=""java-user-service"",status=""200"",uri=""/actuator/health"",quanti,}",0.0,0.0
1790110589.941,java-user-service,"http_server_requests_seconds{error=""none"",exception=""none"",framework=""spring-boot"",language=""java"",method=""GET"",outcome=""SUCCESS"",service=""java-user-service"",status=""200"",uri=""/actuator/health"",}",34.0,0.464326581
1790110589.941,java-user-service,"http_server_requests_seconds{error=""none"",exception=""none"",framework=""spring-boot"",language=""java"",method=""POST"",outcome=""SUCCESS"",service=""java-user-service"",status=""201"",uri=""/users"",quanti,}",0.0,0.0
1790110589.941,java-user-service,"http_server_requests_seconds{error=""none"",exception=""none"",framework=""spring-boot"",language=""java"",method=""POST"",outcome=""SUCCESS"",service=""java-user-service"",status=""201"",uri=""/users"",}",136.0,22.690512013
1790110589.941,java-user-service,"http_server_requests_seconds{error=""none"",exception=""none"",framework=""spring-boot"",language=""java"",method=""GET"",outcome=""SUCCESS"",service=""java-user-service"",status=""200"",uri=""/users"",quanti,}",0.0,0.0
1790110589.941,java-user-service,"http_server_requests_seconds{error=""none"",exception=""none"",framework=""spring-boot"",language=""java"",method=""GET"",outcome=""SUCCESS"",service=""java-user-service"",status=""200"",uri=""/users"",}",1000.0,7.750674296
1790110589.941,java-user-service,"http_server_requests_seconds{error=""none"",exception=""none"",framework=""spring-boot"",language=""java"",method=""GET"",outcome=""SUCCESS"",service=""java-user-service"",status=""200"",uri=""/actuator/prometheus"",quanti,}",0.0,0.0
1790110589.941,java-user-service,"http_server_requests_seconds{error=""none"",exception=""none"",framework=""spring-boot"",language=""java"",method=""GET"",outcome=""SUCCESS"",service=""java-user-service"",status=""200"",uri=""/actuator/prometheus"",}",4.0,0.074651333
1790110589.941,java-product-service,"http_server_requests_seconds{error=""none"",exception=""none"",language=""java"",method=""GET"",outcome=""SUCCESS"",service=""java-product-service"",status=""200"",uri=""/actuator/health"",quanti,}",0.0,0.0
1790110589.941,java-product-service,"http_server_requests_seconds{error=""none"",exception=""none"",language=""java"",method=""GET"",outcome=""SUCCESS"",service=""java-product-service"",status=""200"",uri=""/actuator/health"",}",34.0,0.352806709
1790110589.941,java-product-service,"http_server_requests_seconds{error=""none"",exception=""none"",language=""java"",method=""GET"",outcome=""SUCCESS"",service=""java-product-service"",status=""200"",uri=""/actuator/prometheus"",quanti,}",0.0,0.0
1790110589.941,java-product-service,"http_server_requests_seconds{error=""none"",exception=""none"",language=""java"",method=""GET"",outcome=""SUCCESS"",service=""java-product-service"",status=""200"",uri=""/actuator/prometheus"",}",4.0,0.04029775
1790110589.941,java-product-service,"http_server_requests_seconds{error=""none"",exception=""none"",language=""java"",method=""POST"",outcome=""SUCCESS"",service=""java-product-service"",status=""201"",uri=""/products"",quanti,}",0.0,0.0
1790110589.941,java-product-service,"http_server_requests_seconds{error=""none"",exception=""none"",language=""java"",method=""POST"",outcome=""SUCCESS"",service=""java-product-service"",status=""201"",uri=""/products"",}",10.0,0.090821916
1790110589.941,java-product-service,"http_server_requests_seconds{error=""none"",exception=""none"",language=""java"",method=""GET"",outcome=""SUCCESS"",service=""java-product-service"",status=""200"",uri=""/products"",quanti,}",0.0,0.0
1790110589.941,java-product-service,"http_server_requests_seconds{error=""none"",exception=""none"",language=""java"",method=""GET"",outcome=""SUCCESS"",service=""java-product-service"",status=""200"",uri=""/products"",}",1067.0,2.019055464
1790110589.941,java-order-service,"http_server_requests_seconds{error=""none"",exception=""none"",language=""java"",method=""GET"",outcome=""SUCCESS"",service=""java-order-service"",status=""200"",uri=""/actuator/prometheus"",quanti,}",0.0,0.0
1790110589.941,java-order-service,"http_server_requests_seconds{error=""none"",exception=""none"",language=""java"",method=""GET"",outcome=""SUCCESS"",service=""java-order-service"",status=""200"",uri=""/actuator/prometheus"",}",4.0,0.041423459
1790110589.941,java-order-service,"http_server_requests_seconds{error=""none"",exception=""none"",language=""java"",method=""GET"",outcome=""SUCCESS"",service=""java-order-service"",status=""200"",uri=""/actuator/health"",quanti,}",0.0,0.0
1790110589.941,java-order-service,"http_server_requests_seconds{error=""none"",exception=""none"",language=""java"",method=""GET"",outcome=""SUCCESS"",service=""java-order-service"",status=""200"",uri=""/actuator/health"",}",34.0,0.137853415
1790110595.011,java-user-service,"http_server_requests_seconds{error=""none"",exception=""none"",framework=""spring-boot"",language=""java"",method=""GET"",outcome=""SUCCESS"",service=""java-user-service"",status=""200"",uri=""/actuator/health"",quanti,}",0.0,0.0
1790110595.011,java-user-service,"http_server_requests_seconds{error=""none"",exception=""none"",framework=""spring-boot"",language=""java"",method=""GET"",outcome=""SUCCESS"",service=""java-user-service"",status=""200"",uri=""/actuator/health"",}",44.0,0.498286997
1790110595.011,java-user-service,"http_server_requests_seconds{error=""none"",exception=""none"",framework=""spring-boot"",language=""java"",method=""POST"",outcome=""SUCCESS"",service=""java-user-service"",status=""201"",uri=""/users"",quanti,}",0.0,0.0
1790110595.011,java-user-service,"http_server_requests_seconds{error=""none"",exception=""none"",framework=""spring-boot"",language=""java"",method=""POST"",outcome=""SUCCESS"",service=""java-user-service"",status=""201"",uri=""/users"",}",154.0,24.083391555
1790110595.011,java-user-service,"http_server_requests_seconds{error=""none"",exception=""none"",framework=""spring-boot"",language=""java"",method=""GET"",outcome=""SUCCESS"",service=""java-user-service"",status=""200"",uri=""/users"",quanti,}",0.0,0.0
1790110595.011,java-user-service,"http_server_requests_seconds{error=""none"",exception=""none"",framework=""spring-boot"",language=""java"",method=""GET"",outcome=""SUCCESS"",service=""java-user-service"",status=""200"",uri=""/users"",}",1000.0,7.750674296
1790110595.011,java-user-service,"http_server_requests_seconds{error=""none"",exception=""none"",framework=""spring-boot"",language=""java"",method=""GET"",outcome=""SUCCESS"",service=""java-user-service"",status=""200"",uri=""/actuator/prometheus"",quanti,}",0.0,0.0
1790110595.011,java-user-service,"http_server_requests_seconds{error=""none"",exception=""none"",framework=""spring-boot"",language=""java"",method=""GET"",outcome=""SUCCESS"",service=""java-user-service"",status=""200"",uri=""/actuator/prometheus"",}",5.0,0.087191167
1790110595.011,java-product-service,"http_server_requests_seconds{error=""none"",exception=""none"",language=""java"",method=""GET"",outcome=""SUCCESS"",service=""java-product-service"",status=""200"",uri=""/actuator/health"",quanti,}",0.0,0.0
1790110595.011,java-product-service,"http_server_requests_seconds{error=""none"",exception=""none"",language=""java"",method=""GET"",outcome=""SUCCESS"",service=""java-product-service"",status=""200"",uri=""/actuator/health"",}",44.0,0.381435916
1790110595.011,java-product-service,"http_server_requests_seconds{error=""none"",exception=""none"",language=""java"",method=""GET"",outcome=""SUCCESS"",service=""java-product-service"",status=""200"",uri=""/actuator/prometheus"",quanti,}",0.0,0.0
1790110595.011,java-product-service,"http_server_requests_seconds{error=""none"",exception=""none"",language=""java"",method=""GET"",outcome=""SUCCESS"",service=""java-product-service"",status=""200"",uri=""/actuator/prometheus"",}",5.0,0.0496475
1790110595.011,java-product-service,"http_server_requests_seconds{error=""none"",exception=""none"",language=""java"",method=""POST"",outcome=""SUCCESS"",service=""java-product-service"",status=""201"",uri=""/products"",quanti,}",0.0,0.0
1790110595.011,java-product-service,"http_server_requests_seconds{error=""none"",exception=""none"",language=""java"",method=""POST"",outcome=""SUCCESS"",service=""java-product-service"",status=""201"",uri=""/products"",}",10.0,0.090821916
1790110595.011,java-product-service,"http_server_requests_seconds{error=""none"",exception=""none"",language=""java"",method=""GET"",outcome=""SUCCESS"",service=""java-product-service"",status=""200"",uri=""/products"",quanti,}",0.0,0.0
1790110595.011,java-product-service,"http_server_requests_seconds{error=""none"",exception=""none"",language=""java"",method=""GET"",outcome=""SUCCESS"",service=""java-product-service"",status=""200"",uri=""/products"",}",1129.0,2.070419548
1790110595.011,java-order-service,"http_server_requests_seconds{error=""none"",exception=""none"",language=""java"",method=""GET"",outcome=""SUCCESS"",service=""java-order-service"",status=""200"",uri=""/actuator/prometheus"",quanti,}",0.0,0.0
1790110595.011,java-order-service,"http_server_requests_seconds{error=""none"",exception=""none"",language=""java"",method=""GET"",outcome=""SUCCESS"",service=""java-order-service"",status=""200"",uri=""/actuator/prometheus"",}",5.0,0.049283418
1790110595.011,java-order-service,"http_server_requests_seconds{error=""none"",exception=""none"",language=""java"",method=""GET"",outcome=""SUCCESS"",service=""java-order-service"",status=""200"",uri=""/actuator/health"",quanti,}",0.0,0.0
1790110595.011,java-order-service,"http_server_requests_seconds{error=""none"",exception=""none"",language=""java"",method=""GET"",outcome=""SUCCESS"",service=""java-order-service"",status=""200"",uri=""/actuator/health"",}",45.0,0.160176287
1790110600.060,java-user-service,"http_server_requests_seconds{error=""none"",exception=""none"",framework=""spring-boot"",language=""java"",method=""GET"",outcome=""SUCCESS"",service=""java-user-service"",status=""200"",uri=""/actuator/health"",quanti,}",0.0,0.0
1790110600.060,java-user-service,"http_server_requests_seconds{error=""none"",exception=""none"",framework=""spring-boot"",language=""java"",method=""GET"",outcome=""SUCCESS"",service=""java-user-service"",status=""200"",uri=""/actuator/health"",}",55.0,0.546480872
1790110600.060,java-user-service,"http_server_requests_seconds{error=""none"",exception=""none"",framework=""spring-boot"",language=""java"",method=""POST"",outcome=""SUCCESS"",service=""java-user-service"",status=""201"",uri=""/users"",quanti,}",0.0,0.0
1790110600.060,java-user-service,"http_server_requests_seconds{error=""none"",exception=""none"",framework=""spring-boot"",language=""java"",method=""POST"",outcome=""SUCCESS"",service=""java-user-service"",status=""201"",uri=""/users"",}",177.0,25.927721347
1790110600.060,java-user-service,"http_server_requests_seconds{error=""none"",exception=""none"",framework=""spring-boot"",language=""java"",method=""GET"",outcome=""SUCCESS"",service=""java-user-service"",status=""200"",uri=""/users"",quanti,}",0.0,0.0
1790110600.060,java-user-service,"http_server_requests_seconds{error=""none"",exception=""none"",framework=""spring-boot"",language=""java"",method=""GET"",outcome=""SUCCESS"",service=""java-user-service"",status=""200"",uri=""/users"",}",1000.0,7.750674296
1790110600.060,java-user-service,"http_server_requests_seconds{error=""none"",exception=""none"",framework=""spring-boot"",language=""java"",method=""GET"",outcome=""SUCCESS"",service=""java-user-service"",status=""200"",uri=""/actuator/prometheus"",quanti,}",0.0,0.0
1790110600.060,java-user-service,"http_server_requests_seconds{error=""none"",exception=""none"",framework=""spring-boot"",language=""java"",method=""GET"",outcome=""SUCCESS"",service=""java-user-service"",status=""200"",uri=""/actuator/prometheus"",}",6.0,0.100580917
1790110600.060,java-product-service,"http_server_requests_seconds{error=""none"",exception=""none"",language=""java"",method=""GET"",outcome=""SUCCESS"",service=""java-product-service"",status=""200"",uri=""/actuator/health"",quanti,}",0.0,0.0
1790110600.060,java-product-service,"http_server_requests_seconds{error=""none"",exception=""none"",language=""java"",method=""GET"",outcome=""SUCCESS"",service=""java-product-service"",status=""200"",uri=""/actuator/health"",}",55.0,0.423736749
1790110600.060,java-product-service,"http_server_requests_seconds{error=""none"",exception=""none"",language=""java"",method=""GET"",outcome=""SUCCESS"",service=""java-product-service"",status=""200"",uri=""/actuator/prometheus"",quanti,}",0.0,0.0
1790110600.060,java-product-service,"http_server_requests_seconds{error=""none"",exception=""none"",language=""java"",method=""GET"",outcome=""SUCCESS"",service=""java-product-service"",status=""200"",uri=""/actuator/prometheus"",}",6.0,0.056929291
1790110600.060,java-product-service,"http_server_requests_seconds{error=""none"",exception=""none"",language=""java"",method=""POST"",outcome=""SUCCESS"",service=""java-product-service"",status=""201"",uri=""/products"",quanti,}",0.0,0.0
1790110600.060,java-product-service,"http_server_requests_seconds{error=""none"",exception=""none"",language=""java"",method=""POST"",outcome=""SUCCESS"",service=""java-product-service"",status=""201"",uri=""/products"",}",10.0,0.090821916
1790110600.060,java-product-service,"http_server_requests_seconds{error=""none"",exception=""none"",language=""java"",method=""GET"",outcome=""SUCCESS"",service=""java-product-service"",status=""200"",uri=""/products"",quanti,}",0.0,0.0
1790110600.060,java-product-service,"http_server_requests_seconds{error=""none"",exception=""none"",language=""java"",method=""GET"",outcome=""SUCCESS"",service=""java-product-service"",status=""200"",uri=""/products"",}",1211.0,2.132425586
1790110600.060,java-order-service,"http_server_requests_seconds{error=""none"",exception=""none"",language=""java"",method=""GET"",outcome=""SUCCESS"",service=""java-order-service"",status=""200"",uri=""/actuator/prometheus"",quanti,}",0.0,0.0
1790110600.060,java-order-service,"http_server_requests_seconds{error=""none"",exception=""none"",language=""java"",method=""GET"",outcome=""SUCCESS"",service=""java-order-service"",status=""200"",uri=""/actuator/prometheus"",}",6.0,0.053595834
1790110600.060,java-order-service,"http_server_requests_seconds{error=""none"",exception=""none"",language=""java"",method=""GET"",outcome=""SUCCESS"",service=""java-order-service"",status=""200"",uri=""/actuator/health"",quanti,}",0.0,0.0
1790110600.060,java-order-service,"http_server_requests_seconds{error=""none"",exception=""none"",language=""java"",method=""GET"",outcome=""SUCCESS"",service=""java-order-service"",status=""200"",uri=""/actuator/health"",}",55.0,0.190770162
1790110605.107,java-user-service,"http_server_requests_seconds{error=""none"",exception=""none"",framework=""spring-boot"",language=""java"",method=""GET"",outcome=""SUCCESS"",service=""java-user-service"",status=""200"",uri=""/actuator/health"",quanti,}",0.0,0.0
1790110605.107,java-user-service,"http_server_requests_seconds{error=""none"",exception=""none"",framework=""spring-boot"",language=""java"",method=""GET"",outcome=""SUCCESS"",service=""java-user-service"",status=""200"",uri=""/actuator/health"",}",64.0,0.628193872
1790110605.107,java-user-service,"http_server_requests_seconds{error=""none"",exception=""none"",framework=""spring-boot"",language=""java"",method=""POST"",outcome=""SUCCESS"",service=""java-user-service"",status=""201"",uri=""/users"",quanti,}",0.0,0.0
1790110605.107,java-user-service,"http_server_requests_seconds{error=""none"",exception=""none"",framework=""spring-boot"",language=""java"",method=""POST"",outcome=""SUCCESS"",service=""java-user-service"",status=""201"",uri=""/users"",}",205.0,28.430933765
1790110605.107,java-user-service,"http_server_requests_seconds{error=""none"",exception=""none"",framework=""spring-boot"",language=""java"",method=""GET"",outcome=""SUCCESS"",service=""java-user-service"",status=""200"",uri=""/users"",quanti,}",0.0,0.0
1790110605.107,java-user-service,"http_server_requests_seconds{error=""none"",exception=""none"",framework=""spring-boot"",language=""java"",method=""GET"",outcome=""SUCCESS"",service=""java-user-service"",status=""200"",uri=""/users"",}",1000.0,7.750674296
1790110605.107,java-user-service,"http_server_requests_seconds{error=""none"",exception=""none"",framework=""spring-boot"",language=""java"",method=""GET"",outcome=""SUCCESS"",service=""java-user-service"",status=""200"",uri=""/actuator/prometheus"",quanti,}",0.0,0.0
1790110605.107,java-user-service,"http_server_requests_seconds{error=""none"",exception=""none"",framework=""spring-boot"",language=""java"",method=""GET"",outcome=""SUCCESS"",service=""java-user-service"",status=""200"",uri=""/actuator/prometheus"",}",7.0,0.111064584
1790110605.107,java-product-service,"http_server_requests_seconds{error=""none"",exception=""none"",language=""java"",method=""GET"",outcome=""SUCCESS"",service=""java-product-service"",status=""200"",uri=""/actuator/health"",quanti,}",0.0,0.0
1790110605.107,java-product-service,"http_server_requests_seconds{error=""none"",exception=""none"",language=""java"",method=""GET"",outcome=""SUCCESS"",service=""java-product-service"",status=""200"",uri=""/actuator/health"",}",64.0,0.450606541
1790110605.107,java-product-service,"http_server_requests_seconds{error=""none"",exception=""none"",language=""java"",method=""GET"",outcome=""SUCCESS"",service=""java-product-service"",status=""200"",uri=""/actuator/prometheus"",quanti,}",0.0,0.0
1790110605.107,java-product-service,"http_server_requests_seconds{error=""none"",exception=""none"",language=""java"",method=""GET"",outcome=""SUCCESS"",service=""java-product-service"",status=""200"",uri=""/actuator/prometheus"",}",7.0,0.062396208
1790110605.107,java-product-service,"http_server_requests_seconds{error=""none"",exception=""none"",language=""java"",method=""POST"",outcome=""SUCCESS"",service=""java-product-service"",status=""201"",uri=""/products"",quanti,}",0.0,0.0
1790110605.107,java-product-service,"http_server_requests_seconds{error=""none"",exception=""none"",language=""java"",method=""POST"",outcome=""SUCCESS"",service=""java-product-service"",status=""201"",uri=""/products"",}",10.0,0.090821916
1790110605.107,java-product-service,"http_server_requests_seconds{error=""none"",exception=""none"",language=""java"",method=""GET"",outcome=""SUCCESS"",service=""java-product-service"",status=""200"",uri=""/products"",quanti,}",0.0,0.0
1790110605.107,java-product-service,"http_server_requests_seconds{error=""none"",exception=""none"",language=""java"",method=""GET"",outcome=""SUCCESS"",service=""java-product-service"",status=""200"",uri=""/products"",}",1313.0,2.21311009
1790110605.107,java-order-service,"http_server_requests_seconds{error=""none"",exception=""none"",language=""java"",method=""GET"",outcome=""SUCCESS"",service=""java-order-service"",status=""200"",uri=""/actuator/prometheus"",quanti,}",0.0,0.0
1790110605.107,java-order-service,"http_server_requests_seconds{error=""none"",exception=""none"",language=""java"",method=""GET"",outcome=""SUCCESS"",service=""java-order-service"",status=""200"",uri=""/actuator/prometheus"",}",7.0,0.058029126
1790110605.107,java-order-service,"http_server_requests_seconds{error=""none"",exception=""none"",language=""java"",method=""GET"",outcome=""SUCCESS"",service=""java-order-service"",status=""200"",uri=""/actuator/health"",quanti,}",0.0,0.0
1790110605.107,java-order-service,"http_server_requests_seconds{error=""none"",exception=""none"",language=""java"",method=""GET"",outcome=""SUCCESS"",service=""java-order-service"",status=""200"",uri=""/actuator/health"",}",65.0,0.217585662
1790110610.150,java-user-service,"http_server_requests_seconds{error=""none"",exception=""none"",framework=""spring-boot"",language=""java"",method=""GET"",outcome=""SUCCESS"",service=""java-user-service"",status=""200"",uri=""/actuator/health"",quanti,}",0.0,0.0
1790110610.150,java-user-service,"http_server_requests_seconds{error=""none"",exception=""none"",framework=""spring-boot"",language=""java"",method=""GET"",outcome=""SUCCESS"",service=""java-user-service"",status=""200"",uri=""/actuator/health"",}",75.0,0.66263333
1790110610.150,java-user-service,"http_server_requests_seconds{error=""none"",exception=""none"",framework=""spring-boot"",language=""java"",method=""POST"",outcome=""SUCCESS"",service=""java-user-service"",status=""201"",uri=""/users"",quanti,}",0.0,0.0
1790110610.150,java-user-service,"http_server_requests_seconds{error=""none"",exception=""none"",framework=""spring-boot"",language=""java"",method=""POST"",outcome=""SUCCESS"",service=""java-user-service"",status=""201"",uri=""/users"",}",235.0,30.865617266
1790110610.150,java-user-service,"http_server_requests_seconds{error=""none"",exception=""none"",framework=""spring-boot"",language=""java"",method=""GET"",outcome=""SUCCESS"",service=""java-user-service"",status=""200"",uri=""/users"",quanti,}",0.0,0.0
1790110610.150,java-user-service,"http_server_requests_seconds{error=""none"",exception=""none"",framework=""spring-boot"",language=""java"",method=""GET"",outcome=""SUCCESS"",service=""java-user-service"",status=""200"",uri=""/users"",}",1000.0,7.750674296
1790110610.150,java-user-service,"http_server_requests_seconds{error=""none"",exception=""none"",framework=""spring-boot"",language=""java"",method=""GET"",outcome=""SUCCESS"",service=""java-user-service"",status=""200"",uri=""/actuator/prometheus"",quanti,}",0.0,0.0
1790110610.150,java-user-service,"http_server_requests_seconds{error=""none"",exception=""none"",framework=""spring-boot"",language=""java"",method=""GET"",outcome=""SUCCESS"",service=""java-user-service"",status=""200"",uri=""/actuator/prometheus"",}",8.0,0.117077084
1790110610.150,java-product-service,"http_server_requests_seconds{error=""none"",exception=""none"",language=""java"",method=""GET"",outcome=""SUCCESS"",service=""java-product-service"",status=""200"",uri=""/actuator/health"",quanti,}",0.0,0.0
1790110610.150,java-product-service,"http_server_requests_seconds{error=""none"",exception=""none"",language=""java"",method=""GET"",outcome=""SUCCESS"",service=""java-product-service"",status=""200"",uri=""/actuator/health"",}",75.0,0.477727
1790110610.150,java-product-service,"http_server_requests_seconds{error=""none"",exception=""none"",language=""java"",method=""GET"",outcome=""SUCCESS"",service=""java-product-service"",status=""200"",uri=""/actuator/prometheus"",quanti,}",0.0,0.0
1790110610.150,java-product-service,"http_server_requests_seconds{error=""none"",exception=""none"",language=""java"",method=""GET"",outcome=""SUCCESS"",service=""java-product-service"",status=""200"",uri=""/actuator/prometheus"",}",8.0,0.067157708
1790110610.150,java-product-service,"http_server_requests_seconds{error=""none"",exception=""none"",language=""java"",method=""POST"",outcome=""SUCCESS"",service=""java-product-service"",status=""201"",uri=""/products"",quanti,}",0.0,0.0
1790110610.150,java-product-service,"http_server_requests_seconds{error=""none"",exception=""none"",language=""java"",method=""POST"",outcome=""SUCCESS"",service=""java-product-service"",status=""201"",uri=""/products"",}",10.0,0.090821916
1790110610.150,java-product-service,"http_server_requests_seconds{error=""none"",exception=""none"",language=""java"",method=""GET"",outcome=""SUCCESS"",service=""java-product-service"",status=""200"",uri=""/products"",quanti,}",0.0,0.0
1790110610.150,java-product-service,"http_server_requests_seconds{error=""none"",exception=""none"",language=""java"",method=""GET"",outcome=""SUCCESS"",service=""java-product-service"",status=""200"",uri=""/products"",}",1432.0,2.332077639
1790110610.150,java-order-service,"http_server_requests_seconds{error=""none"",exception=""none"",language=""java"",method=""GET"",outcome=""SUCCESS"",service=""java-order-service"",status=""200"",uri=""/actuator/prometheus"",quanti,}",0.0,0.0
1790110610.150,java-order-service,"http_server_requests_seconds{error=""none"",exception=""none"",language=""java"",method=""GET"",outcome=""SUCCESS"",service=""java-order-service"",status=""200"",uri=""/actuator/prometheus"",}",8.0,0.062077626
1790110610.150,java-order-service,"http_server_requests_seconds{error=""none"",exception=""none"",language=""java"",method=""GET"",outcome=""SUCCESS"",service=""java-order-service"",status=""200"",uri=""/actuator/health"",quanti,}",0.0,0.0
1790110610.150,java-order-service,"http_server_requests_seconds{error=""none"",exception=""none"",language=""java"",method=""GET"",outcome=""SUCCESS"",service=""java-order-service"",status=""200"",uri=""/actuator/health"",}",75.0,0.241162952
1790110615.188,java-user-service,"http_server_requests_seconds{error=""none"",exception=""none"",framework=""spring-boot"",language=""java"",method=""GET"",outcome=""SUCCESS"",service=""java-user-service"",status=""200"",uri=""/actuator/health"",quanti,}",0.0,0.0
1790110615.188,java-user-service,"http_server_requests_seconds{error=""none"",exception=""none"",framework=""spring-boot"",language=""java"",method=""GET"",outcome=""SUCCESS"",service=""java-user-service"",status=""200"",uri=""/actuator/health"",}",84.0,0.696661788
1790110615.188,java-user-service,"http_server_requests_seconds{error=""none"",exception=""none"",framework=""spring-boot"",language=""java"",method=""POST"",outcome=""SUCCESS"",service=""java-user-service"",status=""201"",uri=""/users"",quanti,}",0.0,0.0
1790110615.188,java-user-service,"http_server_requests_seconds{error=""none"",exception=""none"",framework=""spring-boot"",language=""java"",method=""POST"",outcome=""SUCCESS"",service=""java-user-service"",status=""201"",uri=""/users"",}",265.0,33.803397977
1790110615.188,java-user-service,"http_server_requests_seconds{error=""none"",exception=""none"",framework=""spring-boot"",language=""java"",method=""GET"",outcome=""SUCCESS"",service=""java-user-service"",status=""200"",uri=""/users"",quanti,}",0.0,0.0
1790110615.188,java-user-service,"http_server_requests_seconds{error=""none"",exception=""none"",framework=""spring-boot"",language=""java"",method=""GET"",outcome=""SUCCESS"",service=""java-user-service"",status=""200"",uri=""/users"",}",1000.0,7.750674296
1790110615.188,java-user-service,"http_server_requests_seconds{error=""none"",exception=""none"",framework=""spring-boot"",language=""java"",method=""GET"",outcome=""SUCCESS"",service=""java-user-service"",status=""200"",uri=""/actuator/prometheus"",quanti,}",0.0,0.0
1790110615.188,java-user-service,"http_server_requests_seconds{error=""none"",exception=""none"",framework=""spring-boot"",language=""java"",method=""GET"",outcome=""SUCCESS"",service=""java-user-service"",status=""200"",uri=""/actuator/prometheus"",}",9.0,0.121548793
1790110615.188,java-product-service,"http_server_requests_seconds{error=""none"",exception=""none"",language=""java"",method=""GET"",outcome=""SUCCESS"",service=""java-product-service"",status=""200"",uri=""/actuator/health"",quanti,}",0.0,0.0
1790110615.188,java-product-service,"http_server_requests_seconds{error=""none"",exception=""none"",language=""java"",method=""GET"",outcome=""SUCCESS"",service=""java-product-service"",status=""200"",uri=""/actuator/health"",}",84.0,0.506452416
1790110615.188,java-product-service,"http_server_requests_seconds{error=""none"",exception=""none"",language=""java"",method=""GET"",outcome=""SUCCESS"",service=""java-product-service"",status=""200"",uri=""/actuator/prometheus"",quanti,}",0.0,0.0
1790110615.188,java-product-service,"http_server_requests_seconds{error=""none"",exception=""none"",language=""java"",method=""GET"",outcome=""SUCCESS"",service=""java-product-service"",status=""200"",uri=""/actuator/prometheus"",}",9.0,0.070843667
1790110615.188,java-product-service,"http_server_requests_seconds{error=""none"",exception=""none"",language=""java"",method=""POST"",outcome=""SUCCESS"",service=""java-product-service"",status=""201"",uri=""/products"",quanti,}",0.0,0.0
1790110615.188,java-product-service,"http_server_requests_seconds{error=""none"",exception=""none"",language=""java"",method=""POST"",outcome=""SUCCESS"",service=""java-product-service"",status=""201"",uri=""/products"",}",10.0,0.090821916
1790110615.188,java-product-service,"http_server_requests_seconds{error=""none"",exception=""none"",language=""java"",method=""GET"",outcome=""SUCCESS"",service=""java-product-service"",status=""200"",uri=""/products"",quanti,}",0.0,0.0
1790110615.188,java-product-service,"http_server_requests_seconds{error=""none"",exception=""none"",language=""java"",method=""GET"",outcome=""SUCCESS"",service=""java-product-service"",status=""200"",uri=""/products"",}",1552.0,2.407573512
1790110615.188,java-order-service,"http_server_requests_seconds{error=""none"",exception=""none"",language=""java"",method=""GET"",outcome=""SUCCESS"",service=""java-order-service"",status=""200"",uri=""/actuator/prometheus"",quanti,}",0.0,0.0
1790110615.188,java-order-service,"http_server_requests_seconds{error=""none"",exception=""none"",language=""java"",method=""GET"",outcome=""SUCCESS"",service=""java-order-service"",status=""200"",uri=""/actuator/prometheus"",}",9.0,0.065482584
1790110615.188,java-order-service,"http_server_requests_seconds{error=""none"",exception=""none"",language=""java"",method=""GET"",outcome=""SUCCESS"",service=""java-order-service"",status=""200"",uri=""/actuator/health"",quanti,}",0.0,0.0
1790110615.188,java-order-service,"http_server_requests_seconds{error=""none"",exception=""none"",language=""java"",method=""GET"",outcome=""SUCCESS"",service=""java-order-service"",status=""200"",uri=""/actuator/health"",}",85.0,0.264707327
1790110620.223,java-user-service,"http_server_requests_seconds{error=""none"",exception=""none"",framework=""spring-boot"",language=""java"",method=""GET"",outcome=""SUCCESS"",service=""java-user-service"",status=""200"",uri=""/actuator/health"",quanti,}",0.0,0.0
1790110620.223,java-user-service,"http_server_requests_seconds{error=""none"",exception=""none"",framework=""spring-boot"",language=""java"",method=""GET"",outcome=""SUCCESS"",service=""java-user-service"",status=""200"",uri=""/actuator/health"",}",95.0,0.738755581
1790110620.223,java-user-service,"http_server_requests_seconds{error=""none"",exception=""none"",framework=""spring-boot"",language=""java"",method=""POST"",outcome=""SUCCESS"",service=""java-user-service"",status=""201"",uri=""/users"",quanti,}",0.0,0.0
1790110620.223,java-user-service,"http_server_requests_seconds{error=""none"",exception=""none"",framework=""spring-boot"",language=""java"",method=""POST"",outcome=""SUCCESS"",service=""java-user-service"",status=""201"",uri=""/users"",}",294.0,36.371864348
1790110620.223,java-user-service,"http_server_requests_seconds{error=""none"",exception=""none"",framework=""spring-boot"",language=""java"",method=""GET"",outcome=""SUCCESS"",service=""java-user-service"",status=""200"",uri=""/users"",quanti,}",0.0,0.0
1790110620.223,java-user-service,"http_server_requests_seconds{error=""none"",exception=""none"",framework=""spring-boot"",language=""java"",method=""GET"",outcome=""SUCCESS"",service=""java-user-service"",status=""200"",uri=""/users"",}",1000.0,7.750674296
1790110620.223,java-user-service,"http_server_requests_seconds{error=""none"",exception=""none"",framework=""spring-boot"",language=""java"",method=""GET"",outcome=""SUCCESS"",service=""java-user-service"",status=""200"",uri=""/actuator/prometheus"",quanti,}",0.0,0.0
1790110620.223,java-user-service,"http_server_requests_seconds{error=""none"",exception=""none"",framework=""spring-boot"",language=""java"",method=""GET"",outcome=""SUCCESS"",service=""java-user-service"",status=""200"",uri=""/actuator/prometheus"",}",10.0,0.124952709
1790110620.223,java-product-service,"http_server_requests_seconds{error=""none"",exception=""none"",language=""java"",method=""GET"",outcome=""SUCCESS"",service=""java-product-service"",status=""200"",uri=""/actuator/health"",quanti,}",0.0,0.0
1790110620.223,java-product-service,"http_server_requests_seconds{error=""none"",exception=""none"",language=""java"",method=""GET"",outcome=""SUCCESS"",service=""java-product-service"",status=""200"",uri=""/actuator/health"",}",95.0,0.540336539
1790110620.223,java-product-service,"http_server_requests_seconds{error=""none"",exception=""none"",language=""java"",method=""GET"",outcome=""SUCCESS"",service=""java-product-service"",status=""200"",uri=""/actuator/prometheus"",quanti,}",0.0,0.0
1790110620.223,java-product-service,"http_server_requests_seconds{error=""none"",exception=""none"",language=""java"",method=""GET"",outcome=""SUCCESS"",service=""java-product-service"",status=""200"",uri=""/actuator/prometheus"",}",10.0,0.073978417
1790110620.223,java-product-service,"http_server_requests_seconds{error=""none"",exception=""none"",language=""java"",method=""POST"",outcome=""SUCCESS"",service=""java-product-service"",status=""201"",uri=""/products"",quanti,}",0.0,0.0
1790110620.223,java-product-service,"http_server_requests_seconds{error=""none"",exception=""none"",language=""java"",method=""POST"",outcome=""SUCCESS"",service=""java-product-service"",status=""201"",uri=""/products"",}",10.0,0.090821916
1790110620.223,java-product-service,"http_server_requests_seconds{error=""none"",exception=""none"",language=""java"",method=""GET"",outcome=""SUCCESS"",service=""java-product-service"",status=""200"",uri=""/products"",quanti,}",0.0,0.0
1790110620.223,java-product-service,"http_server_requests_seconds{error=""none"",exception=""none"",language=""java"",method=""GET"",outcome=""SUCCESS"",service=""java-product-service"",status=""200"",uri=""/products"",}",1672.0,2.495931223
1790110620.223,java-order-service,"http_server_requests_seconds{error=""none"",exception=""none"",language=""java"",method=""GET"",outcome=""SUCCESS"",service=""java-order-service"",status=""200"",uri=""/actuator/prometheus"",quanti,}",0.0,0.0
1790110620.223,java-order-service,"http_server_requests_seconds{error=""none"",exception=""none"",language=""java"",method=""GET"",outcome=""SUCCESS"",service=""java-order-service"",status=""200"",uri=""/actuator/prometheus"",}",10.0,0.068433501
1790110620.223,java-order-service,"http_server_requests_seconds{error=""none"",exception=""none"",language=""java"",method=""GET"",outcome=""SUCCESS"",service=""java-order-service"",status=""200"",uri=""/actuator/health"",quanti,}",0.0,0.0
1790110620.223,java-order-service,"http_server_requests_seconds{error=""none"",exception=""none"",language=""java"",method=""GET"",outcome=""SUCCESS"",service=""java-order-service"",status=""200"",uri=""/actuator/health"",}",95.0,0.287456577
1790110625.257,java-user-service,"http_server_requests_seconds{error=""none"",exception=""none"",framework=""spring-boot"",language=""java"",method=""GET"",outcome=""SUCCESS"",service=""java-user-service"",status=""200"",uri=""/actuator/health"",quanti,}",0.0,0.0
1790110625.257,java-user-service,"http_server_requests_seconds{error=""none"",exception=""none"",framework=""spring-boot"",language=""java"",method=""GET"",outcome=""SUCCESS"",service=""java-user-service"",status=""200"",uri=""/actuator/health"",}",104.0,0.771258288
1790110625.257,java-user-service,"http_server_requests_seconds{error=""none"",exception=""none"",framework=""spring-boot"",language=""java"",method=""POST"",outcome=""SUCCESS"",service=""java-user-service"",status=""201"",uri=""/users"",quanti,}",0.0,0.0
1790110625.257,java-user-service,"http_server_requests_seconds{error=""none"",exception=""none"",framework=""spring-boot"",language=""java"",method=""POST"",outcome=""SUCCESS"",service=""java-user-service"",status=""201"",uri=""/users"",}",323.0,39.647227851
1790110625.257,java-user-service,"http_server_requests_seconds{error=""none"",exception=""none"",framework=""spring-boot"",language=""java"",method=""GET"",outcome=""SUCCESS"",service=""java-user-service"",status=""200"",uri=""/users"",quanti,}",0.0,0.0
1790110625.257,java-user-service,"http_server_requests_seconds{error=""none"",exception=""none"",framework=""spring-boot"",language=""java"",method=""GET"",outcome=""SUCCESS"",service=""java-user-service"",status=""200"",uri=""/users"",}",1000.0,7.750674296
1790110625.257,java-user-service,"http_server_requests_seconds{error=""none"",exception=""none"",framework=""spring-boot"",language=""java"",method=""GET"",outcome=""SUCCESS"",service=""java-user-service"",status=""200"",uri=""/actuator/prometheus"",quanti,}",0.0,0.0
1790110625.257,java-user-service,"http_server_requests_seconds{error=""none"",exception=""none"",framework=""spring-boot"",language=""java"",method=""GET"",outcome=""SUCCESS"",service=""java-user-service"",status=""200"",uri=""/actuator/prometheus"",}",11.0,0.128197209
1790110625.257,java-product-service,"http_server_requests_seconds{error=""none"",exception=""none"",language=""java"",method=""GET"",outcome=""SUCCESS"",service=""java-product-service"",status=""200"",uri=""/actuator/health"",quanti,}",0.0,0.0
1790110625.257,java-product-service,"http_server_requests_seconds{error=""none"",exception=""none"",language=""java"",method=""GET"",outcome=""SUCCESS"",service=""java-product-service"",status=""200"",uri=""/actuator/health"",}",104.0,0.569839124
1790110625.257,java-product-service,"http_server_requests_seconds{error=""none"",exception=""none"",language=""java"",method=""GET"",outcome=""SUCCESS"",service=""java-product-service"",status=""200"",uri=""/actuator/prometheus"",quanti,}",0.0,0.0
1790110625.257,java-product-service,"http_server_requests_seconds{error=""none"",exception=""none"",language=""java"",method=""GET"",outcome=""SUCCESS"",service=""java-product-service"",status=""200"",uri=""/actuator/prometheus"",}",11.0,0.076784459
1790110625.257,java-product-service,"http_server_requests_seconds{error=""none"",exception=""none"",language=""java"",method=""POST"",outcome=""SUCCESS"",service=""java-product-service"",status=""201"",uri=""/products"",quanti,}",0.0,0.0
1790110625.257,java-product-service,"http_server_requests_seconds{error=""none"",exception=""none"",language=""java"",method=""POST"",outcome=""SUCCESS"",service=""java-product-service"",status=""201"",uri=""/products"",}",10.0,0.090821916
1790110625.257,java-product-service,"http_server_requests_seconds{error=""none"",exception=""none"",language=""java"",method=""GET"",outcome=""SUCCESS"",service=""java-product-service"",status=""200"",uri=""/products"",quanti,}",0.0,0.0
1790110625.257,java-product-service,"http_server_requests_seconds{error=""none"",exception=""none"",language=""java"",method=""GET"",outcome=""SUCCESS"",service=""java-product-service"",status=""200"",uri=""/products"",}",1788.0,2.579825173
1790110625.257,java-order-service,"http_server_requests_seconds{error=""none"",exception=""none"",language=""java"",method=""GET"",outcome=""SUCCESS"",service=""java-order-service"",status=""200"",uri=""/actuator/prometheus"",quanti,}",0.0,0.0
1790110625.257,java-order-service,"http_server_requests_seconds{error=""none"",exception=""none"",language=""java"",method=""GET"",outcome=""SUCCESS"",service=""java-order-service"",status=""200"",uri=""/actuator/prometheus"",}",11.0,0.071242084
1790110625.257,java-order-service,"http_server_requests_seconds{error=""none"",exception=""none"",language=""java"",method=""GET"",outcome=""SUCCESS"",service=""java-order-service"",status=""200"",uri=""/actuator/health"",quanti,}",0.0,0.0
1790110625.257,java-order-service,"http_server_requests_seconds{error=""none"",exception=""none"",language=""java"",method=""GET"",outcome=""SUCCESS"",service=""java-order-service"",status=""200"",uri=""/actuator/health"",}",105.0,0.311324618
1790110630.283,java-user-service,"http_server_requests_seconds{error=""none"",exception=""none"",framework=""spring-boot"",language=""java"",method=""GET"",outcome=""SUCCESS"",service=""java-user-service"",status=""200"",uri=""/actuator/health"",quanti,}",0.0,0.0
1790110630.283,java-user-service,"http_server_requests_seconds{error=""none"",exception=""none"",framework=""spring-boot"",language=""java"",method=""GET"",outcome=""SUCCESS"",service=""java-user-service"",status=""200"",uri=""/actuator/health"",}",115.0,0.806940372
1790110630.283,java-user-service,"http_server_requests_seconds{error=""none"",exception=""none"",framework=""spring-boot"",language=""java"",method=""POST"",outcome=""SUCCESS"",service=""java-user-service"",status=""201"",uri=""/users"",quanti,}",0.0,0.0
1790110630.283,java-user-service,"http_server_requests_seconds{error=""none"",exception=""none"",framework=""spring-boot"",language=""java"",method=""POST"",outcome=""SUCCESS"",service=""java-user-service"",status=""201"",uri=""/users"",}",351.0,42.569178937
1790110630.283,java-user-service,"http_server_requests_seconds{error=""none"",exception=""none"",framework=""spring-boot"",language=""java"",method=""GET"",outcome=""SUCCESS"",service=""java-user-service"",status=""200"",uri=""/users"",quanti,}",0.0,0.0
1790110630.283,java-user-service,"http_server_requests_seconds{error=""none"",exception=""none"",framework=""spring-boot"",language=""java"",method=""GET"",outcome=""SUCCESS"",service=""java-user-service"",status=""200"",uri=""/users"",}",1000.0,7.750674296
1790110630.283,java-user-service,"http_server_requests_seconds{error=""none"",exception=""none"",framework=""spring-boot"",language=""java"",method=""GET"",outcome=""SUCCESS"",service=""java-user-service"",status=""200"",uri=""/actuator/prometheus"",quanti,}",0.0,0.0
1790110630.283,java-user-service,"http_server_requests_seconds{error=""none"",exception=""none"",framework=""spring-boot"",language=""java"",method=""GET"",outcome=""SUCCESS"",service=""java-user-service"",status=""200"",uri=""/actuator/prometheus"",}",12.0,0.131158168
1790110630.283,java-product-service,"http_server_requests_seconds{error=""none"",exception=""none"",language=""java"",method=""GET"",outcome=""SUCCESS"",service=""java-product-service"",status=""200"",uri=""/actuator/health"",quanti,}",0.0,0.0
1790110630.283,java-product-service,"http_server_requests_seconds{error=""none"",exception=""none"",language=""java"",method=""GET"",outcome=""SUCCESS"",service=""java-product-service"",status=""200"",uri=""/actuator/health"",}",115.0,0.601032792
1790110630.283,java-product-service,"http_server_requests_seconds{error=""none"",exception=""none"",language=""java"",method=""GET"",outcome=""SUCCESS"",service=""java-product-service"",status=""200"",uri=""/actuator/prometheus"",quanti,}",0.0,0.0
1790110630.283,java-product-service,"http_server_requests_seconds{error=""none"",exception=""none"",language=""java"",method=""GET"",outcome=""SUCCESS"",service=""java-product-service"",status=""200"",uri=""/actuator/prometheus"",}",12.0,0.07955375
1790110630.283,java-product-service,"http_server_requests_seconds{error=""none"",exception=""none"",language=""java"",method=""POST"",outcome=""SUCCESS"",service=""java-product-service"",status=""201"",uri=""/products"",quanti,}",0.0,0.0
1790110630.283,java-product-service,"http_server_requests_seconds{error=""none"",exception=""none"",language=""java"",method=""POST"",outcome=""SUCCESS"",service=""java-product-service"",status=""201"",uri=""/products"",}",10.0,0.090821916
1790110630.283,java-product-service,"http_server_requests_seconds{error=""none"",exception=""none"",language=""java"",method=""GET"",outcome=""SUCCESS"",service=""java-product-service"",status=""200"",uri=""/products"",quanti,}",0.0,0.0
1790110630.283,java-product-service,"http_server_requests_seconds{error=""none"",exception=""none"",language=""java"",method=""GET"",outcome=""SUCCESS"",service=""java-product-service"",status=""200"",uri=""/products"",}",1902.0,2.681155255
1790110630.283,java-order-service,"http_server_requests_seconds{error=""none"",exception=""none"",language=""java"",method=""GET"",outcome=""SUCCESS"",service=""java-order-service"",status=""200"",uri=""/actuator/prometheus"",quanti,}",0.0,0.0
1790110630.283,java-order-service,"http_server_requests_seconds{error=""none"",exception=""none"",language=""java"",method=""GET"",outcome=""SUCCESS"",service=""java-order-service"",status=""200"",uri=""/actuator/prometheus"",}",12.0,0.074322334
1790110630.283,java-order-service,"http_server_requests_seconds{error=""none"",exception=""none"",language=""java"",method=""GET"",outcome=""SUCCESS"",service=""java-order-service"",status=""200"",uri=""/actuator/health"",quanti,}",0.0,0.0
1790110630.283,java-order-service,"http_server_requests_seconds{error=""none"",exception=""none"",language=""java"",method=""GET"",outcome=""SUCCESS"",service=""java-order-service"",status=""200"",uri=""/actuator/health"",}",115.0,0.335624866
1790110635.356,java-user-service,"http_server_requests_seconds{error=""none"",exception=""none"",framework=""spring-boot"",language=""java"",method=""GET"",outcome=""SUCCESS"",service=""java-user-service"",status=""200"",uri=""/actuator/health"",quanti,}",0.0,0.0
1790110635.356,java-user-service,"http_server_requests_seconds{error=""none"",exception=""none"",framework=""spring-boot"",language=""java"",method=""GET"",outcome=""SUCCESS"",service=""java-user-service"",status=""200"",uri=""/actuator/health"",}",125.0,0.868900249
1790110635.356,java-user-service,"http_server_requests_seconds{error=""none"",exception=""none"",framework=""spring-boot"",language=""java"",method=""POST"",outcome=""SUCCESS"",service=""java-user-service"",status=""201"",uri=""/users"",quanti,}",0.0,0.0
1790110635.356,java-user-service,"http_server_requests_seconds{error=""none"",exception=""none"",framework=""spring-boot"",language=""java"",method=""POST"",outcome=""SUCCESS"",service=""java-user-service"",status=""201"",uri=""/users"",}",379.0,46.23363181
1790110635.356,java-user-service,"http_server_requests_seconds{error=""none"",exception=""none"",framework=""spring-boot"",language=""java"",method=""GET"",outcome=""SUCCESS"",service=""java-user-service"",status=""200"",uri=""/users"",quanti,}",0.0,0.0
1790110635.356,java-user-service,"http_server_requests_seconds{error=""none"",exception=""none"",framework=""spring-boot"",language=""java"",method=""GET"",outcome=""SUCCESS"",service=""java-user-service"",status=""200"",uri=""/users"",}",1000.0,7.750674296
1790110635.356,java-user-service,"http_server_requests_seconds{error=""none"",exception=""none"",framework=""spring-boot"",language=""java"",method=""GET"",outcome=""SUCCESS"",service=""java-user-service"",status=""200"",uri=""/actuator/prometheus"",quanti,}",0.0,0.0
1790110635.356,java-user-service,"http_server_requests_seconds{error=""none"",exception=""none"",framework=""spring-boot"",language=""java"",method=""GET"",outcome=""SUCCESS"",service=""java-user-service"",status=""200"",uri=""/actuator/prometheus"",}",13.0,0.177934002
1790110635.356,java-product-service,"http_server_requests_seconds{error=""none"",exception=""none"",language=""java"",method=""GET"",outcome=""SUCCESS"",service=""java-product-service"",status=""200"",uri=""/actuator/health"",quanti,}",0.0,0.0
1790110635.356,java-product-service,"http_server_requests_seconds{error=""none"",exception=""none"",language=""java"",method=""GET"",outcome=""SUCCESS"",service=""java-product-service"",status=""200"",uri=""/actuator/health"",}",125.0,0.639683417
1790110635.356,java-product-service,"http_server_requests_seconds{error=""none"",exception=""none"",language=""java"",method=""GET"",outcome=""SUCCESS"",service=""java-product-service"",status=""200"",uri=""/actuator/prometheus"",quanti,}",0.0,0.0
1790110635.356,java-product-service,"http_server_requests_seconds{error=""none"",exception=""none"",language=""java"",method=""GET"",outcome=""SUCCESS"",service=""java-product-service"",status=""200"",uri=""/actuator/prometheus"",}",13.0,0.083780833
1790110635.356,java-product-service,"http_server_requests_seconds{error=""none"",exception=""none"",language=""java"",method=""POST"",outcome=""SUCCESS"",service=""java-product-service"",status=""201"",uri=""/products"",quanti,}",0.0,0.0
1790110635.356,java-product-service,"http_server_requests_seconds{error=""none"",exception=""none"",language=""java"",method=""POST"",outcome=""SUCCESS"",service=""java-product-service"",status=""201"",uri=""/products"",}",10.0,0.090821916
1790110635.356,java-product-service,"http_server_requests_seconds{error=""none"",exception=""none"",language=""java"",method=""GET"",outcome=""SUCCESS"",service=""java-product-service"",status=""200"",uri=""/products"",quanti,}",0.0,0.0
1790110635.356,java-product-service,"http_server_requests_seconds{error=""none"",exception=""none"",language=""java"",method=""GET"",outcome=""SUCCESS"",service=""java-product-service"",status=""200"",uri=""/products"",}",2014.0,2.784390507
1790110635.356,java-order-service,"http_server_requests_seconds{error=""none"",exception=""none"",language=""java"",method=""GET"",outcome=""SUCCESS"",service=""java-order-service"",status=""200"",uri=""/actuator/prometheus"",quanti,}",0.0,0.0
1790110635.356,java-order-service,"http_server_requests_seconds{error=""none"",exception=""none"",language=""java"",method=""GET"",outcome=""SUCCESS"",service=""java-order-service"",status=""200"",uri=""/actuator/prometheus"",}",13.0,0.079101209
1790110635.356,java-order-service,"http_server_requests_seconds{error=""none"",exception=""none"",language=""java"",method=""GET"",outcome=""SUCCESS"",service=""java-order-service"",status=""200"",uri=""/actuator/health"",quanti,}",0.0,0.0
1790110635.356,java-order-service,"http_server_requests_seconds{error=""none"",exception=""none"",language=""java"",method=""GET"",outcome=""SUCCESS"",service=""java-order-service"",status=""200"",uri=""/actuator/health"",}",126.0,0.364222908
1790110640.384,java-user-service,"http_server_requests_seconds{error=""none"",exception=""none"",framework=""spring-boot"",language=""java"",method=""GET"",outcome=""SUCCESS"",service=""java-user-service"",status=""200"",uri=""/actuator/health"",quanti,}",0.0,0.0
1790110640.384,java-user-service,"http_server_requests_seconds{error=""none"",exception=""none"",framework=""spring-boot"",language=""java"",method=""GET"",outcome=""SUCCESS"",service=""java-user-service"",status=""200"",uri=""/actuator/health"",}",135.0,0.901825832
1790110640.384,java-user-service,"http_server_requests_seconds{error=""none"",exception=""none"",framework=""spring-boot"",language=""java"",method=""POST"",outcome=""SUCCESS"",service=""java-user-service"",status=""201"",uri=""/users"",quanti,}",0.0,0.0
1790110640.384,java-user-service,"http_server_requests_seconds{error=""none"",exception=""none"",framework=""spring-boot"",language=""java"",method=""POST"",outcome=""SUCCESS"",service=""java-user-service"",status=""201"",uri=""/users"",}",409.0,49.212270023
1790110640.384,java-user-service,"http_server_requests_seconds{error=""none"",exception=""none"",framework=""spring-boot"",language=""java"",method=""GET"",outcome=""SUCCESS"",service=""java-user-service"",status=""200"",uri=""/users"",quanti,}",0.0,0.0
1790110640.384,java-user-service,"http_server_requests_seconds{error=""none"",exception=""none"",framework=""spring-boot"",language=""java"",method=""GET"",outcome=""SUCCESS"",service=""java-user-service"",status=""200"",uri=""/users"",}",1000.0,7.750674296
1790110640.384,java-user-service,"http_server_requests_seconds{error=""none"",exception=""none"",framework=""spring-boot"",language=""java"",method=""GET"",outcome=""SUCCESS"",service=""java-user-service"",status=""200"",uri=""/actuator/prometheus"",quanti,}",0.0,0.0
1790110640.384,java-user-service,"http_server_requests_seconds{error=""none"",exception=""none"",framework=""spring-boot"",language=""java"",method=""GET"",outcome=""SUCCESS"",service=""java-user-service"",status=""200"",uri=""/actuator/prometheus"",}",14.0,0.181136252
1790110640.384,java-product-service,"http_server_requests_seconds{error=""none"",exception=""none"",language=""java"",method=""GET"",outcome=""SUCCESS"",service=""java-product-service"",status=""200"",uri=""/actuator/health"",quanti,}",0.0,0.0
1790110640.384,java-product-service,"http_server_requests_seconds{error=""none"",exception=""none"",language=""java"",method=""GET"",outcome=""SUCCESS"",service=""java-product-service"",status=""200"",uri=""/actuator/health"",}",135.0,0.668993584
1790110640.384,java-product-service,"http_server_requests_seconds{error=""none"",exception=""none"",language=""java"",method=""GET"",outcome=""SUCCESS"",service=""java-product-service"",status=""200"",uri=""/actuator/prometheus"",quanti,}",0.0,0.0
1790110640.384,java-product-service,"http_server_requests_seconds{error=""none"",exception=""none"",language=""java"",method=""GET"",outcome=""SUCCESS"",service=""java-product-service"",status=""200"",uri=""/actuator/prometheus"",}",14.0,0.086616625
1790110640.384,java-product-service,"http_server_requests_seconds{error=""none"",exception=""none"",language=""java"",method=""POST"",outcome=""SUCCESS"",service=""java-product-service"",status=""201"",uri=""/products"",quanti,}",0.0,0.0
1790110640.384,java-product-service,"http_server_requests_seconds{error=""none"",exception=""none"",language=""java"",method=""POST"",outcome=""SUCCESS"",service=""java-product-service"",status=""201"",uri=""/products"",}",10.0,0.090821916
1790110640.384,java-product-service,"http_server_requests_seconds{error=""none"",exception=""none"",language=""java"",method=""GET"",outcome=""SUCCESS"",service=""java-product-service"",status=""200"",uri=""/products"",quanti,}",0.0,0.0
1790110640.384,java-product-service,"http_server_requests_seconds{error=""none"",exception=""none"",language=""java"",method=""GET"",outcome=""SUCCESS"",service=""java-product-service"",status=""200"",uri=""/products"",}",2130.0,2.917328049
1790110640.384,java-order-service,"http_server_requests_seconds{error=""none"",exception=""none"",language=""java"",method=""GET"",outcome=""SUCCESS"",service=""java-order-service"",status=""200"",uri=""/actuator/prometheus"",quanti,}",0.0,0.0
1790110640.384,java-order-service,"http_server_requests_seconds{error=""none"",exception=""none"",language=""java"",method=""GET"",outcome=""SUCCESS"",service=""java-order-service"",status=""200"",uri=""/actuator/prometheus"",}",14.0,0.082130168
1790110640.384,java-order-service,"http_server_requests_seconds{error=""none"",exception=""none"",language=""java"",method=""GET"",outcome=""SUCCESS"",service=""java-order-service"",status=""200"",uri=""/actuator/health"",quanti,}",0.0,0.0
1790110640.384,java-order-service,"http_server_requests_seconds{error=""none"",exception=""none"",language=""java"",method=""GET"",outcome=""SUCCESS"",service=""java-order-service"",status=""200"",uri=""/actuator/health"",}",135.0,0.38791141
1790110645.434,java-user-service,"http_server_requests_seconds{error=""none"",exception=""none"",framework=""spring-boot"",language=""java"",method=""GET"",outcome=""SUCCESS"",service=""java-user-service"",status=""200"",uri=""/actuator/health"",quanti,}",0.0,0.0
1790110645.434,java-user-service,"http_server_requests_seconds{error=""none"",exception=""none"",framework=""spring-boot"",language=""java"",method=""GET"",outcome=""SUCCESS"",service=""java-user-service"",status=""200"",uri=""/actuator/health"",}",145.0,0.936799623
1790110645.434,java-user-service,"http_server_requests_seconds{error=""none"",exception=""none"",framework=""spring-boot"",language=""java"",method=""POST"",outcome=""SUCCESS"",service=""java-user-service"",status=""201"",uri=""/users"",quanti,}",0.0,0.0
1790110645.434,java-user-service,"http_server_requests_seconds{error=""none"",exception=""none"",framework=""spring-boot"",language=""java"",method=""POST"",outcome=""SUCCESS"",service=""java-user-service"",status=""201"",uri=""/users"",}",439.0,51.9544639
1790110645.434,java-user-service,"http_server_requests_seconds{error=""none"",exception=""none"",framework=""spring-boot"",language=""java"",method=""GET"",outcome=""SUCCESS"",service=""java-user-service"",status=""200"",uri=""/users"",quanti,}",0.0,0.0
1790110645.434,java-user-service,"http_server_requests_seconds{error=""none"",exception=""none"",framework=""spring-boot"",language=""java"",method=""GET"",outcome=""SUCCESS"",service=""java-user-service"",status=""200"",uri=""/users"",}",1000.0,7.750674296
1790110645.434,java-user-service,"http_server_requests_seconds{error=""none"",exception=""none"",framework=""spring-boot"",language=""java"",method=""GET"",outcome=""SUCCESS"",service=""java-user-service"",status=""200"",uri=""/actuator/prometheus"",quanti,}",0.0,0.0
1790110645.434,java-user-service,"http_server_requests_seconds{error=""none"",exception=""none"",framework=""spring-boot"",language=""java"",method=""GET"",outcome=""SUCCESS"",service=""java-user-service"",status=""200"",uri=""/actuator/prometheus"",}",15.0,0.191971002
1790110645.434,java-product-service,"http_server_requests_seconds{error=""none"",exception=""none"",language=""java"",method=""GET"",outcome=""SUCCESS"",service=""java-product-service"",status=""200"",uri=""/actuator/health"",quanti,}",0.0,0.0
1790110645.434,java-product-service,"http_server_requests_seconds{error=""none"",exception=""none"",language=""java"",method=""GET"",outcome=""SUCCESS"",service=""java-product-service"",status=""200"",uri=""/actuator/health"",}",145.0,0.698202377
1790110645.434,java-product-service,"http_server_requests_seconds{error=""none"",exception=""none"",language=""java"",method=""GET"",outcome=""SUCCESS"",service=""java-product-service"",status=""200"",uri=""/actuator/prometheus"",quanti,}",0.0,0.0
1790110645.434,java-product-service,"http_server_requests_seconds{error=""none"",exception=""none"",language=""java"",method=""GET"",outcome=""SUCCESS"",service=""java-product-service"",status=""200"",uri=""/actuator/prometheus"",}",15.0,0.092918917
1790110645.434,java-product-service,"http_server_requests_seconds{error=""none"",exception=""none"",language=""java"",method=""POST"",outcome=""SUCCESS"",service=""java-product-service"",status=""201"",uri=""/products"",quanti,}",0.0,0.0
1790110645.434,java-product-service,"http_server_requests_seconds{error=""none"",exception=""none"",language=""java"",method=""POST"",outcome=""SUCCESS"",service=""java-product-service"",status=""201"",uri=""/products"",}",10.0,0.090821916
1790110645.434,java-product-service,"http_server_requests_seconds{error=""none"",exception=""none"",language=""java"",method=""GET"",outcome=""SUCCESS"",service=""java-product-service"",status=""200"",uri=""/products"",quanti,}",0.0,0.0
1790110645.434,java-product-service,"http_server_requests_seconds{error=""none"",exception=""none"",language=""java"",method=""GET"",outcome=""SUCCESS"",service=""java-product-service"",status=""200"",uri=""/products"",}",2248.0,3.020349052
1790110645.434,java-order-service,"http_server_requests_seconds{error=""none"",exception=""none"",language=""java"",method=""GET"",outcome=""SUCCESS"",service=""java-order-service"",status=""200"",uri=""/actuator/prometheus"",quanti,}",0.0,0.0
1790110645.434,java-order-service,"http_server_requests_seconds{error=""none"",exception=""none"",language=""java"",method=""GET"",outcome=""SUCCESS"",service=""java-order-service"",status=""200"",uri=""/actuator/prometheus"",}",15.0,0.086291376
1790110645.434,java-order-service,"http_server_requests_seconds{error=""none"",exception=""none"",language=""java"",method=""GET"",outcome=""SUCCESS"",service=""java-order-service"",status=""200"",uri=""/actuator/health"",quanti,}",0.0,0.0
1790110645.434,java-order-service,"http_server_requests_seconds{error=""none"",exception=""none"",language=""java"",method=""GET"",outcome=""SUCCESS"",service=""java-order-service"",status=""200"",uri=""/actuator/health"",}",146.0,0.414572076
1790110650.481,java-user-service,"http_server_requests_seconds{error=""none"",exception=""none"",framework=""spring-boot"",language=""java"",method=""GET"",outcome=""SUCCESS"",service=""java-user-service"",status=""200"",uri=""/actuator/health"",quanti,}",0.0,0.0
1790110650.481,java-user-service,"http_server_requests_seconds{error=""none"",exception=""none"",framework=""spring-boot"",language=""java"",method=""GET"",outcome=""SUCCESS"",service=""java-user-service"",status=""200"",uri=""/actuator/health"",}",155.0,0.968300706
1790110650.481,java-user-service,"http_server_requests_seconds{error=""none"",exception=""none"",framework=""spring-boot"",language=""java"",method=""POST"",outcome=""SUCCESS"",service=""java-user-service"",status=""201"",uri=""/users"",quanti,}",0.0,0.0
1790110650.481,java-user-service,"http_server_requests_seconds{error=""none"",exception=""none"",framework=""spring-boot"",language=""java"",method=""POST"",outcome=""SUCCESS"",service=""java-user-service"",status=""201"",uri=""/users"",}",469.0,54.924941359
1790110650.481,java-user-service,"http_server_requests_seconds{error=""none"",exception=""none"",framework=""spring-boot"",language=""java"",method=""GET"",outcome=""SUCCESS"",service=""java-user-service"",status=""200"",uri=""/users"",quanti,}",0.0,0.0
1790110650.481,java-user-service,"http_server_requests_seconds{error=""none"",exception=""none"",framework=""spring-boot"",language=""java"",method=""GET"",outcome=""SUCCESS"",service=""java-user-service"",status=""200"",uri=""/users"",}",1000.0,7.750674296
1790110650.481,java-user-service,"http_server_requests_seconds{error=""none"",exception=""none"",framework=""spring-boot"",language=""java"",method=""GET"",outcome=""SUCCESS"",service=""java-user-service"",status=""200"",uri=""/actuator/prometheus"",quanti,}",0.0,0.0
1790110650.481,java-user-service,"http_server_requests_seconds{error=""none"",exception=""none"",framework=""spring-boot"",language=""java"",method=""GET"",outcome=""SUCCESS"",service=""java-user-service"",status=""200"",uri=""/actuator/prometheus"",}",16.0,0.202516877
1790110650.481,java-product-service,"http_server_requests_seconds{error=""none"",exception=""none"",language=""java"",method=""GET"",outcome=""SUCCESS"",service=""java-product-service"",status=""200"",uri=""/actuator/health"",quanti,}",0.0,0.0
1790110650.481,java-product-service,"http_server_requests_seconds{error=""none"",exception=""none"",language=""java"",method=""GET"",outcome=""SUCCESS"",service=""java-product-service"",status=""200"",uri=""/actuator/health"",}",155.0,0.723379335
1790110650.481,java-product-service,"http_server_requests_seconds{error=""none"",exception=""none"",language=""java"",method=""GET"",outcome=""SUCCESS"",service=""java-product-service"",status=""200"",uri=""/actuator/prometheus"",quanti,}",0.0,0.0
1790110650.481,java-product-service,"http_server_requests_seconds{error=""none"",exception=""none"",language=""java"",method=""GET"",outcome=""SUCCESS"",service=""java-product-service"",status=""200"",uri=""/actuator/prometheus"",}",16.0,0.099224792
1790110650.481,java-product-service,"http_server_requests_seconds{error=""none"",exception=""none"",language=""java"",method=""POST"",outcome=""SUCCESS"",service=""java-product-service"",status=""201"",uri=""/products"",quanti,}",0.0,0.0
1790110650.481,java-product-service,"http_server_requests_seconds{error=""none"",exception=""none"",language=""java"",method=""POST"",outcome=""SUCCESS"",service=""java-product-service"",status=""201"",uri=""/products"",}",10.0,0.090821916
1790110650.481,java-product-service,"http_server_requests_seconds{error=""none"",exception=""none"",language=""java"",method=""GET"",outcome=""SUCCESS"",service=""java-product-service"",status=""200"",uri=""/products"",quanti,}",0.0,0.0
1790110650.481,java-product-service,"http_server_requests_seconds{error=""none"",exception=""none"",language=""java"",method=""GET"",outcome=""SUCCESS"",service=""java-product-service"",status=""200"",uri=""/products"",}",2368.0,3.12947117
1790110650.481,java-order-service,"http_server_requests_seconds{error=""none"",exception=""none"",language=""java"",method=""GET"",outcome=""SUCCESS"",service=""java-order-service"",status=""200"",uri=""/actuator/prometheus"",quanti,}",0.0,0.0
1790110650.481,java-order-service,"http_server_requests_seconds{error=""none"",exception=""none"",language=""java"",method=""GET"",outcome=""SUCCESS"",service=""java-order-service"",status=""200"",uri=""/actuator/prometheus"",}",16.0,0.091305876
1790110650.481,java-order-service,"http_server_requests_seconds{error=""none"",exception=""none"",language=""java"",method=""GET"",outcome=""SUCCESS"",service=""java-order-service"",status=""200"",uri=""/actuator/health"",quanti,}",0.0,0.0
1790110650.481,java-order-service,"http_server_requests_seconds{error=""none"",exception=""none"",language=""java"",method=""GET"",outcome=""SUCCESS"",service=""java-order-service"",status=""200"",uri=""/actuator/health"",}",155.0,0.436285034
1790110655.531,java-user-service,"http_server_requests_seconds{error=""none"",exception=""none"",framework=""spring-boot"",language=""java"",method=""GET"",outcome=""SUCCESS"",service=""java-user-service"",status=""200"",uri=""/actuator/health"",quanti,}",0.0,0.0
1790110655.531,java-user-service,"http_server_requests_seconds{error=""none"",exception=""none"",framework=""spring-boot"",language=""java"",method=""GET"",outcome=""SUCCESS"",service=""java-user-service"",status=""200"",uri=""/actuator/health"",}",165.0,1.008604079
1790110655.531,java-user-service,"http_server_requests_seconds{error=""none"",exception=""none"",framework=""spring-boot"",language=""java"",method=""POST"",outcome=""SUCCESS"",service=""java-user-service"",status=""201"",uri=""/users"",quanti,}",0.0,0.0
1790110655.531,java-user-service,"http_server_requests_seconds{error=""none"",exception=""none"",framework=""spring-boot"",language=""java"",method=""POST"",outcome=""SUCCESS"",service=""java-user-service"",status=""201"",uri=""/users"",}",499.0,57.605763068
1790110655.531,java-user-service,"http_server_requests_seconds{error=""none"",exception=""none"",framework=""spring-boot"",language=""java"",method=""GET"",outcome=""SUCCESS"",service=""java-user-service"",status=""200"",uri=""/users"",quanti,}",0.0,0.0
1790110655.531,java-user-service,"http_server_requests_seconds{error=""none"",exception=""none"",framework=""spring-boot"",language=""java"",method=""GET"",outcome=""SUCCESS"",service=""java-user-service"",status=""200"",uri=""/users"",}",1000.0,7.750674296
1790110655.531,java-user-service,"http_server_requests_seconds{error=""none"",exception=""none"",framework=""spring-boot"",language=""java"",method=""GET"",outcome=""SUCCESS"",service=""java-user-service"",status=""200"",uri=""/actuator/prometheus"",quanti,}",0.0,0.0
1790110655.531,java-user-service,"http_server_requests_seconds{error=""none"",exception=""none"",framework=""spring-boot"",language=""java"",method=""GET"",outcome=""SUCCESS"",service=""java-user-service"",status=""200"",uri=""/actuator/prometheus"",}",17.0,0.212699752
1790110655.531,java-product-service,"http_server_requests_seconds{error=""none"",exception=""none"",language=""java"",method=""GET"",outcome=""SUCCESS"",service=""java-product-service"",status=""200"",uri=""/actuator/health"",quanti,}",0.0,0.0
1790110655.531,java-product-service,"http_server_requests_seconds{error=""none"",exception=""none"",language=""java"",method=""GET"",outcome=""SUCCESS"",service=""java-product-service"",status=""200"",uri=""/actuator/health"",}",165.0,0.756048042
1790110655.531,java-product-service,"http_server_requests_seconds{error=""none"",exception=""none"",language=""java"",method=""GET"",outcome=""SUCCESS"",service=""java-product-service"",status=""200"",uri=""/actuator/prometheus"",quanti,}",0.0,0.0
1790110655.531,java-product-service,"http_server_requests_seconds{error=""none"",exception=""none"",language=""java"",method=""GET"",outcome=""SUCCESS"",service=""java-product-service"",status=""200"",uri=""/actuator/prometheus"",}",17.0,0.106762459
1790110655.531,java-product-service,"http_server_requests_seconds{error=""none"",exception=""none"",language=""java"",method=""POST"",outcome=""SUCCESS"",service=""java-product-service"",status=""201"",uri=""/products"",quanti,}",0.0,0.0
1790110655.531,java-product-service,"http_server_requests_seconds{error=""none"",exception=""none"",language=""java"",method=""POST"",outcome=""SUCCESS"",service=""java-product-service"",status=""201"",uri=""/products"",}",10.0,0.090821916
1790110655.531,java-product-service,"http_server_requests_seconds{error=""none"",exception=""none"",language=""java"",method=""GET"",outcome=""SUCCESS"",service=""java-product-service"",status=""200"",uri=""/products"",quanti,}",0.0,0.0
1790110655.531,java-product-service,"http_server_requests_seconds{error=""none"",exception=""none"",language=""java"",method=""GET"",outcome=""SUCCESS"",service=""java-product-service"",status=""200"",uri=""/products"",}",2488.0,3.249436917
1790110655.531,java-order-service,"http_server_requests_seconds{error=""none"",exception=""none"",language=""java"",method=""GET"",outcome=""SUCCESS"",service=""java-order-service"",status=""200"",uri=""/actuator/prometheus"",quanti,}",0.0,0.0
1790110655.531,java-order-service,"http_server_requests_seconds{error=""none"",exception=""none"",language=""java"",method=""GET"",outcome=""SUCCESS"",service=""java-order-service"",status=""200"",uri=""/actuator/prometheus"",}",17.0,0.096425209
1790110655.531,java-order-service,"http_server_requests_seconds{error=""none"",exception=""none"",language=""java"",method=""GET"",outcome=""SUCCESS"",service=""java-order-service"",status=""200"",uri=""/actuator/health"",quanti,}",0.0,0.0
1790110655.531,java-order-service,"http_server_requests_seconds{error=""none"",exception=""none"",language=""java"",method=""GET"",outcome=""SUCCESS"",service=""java-order-service"",status=""200"",uri=""/actuator/health"",}",166.0,0.463621366
1790110660.589,java-user-service,"http_server_requests_seconds{error=""none"",exception=""none"",framework=""spring-boot"",language=""java"",method=""GET"",outcome=""SUCCESS"",service=""java-user-service"",status=""200"",uri=""/actuator/health"",quanti,}",0.0,0.0
1790110660.589,java-user-service,"http_server_requests_seconds{error=""none"",exception=""none"",framework=""spring-boot"",language=""java"",method=""GET"",outcome=""SUCCESS"",service=""java-user-service"",status=""200"",uri=""/actuator/health"",}",176.0,1.043617702
1790110660.589,java-user-service,"http_server_requests_seconds{error=""none"",exception=""none"",framework=""spring-boot"",language=""java"",method=""POST"",outcome=""SUCCESS"",service=""java-user-service"",status=""201"",uri=""/users"",quanti,}",0.0,0.0
1790110660.589,java-user-service,"http_server_requests_seconds{error=""none"",exception=""none"",framework=""spring-boot"",language=""java"",method=""POST"",outcome=""SUCCESS"",service=""java-user-service"",status=""201"",uri=""/users"",}",529.0,60.540696439
1790110660.589,java-user-service,"http_server_requests_seconds{error=""none"",exception=""none"",framework=""spring-boot"",language=""java"",method=""GET"",outcome=""SUCCESS"",service=""java-user-service"",status=""200"",uri=""/users"",quanti,}",0.0,0.0
1790110660.589,java-user-service,"http_server_requests_seconds{error=""none"",exception=""none"",framework=""spring-boot"",language=""java"",method=""GET"",outcome=""SUCCESS"",service=""java-user-service"",status=""200"",uri=""/users"",}",1000.0,7.750674296
1790110660.589,java-user-service,"http_server_requests_seconds{error=""none"",exception=""none"",framework=""spring-boot"",language=""java"",method=""GET"",outcome=""SUCCESS"",service=""java-user-service"",status=""200"",uri=""/actuator/prometheus"",quanti,}",0.0,0.0
1790110660.589,java-user-service,"http_server_requests_seconds{error=""none"",exception=""none"",framework=""spring-boot"",language=""java"",method=""GET"",outcome=""SUCCESS"",service=""java-user-service"",status=""200"",uri=""/actuator/prometheus"",}",18.0,0.222736502
1790110660.589,java-product-service,"http_server_requests_seconds{error=""none"",exception=""none"",language=""java"",method=""GET"",outcome=""SUCCESS"",service=""java-product-service"",status=""200"",uri=""/actuator/health"",quanti,}",0.0,0.0
1790110660.589,java-product-service,"http_server_requests_seconds{error=""none"",exception=""none"",language=""java"",method=""GET"",outcome=""SUCCESS"",service=""java-product-service"",status=""200"",uri=""/actuator/health"",}",176.0,0.784344999
1790110660.589,java-product-service,"http_server_requests_seconds{error=""none"",exception=""none"",language=""java"",method=""GET"",outcome=""SUCCESS"",service=""java-product-service"",status=""200"",uri=""/actuator/prometheus"",quanti,}",0.0,0.0
1790110660.589,java-product-service,"http_server_requests_seconds{error=""none"",exception=""none"",language=""java"",method=""GET"",outcome=""SUCCESS"",service=""java-product-service"",status=""200"",uri=""/actuator/prometheus"",}",18.0,0.114723251
1790110660.589,java-product-service,"http_server_requests_seconds{error=""none"",exception=""none"",language=""java"",method=""POST"",outcome=""SUCCESS"",service=""java-product-service"",status=""201"",uri=""/products"",quanti,}",0.0,0.0
1790110660.589,java-product-service,"http_server_requests_seconds{error=""none"",exception=""none"",language=""java"",method=""POST"",outcome=""SUCCESS"",service=""java-product-service"",status=""201"",uri=""/products"",}",10.0,0.090821916
1790110660.589,java-product-service,"http_server_requests_seconds{error=""none"",exception=""none"",language=""java"",method=""GET"",outcome=""SUCCESS"",service=""java-product-service"",status=""200"",uri=""/products"",quanti,}",0.0,0.0
1790110660.589,java-product-service,"http_server_requests_seconds{error=""none"",exception=""none"",language=""java"",method=""GET"",outcome=""SUCCESS"",service=""java-product-service"",status=""200"",uri=""/products"",}",2608.0,3.371500004
1790110660.589,java-order-service,"http_server_requests_seconds{error=""none"",exception=""none"",language=""java"",method=""GET"",outcome=""SUCCESS"",service=""java-order-service"",status=""200"",uri=""/actuator/prometheus"",quanti,}",0.0,0.0
1790110660.589,java-order-service,"http_server_requests_seconds{error=""none"",exception=""none"",language=""java"",method=""GET"",outcome=""SUCCESS"",service=""java-order-service"",status=""200"",uri=""/actuator/prometheus"",}",18.0,0.102923709
1790110660.589,java-order-service,"http_server_requests_seconds{error=""none"",exception=""none"",language=""java"",method=""GET"",outcome=""SUCCESS"",service=""java-order-service"",status=""200"",uri=""/actuator/health"",quanti,}",0.0,0.0
1790110660.589,java-order-service,"http_server_requests_seconds{error=""none"",exception=""none"",language=""java"",method=""GET"",outcome=""SUCCESS"",service=""java-order-service"",status=""200"",uri=""/actuator/health"",}",176.0,0.486328364
1790110665.639,java-user-service,"http_server_requests_seconds{error=""none"",exception=""none"",framework=""spring-boot"",language=""java"",method=""GET"",outcome=""SUCCESS"",service=""java-user-service"",status=""200"",uri=""/actuator/health"",quanti,}",0.0,0.0
1790110665.639,java-user-service,"http_server_requests_seconds{error=""none"",exception=""none"",framework=""spring-boot"",language=""java"",method=""GET"",outcome=""SUCCESS"",service=""java-user-service"",status=""200"",uri=""/actuator/health"",}",185.0,1.071902909
1790110665.639,java-user-service,"http_server_requests_seconds{error=""none"",exception=""none"",framework=""spring-boot"",language=""java"",method=""POST"",outcome=""SUCCESS"",service=""java-user-service"",status=""201"",uri=""/users"",quanti,}",0.0,0.0
1790110665.639,java-user-service,"http_server_requests_seconds{error=""none"",exception=""none"",framework=""spring-boot"",language=""java"",method=""POST"",outcome=""SUCCESS"",service=""java-user-service"",status=""201"",uri=""/users"",}",559.0,62.959973441
1790110665.639,java-user-service,"http_server_requests_seconds{error=""none"",exception=""none"",framework=""spring-boot"",language=""java"",method=""GET"",outcome=""SUCCESS"",service=""java-user-service"",status=""200"",uri=""/users"",quanti,}",0.0,0.0
1790110665.639,java-user-service,"http_server_requests_seconds{error=""none"",exception=""none"",framework=""spring-boot"",language=""java"",method=""GET"",outcome=""SUCCESS"",service=""java-user-service"",status=""200"",uri=""/users"",}",1000.0,7.750674296
1790110665.639,java-user-service,"http_server_requests_seconds{error=""none"",exception=""none"",framework=""spring-boot"",language=""java"",method=""GET"",outcome=""SUCCESS"",service=""java-user-service"",status=""200"",uri=""/actuator/prometheus"",quanti,}",0.0,0.0
1790110665.639,java-user-service,"http_server_requests_seconds{error=""none"",exception=""none"",framework=""spring-boot"",language=""java"",method=""GET"",outcome=""SUCCESS"",service=""java-user-service"",status=""200"",uri=""/actuator/prometheus"",}",19.0,0.231939293
1790110665.639,java-product-service,"http_server_requests_seconds{error=""none"",exception=""none"",language=""java"",method=""GET"",outcome=""SUCCESS"",service=""java-product-service"",status=""200"",uri=""/actuator/health"",quanti,}",0.0,0.0
1790110665.639,java-product-service,"http_server_requests_seconds{error=""none"",exception=""none"",language=""java"",method=""GET"",outcome=""SUCCESS"",service=""java-product-service"",status=""200"",uri=""/actuator/health"",}",185.0,0.807322373
1790110665.639,java-product-service,"http_server_requests_seconds{error=""none"",exception=""none"",language=""java"",method=""GET"",outcome=""SUCCESS"",service=""java-product-service"",status=""200"",uri=""/actuator/prometheus"",quanti,}",0.0,0.0
1790110665.639,java-product-service,"http_server_requests_seconds{error=""none"",exception=""none"",language=""java"",method=""GET"",outcome=""SUCCESS"",service=""java-product-service"",status=""200"",uri=""/actuator/prometheus"",}",19.0,0.120142709
1790110665.639,java-product-service,"http_server_requests_seconds{error=""none"",exception=""none"",language=""java"",method=""POST"",outcome=""SUCCESS"",service=""java-product-service"",status=""201"",uri=""/products"",quanti,}",0.0,0.0
1790110665.639,java-product-service,"http_server_requests_seconds{error=""none"",exception=""none"",language=""java"",method=""POST"",outcome=""SUCCESS"",service=""java-product-service"",status=""201"",uri=""/products"",}",10.0,0.090821916
1790110665.639,java-product-service,"http_server_requests_seconds{error=""none"",exception=""none"",language=""java"",method=""GET"",outcome=""SUCCESS"",service=""java-product-service"",status=""200"",uri=""/products"",quanti,}",0.0,0.0
1790110665.639,java-product-service,"http_server_requests_seconds{error=""none"",exception=""none"",language=""java"",method=""GET"",outcome=""SUCCESS"",service=""java-product-service"",status=""200"",uri=""/products"",}",2728.0,3.473188172
1790110665.639,java-order-service,"http_server_requests_seconds{error=""none"",exception=""none"",language=""java"",method=""GET"",outcome=""SUCCESS"",service=""java-order-service"",status=""200"",uri=""/actuator/prometheus"",quanti,}",0.0,0.0
1790110665.639,java-order-service,"http_server_requests_seconds{error=""none"",exception=""none"",language=""java"",method=""GET"",outcome=""SUCCESS"",service=""java-order-service"",status=""200"",uri=""/actuator/prometheus"",}",19.0,0.107032417
1790110665.639,java-order-service,"http_server_requests_seconds{error=""none"",exception=""none"",language=""java"",method=""GET"",outcome=""SUCCESS"",service=""java-order-service"",status=""200"",uri=""/actuator/health"",quanti,}",0.0,0.0
1790110665.639,java-order-service,"http_server_requests_seconds{error=""none"",exception=""none"",language=""java"",method=""GET"",outcome=""SUCCESS"",service=""java-order-service"",status=""200"",uri=""/actuator/health"",}",186.0,0.506344613
1790110670.685,java-user-service,"http_server_requests_seconds{error=""none"",exception=""none"",framework=""spring-boot"",language=""java"",method=""GET"",outcome=""SUCCESS"",service=""java-user-service"",status=""200"",uri=""/actuator/health"",quanti,}",0.0,0.0
1790110670.685,java-user-service,"http_server_requests_seconds{error=""none"",exception=""none"",framework=""spring-boot"",language=""java"",method=""GET"",outcome=""SUCCESS"",service=""java-user-service"",status=""200"",uri=""/actuator/health"",}",196.0,1.107188658
1790110670.685,java-user-service,"http_server_requests_seconds{error=""none"",exception=""none"",framework=""spring-boot"",language=""java"",method=""POST"",outcome=""SUCCESS"",service=""java-user-service"",status=""201"",uri=""/users"",quanti,}",0.0,0.0
1790110670.685,java-user-service,"http_server_requests_seconds{error=""none"",exception=""none"",framework=""spring-boot"",language=""java"",method=""POST"",outcome=""SUCCESS"",service=""java-user-service"",status=""201"",uri=""/users"",}",589.0,65.425881487
1790110670.685,java-user-service,"http_server_requests_seconds{error=""none"",exception=""none"",framework=""spring-boot"",language=""java"",method=""GET"",outcome=""SUCCESS"",service=""java-user-service"",status=""200"",uri=""/users"",quanti,}",0.0,0.0
1790110670.685,java-user-service,"http_server_requests_seconds{error=""none"",exception=""none"",framework=""spring-boot"",language=""java"",method=""GET"",outcome=""SUCCESS"",service=""java-user-service"",status=""200"",uri=""/users"",}",1000.0,7.750674296
1790110670.685,java-user-service,"http_server_requests_seconds{error=""none"",exception=""none"",framework=""spring-boot"",language=""java"",method=""GET"",outcome=""SUCCESS"",service=""java-user-service"",status=""200"",uri=""/actuator/prometheus"",quanti,}",0.0,0.0
1790110670.685,java-user-service,"http_server_requests_seconds{error=""none"",exception=""none"",framework=""spring-boot"",language=""java"",method=""GET"",outcome=""SUCCESS"",service=""java-user-service"",status=""200"",uri=""/actuator/prometheus"",}",20.0,0.24253971
1790110670.685,java-product-service,"http_server_requests_seconds{error=""none"",exception=""none"",language=""java"",method=""GET"",outcome=""SUCCESS"",service=""java-product-service"",status=""200"",uri=""/actuator/health"",quanti,}",0.0,0.0
1790110670.685,java-product-service,"http_server_requests_seconds{error=""none"",exception=""none"",language=""java"",method=""GET"",outcome=""SUCCESS"",service=""java-product-service"",status=""200"",uri=""/actuator/health"",}",196.0,0.835374289
1790110670.685,java-product-service,"http_server_requests_seconds{error=""none"",exception=""none"",language=""java"",method=""GET"",outcome=""SUCCESS"",service=""java-product-service"",status=""200"",uri=""/actuator/prometheus"",quanti,}",0.0,0.0
1790110670.685,java-product-service,"http_server_requests_seconds{error=""none"",exception=""none"",language=""java"",method=""GET"",outcome=""SUCCESS"",service=""java-product-service"",status=""200"",uri=""/actuator/prometheus"",}",20.0,0.125774834
1790110670.685,java-product-service,"http_server_requests_seconds{error=""none"",exception=""none"",language=""java"",method=""POST"",outcome=""SUCCESS"",service=""java-product-service"",status=""201"",uri=""/products"",quanti,}",0.0,0.0
1790110670.685,java-product-service,"http_server_requests_seconds{error=""none"",exception=""none"",language=""java"",method=""POST"",outcome=""SUCCESS"",service=""java-product-service"",status=""201"",uri=""/products"",}",10.0,0.090821916
1790110670.685,java-product-service,"http_server_requests_seconds{error=""none"",exception=""none"",language=""java"",method=""GET"",outcome=""SUCCESS"",service=""java-product-service"",status=""200"",uri=""/products"",quanti,}",0.0,0.0
1790110670.685,java-product-service,"http_server_requests_seconds{error=""none"",exception=""none"",language=""java"",method=""GET"",outcome=""SUCCESS"",service=""java-product-service"",status=""200"",uri=""/products"",}",2848.0,3.613843305
1790110670.685,java-order-service,"http_server_requests_seconds{error=""none"",exception=""none"",language=""java"",method=""GET"",outcome=""SUCCESS"",service=""java-order-service"",status=""200"",uri=""/actuator/prometheus"",quanti,}",0.0,0.0
1790110670.685,java-order-service,"http_server_requests_seconds{error=""none"",exception=""none"",language=""java"",method=""GET"",outcome=""SUCCESS"",service=""java-order-service"",status=""200"",uri=""/actuator/prometheus"",}",20.0,0.111631125
1790110670.685,java-order-service,"http_server_requests_seconds{error=""none"",exception=""none"",language=""java"",method=""GET"",outcome=""SUCCESS"",service=""java-order-service"",status=""200"",uri=""/actuator/health"",quanti,}",0.0,0.0
1790110670.685,java-order-service,"http_server_requests_seconds{error=""none"",exception=""none"",language=""java"",method=""GET"",outcome=""SUCCESS"",service=""java-order-service"",status=""200"",uri=""/actuator/health"",}",196.0,0.530024029
1790110675.731,java-user-service,"http_server_requests_seconds{error=""none"",exception=""none"",framework=""spring-boot"",language=""java"",method=""GET"",outcome=""SUCCESS"",service=""java-user-service"",status=""200"",uri=""/actuator/health"",quanti,}",0.0,0.0
1790110675.731,java-user-service,"http_server_requests_seconds{error=""none"",exception=""none"",framework=""spring-boot"",language=""java"",method=""GET"",outcome=""SUCCESS"",service=""java-user-service"",status=""200"",uri=""/actuator/health"",}",206.0,1.148264071
1790110675.731,java-user-service,"http_server_requests_seconds{error=""none"",exception=""none"",framework=""spring-boot"",language=""java"",method=""POST"",outcome=""SUCCESS"",service=""java-user-service"",status=""201"",uri=""/users"",quanti,}",0.0,0.0
1790110675.731,java-user-service,"http_server_requests_seconds{error=""none"",exception=""none"",framework=""spring-boot"",language=""java"",method=""POST"",outcome=""SUCCESS"",service=""java-user-service"",status=""201"",uri=""/users"",}",619.0,68.10594203
1790110675.731,java-user-service,"http_server_requests_seconds{error=""none"",exception=""none"",framework=""spring-boot"",language=""java"",method=""GET"",outcome=""SUCCESS"",service=""java-user-service"",status=""200"",uri=""/users"",quanti,}",0.0,0.0
1790110675.731,java-user-service,"http_server_requests_seconds{error=""none"",exception=""none"",framework=""spring-boot"",language=""java"",method=""GET"",outcome=""SUCCESS"",service=""java-user-service"",status=""200"",uri=""/users"",}",1000.0,7.750674296
1790110675.731,java-user-service,"http_server_requests_seconds{error=""none"",exception=""none"",framework=""spring-boot"",language=""java"",method=""GET"",outcome=""SUCCESS"",service=""java-user-service"",status=""200"",uri=""/actuator/prometheus"",quanti,}",0.0,0.0
1790110675.731,java-user-service,"http_server_requests_seconds{error=""none"",exception=""none"",framework=""spring-boot"",language=""java"",method=""GET"",outcome=""SUCCESS"",service=""java-user-service"",status=""200"",uri=""/actuator/prometheus"",}",21.0,0.253512293
1790110675.731,java-product-service,"http_server_requests_seconds{error=""none"",exception=""none"",language=""java"",method=""GET"",outcome=""SUCCESS"",service=""java-product-service"",status=""200"",uri=""/actuator/health"",quanti,}",0.0,0.0
1790110675.731,java-product-service,"http_server_requests_seconds{error=""none"",exception=""none"",language=""java"",method=""GET"",outcome=""SUCCESS"",service=""java-product-service"",status=""200"",uri=""/actuator/health"",}",206.0,0.867087121
1790110675.731,java-product-service,"http_server_requests_seconds{error=""none"",exception=""none"",language=""java"",method=""GET"",outcome=""SUCCESS"",service=""java-product-service"",status=""200"",uri=""/actuator/prometheus"",quanti,}",0.0,0.0
1790110675.731,java-product-service,"http_server_requests_seconds{error=""none"",exception=""none"",language=""java"",method=""GET"",outcome=""SUCCESS"",service=""java-product-service"",status=""200"",uri=""/actuator/prometheus"",}",21.0,0.132537209
1790110675.731,java-product-service,"http_server_requests_seconds{error=""none"",exception=""none"",language=""java"",method=""POST"",outcome=""SUCCESS"",service=""java-product-service"",status=""201"",uri=""/products"",quanti,}",0.0,0.0
1790110675.731,java-product-service,"http_server_requests_seconds{error=""none"",exception=""none"",language=""java"",method=""POST"",outcome=""SUCCESS"",service=""java-product-service"",status=""201"",uri=""/products"",}",10.0,0.090821916
1790110675.731,java-product-service,"http_server_requests_seconds{error=""none"",exception=""none"",language=""java"",method=""GET"",outcome=""SUCCESS"",service=""java-product-service"",status=""200"",uri=""/products"",quanti,}",0.0,0.0
1790110675.731,java-product-service,"http_server_requests_seconds{error=""none"",exception=""none"",language=""java"",method=""GET"",outcome=""SUCCESS"",service=""java-product-service"",status=""200"",uri=""/products"",}",2968.0,3.711998269
1790110675.731,java-order-service,"http_server_requests_seconds{error=""none"",exception=""none"",language=""java"",method=""GET"",outcome=""SUCCESS"",service=""java-order-service"",status=""200"",uri=""/actuator/prometheus"",quanti,}",0.0,0.0
1790110675.731,java-order-service,"http_server_requests_seconds{error=""none"",exception=""none"",language=""java"",method=""GET"",outcome=""SUCCESS"",service=""java-order-service"",status=""200"",uri=""/actuator/prometheus"",}",21.0,0.115973
1790110675.731,java-order-service,"http_server_requests_seconds{error=""none"",exception=""none"",language=""java"",method=""GET"",outcome=""SUCCESS"",service=""java-order-service"",status=""200"",uri=""/actuator/health"",quanti,}",0.0,0.0
1790110675.731,java-order-service,"http_server_requests_seconds{error=""none"",exception=""none"",language=""java"",method=""GET"",outcome=""SUCCESS"",service=""java-order-service"",status=""200"",uri=""/actuator/health"",}",207.0,0.558020152
1790110680.770,java-user-service,"http_server_requests_seconds{error=""none"",exception=""none"",framework=""spring-boot"",language=""java"",method=""GET"",outcome=""SUCCESS"",service=""java-user-service"",status=""200"",uri=""/actuator/health"",quanti,}",0.0,0.0
1790110680.770,java-user-service,"http_server_requests_seconds{error=""none"",exception=""none"",framework=""spring-boot"",language=""java"",method=""GET"",outcome=""SUCCESS"",service=""java-user-service"",status=""200"",uri=""/actuator/health"",}",216.0,1.178342445
1790110680.770,java-user-service,"http_server_requests_seconds{error=""none"",exception=""none"",framework=""spring-boot"",language=""java"",method=""POST"",outcome=""SUCCESS"",service=""java-user-service"",status=""201"",uri=""/users"",quanti,}",0.0,0.0
1790110680.770,java-user-service,"http_server_requests_seconds{error=""none"",exception=""none"",framework=""spring-boot"",language=""java"",method=""POST"",outcome=""SUCCESS"",service=""java-user-service"",status=""201"",uri=""/users"",}",649.0,71.61720182
1790110680.770,java-user-service,"http_server_requests_seconds{error=""none"",exception=""none"",framework=""spring-boot"",language=""java"",method=""GET"",outcome=""SUCCESS"",service=""java-user-service"",status=""200"",uri=""/users"",quanti,}",0.0,0.0
1790110680.770,java-user-service,"http_server_requests_seconds{error=""none"",exception=""none"",framework=""spring-boot"",language=""java"",method=""GET"",outcome=""SUCCESS"",service=""java-user-service"",status=""200"",uri=""/users"",}",1000.0,7.750674296
1790110680.770,java-user-service,"http_server_requests_seconds{error=""none"",exception=""none"",framework=""spring-boot"",language=""java"",method=""GET"",outcome=""SUCCESS"",service=""java-user-service"",status=""200"",uri=""/actuator/prometheus"",quanti,}",0.0,0.0
1790110680.770,java-user-service,"http_server_requests_seconds{error=""none"",exception=""none"",framework=""spring-boot"",language=""java"",method=""GET"",outcome=""SUCCESS"",service=""java-user-service"",status=""200"",uri=""/actuator/prometheus"",}",22.0,0.261037502
1790110680.770,java-product-service,"http_server_requests_seconds{error=""none"",exception=""none"",language=""java"",method=""GET"",outcome=""SUCCESS"",service=""java-product-service"",status=""200"",uri=""/actuator/health"",quanti,}",0.0,0.0
1790110680.770,java-product-service,"http_server_requests_seconds{error=""none"",exception=""none"",language=""java"",method=""GET"",outcome=""SUCCESS"",service=""java-product-service"",status=""200"",uri=""/actuator/health"",}",216.0,0.891412246
1790110680.770,java-product-service,"http_server_requests_seconds{error=""none"",exception=""none"",language=""java"",method=""GET"",outcome=""SUCCESS"",service=""java-product-service"",status=""200"",uri=""/actuator/prometheus"",quanti,}",0.0,0.0
1790110680.770,java-product-service,"http_server_requests_seconds{error=""none"",exception=""none"",language=""java"",method=""GET"",outcome=""SUCCESS"",service=""java-product-service"",status=""200"",uri=""/actuator/prometheus"",}",22.0,0.136587293
1790110680.770,java-product-service,"http_server_requests_seconds{error=""none"",exception=""none"",language=""java"",method=""POST"",outcome=""SUCCESS"",service=""java-product-service"",status=""201"",uri=""/products"",quanti,}",0.0,0.0
1790110680.770,java-product-service,"http_server_requests_seconds{error=""none"",exception=""none"",language=""java"",method=""POST"",outcome=""SUCCESS"",service=""java-product-service"",status=""201"",uri=""/products"",}",10.0,0.090821916
1790110680.770,java-product-service,"http_server_requests_seconds{error=""none"",exception=""none"",language=""java"",method=""GET"",outcome=""SUCCESS"",service=""java-product-service"",status=""200"",uri=""/products"",quanti,}",0.0,0.0
1790110680.770,java-product-service,"http_server_requests_seconds{error=""none"",exception=""none"",language=""java"",method=""GET"",outcome=""SUCCESS"",service=""java-product-service"",status=""200"",uri=""/products"",}",3088.0,3.82190306
1790110680.770,java-order-service,"http_server_requests_seconds{error=""none"",exception=""none"",language=""java"",method=""GET"",outcome=""SUCCESS"",service=""java-order-service"",status=""200"",uri=""/actuator/prometheus"",quanti,}",0.0,0.0
1790110680.770,java-order-service,"http_server_requests_seconds{error=""none"",exception=""none"",language=""java"",method=""GET"",outcome=""SUCCESS"",service=""java-order-service"",status=""200"",uri=""/actuator/prometheus"",}",22.0,0.119988166
1790110680.770,java-order-service,"http_server_requests_seconds{error=""none"",exception=""none"",language=""java"",method=""GET"",outcome=""SUCCESS"",service=""java-order-service"",status=""200"",uri=""/actuator/health"",quanti,}",0.0,0.0
1790110680.770,java-order-service,"http_server_requests_seconds{error=""none"",exception=""none"",language=""java"",method=""GET"",outcome=""SUCCESS"",service=""java-order-service"",status=""200"",uri=""/actuator/health"",}",216.0,0.580044318
1790110685.824,java-user-service,"http_server_requests_seconds{error=""none"",exception=""none"",framework=""spring-boot"",language=""java"",method=""GET"",outcome=""SUCCESS"",service=""java-user-service"",status=""200"",uri=""/actuator/health"",quanti,}",0.0,0.0
1790110685.824,java-user-service,"http_server_requests_seconds{error=""none"",exception=""none"",framework=""spring-boot"",language=""java"",method=""GET"",outcome=""SUCCESS"",service=""java-user-service"",status=""200"",uri=""/actuator/health"",}",227.0,1.207585654
1790110685.824,java-user-service,"http_server_requests_seconds{error=""none"",exception=""none"",framework=""spring-boot"",language=""java"",method=""POST"",outcome=""SUCCESS"",service=""java-user-service"",status=""201"",uri=""/users"",quanti,}",0.0,0.0
1790110685.824,java-user-service,"http_server_requests_seconds{error=""none"",exception=""none"",framework=""spring-boot"",language=""java"",method=""POST"",outcome=""SUCCESS"",service=""java-user-service"",status=""201"",uri=""/users"",}",679.0,74.387568447
1790110685.824,java-user-service,"http_server_requests_seconds{error=""none"",exception=""none"",framework=""spring-boot"",language=""java"",method=""GET"",outcome=""SUCCESS"",service=""java-user-service"",status=""200"",uri=""/users"",quanti,}",0.0,0.0
1790110685.824,java-user-service,"http_server_requests_seconds{error=""none"",exception=""none"",framework=""spring-boot"",language=""java"",method=""GET"",outcome=""SUCCESS"",service=""java-user-service"",status=""200"",uri=""/users"",}",1000.0,7.750674296
1790110685.824,java-user-service,"http_server_requests_seconds{error=""none"",exception=""none"",framework=""spring-boot"",language=""java"",method=""GET"",outcome=""SUCCESS"",service=""java-user-service"",status=""200"",uri=""/actuator/prometheus"",quanti,}",0.0,0.0
1790110685.824,java-user-service,"http_server_requests_seconds{error=""none"",exception=""none"",framework=""spring-boot"",language=""java"",method=""GET"",outcome=""SUCCESS"",service=""java-user-service"",status=""200"",uri=""/actuator/prometheus"",}",23.0,0.270345336
1790110685.824,java-product-service,"http_server_requests_seconds{error=""none"",exception=""none"",language=""java"",method=""GET"",outcome=""SUCCESS"",service=""java-product-service"",status=""200"",uri=""/actuator/health"",quanti,}",0.0,0.0
1790110685.824,java-product-service,"http_server_requests_seconds{error=""none"",exception=""none"",language=""java"",method=""GET"",outcome=""SUCCESS"",service=""java-product-service"",status=""200"",uri=""/actuator/health"",}",227.0,0.914607914
1790110685.824,java-product-service,"http_server_requests_seconds{error=""none"",exception=""none"",language=""java"",method=""GET"",outcome=""SUCCESS"",service=""java-product-service"",status=""200"",uri=""/actuator/prometheus"",quanti,}",0.0,0.0
1790110685.824,java-product-service,"http_server_requests_seconds{error=""none"",exception=""none"",language=""java"",method=""GET"",outcome=""SUCCESS"",service=""java-product-service"",status=""200"",uri=""/actuator/prometheus"",}",23.0,0.143649293
1790110685.824,java-product-service,"http_server_requests_seconds{error=""none"",exception=""none"",language=""java"",method=""POST"",outcome=""SUCCESS"",service=""java-product-service"",status=""201"",uri=""/products"",quanti,}",0.0,0.0
1790110685.824,java-product-service,"http_server_requests_seconds{error=""none"",exception=""none"",language=""java"",method=""POST"",outcome=""SUCCESS"",service=""java-product-service"",status=""201"",uri=""/products"",}",10.0,0.090821916
1790110685.824,java-product-service,"http_server_requests_seconds{error=""none"",exception=""none"",language=""java"",method=""GET"",outcome=""SUCCESS"",service=""java-product-service"",status=""200"",uri=""/products"",quanti,}",0.0,0.0
1790110685.824,java-product-service,"http_server_requests_seconds{error=""none"",exception=""none"",language=""java"",method=""GET"",outcome=""SUCCESS"",service=""java-product-service"",status=""200"",uri=""/products"",}",3208.0,3.905542809
1790110685.824,java-order-service,"http_server_requests_seconds{error=""none"",exception=""none"",language=""java"",method=""GET"",outcome=""SUCCESS"",service=""java-order-service"",status=""200"",uri=""/actuator/prometheus"",quanti,}",0.0,0.0
1790110685.824,java-order-service,"http_server_requests_seconds{error=""none"",exception=""none"",language=""java"",method=""GET"",outcome=""SUCCESS"",service=""java-order-service"",status=""200"",uri=""/actuator/prometheus"",}",23.0,0.124848666
1790110685.824,java-order-service,"http_server_requests_seconds{error=""none"",exception=""none"",language=""java"",method=""GET"",outcome=""SUCCESS"",service=""java-order-service"",status=""200"",uri=""/actuator/health"",quanti,}",0.0,0.0
1790110685.824,java-order-service,"http_server_requests_seconds{error=""none"",exception=""none"",language=""java"",method=""GET"",outcome=""SUCCESS"",service=""java-order-service"",status=""200"",uri=""/actuator/health"",}",227.0,0.599789154
1790110690.857,java-user-service,"http_server_requests_seconds{error=""none"",exception=""none"",framework=""spring-boot"",language=""java"",method=""GET"",outcome=""SUCCESS"",service=""java-user-service"",status=""200"",uri=""/actuator/health"",quanti,}",0.0,0.0
1790110690.857,java-user-service,"http_server_requests_seconds{error=""none"",exception=""none"",framework=""spring-boot"",language=""java"",method=""GET"",outcome=""SUCCESS"",service=""java-user-service"",status=""200"",uri=""/actuator/health"",}",236.0,1.242641905
1790110690.857,java-user-service,"http_server_requests_seconds{error=""none"",exception=""none"",framework=""spring-boot"",language=""java"",method=""POST"",outcome=""SUCCESS"",service=""java-user-service"",status=""201"",uri=""/users"",quanti,}",0.0,0.0
1790110690.857,java-user-service,"http_server_requests_seconds{error=""none"",exception=""none"",framework=""spring-boot"",language=""java"",method=""POST"",outcome=""SUCCESS"",service=""java-user-service"",status=""201"",uri=""/users"",}",709.0,76.81541553
1790110690.857,java-user-service,"http_server_requests_seconds{error=""none"",exception=""none"",framework=""spring-boot"",language=""java"",method=""GET"",outcome=""SUCCESS"",service=""java-user-service"",status=""200"",uri=""/users"",quanti,}",0.0,0.0
1790110690.857,java-user-service,"http_server_requests_seconds{error=""none"",exception=""none"",framework=""spring-boot"",language=""java"",method=""GET"",outcome=""SUCCESS"",service=""java-user-service"",status=""200"",uri=""/users"",}",1000.0,7.750674296
1790110690.857,java-user-service,"http_server_requests_seconds{error=""none"",exception=""none"",framework=""spring-boot"",language=""java"",method=""GET"",outcome=""SUCCESS"",service=""java-user-service"",status=""200"",uri=""/actuator/prometheus"",quanti,}",0.0,0.0
1790110690.857,java-user-service,"http_server_requests_seconds{error=""none"",exception=""none"",framework=""spring-boot"",language=""java"",method=""GET"",outcome=""SUCCESS"",service=""java-user-service"",status=""200"",uri=""/actuator/prometheus"",}",24.0,0.274097503
1790110690.857,java-product-service,"http_server_requests_seconds{error=""none"",exception=""none"",language=""java"",method=""GET"",outcome=""SUCCESS"",service=""java-product-service"",status=""200"",uri=""/actuator/health"",quanti,}",0.0,0.0
1790110690.857,java-product-service,"http_server_requests_seconds{error=""none"",exception=""none"",language=""java"",method=""GET"",outcome=""SUCCESS"",service=""java-product-service"",status=""200"",uri=""/actuator/health"",}",236.0,0.950018038
1790110690.857,java-product-service,"http_server_requests_seconds{error=""none"",exception=""none"",language=""java"",method=""GET"",outcome=""SUCCESS"",service=""java-product-service"",status=""200"",uri=""/actuator/prometheus"",quanti,}",0.0,0.0
1790110690.857,java-product-service,"http_server_requests_seconds{error=""none"",exception=""none"",language=""java"",method=""GET"",outcome=""SUCCESS"",service=""java-product-service"",status=""200"",uri=""/actuator/prometheus"",}",24.0,0.146697335
1790110690.857,java-product-service,"http_server_requests_seconds{error=""none"",exception=""none"",language=""java"",method=""POST"",outcome=""SUCCESS"",service=""java-product-service"",status=""201"",uri=""/products"",quanti,}",0.0,0.0
1790110690.857,java-product-service,"http_server_requests_seconds{error=""none"",exception=""none"",language=""java"",method=""POST"",outcome=""SUCCESS"",service=""java-product-service"",status=""201"",uri=""/products"",}",10.0,0.090821916
1790110690.857,java-product-service,"http_server_requests_seconds{error=""none"",exception=""none"",language=""java"",method=""GET"",outcome=""SUCCESS"",service=""java-product-service"",status=""200"",uri=""/products"",quanti,}",0.0,0.0
1790110690.857,java-product-service,"http_server_requests_seconds{error=""none"",exception=""none"",language=""java"",method=""GET"",outcome=""SUCCESS"",service=""java-product-service"",status=""200"",uri=""/products"",}",3328.0,3.981814937
1790110690.857,java-order-service,"http_server_requests_seconds{error=""none"",exception=""none"",language=""java"",method=""GET"",outcome=""SUCCESS"",service=""java-order-service"",status=""200"",uri=""/actuator/prometheus"",quanti,}",0.0,0.0
1790110690.857,java-order-service,"http_server_requests_seconds{error=""none"",exception=""none"",language=""java"",method=""GET"",outcome=""SUCCESS"",service=""java-order-service"",status=""200"",uri=""/actuator/prometheus"",}",24.0,0.128212416
1790110690.857,java-order-service,"http_server_requests_seconds{error=""none"",exception=""none"",language=""java"",method=""GET"",outcome=""SUCCESS"",service=""java-order-service"",status=""200"",uri=""/actuator/health"",quanti,}",0.0,0.0
1790110690.857,java-order-service,"http_server_requests_seconds{error=""none"",exception=""none"",language=""java"",method=""GET"",outcome=""SUCCESS"",service=""java-order-service"",status=""200"",uri=""/actuator/health"",}",236.0,0.624713153
1790110695.892,java-user-service,"http_server_requests_seconds{error=""none"",exception=""none"",framework=""spring-boot"",language=""java"",method=""GET"",outcome=""SUCCESS"",service=""java-user-service"",status=""200"",uri=""/actuator/health"",quanti,}",0.0,0.0
1790110695.892,java-user-service,"http_server_requests_seconds{error=""none"",exception=""none"",framework=""spring-boot"",language=""java"",method=""GET"",outcome=""SUCCESS"",service=""java-user-service"",status=""200"",uri=""/actuator/health"",}",247.0,1.273959613
1790110695.892,java-user-service,"http_server_requests_seconds{error=""none"",exception=""none"",framework=""spring-boot"",language=""java"",method=""POST"",outcome=""SUCCESS"",service=""java-user-service"",status=""201"",uri=""/users"",quanti,}",0.0,0.0
1790110695.892,java-user-service,"http_server_requests_seconds{error=""none"",exception=""none"",framework=""spring-boot"",language=""java"",method=""POST"",outcome=""SUCCESS"",service=""java-user-service"",status=""201"",uri=""/users"",}",739.0,79.514046492
1790110695.892,java-user-service,"http_server_requests_seconds{error=""none"",exception=""none"",framework=""spring-boot"",language=""java"",method=""GET"",outcome=""SUCCESS"",service=""java-user-service"",status=""200"",uri=""/users"",quanti,}",0.0,0.0
1790110695.892,java-user-service,"http_server_requests_seconds{error=""none"",exception=""none"",framework=""spring-boot"",language=""java"",method=""GET"",outcome=""SUCCESS"",service=""java-user-service"",status=""200"",uri=""/users"",}",1000.0,7.750674296
1790110695.892,java-user-service,"http_server_requests_seconds{error=""none"",exception=""none"",framework=""spring-boot"",language=""java"",method=""GET"",outcome=""SUCCESS"",service=""java-user-service"",status=""200"",uri=""/actuator/prometheus"",quanti,}",0.0,0.0
1790110695.892,java-user-service,"http_server_requests_seconds{error=""none"",exception=""none"",framework=""spring-boot"",language=""java"",method=""GET"",outcome=""SUCCESS"",service=""java-user-service"",status=""200"",uri=""/actuator/prometheus"",}",25.0,0.279099878
1790110695.892,java-product-service,"http_server_requests_seconds{error=""none"",exception=""none"",language=""java"",method=""GET"",outcome=""SUCCESS"",service=""java-product-service"",status=""200"",uri=""/actuator/health"",quanti,}",0.0,0.0
1790110695.892,java-product-service,"http_server_requests_seconds{error=""none"",exception=""none"",language=""java"",method=""GET"",outcome=""SUCCESS"",service=""java-product-service"",status=""200"",uri=""/actuator/health"",}",247.0,0.974310828
1790110695.892,java-product-service,"http_server_requests_seconds{error=""none"",exception=""none"",language=""java"",method=""GET"",outcome=""SUCCESS"",service=""java-product-service"",status=""200"",uri=""/actuator/prometheus"",quanti,}",0.0,0.0
1790110695.892,java-product-service,"http_server_requests_seconds{error=""none"",exception=""none"",language=""java"",method=""GET"",outcome=""SUCCESS"",service=""java-product-service"",status=""200"",uri=""/actuator/prometheus"",}",25.0,0.150418627
1790110695.892,java-product-service,"http_server_requests_seconds{error=""none"",exception=""none"",language=""java"",method=""POST"",outcome=""SUCCESS"",service=""java-product-service"",status=""201"",uri=""/products"",quanti,}",0.0,0.0
1790110695.892,java-product-service,"http_server_requests_seconds{error=""none"",exception=""none"",language=""java"",method=""POST"",outcome=""SUCCESS"",service=""java-product-service"",status=""201"",uri=""/products"",}",10.0,0.090821916
1790110695.892,java-product-service,"http_server_requests_seconds{error=""none"",exception=""none"",language=""java"",method=""GET"",outcome=""SUCCESS"",service=""java-product-service"",status=""200"",uri=""/products"",quanti,}",0.0,0.0
1790110695.892,java-product-service,"http_server_requests_seconds{error=""none"",exception=""none"",language=""java"",method=""GET"",outcome=""SUCCESS"",service=""java-product-service"",status=""200"",uri=""/products"",}",3446.0,4.079307937
1790110695.892,java-order-service,"http_server_requests_seconds{error=""none"",exception=""none"",language=""java"",method=""GET"",outcome=""SUCCESS"",service=""java-order-service"",status=""200"",uri=""/actuator/prometheus"",quanti,}",0.0,0.0
1790110695.892,java-order-service,"http_server_requests_seconds{error=""none"",exception=""none"",language=""java"",method=""GET"",outcome=""SUCCESS"",service=""java-order-service"",status=""200"",uri=""/actuator/prometheus"",}",25.0,0.132201374
1790110695.892,java-order-service,"http_server_requests_seconds{error=""none"",exception=""none"",language=""java"",method=""GET"",outcome=""SUCCESS"",service=""java-order-service"",status=""200"",uri=""/actuator/health"",quanti,}",0.0,0.0
1790110695.892,java-order-service,"http_server_requests_seconds{error=""none"",exception=""none"",language=""java"",method=""GET"",outcome=""SUCCESS"",service=""java-order-service"",status=""200"",uri=""/actuator/health"",}",247.0,0.646301905
1790110700.931,java-user-service,"http_server_requests_seconds{error=""none"",exception=""none"",framework=""spring-boot"",language=""java"",method=""GET"",outcome=""SUCCESS"",service=""java-user-service"",status=""200"",uri=""/actuator/health"",quanti,}",0.0,0.0
1790110700.931,java-user-service,"http_server_requests_seconds{error=""none"",exception=""none"",framework=""spring-boot"",language=""java"",method=""GET"",outcome=""SUCCESS"",service=""java-user-service"",status=""200"",uri=""/actuator/health"",}",257.0,1.309763611
1790110700.931,java-user-service,"http_server_requests_seconds{error=""none"",exception=""none"",framework=""spring-boot"",language=""java"",method=""POST"",outcome=""SUCCESS"",service=""java-user-service"",status=""201"",uri=""/users"",quanti,}",0.0,0.0
1790110700.931,java-user-service,"http_server_requests_seconds{error=""none"",exception=""none"",framework=""spring-boot"",language=""java"",method=""POST"",outcome=""SUCCESS"",service=""java-user-service"",status=""201"",uri=""/users"",}",766.0,81.837217496
1790110700.931,java-user-service,"http_server_requests_seconds{error=""none"",exception=""none"",framework=""spring-boot"",language=""java"",method=""GET"",outcome=""SUCCESS"",service=""java-user-service"",status=""200"",uri=""/users"",quanti,}",0.0,0.0
1790110700.931,java-user-service,"http_server_requests_seconds{error=""none"",exception=""none"",framework=""spring-boot"",language=""java"",method=""GET"",outcome=""SUCCESS"",service=""java-user-service"",status=""200"",uri=""/users"",}",1000.0,7.750674296
1790110700.931,java-user-service,"http_server_requests_seconds{error=""none"",exception=""none"",framework=""spring-boot"",language=""java"",method=""GET"",outcome=""SUCCESS"",service=""java-user-service"",status=""200"",uri=""/actuator/prometheus"",quanti,}",0.0,0.0
1790110700.931,java-user-service,"http_server_requests_seconds{error=""none"",exception=""none"",framework=""spring-boot"",language=""java"",method=""GET"",outcome=""SUCCESS"",service=""java-user-service"",status=""200"",uri=""/actuator/prometheus"",}",26.0,0.282344836
1790110700.931,java-product-service,"http_server_requests_seconds{error=""none"",exception=""none"",language=""java"",method=""GET"",outcome=""SUCCESS"",service=""java-product-service"",status=""200"",uri=""/actuator/health"",quanti,}",0.0,0.0
1790110700.931,java-product-service,"http_server_requests_seconds{error=""none"",exception=""none"",language=""java"",method=""GET"",outcome=""SUCCESS"",service=""java-product-service"",status=""200"",uri=""/actuator/health"",}",257.0,1.001591828
1790110700.931,java-product-service,"http_server_requests_seconds{error=""none"",exception=""none"",language=""java"",method=""GET"",outcome=""SUCCESS"",service=""java-product-service"",status=""200"",uri=""/actuator/prometheus"",quanti,}",0.0,0.0
1790110700.931,java-product-service,"http_server_requests_seconds{error=""none"",exception=""none"",language=""java"",method=""GET"",outcome=""SUCCESS"",service=""java-product-service"",status=""200"",uri=""/actuator/prometheus"",}",26.0,0.152972086
1790110700.931,java-product-service,"http_server_requests_seconds{error=""none"",exception=""none"",language=""java"",method=""POST"",outcome=""SUCCESS"",service=""java-product-service"",status=""201"",uri=""/products"",quanti,}",0.0,0.0
1790110700.931,java-product-service,"http_server_requests_seconds{error=""none"",exception=""none"",language=""java"",method=""POST"",outcome=""SUCCESS"",service=""java-product-service"",status=""201"",uri=""/products"",}",10.0,0.090821916
1790110700.931,java-product-service,"http_server_requests_seconds{error=""none"",exception=""none"",language=""java"",method=""GET"",outcome=""SUCCESS"",service=""java-product-service"",status=""200"",uri=""/products"",quanti,}",0.0,0.0
1790110700.931,java-product-service,"http_server_requests_seconds{error=""none"",exception=""none"",language=""java"",method=""GET"",outcome=""SUCCESS"",service=""java-product-service"",status=""200"",uri=""/products"",}",3565.0,4.192217766
1790110700.931,java-order-service,"http_server_requests_seconds{error=""none"",exception=""none"",language=""java"",method=""GET"",outcome=""SUCCESS"",service=""java-order-service"",status=""200"",uri=""/actuator/prometheus"",quanti,}",0.0,0.0
1790110700.931,java-order-service,"http_server_requests_seconds{error=""none"",exception=""none"",language=""java"",method=""GET"",outcome=""SUCCESS"",service=""java-order-service"",status=""200"",uri=""/actuator/prometheus"",}",26.0,0.135220415
1790110700.931,java-order-service,"http_server_requests_seconds{error=""none"",exception=""none"",language=""java"",method=""GET"",outcome=""SUCCESS"",service=""java-order-service"",status=""200"",uri=""/actuator/health"",quanti,}",0.0,0.0
1790110700.931,java-order-service,"http_server_requests_seconds{error=""none"",exception=""none"",language=""java"",method=""GET"",outcome=""SUCCESS"",service=""java-order-service"",status=""200"",uri=""/actuator/health"",}",257.0,0.672120821
1790110705.962,java-user-service,"http_server_requests_seconds{error=""none"",exception=""none"",framework=""spring-boot"",language=""java"",method=""GET"",outcome=""SUCCESS"",service=""java-user-service"",status=""200"",uri=""/actuator/health"",quanti,}",0.0,0.0
1790110705.962,java-user-service,"http_server_requests_seconds{error=""none"",exception=""none"",framework=""spring-boot"",language=""java"",method=""GET"",outcome=""SUCCESS"",service=""java-user-service"",status=""200"",uri=""/actuator/health"",}",267.0,1.340064319
1790110705.962,java-user-service,"http_server_requests_seconds{error=""none"",exception=""none"",framework=""spring-boot"",language=""java"",method=""POST"",outcome=""SUCCESS"",service=""java-user-service"",status=""201"",uri=""/users"",quanti,}",0.0,0.0
1790110705.962,java-user-service,"http_server_requests_seconds{error=""none"",exception=""none"",framework=""spring-boot"",language=""java"",method=""POST"",outcome=""SUCCESS"",service=""java-user-service"",status=""201"",uri=""/users"",}",796.0,84.702821664
1790110705.962,java-user-service,"http_server_requests_seconds{error=""none"",exception=""none"",framework=""spring-boot"",language=""java"",method=""GET"",outcome=""SUCCESS"",service=""java-user-service"",status=""200"",uri=""/users"",quanti,}",0.0,0.0
1790110705.962,java-user-service,"http_server_requests_seconds{error=""none"",exception=""none"",framework=""spring-boot"",language=""java"",method=""GET"",outcome=""SUCCESS"",service=""java-user-service"",status=""200"",uri=""/users"",}",1000.0,7.750674296
1790110705.962,java-user-service,"http_server_requests_seconds{error=""none"",exception=""none"",framework=""spring-boot"",language=""java"",method=""GET"",outcome=""SUCCESS"",service=""java-user-service"",status=""200"",uri=""/actuator/prometheus"",quanti,}",0.0,0.0
1790110705.962,java-user-service,"http_server_requests_seconds{error=""none"",exception=""none"",framework=""spring-boot"",language=""java"",method=""GET"",outcome=""SUCCESS"",service=""java-user-service"",status=""200"",uri=""/actuator/prometheus"",}",27.0,0.284533836
1790110705.962,java-product-service,"http_server_requests_seconds{error=""none"",exception=""none"",language=""java"",method=""GET"",outcome=""SUCCESS"",service=""java-product-service"",status=""200"",uri=""/actuator/health"",quanti,}",0.0,0.0
1790110705.962,java-product-service,"http_server_requests_seconds{error=""none"",exception=""none"",language=""java"",method=""GET"",outcome=""SUCCESS"",service=""java-product-service"",status=""200"",uri=""/actuator/health"",}",267.0,1.025637828
1790110705.962,java-product-service,"http_server_requests_seconds{error=""none"",exception=""none"",language=""java"",method=""GET"",outcome=""SUCCESS"",service=""java-product-service"",status=""200"",uri=""/actuator/prometheus"",quanti,}",0.0,0.0
1790110705.962,java-product-service,"http_server_requests_seconds{error=""none"",exception=""none"",language=""java"",method=""GET"",outcome=""SUCCESS"",service=""java-product-service"",status=""200"",uri=""/actuator/prometheus"",}",27.0,0.15533692
1790110705.962,java-product-service,"http_server_requests_seconds{error=""none"",exception=""none"",language=""java"",method=""POST"",outcome=""SUCCESS"",service=""java-product-service"",status=""201"",uri=""/products"",quanti,}",0.0,0.0
1790110705.962,java-product-service,"http_server_requests_seconds{error=""none"",exception=""none"",language=""java"",method=""POST"",outcome=""SUCCESS"",service=""java-product-service"",status=""201"",uri=""/products"",}",10.0,0.090821916
1790110705.962,java-product-service,"http_server_requests_seconds{error=""none"",exception=""none"",language=""java"",method=""GET"",outcome=""SUCCESS"",service=""java-product-service"",status=""200"",uri=""/products"",quanti,}",0.0,0.0
1790110705.962,java-product-service,"http_server_requests_seconds{error=""none"",exception=""none"",language=""java"",method=""GET"",outcome=""SUCCESS"",service=""java-product-service"",status=""200"",uri=""/products"",}",3683.0,4.314386934
1790110705.962,java-order-service,"http_server_requests_seconds{error=""none"",exception=""none"",language=""java"",method=""GET"",outcome=""SUCCESS"",service=""java-order-service"",status=""200"",uri=""/actuator/prometheus"",quanti,}",0.0,0.0
1790110705.962,java-order-service,"http_server_requests_seconds{error=""none"",exception=""none"",language=""java"",method=""GET"",outcome=""SUCCESS"",service=""java-order-service"",status=""200"",uri=""/actuator/prometheus"",}",27.0,0.138059582
1790110705.962,java-order-service,"http_server_requests_seconds{error=""none"",exception=""none"",language=""java"",method=""GET"",outcome=""SUCCESS"",service=""java-order-service"",status=""200"",uri=""/actuator/health"",quanti,}",0.0,0.0
1790110705.962,java-order-service,"http_server_requests_seconds{error=""none"",exception=""none"",language=""java"",method=""GET"",outcome=""SUCCESS"",service=""java-order-service"",status=""200"",uri=""/actuator/health"",}",267.0,0.693548071
1790110710.991,java-user-service,"http_server_requests_seconds{error=""none"",exception=""none"",framework=""spring-boot"",language=""java"",method=""GET"",outcome=""SUCCESS"",service=""java-user-service"",status=""200"",uri=""/actuator/health"",quanti,}",0.0,0.0
1790110710.991,java-user-service,"http_server_requests_seconds{error=""none"",exception=""none"",framework=""spring-boot"",language=""java"",method=""GET"",outcome=""SUCCESS"",service=""java-user-service"",status=""200"",uri=""/actuator/health"",}",277.0,1.37813903
1790110710.991,java-user-service,"http_server_requests_seconds{error=""none"",exception=""none"",framework=""spring-boot"",language=""java"",method=""POST"",outcome=""SUCCESS"",service=""java-user-service"",status=""201"",uri=""/users"",quanti,}",0.0,0.0
1790110710.991,java-user-service,"http_server_requests_seconds{error=""none"",exception=""none"",framework=""spring-boot"",language=""java"",method=""POST"",outcome=""SUCCESS"",service=""java-user-service"",status=""201"",uri=""/users"",}",823.0,87.499375162
1790110710.991,java-user-service,"http_server_requests_seconds{error=""none"",exception=""none"",framework=""spring-boot"",language=""java"",method=""GET"",outcome=""SUCCESS"",service=""java-user-service"",status=""200"",uri=""/users"",quanti,}",0.0,0.0
1790110710.991,java-user-service,"http_server_requests_seconds{error=""none"",exception=""none"",framework=""spring-boot"",language=""java"",method=""GET"",outcome=""SUCCESS"",service=""java-user-service"",status=""200"",uri=""/users"",}",1000.0,7.750674296
1790110710.991,java-user-service,"http_server_requests_seconds{error=""none"",exception=""none"",framework=""spring-boot"",language=""java"",method=""GET"",outcome=""SUCCESS"",service=""java-user-service"",status=""200"",uri=""/actuator/prometheus"",quanti,}",0.0,0.0
1790110710.991,java-user-service,"http_server_requests_seconds{error=""none"",exception=""none"",framework=""spring-boot"",language=""java"",method=""GET"",outcome=""SUCCESS"",service=""java-user-service"",status=""200"",uri=""/actuator/prometheus"",}",28.0,0.287155669
1790110710.991,java-product-service,"http_server_requests_seconds{error=""none"",exception=""none"",language=""java"",method=""GET"",outcome=""SUCCESS"",service=""java-product-service"",status=""200"",uri=""/actuator/health"",quanti,}",0.0,0.0
1790110710.991,java-product-service,"http_server_requests_seconds{error=""none"",exception=""none"",language=""java"",method=""GET"",outcome=""SUCCESS"",service=""java-product-service"",status=""200"",uri=""/actuator/health"",}",277.0,1.053425411
1790110710.991,java-product-service,"http_server_requests_seconds{error=""none"",exception=""none"",language=""java"",method=""GET"",outcome=""SUCCESS"",service=""java-product-service"",status=""200"",uri=""/actuator/prometheus"",quanti,}",0.0,0.0
1790110710.991,java-product-service,"http_server_requests_seconds{error=""none"",exception=""none"",language=""java"",method=""GET"",outcome=""SUCCESS"",service=""java-product-service"",status=""200"",uri=""/actuator/prometheus"",}",28.0,0.15805892
1790110710.991,java-product-service,"http_server_requests_seconds{error=""none"",exception=""none"",language=""java"",method=""POST"",outcome=""SUCCESS"",service=""java-product-service"",status=""201"",uri=""/products"",quanti,}",0.0,0.0
1790110710.991,java-product-service,"http_server_requests_seconds{error=""none"",exception=""none"",language=""java"",method=""POST"",outcome=""SUCCESS"",service=""java-product-service"",status=""201"",uri=""/products"",}",10.0,0.090821916
1790110710.991,java-product-service,"http_server_requests_seconds{error=""none"",exception=""none"",language=""java"",method=""GET"",outcome=""SUCCESS"",service=""java-product-service"",status=""200"",uri=""/products"",quanti,}",0.0,0.0
1790110710.991,java-product-service,"http_server_requests_seconds{error=""none"",exception=""none"",language=""java"",method=""GET"",outcome=""SUCCESS"",service=""java-product-service"",status=""200"",uri=""/products"",}",3793.0,4.402111229
1790110710.991,java-order-service,"http_server_requests_seconds{error=""none"",exception=""none"",language=""java"",method=""GET"",outcome=""SUCCESS"",service=""java-order-service"",status=""200"",uri=""/actuator/prometheus"",quanti,}",0.0,0.0
1790110710.991,java-order-service,"http_server_requests_seconds{error=""none"",exception=""none"",language=""java"",method=""GET"",outcome=""SUCCESS"",service=""java-order-service"",status=""200"",uri=""/actuator/prometheus"",}",28.0,0.140521082
1790110710.991,java-order-service,"http_server_requests_seconds{error=""none"",exception=""none"",language=""java"",method=""GET"",outcome=""SUCCESS"",service=""java-order-service"",status=""200"",uri=""/actuator/health"",quanti,}",0.0,0.0
1790110710.991,java-order-service,"http_server_requests_seconds{error=""none"",exception=""none"",language=""java"",method=""GET"",outcome=""SUCCESS"",service=""java-order-service"",status=""200"",uri=""/actuator/health"",}",278.0,0.719995905
1790110716.023,java-user-service,"http_server_requests_seconds{error=""none"",exception=""none"",framework=""spring-boot"",language=""java"",method=""GET"",outcome=""SUCCESS"",service=""java-user-service"",status=""200"",uri=""/actuator/health"",quanti,}",0.0,0.0
1790110716.023,java-user-service,"http_server_requests_seconds{error=""none"",exception=""none"",framework=""spring-boot"",language=""java"",method=""GET"",outcome=""SUCCESS"",service=""java-user-service"",status=""200"",uri=""/actuator/health"",}",287.0,1.413214614
1790110716.023,java-user-service,"http_server_requests_seconds{error=""none"",exception=""none"",framework=""spring-boot"",language=""java"",method=""POST"",outcome=""SUCCESS"",service=""java-user-service"",status=""201"",uri=""/users"",quanti,}",0.0,0.0
1790110716.023,java-user-service,"http_server_requests_seconds{error=""none"",exception=""none"",framework=""spring-boot"",language=""java"",method=""POST"",outcome=""SUCCESS"",service=""java-user-service"",status=""201"",uri=""/users"",}",853.0,90.786088035
1790110716.023,java-user-service,"http_server_requests_seconds{error=""none"",exception=""none"",framework=""spring-boot"",language=""java"",method=""GET"",outcome=""SUCCESS"",service=""java-user-service"",status=""200"",uri=""/users"",quanti,}",0.0,0.0
1790110716.023,java-user-service,"http_server_requests_seconds{error=""none"",exception=""none"",framework=""spring-boot"",language=""java"",method=""GET"",outcome=""SUCCESS"",service=""java-user-service"",status=""200"",uri=""/users"",}",1000.0,7.750674296
1790110716.023,java-user-service,"http_server_requests_seconds{error=""none"",exception=""none"",framework=""spring-boot"",language=""java"",method=""GET"",outcome=""SUCCESS"",service=""java-user-service"",status=""200"",uri=""/actuator/prometheus"",quanti,}",0.0,0.0
1790110716.023,java-user-service,"http_server_requests_seconds{error=""none"",exception=""none"",framework=""spring-boot"",language=""java"",method=""GET"",outcome=""SUCCESS"",service=""java-user-service"",status=""200"",uri=""/actuator/prometheus"",}",29.0,0.291623169
1790110716.023,java-product-service,"http_server_requests_seconds{error=""none"",exception=""none"",language=""java"",method=""GET"",outcome=""SUCCESS"",service=""java-product-service"",status=""200"",uri=""/actuator/health"",quanti,}",0.0,0.0
1790110716.023,java-product-service,"http_server_requests_seconds{error=""none"",exception=""none"",language=""java"",method=""GET"",outcome=""SUCCESS"",service=""java-product-service"",status=""200"",uri=""/actuator/health"",}",287.0,1.080931951
1790110716.023,java-product-service,"http_server_requests_seconds{error=""none"",exception=""none"",language=""java"",method=""GET"",outcome=""SUCCESS"",service=""java-product-service"",status=""200"",uri=""/actuator/prometheus"",quanti,}",0.0,0.0
1790110716.023,java-product-service,"http_server_requests_seconds{error=""none"",exception=""none"",language=""java"",method=""GET"",outcome=""SUCCESS"",service=""java-product-service"",status=""200"",uri=""/actuator/prometheus"",}",29.0,0.160680795
1790110716.023,java-product-service,"http_server_requests_seconds{error=""none"",exception=""none"",language=""java"",method=""POST"",outcome=""SUCCESS"",service=""java-product-service"",status=""201"",uri=""/products"",quanti,}",0.0,0.0
1790110716.023,java-product-service,"http_server_requests_seconds{error=""none"",exception=""none"",language=""java"",method=""POST"",outcome=""SUCCESS"",service=""java-product-service"",status=""201"",uri=""/products"",}",10.0,0.090821916
1790110716.023,java-product-service,"http_server_requests_seconds{error=""none"",exception=""none"",language=""java"",method=""GET"",outcome=""SUCCESS"",service=""java-product-service"",status=""200"",uri=""/products"",quanti,}",0.0,0.0
1790110716.023,java-product-service,"http_server_requests_seconds{error=""none"",exception=""none"",language=""java"",method=""GET"",outcome=""SUCCESS"",service=""java-product-service"",status=""200"",uri=""/products"",}",3904.0,4.503184647
1790110716.023,java-order-service,"http_server_requests_seconds{error=""none"",exception=""none"",language=""java"",method=""GET"",outcome=""SUCCESS"",service=""java-order-service"",status=""200"",uri=""/actuator/prometheus"",quanti,}",0.0,0.0
1790110716.023,java-order-service,"http_server_requests_seconds{error=""none"",exception=""none"",language=""java"",method=""GET"",outcome=""SUCCESS"",service=""java-order-service"",status=""200"",uri=""/actuator/prometheus"",}",29.0,0.143525499
1790110716.023,java-order-service,"http_server_requests_seconds{error=""none"",exception=""none"",language=""java"",method=""GET"",outcome=""SUCCESS"",service=""java-order-service"",status=""200"",uri=""/actuator/health"",quanti,}",0.0,0.0
1790110716.023,java-order-service,"http_server_requests_seconds{error=""none"",exception=""none"",language=""java"",method=""GET"",outcome=""SUCCESS"",service=""java-order-service"",status=""200"",uri=""/actuator/health"",}",287.0,0.745374365
1790110721.076,java-user-service,"http_server_requests_seconds{error=""none"",exception=""none"",framework=""spring-boot"",language=""java"",method=""GET"",outcome=""SUCCESS"",service=""java-user-service"",status=""200"",uri=""/actuator/health"",quanti,}",0.0,0.0
1790110721.076,java-user-service,"http_server_requests_seconds{error=""none"",exception=""none"",framework=""spring-boot"",language=""java"",method=""GET"",outcome=""SUCCESS"",service=""java-user-service"",status=""200"",uri=""/actuator/health"",}",297.0,1.444966616
1790110721.076,java-user-service,"http_server_requests_seconds{error=""none"",exception=""none"",framework=""spring-boot"",language=""java"",method=""POST"",outcome=""SUCCESS"",service=""java-user-service"",status=""201"",uri=""/users"",quanti,}",0.0,0.0
1790110721.076,java-user-service,"http_server_requests_seconds{error=""none"",exception=""none"",framework=""spring-boot"",language=""java"",method=""POST"",outcome=""SUCCESS"",service=""java-user-service"",status=""201"",uri=""/users"",}",883.0,93.695280705
1790110721.076,java-user-service,"http_server_requests_seconds{error=""none"",exception=""none"",framework=""spring-boot"",language=""java"",method=""GET"",outcome=""SUCCESS"",service=""java-user-service"",status=""200"",uri=""/users"",quanti,}",0.0,0.0
1790110721.076,java-user-service,"http_server_requests_seconds{error=""none"",exception=""none"",framework=""spring-boot"",language=""java"",method=""GET"",outcome=""SUCCESS"",service=""java-user-service"",status=""200"",uri=""/users"",}",1000.0,7.750674296
1790110721.076,java-user-service,"http_server_requests_seconds{error=""none"",exception=""none"",framework=""spring-boot"",language=""java"",method=""GET"",outcome=""SUCCESS"",service=""java-user-service"",status=""200"",uri=""/actuator/prometheus"",quanti,}",0.0,0.0
1790110721.076,java-user-service,"http_server_requests_seconds{error=""none"",exception=""none"",framework=""spring-boot"",language=""java"",method=""GET"",outcome=""SUCCESS"",service=""java-user-service"",status=""200"",uri=""/actuator/prometheus"",}",30.0,0.300563628
1790110721.076,java-product-service,"http_server_requests_seconds{error=""none"",exception=""none"",language=""java"",method=""GET"",outcome=""SUCCESS"",service=""java-product-service"",status=""200"",uri=""/actuator/health"",quanti,}",0.0,0.0
1790110721.076,java-product-service,"http_server_requests_seconds{error=""none"",exception=""none"",language=""java"",method=""GET"",outcome=""SUCCESS"",service=""java-product-service"",status=""200"",uri=""/actuator/health"",}",297.0,1.104631369
1790110721.076,java-product-service,"http_server_requests_seconds{error=""none"",exception=""none"",language=""java"",method=""GET"",outcome=""SUCCESS"",service=""java-product-service"",status=""200"",uri=""/actuator/prometheus"",quanti,}",0.0,0.0
1790110721.076,java-product-service,"http_server_requests_seconds{error=""none"",exception=""none"",language=""java"",method=""GET"",outcome=""SUCCESS"",service=""java-product-service"",status=""200"",uri=""/actuator/prometheus"",}",30.0,0.167849211
1790110721.076,java-product-service,"http_server_requests_seconds{error=""none"",exception=""none"",language=""java"",method=""POST"",outcome=""SUCCESS"",service=""java-product-service"",status=""201"",uri=""/products"",quanti,}",0.0,0.0
1790110721.076,java-product-service,"http_server_requests_seconds{error=""none"",exception=""none"",language=""java"",method=""POST"",outcome=""SUCCESS"",service=""java-product-service"",status=""201"",uri=""/products"",}",10.0,0.090821916
1790110721.076,java-product-service,"http_server_requests_seconds{error=""none"",exception=""none"",language=""java"",method=""GET"",outcome=""SUCCESS"",service=""java-product-service"",status=""200"",uri=""/products"",quanti,}",0.0,0.0
1790110721.076,java-product-service,"http_server_requests_seconds{error=""none"",exception=""none"",language=""java"",method=""GET"",outcome=""SUCCESS"",service=""java-product-service"",status=""200"",uri=""/products"",}",4024.0,4.598126353
1790110721.076,java-order-service,"http_server_requests_seconds{error=""none"",exception=""none"",language=""java"",method=""GET"",outcome=""SUCCESS"",service=""java-order-service"",status=""200"",uri=""/actuator/prometheus"",quanti,}",0.0,0.0
1790110721.076,java-order-service,"http_server_requests_seconds{error=""none"",exception=""none"",language=""java"",method=""GET"",outcome=""SUCCESS"",service=""java-order-service"",status=""200"",uri=""/actuator/prometheus"",}",30.0,0.148643458
1790110721.076,java-order-service,"http_server_requests_seconds{error=""none"",exception=""none"",language=""java"",method=""GET"",outcome=""SUCCESS"",service=""java-order-service"",status=""200"",uri=""/actuator/health"",quanti,}",0.0,0.0
1790110721.076,java-order-service,"http_server_requests_seconds{error=""none"",exception=""none"",language=""java"",method=""GET"",outcome=""SUCCESS"",service=""java-order-service"",status=""200"",uri=""/actuator/health"",}",298.0,0.76959103
1790110726.117,java-user-service,"http_server_requests_seconds{error=""none"",exception=""none"",framework=""spring-boot"",language=""java"",method=""GET"",outcome=""SUCCESS"",service=""java-user-service"",status=""200"",uri=""/actuator/health"",quanti,}",0.0,0.0
1790110726.117,java-user-service,"http_server_requests_seconds{error=""none"",exception=""none"",framework=""spring-boot"",language=""java"",method=""GET"",outcome=""SUCCESS"",service=""java-user-service"",status=""200"",uri=""/actuator/health"",}",308.0,1.478001073
1790110726.117,java-user-service,"http_server_requests_seconds{error=""none"",exception=""none"",framework=""spring-boot"",language=""java"",method=""POST"",outcome=""SUCCESS"",service=""java-user-service"",status=""201"",uri=""/users"",quanti,}",0.0,0.0
1790110726.117,java-user-service,"http_server_requests_seconds{error=""none"",exception=""none"",framework=""spring-boot"",language=""java"",method=""POST"",outcome=""SUCCESS"",service=""java-user-service"",status=""201"",uri=""/users"",}",913.0,97.064981709
1790110726.117,java-user-service,"http_server_requests_seconds{error=""none"",exception=""none"",framework=""spring-boot"",language=""java"",method=""GET"",outcome=""SUCCESS"",service=""java-user-service"",status=""200"",uri=""/users"",quanti,}",0.0,0.0
1790110726.117,java-user-service,"http_server_requests_seconds{error=""none"",exception=""none"",framework=""spring-boot"",language=""java"",method=""GET"",outcome=""SUCCESS"",service=""java-user-service"",status=""200"",uri=""/users"",}",1000.0,7.750674296
1790110726.117,java-user-service,"http_server_requests_seconds{error=""none"",exception=""none"",framework=""spring-boot"",language=""java"",method=""GET"",outcome=""SUCCESS"",service=""java-user-service"",status=""200"",uri=""/actuator/prometheus"",quanti,}",0.0,0.0
1790110726.117,java-user-service,"http_server_requests_seconds{error=""none"",exception=""none"",framework=""spring-boot"",language=""java"",method=""GET"",outcome=""SUCCESS"",service=""java-user-service"",status=""200"",uri=""/actuator/prometheus"",}",31.0,0.304734295
1790110726.117,java-product-service,"http_server_requests_seconds{error=""none"",exception=""none"",language=""java"",method=""GET"",outcome=""SUCCESS"",service=""java-product-service"",status=""200"",uri=""/actuator/health"",quanti,}",0.0,0.0
1790110726.117,java-product-service,"http_server_requests_seconds{error=""none"",exception=""none"",language=""java"",method=""GET"",outcome=""SUCCESS"",service=""java-product-service"",status=""200"",uri=""/actuator/health"",}",308.0,1.129744038
1790110726.117,java-product-service,"http_server_requests_seconds{error=""none"",exception=""none"",language=""java"",method=""GET"",outcome=""SUCCESS"",service=""java-product-service"",status=""200"",uri=""/actuator/prometheus"",quanti,}",0.0,0.0
1790110726.117,java-product-service,"http_server_requests_seconds{error=""none"",exception=""none"",language=""java"",method=""GET"",outcome=""SUCCESS"",service=""java-product-service"",status=""200"",uri=""/actuator/prometheus"",}",31.0,0.171439044
1790110726.117,java-product-service,"http_server_requests_seconds{error=""none"",exception=""none"",language=""java"",method=""POST"",outcome=""SUCCESS"",service=""java-product-service"",status=""201"",uri=""/products"",quanti,}",0.0,0.0
1790110726.117,java-product-service,"http_server_requests_seconds{error=""none"",exception=""none"",language=""java"",method=""POST"",outcome=""SUCCESS"",service=""java-product-service"",status=""201"",uri=""/products"",}",10.0,0.090821916
1790110726.117,java-product-service,"http_server_requests_seconds{error=""none"",exception=""none"",language=""java"",method=""GET"",outcome=""SUCCESS"",service=""java-product-service"",status=""200"",uri=""/products"",quanti,}",0.0,0.0
1790110726.117,java-product-service,"http_server_requests_seconds{error=""none"",exception=""none"",language=""java"",method=""GET"",outcome=""SUCCESS"",service=""java-product-service"",status=""200"",uri=""/products"",}",4144.0,4.69359902
1790110726.117,java-order-service,"http_server_requests_seconds{error=""none"",exception=""none"",language=""java"",method=""GET"",outcome=""SUCCESS"",service=""java-order-service"",status=""200"",uri=""/actuator/prometheus"",quanti,}",0.0,0.0
1790110726.117,java-order-service,"http_server_requests_seconds{error=""none"",exception=""none"",language=""java"",method=""GET"",outcome=""SUCCESS"",service=""java-order-service"",status=""200"",uri=""/actuator/prometheus"",}",31.0,0.152471708
1790110726.117,java-order-service,"http_server_requests_seconds{error=""none"",exception=""none"",language=""java"",method=""GET"",outcome=""SUCCESS"",service=""java-order-service"",status=""200"",uri=""/actuator/health"",quanti,}",0.0,0.0
1790110726.117,java-order-service,"http_server_requests_seconds{error=""none"",exception=""none"",language=""java"",method=""GET"",outcome=""SUCCESS"",service=""java-order-service"",status=""200"",uri=""/actuator/health"",}",308.0,0.791353737
1790110731.169,java-user-service,"http_server_requests_seconds{error=""none"",exception=""none"",framework=""spring-boot"",language=""java"",method=""GET"",outcome=""SUCCESS"",service=""java-user-service"",status=""200"",uri=""/actuator/health"",quanti,}",0.0,0.0
1790110731.169,java-user-service,"http_server_requests_seconds{error=""none"",exception=""none"",framework=""spring-boot"",language=""java"",method=""GET"",outcome=""SUCCESS"",service=""java-user-service"",status=""200"",uri=""/actuator/health"",}",317.0,1.507266864
1790110731.169,java-user-service,"http_server_requests_seconds{error=""none"",exception=""none"",framework=""spring-boot"",language=""java"",method=""POST"",outcome=""SUCCESS"",service=""java-user-service"",status=""201"",uri=""/users"",quanti,}",0.0,0.0
1790110731.169,java-user-service,"http_server_requests_seconds{error=""none"",exception=""none"",framework=""spring-boot"",language=""java"",method=""POST"",outcome=""SUCCESS"",service=""java-user-service"",status=""201"",uri=""/users"",}",943.0,100.646737085
1790110731.169,java-user-service,"http_server_requests_seconds{error=""none"",exception=""none"",framework=""spring-boot"",language=""java"",method=""GET"",outcome=""SUCCESS"",service=""java-user-service"",status=""200"",uri=""/users"",quanti,}",0.0,0.0
1790110731.169,java-user-service,"http_server_requests_seconds{error=""none"",exception=""none"",framework=""spring-boot"",language=""java"",method=""GET"",outcome=""SUCCESS"",service=""java-user-service"",status=""200"",uri=""/users"",}",1000.0,7.750674296
1790110731.169,java-user-service,"http_server_requests_seconds{error=""none"",exception=""none"",framework=""spring-boot"",language=""java"",method=""GET"",outcome=""SUCCESS"",service=""java-user-service"",status=""200"",uri=""/actuator/prometheus"",quanti,}",0.0,0.0
1790110731.169,java-user-service,"http_server_requests_seconds{error=""none"",exception=""none"",framework=""spring-boot"",language=""java"",method=""GET"",outcome=""SUCCESS"",service=""java-user-service"",status=""200"",uri=""/actuator/prometheus"",}",32.0,0.313357462
1790110731.169,java-product-service,"http_server_requests_seconds{error=""none"",exception=""none"",language=""java"",method=""GET"",outcome=""SUCCESS"",service=""java-product-service"",status=""200"",uri=""/actuator/health"",quanti,}",0.0,0.0
1790110731.169,java-product-service,"http_server_requests_seconds{error=""none"",exception=""none"",language=""java"",method=""GET"",outcome=""SUCCESS"",service=""java-product-service"",status=""200"",uri=""/actuator/health"",}",317.0,1.151207163
1790110731.169,java-product-service,"http_server_requests_seconds{error=""none"",exception=""none"",language=""java"",method=""GET"",outcome=""SUCCESS"",service=""java-product-service"",status=""200"",uri=""/actuator/prometheus"",quanti,}",0.0,0.0
1790110731.169,java-product-service,"http_server_requests_seconds{error=""none"",exception=""none"",language=""java"",method=""GET"",outcome=""SUCCESS"",service=""java-product-service"",status=""200"",uri=""/actuator/prometheus"",}",32.0,0.184181502
1790110731.169,java-product-service,"http_server_requests_seconds{error=""none"",exception=""none"",language=""java"",method=""POST"",outcome=""SUCCESS"",service=""java-product-service"",status=""201"",uri=""/products"",quanti,}",0.0,0.0
1790110731.169,java-product-service,"http_server_requests_seconds{error=""none"",exception=""none"",language=""java"",method=""POST"",outcome=""SUCCESS"",service=""java-product-service"",status=""201"",uri=""/products"",}",10.0,0.090821916
1790110731.169,java-product-service,"http_server_requests_seconds{error=""none"",exception=""none"",language=""java"",method=""GET"",outcome=""SUCCESS"",service=""java-product-service"",status=""200"",uri=""/products"",quanti,}",0.0,0.0
1790110731.169,java-product-service,"http_server_requests_seconds{error=""none"",exception=""none"",language=""java"",method=""GET"",outcome=""SUCCESS"",service=""java-product-service"",status=""200"",uri=""/products"",}",4264.0,4.825493686
1790110731.169,java-order-service,"http_server_requests_seconds{error=""none"",exception=""none"",language=""java"",method=""GET"",outcome=""SUCCESS"",service=""java-order-service"",status=""200"",uri=""/actuator/prometheus"",quanti,}",0.0,0.0
1790110731.169,java-order-service,"http_server_requests_seconds{error=""none"",exception=""none"",language=""java"",method=""GET"",outcome=""SUCCESS"",service=""java-order-service"",status=""200"",uri=""/actuator/prometheus"",}",32.0,0.156642042
1790110731.169,java-order-service,"http_server_requests_seconds{error=""none"",exception=""none"",language=""java"",method=""GET"",outcome=""SUCCESS"",service=""java-order-service"",status=""200"",uri=""/actuator/health"",quanti,}",0.0,0.0
1790110731.169,java-order-service,"http_server_requests_seconds{error=""none"",exception=""none"",language=""java"",method=""GET"",outcome=""SUCCESS"",service=""java-order-service"",status=""200"",uri=""/actuator/health"",}",318.0,0.811501946
1790110736.206,java-user-service,"http_server_requests_seconds{error=""none"",exception=""none"",framework=""spring-boot"",language=""java"",method=""GET"",outcome=""SUCCESS"",service=""java-user-service"",status=""200"",uri=""/actuator/health"",quanti,}",0.0,0.0
1790110736.206,java-user-service,"http_server_requests_seconds{error=""none"",exception=""none"",framework=""spring-boot"",language=""java"",method=""GET"",outcome=""SUCCESS"",service=""java-user-service"",status=""200"",uri=""/actuator/health"",}",328.0,1.544605323
1790110736.206,java-user-service,"http_server_requests_seconds{error=""none"",exception=""none"",framework=""spring-boot"",language=""java"",method=""POST"",outcome=""SUCCESS"",service=""java-user-service"",status=""201"",uri=""/users"",quanti,}",0.0,0.0
1790110736.206,java-user-service,"http_server_requests_seconds{error=""none"",exception=""none"",framework=""spring-boot"",language=""java"",method=""POST"",outcome=""SUCCESS"",service=""java-user-service"",status=""201"",uri=""/users"",}",973.0,103.141630252
1790110736.206,java-user-service,"http_server_requests_seconds{error=""none"",exception=""none"",framework=""spring-boot"",language=""java"",method=""GET"",outcome=""SUCCESS"",service=""java-user-service"",status=""200"",uri=""/users"",quanti,}",0.0,0.0
1790110736.206,java-user-service,"http_server_requests_seconds{error=""none"",exception=""none"",framework=""spring-boot"",language=""java"",method=""GET"",outcome=""SUCCESS"",service=""java-user-service"",status=""200"",uri=""/users"",}",1000.0,7.750674296
1790110736.206,java-user-service,"http_server_requests_seconds{error=""none"",exception=""none"",framework=""spring-boot"",language=""java"",method=""GET"",outcome=""SUCCESS"",service=""java-user-service"",status=""200"",uri=""/actuator/prometheus"",quanti,}",0.0,0.0
1790110736.206,java-user-service,"http_server_requests_seconds{error=""none"",exception=""none"",framework=""spring-boot"",language=""java"",method=""GET"",outcome=""SUCCESS"",service=""java-user-service"",status=""200"",uri=""/actuator/prometheus"",}",33.0,0.319890837
1790110736.206,java-product-service,"http_server_requests_seconds{error=""none"",exception=""none"",language=""java"",method=""GET"",outcome=""SUCCESS"",service=""java-product-service"",status=""200"",uri=""/actuator/health"",quanti,}",0.0,0.0
1790110736.206,java-product-service,"http_server_requests_seconds{error=""none"",exception=""none"",language=""java"",method=""GET"",outcome=""SUCCESS"",service=""java-product-service"",status=""200"",uri=""/actuator/health"",}",328.0,1.177667081
1790110736.206,java-product-service,"http_server_requests_seconds{error=""none"",exception=""none"",language=""java"",method=""GET"",outcome=""SUCCESS"",service=""java-product-service"",status=""200"",uri=""/actuator/prometheus"",quanti,}",0.0,0.0
1790110736.206,java-product-service,"http_server_requests_seconds{error=""none"",exception=""none"",language=""java"",method=""GET"",outcome=""SUCCESS"",service=""java-product-service"",status=""200"",uri=""/actuator/prometheus"",}",33.0,0.18755796
1790110736.206,java-product-service,"http_server_requests_seconds{error=""none"",exception=""none"",language=""java"",method=""POST"",outcome=""SUCCESS"",service=""java-product-service"",status=""201"",uri=""/products"",quanti,}",0.0,0.0
1790110736.206,java-product-service,"http_server_requests_seconds{error=""none"",exception=""none"",language=""java"",method=""POST"",outcome=""SUCCESS"",service=""java-product-service"",status=""201"",uri=""/products"",}",10.0,0.090821916
1790110736.206,java-product-service,"http_server_requests_seconds{error=""none"",exception=""none"",language=""java"",method=""GET"",outcome=""SUCCESS"",service=""java-product-service"",status=""200"",uri=""/products"",quanti,}",0.0,0.0
1790110736.206,java-product-service,"http_server_requests_seconds{error=""none"",exception=""none"",language=""java"",method=""GET"",outcome=""SUCCESS"",service=""java-product-service"",status=""200"",uri=""/products"",}",4384.0,4.90875594
1790110736.206,java-order-service,"http_server_requests_seconds{error=""none"",exception=""none"",language=""java"",method=""GET"",outcome=""SUCCESS"",service=""java-order-service"",status=""200"",uri=""/actuator/prometheus"",quanti,}",0.0,0.0
1790110736.206,java-order-service,"http_server_requests_seconds{error=""none"",exception=""none"",language=""java"",method=""GET"",outcome=""SUCCESS"",service=""java-order-service"",status=""200"",uri=""/actuator/prometheus"",}",33.0,0.159673292
1790110736.206,java-order-service,"http_server_requests_seconds{error=""none"",exception=""none"",language=""java"",method=""GET"",outcome=""SUCCESS"",service=""java-order-service"",status=""200"",uri=""/actuator/health"",quanti,}",0.0,0.0
1790110736.206,java-order-service,"http_server_requests_seconds{error=""none"",exception=""none"",language=""java"",method=""GET"",outcome=""SUCCESS"",service=""java-order-service"",status=""200"",uri=""/actuator/health"",}",328.0,0.833992695
1790110741.255,java-user-service,"http_server_requests_seconds{error=""none"",exception=""none"",framework=""spring-boot"",language=""java"",method=""GET"",outcome=""SUCCESS"",service=""java-user-service"",status=""200"",uri=""/actuator/health"",quanti,}",0.0,0.0
1790110741.255,java-user-service,"http_server_requests_seconds{error=""none"",exception=""none"",framework=""spring-boot"",language=""java"",method=""GET"",outcome=""SUCCESS"",service=""java-user-service"",status=""200"",uri=""/actuator/health"",}",338.0,1.575866031
1790110741.255,java-user-service,"http_server_requests_seconds{error=""none"",exception=""none"",framework=""spring-boot"",language=""java"",method=""POST"",outcome=""SUCCESS"",service=""java-user-service"",status=""201"",uri=""/users"",quanti,}",0.0,0.0
1790110741.255,java-user-service,"http_server_requests_seconds{error=""none"",exception=""none"",framework=""spring-boot"",language=""java"",method=""POST"",outcome=""SUCCESS"",service=""java-user-service"",status=""201"",uri=""/users"",}",1003.0,106.175923757
1790110741.255,java-user-service,"http_server_requests_seconds{error=""none"",exception=""none"",framework=""spring-boot"",language=""java"",method=""GET"",outcome=""SUCCESS"",service=""java-user-service"",status=""200"",uri=""/users"",quanti,}",0.0,0.0
1790110741.255,java-user-service,"http_server_requests_seconds{error=""none"",exception=""none"",framework=""spring-boot"",language=""java"",method=""GET"",outcome=""SUCCESS"",service=""java-user-service"",status=""200"",uri=""/users"",}",1000.0,7.750674296
1790110741.255,java-user-service,"http_server_requests_seconds{error=""none"",exception=""none"",framework=""spring-boot"",language=""java"",method=""GET"",outcome=""SUCCESS"",service=""java-user-service"",status=""200"",uri=""/actuator/prometheus"",quanti,}",0.0,0.0
1790110741.255,java-user-service,"http_server_requests_seconds{error=""none"",exception=""none"",framework=""spring-boot"",language=""java"",method=""GET"",outcome=""SUCCESS"",service=""java-user-service"",status=""200"",uri=""/actuator/prometheus"",}",34.0,0.328448545
1790110741.255,java-product-service,"http_server_requests_seconds{error=""none"",exception=""none"",language=""java"",method=""GET"",outcome=""SUCCESS"",service=""java-product-service"",status=""200"",uri=""/actuator/health"",quanti,}",0.0,0.0
1790110741.255,java-product-service,"http_server_requests_seconds{error=""none"",exception=""none"",language=""java"",method=""GET"",outcome=""SUCCESS"",service=""java-product-service"",status=""200"",uri=""/actuator/health"",}",338.0,1.20119854
1790110741.255,java-product-service,"http_server_requests_seconds{error=""none"",exception=""none"",language=""java"",method=""GET"",outcome=""SUCCESS"",service=""java-product-service"",status=""200"",uri=""/actuator/prometheus"",quanti,}",0.0,0.0
1790110741.255,java-product-service,"http_server_requests_seconds{error=""none"",exception=""none"",language=""java"",method=""GET"",outcome=""SUCCESS"",service=""java-product-service"",status=""200"",uri=""/actuator/prometheus"",}",34.0,0.19418571
1790110741.255,java-product-service,"http_server_requests_seconds{error=""none"",exception=""none"",language=""java"",method=""POST"",outcome=""SUCCESS"",service=""java-product-service"",status=""201"",uri=""/products"",quanti,}",0.0,0.0
1790110741.255,java-product-service,"http_server_requests_seconds{error=""none"",exception=""none"",language=""java"",method=""POST"",outcome=""SUCCESS"",service=""java-product-service"",status=""201"",uri=""/products"",}",10.0,0.090821916
1790110741.255,java-product-service,"http_server_requests_seconds{error=""none"",exception=""none"",language=""java"",method=""GET"",outcome=""SUCCESS"",service=""java-product-service"",status=""200"",uri=""/products"",quanti,}",0.0,0.0
1790110741.255,java-product-service,"http_server_requests_seconds{error=""none"",exception=""none"",language=""java"",method=""GET"",outcome=""SUCCESS"",service=""java-product-service"",status=""200"",uri=""/products"",}",4504.0,4.987932148
1790110741.255,java-order-service,"http_server_requests_seconds{error=""none"",exception=""none"",language=""java"",method=""GET"",outcome=""SUCCESS"",service=""java-order-service"",status=""200"",uri=""/actuator/prometheus"",quanti,}",0.0,0.0
1790110741.255,java-order-service,"http_server_requests_seconds{error=""none"",exception=""none"",language=""java"",method=""GET"",outcome=""SUCCESS"",service=""java-order-service"",status=""200"",uri=""/actuator/prometheus"",}",34.0,0.165499959
1790110741.255,java-order-service,"http_server_requests_seconds{error=""none"",exception=""none"",language=""java"",method=""GET"",outcome=""SUCCESS"",service=""java-order-service"",status=""200"",uri=""/actuator/health"",quanti,}",0.0,0.0
1790110741.255,java-order-service,"http_server_requests_seconds{error=""none"",exception=""none"",language=""java"",method=""GET"",outcome=""SUCCESS"",service=""java-order-service"",status=""200"",uri=""/actuator/health"",}",339.0,0.855000653
1790110746.301,java-user-service,"http_server_requests_seconds{error=""none"",exception=""none"",framework=""spring-boot"",language=""java"",method=""GET"",outcome=""SUCCESS"",service=""java-user-service"",status=""200"",uri=""/actuator/health"",quanti,}",0.0,0.0
1790110746.301,java-user-service,"http_server_requests_seconds{error=""none"",exception=""none"",framework=""spring-boot"",language=""java"",method=""GET"",outcome=""SUCCESS"",service=""java-user-service"",status=""200"",uri=""/actuator/health"",}",348.0,1.604685613
1790110746.301,java-user-service,"http_server_requests_seconds{error=""none"",exception=""none"",framework=""spring-boot"",language=""java"",method=""POST"",outcome=""SUCCESS"",service=""java-user-service"",status=""201"",uri=""/users"",quanti,}",0.0,0.0
1790110746.301,java-user-service,"http_server_requests_seconds{error=""none"",exception=""none"",framework=""spring-boot"",language=""java"",method=""POST"",outcome=""SUCCESS"",service=""java-user-service"",status=""201"",uri=""/users"",}",1033.0,109.063541595
1790110746.301,java-user-service,"http_server_requests_seconds{error=""none"",exception=""none"",framework=""spring-boot"",language=""java"",method=""GET"",outcome=""SUCCESS"",service=""java-user-service"",status=""200"",uri=""/users"",quanti,}",0.0,0.0
1790110746.301,java-user-service,"http_server_requests_seconds{error=""none"",exception=""none"",framework=""spring-boot"",language=""java"",method=""GET"",outcome=""SUCCESS"",service=""java-user-service"",status=""200"",uri=""/users"",}",1000.0,7.750674296
1790110746.301,java-user-service,"http_server_requests_seconds{error=""none"",exception=""none"",framework=""spring-boot"",language=""java"",method=""GET"",outcome=""SUCCESS"",service=""java-user-service"",status=""200"",uri=""/actuator/prometheus"",quanti,}",0.0,0.0
1790110746.301,java-user-service,"http_server_requests_seconds{error=""none"",exception=""none"",framework=""spring-boot"",language=""java"",method=""GET"",outcome=""SUCCESS"",service=""java-user-service"",status=""200"",uri=""/actuator/prometheus"",}",35.0,0.335278337
1790110746.301,java-product-service,"http_server_requests_seconds{error=""none"",exception=""none"",language=""java"",method=""GET"",outcome=""SUCCESS"",service=""java-product-service"",status=""200"",uri=""/actuator/health"",quanti,}",0.0,0.0
1790110746.301,java-product-service,"http_server_requests_seconds{error=""none"",exception=""none"",language=""java"",method=""GET"",outcome=""SUCCESS"",service=""java-product-service"",status=""200"",uri=""/actuator/health"",}",348.0,1.223520706
1790110746.301,java-product-service,"http_server_requests_seconds{error=""none"",exception=""none"",language=""java"",method=""GET"",outcome=""SUCCESS"",service=""java-product-service"",status=""200"",uri=""/actuator/prometheus"",quanti,}",0.0,0.0
1790110746.301,java-product-service,"http_server_requests_seconds{error=""none"",exception=""none"",language=""java"",method=""GET"",outcome=""SUCCESS"",service=""java-product-service"",status=""200"",uri=""/actuator/prometheus"",}",35.0,0.19817496
1790110746.301,java-product-service,"http_server_requests_seconds{error=""none"",exception=""none"",language=""java"",method=""POST"",outcome=""SUCCESS"",service=""java-product-service"",status=""201"",uri=""/products"",quanti,}",0.0,0.0
1790110746.301,java-product-service,"http_server_requests_seconds{error=""none"",exception=""none"",language=""java"",method=""POST"",outcome=""SUCCESS"",service=""java-product-service"",status=""201"",uri=""/products"",}",10.0,0.090821916
1790110746.301,java-product-service,"http_server_requests_seconds{error=""none"",exception=""none"",language=""java"",method=""GET"",outcome=""SUCCESS"",service=""java-product-service"",status=""200"",uri=""/products"",quanti,}",0.0,0.0
1790110746.301,java-product-service,"http_server_requests_seconds{error=""none"",exception=""none"",language=""java"",method=""GET"",outcome=""SUCCESS"",service=""java-product-service"",status=""200"",uri=""/products"",}",4624.0,5.075560317
1790110746.301,java-order-service,"http_server_requests_seconds{error=""none"",exception=""none"",language=""java"",method=""GET"",outcome=""SUCCESS"",service=""java-order-service"",status=""200"",uri=""/actuator/prometheus"",quanti,}",0.0,0.0
1790110746.301,java-order-service,"http_server_requests_seconds{error=""none"",exception=""none"",language=""java"",method=""GET"",outcome=""SUCCESS"",service=""java-order-service"",status=""200"",uri=""/actuator/prometheus"",}",35.0,0.169093084
1790110746.301,java-order-service,"http_server_requests_seconds{error=""none"",exception=""none"",language=""java"",method=""GET"",outcome=""SUCCESS"",service=""java-order-service"",status=""200"",uri=""/actuator/health"",quanti,}",0.0,0.0
1790110746.301,java-order-service,"http_server_requests_seconds{error=""none"",exception=""none"",language=""java"",method=""GET"",outcome=""SUCCESS"",service=""java-order-service"",status=""200"",uri=""/actuator/health"",}",348.0,0.875843443
1790110751.355,java-user-service,"http_server_requests_seconds{error=""none"",exception=""none"",framework=""spring-boot"",language=""java"",method=""GET"",outcome=""SUCCESS"",service=""java-user-service"",status=""200"",uri=""/actuator/health"",quanti,}",0.0,0.0
1790110751.355,java-user-service,"http_server_requests_seconds{error=""none"",exception=""none"",framework=""spring-boot"",language=""java"",method=""GET"",outcome=""SUCCESS"",service=""java-user-service"",status=""200"",uri=""/actuator/health"",}",358.0,1.633562319
1790110751.355,java-user-service,"http_server_requests_seconds{error=""none"",exception=""none"",framework=""spring-boot"",language=""java"",method=""POST"",outcome=""SUCCESS"",service=""java-user-service"",status=""201"",uri=""/users"",quanti,}",0.0,0.0
1790110751.355,java-user-service,"http_server_requests_seconds{error=""none"",exception=""none"",framework=""spring-boot"",language=""java"",method=""POST"",outcome=""SUCCESS"",service=""java-user-service"",status=""201"",uri=""/users"",}",1063.0,111.737180634
1790110751.355,java-user-service,"http_server_requests_seconds{error=""none"",exception=""none"",framework=""spring-boot"",language=""java"",method=""GET"",outcome=""SUCCESS"",service=""java-user-service"",status=""200"",uri=""/users"",quanti,}",0.0,0.0
1790110751.355,java-user-service,"http_server_requests_seconds{error=""none"",exception=""none"",framework=""spring-boot"",language=""java"",method=""GET"",outcome=""SUCCESS"",service=""java-user-service"",status=""200"",uri=""/users"",}",1000.0,7.750674296
1790110751.355,java-user-service,"http_server_requests_seconds{error=""none"",exception=""none"",framework=""spring-boot"",language=""java"",method=""GET"",outcome=""SUCCESS"",service=""java-user-service"",status=""200"",uri=""/actuator/prometheus"",quanti,}",0.0,0.0
1790110751.355,java-user-service,"http_server_requests_seconds{error=""none"",exception=""none"",framework=""spring-boot"",language=""java"",method=""GET"",outcome=""SUCCESS"",service=""java-user-service"",status=""200"",uri=""/actuator/prometheus"",}",36.0,0.343706337
1790110751.355,java-product-service,"http_server_requests_seconds{error=""none"",exception=""none"",language=""java"",method=""GET"",outcome=""SUCCESS"",service=""java-product-service"",status=""200"",uri=""/actuator/health"",quanti,}",0.0,0.0
1790110751.355,java-product-service,"http_server_requests_seconds{error=""none"",exception=""none"",language=""java"",method=""GET"",outcome=""SUCCESS"",service=""java-product-service"",status=""200"",uri=""/actuator/health"",}",358.0,1.242773038
1790110751.355,java-product-service,"http_server_requests_seconds{error=""none"",exception=""none"",language=""java"",method=""GET"",outcome=""SUCCESS"",service=""java-product-service"",status=""200"",uri=""/actuator/prometheus"",quanti,}",0.0,0.0
1790110751.355,java-product-service,"http_server_requests_seconds{error=""none"",exception=""none"",language=""java"",method=""GET"",outcome=""SUCCESS"",service=""java-product-service"",status=""200"",uri=""/actuator/prometheus"",}",36.0,0.20539246
1790110751.355,java-product-service,"http_server_requests_seconds{error=""none"",exception=""none"",language=""java"",method=""POST"",outcome=""SUCCESS"",service=""java-product-service"",status=""201"",uri=""/products"",quanti,}",0.0,0.0
1790110751.355,java-product-service,"http_server_requests_seconds{error=""none"",exception=""none"",language=""java"",method=""POST"",outcome=""SUCCESS"",service=""java-product-service"",status=""201"",uri=""/products"",}",10.0,0.090821916
1790110751.355,java-product-service,"http_server_requests_seconds{error=""none"",exception=""none"",language=""java"",method=""GET"",outcome=""SUCCESS"",service=""java-product-service"",status=""200"",uri=""/products"",quanti,}",0.0,0.0
1790110751.355,java-product-service,"http_server_requests_seconds{error=""none"",exception=""none"",language=""java"",method=""GET"",outcome=""SUCCESS"",service=""java-product-service"",status=""200"",uri=""/products"",}",4744.0,5.162631149
1790110751.355,java-order-service,"http_server_requests_seconds{error=""none"",exception=""none"",language=""java"",method=""GET"",outcome=""SUCCESS"",service=""java-order-service"",status=""200"",uri=""/actuator/prometheus"",quanti,}",0.0,0.0
1790110751.355,java-order-service,"http_server_requests_seconds{error=""none"",exception=""none"",language=""java"",method=""GET"",outcome=""SUCCESS"",service=""java-order-service"",status=""200"",uri=""/actuator/prometheus"",}",36.0,0.174486668
1790110751.355,java-order-service,"http_server_requests_seconds{error=""none"",exception=""none"",language=""java"",method=""GET"",outcome=""SUCCESS"",service=""java-order-service"",status=""200"",uri=""/actuator/health"",quanti,}",0.0,0.0
1790110751.355,java-order-service,"http_server_requests_seconds{error=""none"",exception=""none"",language=""java"",method=""GET"",outcome=""SUCCESS"",service=""java-order-service"",status=""200"",uri=""/actuator/health"",}",359.0,0.894338026
1790110756.414,java-user-service,"http_server_requests_seconds{error=""none"",exception=""none"",framework=""spring-boot"",language=""java"",method=""GET"",outcome=""SUCCESS"",service=""java-user-service"",status=""200"",uri=""/actuator/health"",quanti,}",0.0,0.0
1790110756.414,java-user-service,"http_server_requests_seconds{error=""none"",exception=""none"",framework=""spring-boot"",language=""java"",method=""GET"",outcome=""SUCCESS"",service=""java-user-service"",status=""200"",uri=""/actuator/health"",}",369.0,1.703850905
1790110756.414,java-user-service,"http_server_requests_seconds{error=""none"",exception=""none"",framework=""spring-boot"",language=""java"",method=""POST"",outcome=""SUCCESS"",service=""java-user-service"",status=""201"",uri=""/users"",quanti,}",0.0,0.0
1790110756.414,java-user-service,"http_server_requests_seconds{error=""none"",exception=""none"",framework=""spring-boot"",language=""java"",method=""POST"",outcome=""SUCCESS"",service=""java-user-service"",status=""201"",uri=""/users"",}",1093.0,115.071450805
1790110756.414,java-user-service,"http_server_requests_seconds{error=""none"",exception=""none"",framework=""spring-boot"",language=""java"",method=""GET"",outcome=""SUCCESS"",service=""java-user-service"",status=""200"",uri=""/users"",quanti,}",0.0,0.0
1790110756.414,java-user-service,"http_server_requests_seconds{error=""none"",exception=""none"",framework=""spring-boot"",language=""java"",method=""GET"",outcome=""SUCCESS"",service=""java-user-service"",status=""200"",uri=""/users"",}",1000.0,7.750674296
1790110756.414,java-user-service,"http_server_requests_seconds{error=""none"",exception=""none"",framework=""spring-boot"",language=""java"",method=""GET"",outcome=""SUCCESS"",service=""java-user-service"",status=""200"",uri=""/actuator/prometheus"",quanti,}",0.0,0.0
1790110756.414,java-user-service,"http_server_requests_seconds{error=""none"",exception=""none"",framework=""spring-boot"",language=""java"",method=""GET"",outcome=""SUCCESS"",service=""java-user-service"",status=""200"",uri=""/actuator/prometheus"",}",37.0,0.352374128
1790110756.414,java-product-service,"http_server_requests_seconds{error=""none"",exception=""none"",language=""java"",method=""GET"",outcome=""SUCCESS"",service=""java-product-service"",status=""200"",uri=""/actuator/health"",quanti,}",0.0,0.0
1790110756.414,java-product-service,"http_server_requests_seconds{error=""none"",exception=""none"",language=""java"",method=""GET"",outcome=""SUCCESS"",service=""java-product-service"",status=""200"",uri=""/actuator/health"",}",369.0,1.270288413
1790110756.414,java-product-service,"http_server_requests_seconds{error=""none"",exception=""none"",language=""java"",method=""GET"",outcome=""SUCCESS"",service=""java-product-service"",status=""200"",uri=""/actuator/prometheus"",quanti,}",0.0,0.0
1790110756.414,java-product-service,"http_server_requests_seconds{error=""none"",exception=""none"",language=""java"",method=""GET"",outcome=""SUCCESS"",service=""java-product-service"",status=""200"",uri=""/actuator/prometheus"",}",37.0,0.212000085
1790110756.414,java-product-service,"http_server_requests_seconds{error=""none"",exception=""none"",language=""java"",method=""POST"",outcome=""SUCCESS"",service=""java-product-service"",status=""201"",uri=""/products"",quanti,}",0.0,0.0
1790110756.414,java-product-service,"http_server_requests_seconds{error=""none"",exception=""none"",language=""java"",method=""POST"",outcome=""SUCCESS"",service=""java-product-service"",status=""201"",uri=""/products"",}",10.0,0.090821916
1790110756.414,java-product-service,"http_server_requests_seconds{error=""none"",exception=""none"",language=""java"",method=""GET"",outcome=""SUCCESS"",service=""java-product-service"",status=""200"",uri=""/products"",quanti,}",0.0,0.0
1790110756.414,java-product-service,"http_server_requests_seconds{error=""none"",exception=""none"",language=""java"",method=""GET"",outcome=""SUCCESS"",service=""java-product-service"",status=""200"",uri=""/products"",}",4864.0,5.254490559
1790110756.414,java-order-service,"http_server_requests_seconds{error=""none"",exception=""none"",language=""java"",method=""GET"",outcome=""SUCCESS"",service=""java-order-service"",status=""200"",uri=""/actuator/prometheus"",quanti,}",0.0,0.0
1790110756.414,java-order-service,"http_server_requests_seconds{error=""none"",exception=""none"",language=""java"",method=""GET"",outcome=""SUCCESS"",service=""java-order-service"",status=""200"",uri=""/actuator/prometheus"",}",37.0,0.181012085
1790110756.414,java-order-service,"http_server_requests_seconds{error=""none"",exception=""none"",language=""java"",method=""GET"",outcome=""SUCCESS"",service=""java-order-service"",status=""200"",uri=""/actuator/health"",quanti,}",0.0,0.0
1790110756.414,java-order-service,"http_server_requests_seconds{error=""none"",exception=""none"",language=""java"",method=""GET"",outcome=""SUCCESS"",service=""java-order-service"",status=""200"",uri=""/actuator/health"",}",369.0,0.919725235
1790110761.478,java-user-service,"http_server_requests_seconds{error=""none"",exception=""none"",framework=""spring-boot"",language=""java"",method=""GET"",outcome=""SUCCESS"",service=""java-user-service"",status=""200"",uri=""/actuator/health"",quanti,}",0.0,0.0
1790110761.478,java-user-service,"http_server_requests_seconds{error=""none"",exception=""none"",framework=""spring-boot"",language=""java"",method=""GET"",outcome=""SUCCESS"",service=""java-user-service"",status=""200"",uri=""/actuator/health"",}",378.0,1.734336323
1790110761.478,java-user-service,"http_server_requests_seconds{error=""none"",exception=""none"",framework=""spring-boot"",language=""java"",method=""POST"",outcome=""SUCCESS"",service=""java-user-service"",status=""201"",uri=""/users"",quanti,}",0.0,0.0
1790110761.478,java-user-service,"http_server_requests_seconds{error=""none"",exception=""none"",framework=""spring-boot"",language=""java"",method=""POST"",outcome=""SUCCESS"",service=""java-user-service"",status=""201"",uri=""/users"",}",1123.0,118.682836724
1790110761.478,java-user-service,"http_server_requests_seconds{error=""none"",exception=""none"",framework=""spring-boot"",language=""java"",method=""GET"",outcome=""SUCCESS"",service=""java-user-service"",status=""200"",uri=""/users"",quanti,}",0.0,0.0
1790110761.478,java-user-service,"http_server_requests_seconds{error=""none"",exception=""none"",framework=""spring-boot"",language=""java"",method=""GET"",outcome=""SUCCESS"",service=""java-user-service"",status=""200"",uri=""/users"",}",1000.0,7.750674296
1790110761.478,java-user-service,"http_server_requests_seconds{error=""none"",exception=""none"",framework=""spring-boot"",language=""java"",method=""GET"",outcome=""SUCCESS"",service=""java-user-service"",status=""200"",uri=""/actuator/prometheus"",quanti,}",0.0,0.0
1790110761.478,java-user-service,"http_server_requests_seconds{error=""none"",exception=""none"",framework=""spring-boot"",language=""java"",method=""GET"",outcome=""SUCCESS"",service=""java-user-service"",status=""200"",uri=""/actuator/prometheus"",}",38.0,0.359531212
1790110761.478,java-product-service,"http_server_requests_seconds{error=""none"",exception=""none"",language=""java"",method=""GET"",outcome=""SUCCESS"",service=""java-product-service"",status=""200"",uri=""/actuator/health"",quanti,}",0.0,0.0
1790110761.478,java-product-service,"http_server_requests_seconds{error=""none"",exception=""none"",language=""java"",method=""GET"",outcome=""SUCCESS"",service=""java-product-service"",status=""200"",uri=""/actuator/health"",}",378.0,1.292799579
1790110761.478,java-product-service,"http_server_requests_seconds{error=""none"",exception=""none"",language=""java"",method=""GET"",outcome=""SUCCESS"",service=""java-product-service"",status=""200"",uri=""/actuator/prometheus"",quanti,}",0.0,0.0
1790110761.478,java-product-service,"http_server_requests_seconds{error=""none"",exception=""none"",language=""java"",method=""GET"",outcome=""SUCCESS"",service=""java-product-service"",status=""200"",uri=""/actuator/prometheus"",}",38.0,0.21689071
1790110761.478,java-product-service,"http_server_requests_seconds{error=""none"",exception=""none"",language=""java"",method=""POST"",outcome=""SUCCESS"",service=""java-product-service"",status=""201"",uri=""/products"",quanti,}",0.0,0.0
1790110761.478,java-product-service,"http_server_requests_seconds{error=""none"",exception=""none"",language=""java"",method=""POST"",outcome=""SUCCESS"",service=""java-product-service"",status=""201"",uri=""/products"",}",10.0,0.090821916
1790110761.478,java-product-service,"http_server_requests_seconds{error=""none"",exception=""none"",language=""java"",method=""GET"",outcome=""SUCCESS"",service=""java-product-service"",status=""200"",uri=""/products"",quanti,}",0.0,0.0
1790110761.478,java-product-service,"http_server_requests_seconds{error=""none"",exception=""none"",language=""java"",method=""GET"",outcome=""SUCCESS"",service=""java-product-service"",status=""200"",uri=""/products"",}",4984.0,5.363206356
1790110761.478,java-order-service,"http_server_requests_seconds{error=""none"",exception=""none"",language=""java"",method=""GET"",outcome=""SUCCESS"",service=""java-order-service"",status=""200"",uri=""/actuator/prometheus"",quanti,}",0.0,0.0
1790110761.478,java-order-service,"http_server_requests_seconds{error=""none"",exception=""none"",language=""java"",method=""GET"",outcome=""SUCCESS"",service=""java-order-service"",status=""200"",uri=""/actuator/prometheus"",}",38.0,0.187257043
1790110761.478,java-order-service,"http_server_requests_seconds{error=""none"",exception=""none"",language=""java"",method=""GET"",outcome=""SUCCESS"",service=""java-order-service"",status=""200"",uri=""/actuator/health"",quanti,}",0.0,0.0
1790110761.478,java-order-service,"http_server_requests_seconds{error=""none"",exception=""none"",language=""java"",method=""GET"",outcome=""SUCCESS"",service=""java-order-service"",status=""200"",uri=""/actuator/health"",}",379.0,0.941095026
1790110766.531,java-user-service,"http_server_requests_seconds{error=""none"",exception=""none"",framework=""spring-boot"",language=""java"",method=""GET"",outcome=""SUCCESS"",service=""java-user-service"",status=""200"",uri=""/actuator/health"",quanti,}",0.0,0.0
1790110766.531,java-user-service,"http_server_requests_seconds{error=""none"",exception=""none"",framework=""spring-boot"",language=""java"",method=""GET"",outcome=""SUCCESS"",service=""java-user-service"",status=""200"",uri=""/actuator/health"",}",389.0,1.776371239
1790110766.531,java-user-service,"http_server_requests_seconds{error=""none"",exception=""none"",framework=""spring-boot"",language=""java"",method=""POST"",outcome=""SUCCESS"",service=""java-user-service"",status=""201"",uri=""/users"",quanti,}",0.0,0.0
1790110766.531,java-user-service,"http_server_requests_seconds{error=""none"",exception=""none"",framework=""spring-boot"",language=""java"",method=""POST"",outcome=""SUCCESS"",service=""java-user-service"",status=""201"",uri=""/users"",}",1153.0,121.656428475
1790110766.531,java-user-service,"http_server_requests_seconds{error=""none"",exception=""none"",framework=""spring-boot"",language=""java"",method=""GET"",outcome=""SUCCESS"",service=""java-user-service"",status=""200"",uri=""/users"",quanti,}",0.0,0.0
1790110766.531,java-user-service,"http_server_requests_seconds{error=""none"",exception=""none"",framework=""spring-boot"",language=""java"",method=""GET"",outcome=""SUCCESS"",service=""java-user-service"",status=""200"",uri=""/users"",}",1000.0,7.750674296
1790110766.531,java-user-service,"http_server_requests_seconds{error=""none"",exception=""none"",framework=""spring-boot"",language=""java"",method=""GET"",outcome=""SUCCESS"",service=""java-user-service"",status=""200"",uri=""/actuator/prometheus"",quanti,}",0.0,0.0
1790110766.531,java-user-service,"http_server_requests_seconds{error=""none"",exception=""none"",framework=""spring-boot"",language=""java"",method=""GET"",outcome=""SUCCESS"",service=""java-user-service"",status=""200"",uri=""/actuator/prometheus"",}",39.0,0.366504796
1790110766.531,java-product-service,"http_server_requests_seconds{error=""none"",exception=""none"",language=""java"",method=""GET"",outcome=""SUCCESS"",service=""java-product-service"",status=""200"",uri=""/actuator/health"",quanti,}",0.0,0.0
1790110766.531,java-product-service,"http_server_requests_seconds{error=""none"",exception=""none"",language=""java"",method=""GET"",outcome=""SUCCESS"",service=""java-product-service"",status=""200"",uri=""/actuator/health"",}",389.0,1.317316204
1790110766.531,java-product-service,"http_server_requests_seconds{error=""none"",exception=""none"",language=""java"",method=""GET"",outcome=""SUCCESS"",service=""java-product-service"",status=""200"",uri=""/actuator/prometheus"",quanti,}",0.0,0.0
1790110766.531,java-product-service,"http_server_requests_seconds{error=""none"",exception=""none"",language=""java"",method=""GET"",outcome=""SUCCESS"",service=""java-product-service"",status=""200"",uri=""/actuator/prometheus"",}",39.0,0.221763294
1790110766.531,java-product-service,"http_server_requests_seconds{error=""none"",exception=""none"",language=""java"",method=""POST"",outcome=""SUCCESS"",service=""java-product-service"",status=""201"",uri=""/products"",quanti,}",0.0,0.0
1790110766.531,java-product-service,"http_server_requests_seconds{error=""none"",exception=""none"",language=""java"",method=""POST"",outcome=""SUCCESS"",service=""java-product-service"",status=""201"",uri=""/products"",}",10.0,0.090821916
1790110766.531,java-product-service,"http_server_requests_seconds{error=""none"",exception=""none"",language=""java"",method=""GET"",outcome=""SUCCESS"",service=""java-product-service"",status=""200"",uri=""/products"",quanti,}",0.0,0.0
1790110766.531,java-product-service,"http_server_requests_seconds{error=""none"",exception=""none"",language=""java"",method=""GET"",outcome=""SUCCESS"",service=""java-product-service"",status=""200"",uri=""/products"",}",5101.0,5.485482951
1790110766.531,java-order-service,"http_server_requests_seconds{error=""none"",exception=""none"",language=""java"",method=""GET"",outcome=""SUCCESS"",service=""java-order-service"",status=""200"",uri=""/actuator/prometheus"",quanti,}",0.0,0.0
1790110766.531,java-order-service,"http_server_requests_seconds{error=""none"",exception=""none"",language=""java"",method=""GET"",outcome=""SUCCESS"",service=""java-order-service"",status=""200"",uri=""/actuator/prometheus"",}",39.0,0.192052751
1790110766.531,java-order-service,"http_server_requests_seconds{error=""none"",exception=""none"",language=""java"",method=""GET"",outcome=""SUCCESS"",service=""java-order-service"",status=""200"",uri=""/actuator/health"",quanti,}",0.0,0.0
1790110766.531,java-order-service,"http_server_requests_seconds{error=""none"",exception=""none"",language=""java"",method=""GET"",outcome=""SUCCESS"",service=""java-order-service"",status=""200"",uri=""/actuator/health"",}",389.0,0.96152036
1790110771.571,java-user-service,"http_server_requests_seconds{error=""none"",exception=""none"",framework=""spring-boot"",language=""java"",method=""GET"",outcome=""SUCCESS"",service=""java-user-service"",status=""200"",uri=""/actuator/health"",quanti,}",0.0,0.0
1790110771.571,java-user-service,"http_server_requests_seconds{error=""none"",exception=""none"",framework=""spring-boot"",language=""java"",method=""GET"",outcome=""SUCCESS"",service=""java-user-service"",status=""200"",uri=""/actuator/health"",}",399.0,1.804251073
1790110771.571,java-user-service,"http_server_requests_seconds{error=""none"",exception=""none"",framework=""spring-boot"",language=""java"",method=""POST"",outcome=""SUCCESS"",service=""java-user-service"",status=""201"",uri=""/users"",quanti,}",0.0,0.0
1790110771.571,java-user-service,"http_server_requests_seconds{error=""none"",exception=""none"",framework=""spring-boot"",language=""java"",method=""POST"",outcome=""SUCCESS"",service=""java-user-service"",status=""201"",uri=""/users"",}",1183.0,124.560769643
1790110771.571,java-user-service,"http_server_requests_seconds{error=""none"",exception=""none"",framework=""spring-boot"",language=""java"",method=""GET"",outcome=""SUCCESS"",service=""java-user-service"",status=""200"",uri=""/users"",quanti,}",0.0,0.0
1790110771.571,java-user-service,"http_server_requests_seconds{error=""none"",exception=""none"",framework=""spring-boot"",language=""java"",method=""GET"",outcome=""SUCCESS"",service=""java-user-service"",status=""200"",uri=""/users"",}",1000.0,7.750674296
1790110771.571,java-user-service,"http_server_requests_seconds{error=""none"",exception=""none"",framework=""spring-boot"",language=""java"",method=""GET"",outcome=""SUCCESS"",service=""java-user-service"",status=""200"",uri=""/actuator/prometheus"",quanti,}",0.0,0.0
1790110771.571,java-user-service,"http_server_requests_seconds{error=""none"",exception=""none"",framework=""spring-boot"",language=""java"",method=""GET"",outcome=""SUCCESS"",service=""java-user-service"",status=""200"",uri=""/actuator/prometheus"",}",40.0,0.372213088
1790110771.571,java-product-service,"http_server_requests_seconds{error=""none"",exception=""none"",language=""java"",method=""GET"",outcome=""SUCCESS"",service=""java-product-service"",status=""200"",uri=""/actuator/health"",quanti,}",0.0,0.0
1790110771.571,java-product-service,"http_server_requests_seconds{error=""none"",exception=""none"",language=""java"",method=""GET"",outcome=""SUCCESS"",service=""java-product-service"",status=""200"",uri=""/actuator/health"",}",399.0,1.336541744
1790110771.571,java-product-service,"http_server_requests_seconds{error=""none"",exception=""none"",language=""java"",method=""GET"",outcome=""SUCCESS"",service=""java-product-service"",status=""200"",uri=""/actuator/prometheus"",quanti,}",0.0,0.0
1790110771.571,java-product-service,"http_server_requests_seconds{error=""none"",exception=""none"",language=""java"",method=""GET"",outcome=""SUCCESS"",service=""java-product-service"",status=""200"",uri=""/actuator/prometheus"",}",40.0,0.226079335
1790110771.571,java-product-service,"http_server_requests_seconds{error=""none"",exception=""none"",language=""java"",method=""POST"",outcome=""SUCCESS"",service=""java-product-service"",status=""201"",uri=""/products"",quanti,}",0.0,0.0
1790110771.571,java-product-service,"http_server_requests_seconds{error=""none"",exception=""none"",language=""java"",method=""POST"",outcome=""SUCCESS"",service=""java-product-service"",status=""201"",uri=""/products"",}",10.0,0.090821916
1790110771.571,java-product-service,"http_server_requests_seconds{error=""none"",exception=""none"",language=""java"",method=""GET"",outcome=""SUCCESS"",service=""java-product-service"",status=""200"",uri=""/products"",quanti,}",0.0,0.0
1790110771.571,java-product-service,"http_server_requests_seconds{error=""none"",exception=""none"",language=""java"",method=""GET"",outcome=""SUCCESS"",service=""java-product-service"",status=""200"",uri=""/products"",}",5219.0,5.57069941
1790110771.571,java-order-service,"http_server_requests_seconds{error=""none"",exception=""none"",language=""java"",method=""GET"",outcome=""SUCCESS"",service=""java-order-service"",status=""200"",uri=""/actuator/prometheus"",quanti,}",0.0,0.0
1790110771.571,java-order-service,"http_server_requests_seconds{error=""none"",exception=""none"",language=""java"",method=""GET"",outcome=""SUCCESS"",service=""java-order-service"",status=""200"",uri=""/actuator/prometheus"",}",40.0,0.196715334
1790110771.571,java-order-service,"http_server_requests_seconds{error=""none"",exception=""none"",language=""java"",method=""GET"",outcome=""SUCCESS"",service=""java-order-service"",status=""200"",uri=""/actuator/health"",quanti,}",0.0,0.0
1790110771.571,java-order-service,"http_server_requests_seconds{error=""none"",exception=""none"",language=""java"",method=""GET"",outcome=""SUCCESS"",service=""java-order-service"",status=""200"",uri=""/actuator/health"",}",400.0,0.981841111
1790110776.605,java-user-service,"http_server_requests_seconds{error=""none"",exception=""none"",framework=""spring-boot"",language=""java"",method=""GET"",outcome=""SUCCESS"",service=""java-user-service"",status=""200"",uri=""/actuator/health"",quanti,}",0.0,0.0
1790110776.605,java-user-service,"http_server_requests_seconds{error=""none"",exception=""none"",framework=""spring-boot"",language=""java"",method=""GET"",outcome=""SUCCESS"",service=""java-user-service"",status=""200"",uri=""/actuator/health"",}",409.0,1.832310072
1790110776.605,java-user-service,"http_server_requests_seconds{error=""none"",exception=""none"",framework=""spring-boot"",language=""java"",method=""POST"",outcome=""SUCCESS"",service=""java-user-service"",status=""201"",uri=""/users"",quanti,}",0.0,0.0
1790110776.605,java-user-service,"http_server_requests_seconds{error=""none"",exception=""none"",framework=""spring-boot"",language=""java"",method=""POST"",outcome=""SUCCESS"",service=""java-user-service"",status=""201"",uri=""/users"",}",1213.0,126.996771265
1790110776.605,java-user-service,"http_server_requests_seconds{error=""none"",exception=""none"",framework=""spring-boot"",language=""java"",method=""GET"",outcome=""SUCCESS"",service=""java-user-service"",status=""200"",uri=""/users"",quanti,}",0.0,0.0
1790110776.605,java-user-service,"http_server_requests_seconds{error=""none"",exception=""none"",framework=""spring-boot"",language=""java"",method=""GET"",outcome=""SUCCESS"",service=""java-user-service"",status=""200"",uri=""/users"",}",1000.0,7.750674296
1790110776.605,java-user-service,"http_server_requests_seconds{error=""none"",exception=""none"",framework=""spring-boot"",language=""java"",method=""GET"",outcome=""SUCCESS"",service=""java-user-service"",status=""200"",uri=""/actuator/prometheus"",quanti,}",0.0,0.0
1790110776.605,java-user-service,"http_server_requests_seconds{error=""none"",exception=""none"",framework=""spring-boot"",language=""java"",method=""GET"",outcome=""SUCCESS"",service=""java-user-service"",status=""200"",uri=""/actuator/prometheus"",}",41.0,0.375017671
1790110776.605,java-product-service,"http_server_requests_seconds{error=""none"",exception=""none"",language=""java"",method=""GET"",outcome=""SUCCESS"",service=""java-product-service"",status=""200"",uri=""/actuator/health"",quanti,}",0.0,0.0
1790110776.605,java-product-service,"http_server_requests_seconds{error=""none"",exception=""none"",language=""java"",method=""GET"",outcome=""SUCCESS"",service=""java-product-service"",status=""200"",uri=""/actuator/health"",}",409.0,1.358199535
1790110776.605,java-product-service,"http_server_requests_seconds{error=""none"",exception=""none"",language=""java"",method=""GET"",outcome=""SUCCESS"",service=""java-product-service"",status=""200"",uri=""/actuator/prometheus"",quanti,}",0.0,0.0
1790110776.605,java-product-service,"http_server_requests_seconds{error=""none"",exception=""none"",language=""java"",method=""GET"",outcome=""SUCCESS"",service=""java-product-service"",status=""200"",uri=""/actuator/prometheus"",}",41.0,0.228109752
1790110776.605,java-product-service,"http_server_requests_seconds{error=""none"",exception=""none"",language=""java"",method=""POST"",outcome=""SUCCESS"",service=""java-product-service"",status=""201"",uri=""/products"",quanti,}",0.0,0.0
1790110776.605,java-product-service,"http_server_requests_seconds{error=""none"",exception=""none"",language=""java"",method=""POST"",outcome=""SUCCESS"",service=""java-product-service"",status=""201"",uri=""/products"",}",10.0,0.090821916
1790110776.605,java-product-service,"http_server_requests_seconds{error=""none"",exception=""none"",language=""java"",method=""GET"",outcome=""SUCCESS"",service=""java-product-service"",status=""200"",uri=""/products"",quanti,}",0.0,0.0
1790110776.605,java-product-service,"http_server_requests_seconds{error=""none"",exception=""none"",language=""java"",method=""GET"",outcome=""SUCCESS"",service=""java-product-service"",status=""200"",uri=""/products"",}",5338.0,5.670144164
1790110776.605,java-order-service,"http_server_requests_seconds{error=""none"",exception=""none"",language=""java"",method=""GET"",outcome=""SUCCESS"",service=""java-order-service"",status=""200"",uri=""/actuator/prometheus"",quanti,}",0.0,0.0
1790110776.605,java-order-service,"http_server_requests_seconds{error=""none"",exception=""none"",language=""java"",method=""GET"",outcome=""SUCCESS"",service=""java-order-service"",status=""200"",uri=""/actuator/prometheus"",}",41.0,0.198575251
1790110776.605,java-order-service,"http_server_requests_seconds{error=""none"",exception=""none"",language=""java"",method=""GET"",outcome=""SUCCESS"",service=""java-order-service"",status=""200"",uri=""/actuator/health"",quanti,}",0.0,0.0
1790110776.605,java-order-service,"http_server_requests_seconds{error=""none"",exception=""none"",language=""java"",method=""GET"",outcome=""SUCCESS"",service=""java-order-service"",status=""200"",uri=""/actuator/health"",}",409.0,1.001518528
1790110781.633,java-user-service,"http_server_requests_seconds{error=""none"",exception=""none"",framework=""spring-boot"",language=""java"",method=""GET"",outcome=""SUCCESS"",service=""java-user-service"",status=""200"",uri=""/actuator/health"",quanti,}",0.0,0.0
1790110781.633,java-user-service,"http_server_requests_seconds{error=""none"",exception=""none"",framework=""spring-boot"",language=""java"",method=""GET"",outcome=""SUCCESS"",service=""java-user-service"",status=""200"",uri=""/actuator/health"",}",419.0,1.865696406
1790110781.633,java-user-service,"http_server_requests_seconds{error=""none"",exception=""none"",framework=""spring-boot"",language=""java"",method=""POST"",outcome=""SUCCESS"",service=""java-user-service"",status=""201"",uri=""/users"",quanti,}",0.0,0.0
1790110781.633,java-user-service,"http_server_requests_seconds{error=""none"",exception=""none"",framework=""spring-boot"",language=""java"",method=""POST"",outcome=""SUCCESS"",service=""java-user-service"",status=""201"",uri=""/users"",}",1240.0,129.569940849
1790110781.633,java-user-service,"http_server_requests_seconds{error=""none"",exception=""none"",framework=""spring-boot"",language=""java"",method=""GET"",outcome=""SUCCESS"",service=""java-user-service"",status=""200"",uri=""/users"",quanti,}",0.0,0.0
1790110781.633,java-user-service,"http_server_requests_seconds{error=""none"",exception=""none"",framework=""spring-boot"",language=""java"",method=""GET"",outcome=""SUCCESS"",service=""java-user-service"",status=""200"",uri=""/users"",}",1000.0,7.750674296
1790110781.633,java-user-service,"http_server_requests_seconds{error=""none"",exception=""none"",framework=""spring-boot"",language=""java"",method=""GET"",outcome=""SUCCESS"",service=""java-user-service"",status=""200"",uri=""/actuator/prometheus"",quanti,}",0.0,0.0
1790110781.633,java-user-service,"http_server_requests_seconds{error=""none"",exception=""none"",framework=""spring-boot"",language=""java"",method=""GET"",outcome=""SUCCESS"",service=""java-user-service"",status=""200"",uri=""/actuator/prometheus"",}",42.0,0.377258963
1790110781.633,java-product-service,"http_server_requests_seconds{error=""none"",exception=""none"",language=""java"",method=""GET"",outcome=""SUCCESS"",service=""java-product-service"",status=""200"",uri=""/actuator/health"",quanti,}",0.0,0.0
1790110781.633,java-product-service,"http_server_requests_seconds{error=""none"",exception=""none"",language=""java"",method=""GET"",outcome=""SUCCESS"",service=""java-product-service"",status=""200"",uri=""/actuator/health"",}",419.0,1.38237083
1790110781.633,java-product-service,"http_server_requests_seconds{error=""none"",exception=""none"",language=""java"",method=""GET"",outcome=""SUCCESS"",service=""java-product-service"",status=""200"",uri=""/actuator/prometheus"",quanti,}",0.0,0.0
1790110781.633,java-product-service,"http_server_requests_seconds{error=""none"",exception=""none"",language=""java"",method=""GET"",outcome=""SUCCESS"",service=""java-product-service"",status=""200"",uri=""/actuator/prometheus"",}",42.0,0.229802127
1790110781.633,java-product-service,"http_server_requests_seconds{error=""none"",exception=""none"",language=""java"",method=""POST"",outcome=""SUCCESS"",service=""java-product-service"",status=""201"",uri=""/products"",quanti,}",0.0,0.0
1790110781.633,java-product-service,"http_server_requests_seconds{error=""none"",exception=""none"",language=""java"",method=""POST"",outcome=""SUCCESS"",service=""java-product-service"",status=""201"",uri=""/products"",}",10.0,0.090821916
1790110781.633,java-product-service,"http_server_requests_seconds{error=""none"",exception=""none"",language=""java"",method=""GET"",outcome=""SUCCESS"",service=""java-product-service"",status=""200"",uri=""/products"",quanti,}",0.0,0.0
1790110781.633,java-product-service,"http_server_requests_seconds{error=""none"",exception=""none"",language=""java"",method=""GET"",outcome=""SUCCESS"",service=""java-product-service"",status=""200"",uri=""/products"",}",5453.0,5.748718708
1790110781.633,java-order-service,"http_server_requests_seconds{error=""none"",exception=""none"",language=""java"",method=""GET"",outcome=""SUCCESS"",service=""java-order-service"",status=""200"",uri=""/actuator/prometheus"",quanti,}",0.0,0.0
1790110781.633,java-order-service,"http_server_requests_seconds{error=""none"",exception=""none"",language=""java"",method=""GET"",outcome=""SUCCESS"",service=""java-order-service"",status=""200"",uri=""/actuator/prometheus"",}",42.0,0.200677626
1790110781.633,java-order-service,"http_server_requests_seconds{error=""none"",exception=""none"",language=""java"",method=""GET"",outcome=""SUCCESS"",service=""java-order-service"",status=""200"",uri=""/actuator/health"",quanti,}",0.0,0.0
1790110781.633,java-order-service,"http_server_requests_seconds{error=""none"",exception=""none"",language=""java"",method=""GET"",outcome=""SUCCESS"",service=""java-order-service"",status=""200"",uri=""/actuator/health"",}",420.0,1.024883194
1790110786.661,java-user-service,"http_server_requests_seconds{error=""none"",exception=""none"",framework=""spring-boot"",language=""java"",method=""GET"",outcome=""SUCCESS"",service=""java-user-service"",status=""200"",uri=""/actuator/health"",quanti,}",0.0,0.0
1790110786.661,java-user-service,"http_server_requests_seconds{error=""none"",exception=""none"",framework=""spring-boot"",language=""java"",method=""GET"",outcome=""SUCCESS"",service=""java-user-service"",status=""200"",uri=""/actuator/health"",}",430.0,1.897769073
1790110786.661,java-user-service,"http_server_requests_seconds{error=""none"",exception=""none"",framework=""spring-boot"",language=""java"",method=""POST"",outcome=""SUCCESS"",service=""java-user-service"",status=""201"",uri=""/users"",quanti,}",0.0,0.0
1790110786.661,java-user-service,"http_server_requests_seconds{error=""none"",exception=""none"",framework=""spring-boot"",language=""java"",method=""POST"",outcome=""SUCCESS"",service=""java-user-service"",status=""201"",uri=""/users"",}",1267.0,131.953139141
1790110786.661,java-user-service,"http_server_requests_seconds{error=""none"",exception=""none"",framework=""spring-boot"",language=""java"",method=""GET"",outcome=""SUCCESS"",service=""java-user-service"",status=""200"",uri=""/users"",quanti,}",0.0,0.0
1790110786.661,java-user-service,"http_server_requests_seconds{error=""none"",exception=""none"",framework=""spring-boot"",language=""java"",method=""GET"",outcome=""SUCCESS"",service=""java-user-service"",status=""200"",uri=""/users"",}",1000.0,7.750674296
1790110786.661,java-user-service,"http_server_requests_seconds{error=""none"",exception=""none"",framework=""spring-boot"",language=""java"",method=""GET"",outcome=""SUCCESS"",service=""java-user-service"",status=""200"",uri=""/actuator/prometheus"",quanti,}",0.0,0.0
1790110786.661,java-user-service,"http_server_requests_seconds{error=""none"",exception=""none"",framework=""spring-boot"",language=""java"",method=""GET"",outcome=""SUCCESS"",service=""java-user-service"",status=""200"",uri=""/actuator/prometheus"",}",43.0,0.37957613
1790110786.661,java-product-service,"http_server_requests_seconds{error=""none"",exception=""none"",language=""java"",method=""GET"",outcome=""SUCCESS"",service=""java-product-service"",status=""200"",uri=""/actuator/health"",quanti,}",0.0,0.0
1790110786.661,java-product-service,"http_server_requests_seconds{error=""none"",exception=""none"",language=""java"",method=""GET"",outcome=""SUCCESS"",service=""java-product-service"",status=""200"",uri=""/actuator/health"",}",430.0,1.403548413
1790110786.661,java-product-service,"http_server_requests_seconds{error=""none"",exception=""none"",language=""java"",method=""GET"",outcome=""SUCCESS"",service=""java-product-service"",status=""200"",uri=""/actuator/prometheus"",quanti,}",0.0,0.0
1790110786.661,java-product-service,"http_server_requests_seconds{error=""none"",exception=""none"",language=""java"",method=""GET"",outcome=""SUCCESS"",service=""java-product-service"",status=""200"",uri=""/actuator/prometheus"",}",43.0,0.232494335
1790110786.661,java-product-service,"http_server_requests_seconds{error=""none"",exception=""none"",language=""java"",method=""POST"",outcome=""SUCCESS"",service=""java-product-service"",status=""201"",uri=""/products"",quanti,}",0.0,0.0
1790110786.661,java-product-service,"http_server_requests_seconds{error=""none"",exception=""none"",language=""java"",method=""POST"",outcome=""SUCCESS"",service=""java-product-service"",status=""201"",uri=""/products"",}",10.0,0.090821916
1790110786.661,java-product-service,"http_server_requests_seconds{error=""none"",exception=""none"",language=""java"",method=""GET"",outcome=""SUCCESS"",service=""java-product-service"",status=""200"",uri=""/products"",quanti,}",0.0,0.0
1790110786.661,java-product-service,"http_server_requests_seconds{error=""none"",exception=""none"",language=""java"",method=""GET"",outcome=""SUCCESS"",service=""java-product-service"",status=""200"",uri=""/products"",}",5572.0,5.831614162
1790110786.661,java-order-service,"http_server_requests_seconds{error=""none"",exception=""none"",language=""java"",method=""GET"",outcome=""SUCCESS"",service=""java-order-service"",status=""200"",uri=""/actuator/prometheus"",quanti,}",0.0,0.0
1790110786.661,java-order-service,"http_server_requests_seconds{error=""none"",exception=""none"",language=""java"",method=""GET"",outcome=""SUCCESS"",service=""java-order-service"",status=""200"",uri=""/actuator/prometheus"",}",43.0,0.202981126
1790110786.661,java-order-service,"http_server_requests_seconds{error=""none"",exception=""none"",language=""java"",method=""GET"",outcome=""SUCCESS"",service=""java-order-service"",status=""200"",uri=""/actuator/health"",quanti,}",0.0,0.0
1790110786.661,java-order-service,"http_server_requests_seconds{error=""none"",exception=""none"",language=""java"",method=""GET"",outcome=""SUCCESS"",service=""java-order-service"",status=""200"",uri=""/actuator/health"",}",430.0,1.043724444
1790110791.756,java-user-service,"http_server_requests_seconds{error=""none"",exception=""none"",framework=""spring-boot"",language=""java"",method=""GET"",outcome=""SUCCESS"",service=""java-user-service"",status=""200"",uri=""/actuator/health"",quanti,}",0.0,0.0
1790110791.756,java-user-service,"http_server_requests_seconds{error=""none"",exception=""none"",framework=""spring-boot"",language=""java"",method=""GET"",outcome=""SUCCESS"",service=""java-user-service"",status=""200"",uri=""/actuator/health"",}",439.0,1.9313442
1790110791.756,java-user-service,"http_server_requests_seconds{error=""none"",exception=""none"",framework=""spring-boot"",language=""java"",method=""POST"",outcome=""SUCCESS"",service=""java-user-service"",status=""201"",uri=""/users"",quanti,}",0.0,0.0
1790110791.756,java-user-service,"http_server_requests_seconds{error=""none"",exception=""none"",framework=""spring-boot"",language=""java"",method=""POST"",outcome=""SUCCESS"",service=""java-user-service"",status=""201"",uri=""/users"",}",1295.0,135.211772935
1790110791.756,java-user-service,"http_server_requests_seconds{error=""none"",exception=""none"",framework=""spring-boot"",language=""java"",method=""GET"",outcome=""SUCCESS"",service=""java-user-service"",status=""200"",uri=""/users"",quanti,}",0.0,0.0
1790110791.756,java-user-service,"http_server_requests_seconds{error=""none"",exception=""none"",framework=""spring-boot"",language=""java"",method=""GET"",outcome=""SUCCESS"",service=""java-user-service"",status=""200"",uri=""/users"",}",1000.0,7.750674296
1790110791.756,java-user-service,"http_server_requests_seconds{error=""none"",exception=""none"",framework=""spring-boot"",language=""java"",method=""GET"",outcome=""SUCCESS"",service=""java-user-service"",status=""200"",uri=""/actuator/prometheus"",quanti,}",0.0,0.0
1790110791.756,java-user-service,"http_server_requests_seconds{error=""none"",exception=""none"",framework=""spring-boot"",language=""java"",method=""GET"",outcome=""SUCCESS"",service=""java-user-service"",status=""200"",uri=""/actuator/prometheus"",}",44.0,0.382871797
1790110791.756,java-product-service,"http_server_requests_seconds{error=""none"",exception=""none"",language=""java"",method=""GET"",outcome=""SUCCESS"",service=""java-product-service"",status=""200"",uri=""/actuator/health"",quanti,}",0.0,0.0
1790110791.756,java-product-service,"http_server_requests_seconds{error=""none"",exception=""none"",language=""java"",method=""GET"",outcome=""SUCCESS"",service=""java-product-service"",status=""200"",uri=""/actuator/health"",}",439.0,1.424292995
1790110791.756,java-product-service,"http_server_requests_seconds{error=""none"",exception=""none"",language=""java"",method=""GET"",outcome=""SUCCESS"",service=""java-product-service"",status=""200"",uri=""/actuator/prometheus"",quanti,}",0.0,0.0
1790110791.756,java-product-service,"http_server_requests_seconds{error=""none"",exception=""none"",language=""java"",method=""GET"",outcome=""SUCCESS"",service=""java-product-service"",status=""200"",uri=""/actuator/prometheus"",}",44.0,0.236589502
1790110791.756,java-product-service,"http_server_requests_seconds{error=""none"",exception=""none"",language=""java"",method=""POST"",outcome=""SUCCESS"",service=""java-product-service"",status=""201"",uri=""/products"",quanti,}",0.0,0.0
1790110791.756,java-product-service,"http_server_requests_seconds{error=""none"",exception=""none"",language=""java"",method=""POST"",outcome=""SUCCESS"",service=""java-product-service"",status=""201"",uri=""/products"",}",10.0,0.090821916
1790110791.756,java-product-service,"http_server_requests_seconds{error=""none"",exception=""none"",language=""java"",method=""GET"",outcome=""SUCCESS"",service=""java-product-service"",status=""200"",uri=""/products"",quanti,}",0.0,0.0
1790110791.756,java-product-service,"http_server_requests_seconds{error=""none"",exception=""none"",language=""java"",method=""GET"",outcome=""SUCCESS"",service=""java-product-service"",status=""200"",uri=""/products"",}",5684.0,5.934005204
1790110791.756,java-order-service,"http_server_requests_seconds{error=""none"",exception=""none"",language=""java"",method=""GET"",outcome=""SUCCESS"",service=""java-order-service"",status=""200"",uri=""/actuator/prometheus"",quanti,}",0.0,0.0
1790110791.756,java-order-service,"http_server_requests_seconds{error=""none"",exception=""none"",language=""java"",method=""GET"",outcome=""SUCCESS"",service=""java-order-service"",status=""200"",uri=""/actuator/prometheus"",}",44.0,0.207851334
1790110791.756,java-order-service,"http_server_requests_seconds{error=""none"",exception=""none"",language=""java"",method=""GET"",outcome=""SUCCESS"",service=""java-order-service"",status=""200"",uri=""/actuator/health"",quanti,}",0.0,0.0
1790110791.756,java-order-service,"http_server_requests_seconds{error=""none"",exception=""none"",language=""java"",method=""GET"",outcome=""SUCCESS"",service=""java-order-service"",status=""200"",uri=""/actuator/health"",}",440.0,1.062204986
1790110796.810,java-user-service,"http_server_requests_seconds{error=""none"",exception=""none"",framework=""spring-boot"",language=""java"",method=""GET"",outcome=""SUCCESS"",service=""java-user-service"",status=""200"",uri=""/actuator/health"",quanti,}",0.0,0.0
1790110796.810,java-user-service,"http_server_requests_seconds{error=""none"",exception=""none"",framework=""spring-boot"",language=""java"",method=""GET"",outcome=""SUCCESS"",service=""java-user-service"",status=""200"",uri=""/actuator/health"",}",450.0,1.962618867
1790110796.810,java-user-service,"http_server_requests_seconds{error=""none"",exception=""none"",framework=""spring-boot"",language=""java"",method=""POST"",outcome=""SUCCESS"",service=""java-user-service"",status=""201"",uri=""/users"",quanti,}",0.0,0.0
1790110796.810,java-user-service,"http_server_requests_seconds{error=""none"",exception=""none"",framework=""spring-boot"",language=""java"",method=""POST"",outcome=""SUCCESS"",service=""java-user-service"",status=""201"",uri=""/users"",}",1319.0,138.046192271
1790110796.810,java-user-service,"http_server_requests_seconds{error=""none"",exception=""none"",framework=""spring-boot"",language=""java"",method=""GET"",outcome=""SUCCESS"",service=""java-user-service"",status=""200"",uri=""/users"",quanti,}",0.0,0.0
1790110796.810,java-user-service,"http_server_requests_seconds{error=""none"",exception=""none"",framework=""spring-boot"",language=""java"",method=""GET"",outcome=""SUCCESS"",service=""java-user-service"",status=""200"",uri=""/users"",}",1000.0,7.750674296
1790110796.810,java-user-service,"http_server_requests_seconds{error=""none"",exception=""none"",framework=""spring-boot"",language=""java"",method=""GET"",outcome=""SUCCESS"",service=""java-user-service"",status=""200"",uri=""/actuator/prometheus"",quanti,}",0.0,0.0
1790110796.810,java-user-service,"http_server_requests_seconds{error=""none"",exception=""none"",framework=""spring-boot"",language=""java"",method=""GET"",outcome=""SUCCESS"",service=""java-user-service"",status=""200"",uri=""/actuator/prometheus"",}",45.0,0.390083755
1790110796.810,java-product-service,"http_server_requests_seconds{error=""none"",exception=""none"",language=""java"",method=""GET"",outcome=""SUCCESS"",service=""java-product-service"",status=""200"",uri=""/actuator/health"",quanti,}",0.0,0.0
1790110796.810,java-product-service,"http_server_requests_seconds{error=""none"",exception=""none"",language=""java"",method=""GET"",outcome=""SUCCESS"",service=""java-product-service"",status=""200"",uri=""/actuator/health"",}",450.0,1.448840161
1790110796.810,java-product-service,"http_server_requests_seconds{error=""none"",exception=""none"",language=""java"",method=""GET"",outcome=""SUCCESS"",service=""java-product-service"",status=""200"",uri=""/actuator/prometheus"",quanti,}",0.0,0.0
1790110796.810,java-product-service,"http_server_requests_seconds{error=""none"",exception=""none"",language=""java"",method=""GET"",outcome=""SUCCESS"",service=""java-product-service"",status=""200"",uri=""/actuator/prometheus"",}",45.0,0.243081711
1790110796.810,java-product-service,"http_server_requests_seconds{error=""none"",exception=""none"",language=""java"",method=""POST"",outcome=""SUCCESS"",service=""java-product-service"",status=""201"",uri=""/products"",quanti,}",0.0,0.0
1790110796.810,java-product-service,"http_server_requests_seconds{error=""none"",exception=""none"",language=""java"",method=""POST"",outcome=""SUCCESS"",service=""java-product-service"",status=""201"",uri=""/products"",}",10.0,0.090821916
1790110796.810,java-product-service,"http_server_requests_seconds{error=""none"",exception=""none"",language=""java"",method=""GET"",outcome=""SUCCESS"",service=""java-product-service"",status=""200"",uri=""/products"",quanti,}",0.0,0.0
1790110796.810,java-product-service,"http_server_requests_seconds{error=""none"",exception=""none"",language=""java"",method=""GET"",outcome=""SUCCESS"",service=""java-product-service"",status=""200"",uri=""/products"",}",5769.0,5.98991904
1790110796.810,java-order-service,"http_server_requests_seconds{error=""none"",exception=""none"",language=""java"",method=""GET"",outcome=""SUCCESS"",service=""java-order-service"",status=""200"",uri=""/actuator/prometheus"",quanti,}",0.0,0.0
1790110796.810,java-order-service,"http_server_requests_seconds{error=""none"",exception=""none"",language=""java"",method=""GET"",outcome=""SUCCESS"",service=""java-order-service"",status=""200"",uri=""/actuator/prometheus"",}",45.0,0.214831834
1790110796.810,java-order-service,"http_server_requests_seconds{error=""none"",exception=""none"",language=""java"",method=""GET"",outcome=""SUCCESS"",service=""java-order-service"",status=""200"",uri=""/actuator/health"",quanti,}",0.0,0.0
1790110796.810,java-order-service,"http_server_requests_seconds{error=""none"",exception=""none"",language=""java"",method=""GET"",outcome=""SUCCESS"",service=""java-order-service"",status=""200"",uri=""/actuator/health"",}",450.0,1.083629819
1790110801.857,java-user-service,"http_server_requests_seconds{error=""none"",exception=""none"",framework=""spring-boot"",language=""java"",method=""GET"",outcome=""SUCCESS"",service=""java-user-service"",status=""200"",uri=""/actuator/health"",quanti,}",0.0,0.0
1790110801.857,java-user-service,"http_server_requests_seconds{error=""none"",exception=""none"",framework=""spring-boot"",language=""java"",method=""GET"",outcome=""SUCCESS"",service=""java-user-service"",status=""200"",uri=""/actuator/health"",}",459.0,1.987656409
1790110801.857,java-user-service,"http_server_requests_seconds{error=""none"",exception=""none"",framework=""spring-boot"",language=""java"",method=""POST"",outcome=""SUCCESS"",service=""java-user-service"",status=""201"",uri=""/users"",quanti,}",0.0,0.0
1790110801.857,java-user-service,"http_server_requests_seconds{error=""none"",exception=""none"",framework=""spring-boot"",language=""java"",method=""POST"",outcome=""SUCCESS"",service=""java-user-service"",status=""201"",uri=""/users"",}",1337.0,139.753251064
1790110801.857,java-user-service,"http_server_requests_seconds{error=""none"",exception=""none"",framework=""spring-boot"",language=""java"",method=""GET"",outcome=""SUCCESS"",service=""java-user-service"",status=""200"",uri=""/users"",quanti,}",0.0,0.0
1790110801.857,java-user-service,"http_server_requests_seconds{error=""none"",exception=""none"",framework=""spring-boot"",language=""java"",method=""GET"",outcome=""SUCCESS"",service=""java-user-service"",status=""200"",uri=""/users"",}",1000.0,7.750674296
1790110801.857,java-user-service,"http_server_requests_seconds{error=""none"",exception=""none"",framework=""spring-boot"",language=""java"",method=""GET"",outcome=""SUCCESS"",service=""java-user-service"",status=""200"",uri=""/actuator/prometheus"",quanti,}",0.0,0.0
1790110801.857,java-user-service,"http_server_requests_seconds{error=""none"",exception=""none"",framework=""spring-boot"",language=""java"",method=""GET"",outcome=""SUCCESS"",service=""java-user-service"",status=""200"",uri=""/actuator/prometheus"",}",46.0,0.398562297
1790110801.857,java-product-service,"http_server_requests_seconds{error=""none"",exception=""none"",language=""java"",method=""GET"",outcome=""SUCCESS"",service=""java-product-service"",status=""200"",uri=""/actuator/health"",quanti,}",0.0,0.0
1790110801.857,java-product-service,"http_server_requests_seconds{error=""none"",exception=""none"",language=""java"",method=""GET"",outcome=""SUCCESS"",service=""java-product-service"",status=""200"",uri=""/actuator/health"",}",460.0,1.471786371
1790110801.857,java-product-service,"http_server_requests_seconds{error=""none"",exception=""none"",language=""java"",method=""GET"",outcome=""SUCCESS"",service=""java-product-service"",status=""200"",uri=""/actuator/prometheus"",quanti,}",0.0,0.0
1790110801.857,java-product-service,"http_server_requests_seconds{error=""none"",exception=""none"",language=""java"",method=""GET"",outcome=""SUCCESS"",service=""java-product-service"",status=""200"",uri=""/actuator/prometheus"",}",46.0,0.24893617
1790110801.857,java-product-service,"http_server_requests_seconds{error=""none"",exception=""none"",language=""java"",method=""POST"",outcome=""SUCCESS"",service=""java-product-service"",status=""201"",uri=""/products"",quanti,}",0.0,0.0
1790110801.857,java-product-service,"http_server_requests_seconds{error=""none"",exception=""none"",language=""java"",method=""POST"",outcome=""SUCCESS"",service=""java-product-service"",status=""201"",uri=""/products"",}",10.0,0.090821916
1790110801.857,java-product-service,"http_server_requests_seconds{error=""none"",exception=""none"",language=""java"",method=""GET"",outcome=""SUCCESS"",service=""java-product-service"",status=""200"",uri=""/products"",quanti,}",0.0,0.0
1790110801.857,java-product-service,"http_server_requests_seconds{error=""none"",exception=""none"",language=""java"",method=""GET"",outcome=""SUCCESS"",service=""java-product-service"",status=""200"",uri=""/products"",}",5842.0,6.051999166
1790110801.857,java-order-service,"http_server_requests_seconds{error=""none"",exception=""none"",language=""java"",method=""GET"",outcome=""SUCCESS"",service=""java-order-service"",status=""200"",uri=""/actuator/prometheus"",quanti,}",0.0,0.0
1790110801.857,java-order-service,"http_server_requests_seconds{error=""none"",exception=""none"",language=""java"",method=""GET"",outcome=""SUCCESS"",service=""java-order-service"",status=""200"",uri=""/actuator/prometheus"",}",46.0,0.222044917
1790110801.857,java-order-service,"http_server_requests_seconds{error=""none"",exception=""none"",language=""java"",method=""GET"",outcome=""SUCCESS"",service=""java-order-service"",status=""200"",uri=""/actuator/health"",quanti,}",0.0,0.0
1790110801.857,java-order-service,"http_server_requests_seconds{error=""none"",exception=""none"",language=""java"",method=""GET"",outcome=""SUCCESS"",service=""java-order-service"",status=""200"",uri=""/actuator/health"",}",461.0,1.106344446
1790110806.909,java-user-service,"http_server_requests_seconds{error=""none"",exception=""none"",framework=""spring-boot"",language=""java"",method=""GET"",outcome=""SUCCESS"",service=""java-user-service"",status=""200"",uri=""/actuator/health"",quanti,}",0.0,0.0
1790110806.909,java-user-service,"http_server_requests_seconds{error=""none"",exception=""none"",framework=""spring-boot"",language=""java"",method=""GET"",outcome=""SUCCESS"",service=""java-user-service"",status=""200"",uri=""/actuator/health"",}",470.0,2.023687409
1790110806.909,java-user-service,"http_server_requests_seconds{error=""none"",exception=""none"",framework=""spring-boot"",language=""java"",method=""POST"",outcome=""SUCCESS"",service=""java-user-service"",status=""201"",uri=""/users"",quanti,}",0.0,0.0
1790110806.909,java-user-service,"http_server_requests_seconds{error=""none"",exception=""none"",framework=""spring-boot"",language=""java"",method=""POST"",outcome=""SUCCESS"",service=""java-user-service"",status=""201"",uri=""/users"",}",1351.0,140.899929899
1790110806.909,java-user-service,"http_server_requests_seconds{error=""none"",exception=""none"",framework=""spring-boot"",language=""java"",method=""GET"",outcome=""SUCCESS"",service=""java-user-service"",status=""200"",uri=""/users"",quanti,}",0.0,0.0
1790110806.909,java-user-service,"http_server_requests_seconds{error=""none"",exception=""none"",framework=""spring-boot"",language=""java"",method=""GET"",outcome=""SUCCESS"",service=""java-user-service"",status=""200"",uri=""/users"",}",1000.0,7.750674296
1790110806.909,java-user-service,"http_server_requests_seconds{error=""none"",exception=""none"",framework=""spring-boot"",language=""java"",method=""GET"",outcome=""SUCCESS"",service=""java-user-service"",status=""200"",uri=""/actuator/prometheus"",quanti,}",0.0,0.0
1790110806.909,java-user-service,"http_server_requests_seconds{error=""none"",exception=""none"",framework=""spring-boot"",language=""java"",method=""GET"",outcome=""SUCCESS"",service=""java-user-service"",status=""200"",uri=""/actuator/prometheus"",}",47.0,0.406179047
1790110806.909,java-product-service,"http_server_requests_seconds{error=""none"",exception=""none"",language=""java"",method=""GET"",outcome=""SUCCESS"",service=""java-product-service"",status=""200"",uri=""/actuator/health"",quanti,}",0.0,0.0
1790110806.909,java-product-service,"http_server_requests_seconds{error=""none"",exception=""none"",language=""java"",method=""GET"",outcome=""SUCCESS"",service=""java-product-service"",status=""200"",uri=""/actuator/health"",}",470.0,1.502408497
1790110806.909,java-product-service,"http_server_requests_seconds{error=""none"",exception=""none"",language=""java"",method=""GET"",outcome=""SUCCESS"",service=""java-product-service"",status=""200"",uri=""/actuator/prometheus"",quanti,}",0.0,0.0
1790110806.909,java-product-service,"http_server_requests_seconds{error=""none"",exception=""none"",language=""java"",method=""GET"",outcome=""SUCCESS"",service=""java-product-service"",status=""200"",uri=""/actuator/prometheus"",}",47.0,0.255558836
1790110806.909,java-product-service,"http_server_requests_seconds{error=""none"",exception=""none"",language=""java"",method=""POST"",outcome=""SUCCESS"",service=""java-product-service"",status=""201"",uri=""/products"",quanti,}",0.0,0.0
1790110806.909,java-product-service,"http_server_requests_seconds{error=""none"",exception=""none"",language=""java"",method=""POST"",outcome=""SUCCESS"",service=""java-product-service"",status=""201"",uri=""/products"",}",10.0,0.090821916
1790110806.909,java-product-service,"http_server_requests_seconds{error=""none"",exception=""none"",language=""java"",method=""GET"",outcome=""SUCCESS"",service=""java-product-service"",status=""200"",uri=""/products"",quanti,}",0.0,0.0
1790110806.909,java-product-service,"http_server_requests_seconds{error=""none"",exception=""none"",language=""java"",method=""GET"",outcome=""SUCCESS"",service=""java-product-service"",status=""200"",uri=""/products"",}",5895.0,6.093844579
1790110806.909,java-order-service,"http_server_requests_seconds{error=""none"",exception=""none"",language=""java"",method=""GET"",outcome=""SUCCESS"",service=""java-order-service"",status=""200"",uri=""/actuator/prometheus"",quanti,}",0.0,0.0
1790110806.909,java-order-service,"http_server_requests_seconds{error=""none"",exception=""none"",language=""java"",method=""GET"",outcome=""SUCCESS"",service=""java-order-service"",status=""200"",uri=""/actuator/prometheus"",}",47.0,0.227586667
1790110806.909,java-order-service,"http_server_requests_seconds{error=""none"",exception=""none"",language=""java"",method=""GET"",outcome=""SUCCESS"",service=""java-order-service"",status=""200"",uri=""/actuator/health"",quanti,}",0.0,0.0
1790110806.909,java-order-service,"http_server_requests_seconds{error=""none"",exception=""none"",language=""java"",method=""GET"",outcome=""SUCCESS"",service=""java-order-service"",status=""200"",uri=""/actuator/health"",}",470.0,1.129115237
1790110811.966,java-user-service,"http_server_requests_seconds{error=""none"",exception=""none"",framework=""spring-boot"",language=""java"",method=""GET"",outcome=""SUCCESS"",service=""java-user-service"",status=""200"",uri=""/actuator/health"",quanti,}",0.0,0.0
1790110811.966,java-user-service,"http_server_requests_seconds{error=""none"",exception=""none"",framework=""spring-boot"",language=""java"",method=""GET"",outcome=""SUCCESS"",service=""java-user-service"",status=""200"",uri=""/actuator/health"",}",480.0,2.057438367
1790110811.966,java-user-service,"http_server_requests_seconds{error=""none"",exception=""none"",framework=""spring-boot"",language=""java"",method=""POST"",outcome=""SUCCESS"",service=""java-user-service"",status=""201"",uri=""/users"",quanti,}",0.0,0.0
1790110811.966,java-user-service,"http_server_requests_seconds{error=""none"",exception=""none"",framework=""spring-boot"",language=""java"",method=""POST"",outcome=""SUCCESS"",service=""java-user-service"",status=""201"",uri=""/users"",}",1359.0,141.554988731
1790110811.966,java-user-service,"http_server_requests_seconds{error=""none"",exception=""none"",framework=""spring-boot"",language=""java"",method=""GET"",outcome=""SUCCESS"",service=""java-user-service"",status=""200"",uri=""/users"",quanti,}",0.0,0.0
1790110811.966,java-user-service,"http_server_requests_seconds{error=""none"",exception=""none"",framework=""spring-boot"",language=""java"",method=""GET"",outcome=""SUCCESS"",service=""java-user-service"",status=""200"",uri=""/users"",}",1000.0,7.750674296
1790110811.966,java-user-service,"http_server_requests_seconds{error=""none"",exception=""none"",framework=""spring-boot"",language=""java"",method=""GET"",outcome=""SUCCESS"",service=""java-user-service"",status=""200"",uri=""/actuator/prometheus"",quanti,}",0.0,0.0
1790110811.966,java-user-service,"http_server_requests_seconds{error=""none"",exception=""none"",framework=""spring-boot"",language=""java"",method=""GET"",outcome=""SUCCESS"",service=""java-user-service"",status=""200"",uri=""/actuator/prometheus"",}",48.0,0.41561163
1790110811.966,java-product-service,"http_server_requests_seconds{error=""none"",exception=""none"",language=""java"",method=""GET"",outcome=""SUCCESS"",service=""java-product-service"",status=""200"",uri=""/actuator/health"",quanti,}",0.0,0.0
1790110811.966,java-product-service,"http_server_requests_seconds{error=""none"",exception=""none"",language=""java"",method=""GET"",outcome=""SUCCESS"",service=""java-product-service"",status=""200"",uri=""/actuator/health"",}",480.0,1.527875206
1790110811.966,java-product-service,"http_server_requests_seconds{error=""none"",exception=""none"",language=""java"",method=""GET"",outcome=""SUCCESS"",service=""java-product-service"",status=""200"",uri=""/actuator/prometheus"",quanti,}",0.0,0.0
1790110811.966,java-product-service,"http_server_requests_seconds{error=""none"",exception=""none"",language=""java"",method=""GET"",outcome=""SUCCESS"",service=""java-product-service"",status=""200"",uri=""/actuator/prometheus"",}",48.0,0.261858003
1790110811.966,java-product-service,"http_server_requests_seconds{error=""none"",exception=""none"",language=""java"",method=""POST"",outcome=""SUCCESS"",service=""java-product-service"",status=""201"",uri=""/products"",quanti,}",0.0,0.0
1790110811.966,java-product-service,"http_server_requests_seconds{error=""none"",exception=""none"",language=""java"",method=""POST"",outcome=""SUCCESS"",service=""java-product-service"",status=""201"",uri=""/products"",}",10.0,0.090821916
1790110811.966,java-product-service,"http_server_requests_seconds{error=""none"",exception=""none"",language=""java"",method=""GET"",outcome=""SUCCESS"",service=""java-product-service"",status=""200"",uri=""/products"",quanti,}",0.0,0.0
1790110811.966,java-product-service,"http_server_requests_seconds{error=""none"",exception=""none"",language=""java"",method=""GET"",outcome=""SUCCESS"",service=""java-product-service"",status=""200"",uri=""/products"",}",5927.0,6.122209743
1790110811.966,java-order-service,"http_server_requests_seconds{error=""none"",exception=""none"",language=""java"",method=""GET"",outcome=""SUCCESS"",service=""java-order-service"",status=""200"",uri=""/actuator/prometheus"",quanti,}",0.0,0.0
1790110811.966,java-order-service,"http_server_requests_seconds{error=""none"",exception=""none"",language=""java"",method=""GET"",outcome=""SUCCESS"",service=""java-order-service"",status=""200"",uri=""/actuator/prometheus"",}",48.0,0.234524709
1790110811.966,java-order-service,"http_server_requests_seconds{error=""none"",exception=""none"",language=""java"",method=""GET"",outcome=""SUCCESS"",service=""java-order-service"",status=""200"",uri=""/actuator/health"",quanti,}",0.0,0.0
1790110811.966,java-order-service,"http_server_requests_seconds{error=""none"",exception=""none"",language=""java"",method=""GET"",outcome=""SUCCESS"",service=""java-order-service"",status=""200"",uri=""/actuator/health"",}",481.0,1.154795738
1790110817.012,java-user-service,"http_server_requests_seconds{error=""none"",exception=""none"",framework=""spring-boot"",language=""java"",method=""GET"",outcome=""SUCCESS"",service=""java-user-service"",status=""200"",uri=""/actuator/health"",quanti,}",0.0,0.0
1790110817.012,java-user-service,"http_server_requests_seconds{error=""none"",exception=""none"",framework=""spring-boot"",language=""java"",method=""GET"",outcome=""SUCCESS"",service=""java-user-service"",status=""200"",uri=""/actuator/health"",}",490.0,2.090414783
1790110817.012,java-user-service,"http_server_requests_seconds{error=""none"",exception=""none"",framework=""spring-boot"",language=""java"",method=""POST"",outcome=""SUCCESS"",service=""java-user-service"",status=""201"",uri=""/users"",quanti,}",0.0,0.0
1790110817.012,java-user-service,"http_server_requests_seconds{error=""none"",exception=""none"",framework=""spring-boot"",language=""java"",method=""POST"",outcome=""SUCCESS"",service=""java-user-service"",status=""201"",uri=""/users"",}",1362.0,141.822726398
1790110817.012,java-user-service,"http_server_requests_seconds{error=""none"",exception=""none"",framework=""spring-boot"",language=""java"",method=""GET"",outcome=""SUCCESS"",service=""java-user-service"",status=""200"",uri=""/users"",quanti,}",0.0,0.0
1790110817.012,java-user-service,"http_server_requests_seconds{error=""none"",exception=""none"",framework=""spring-boot"",language=""java"",method=""GET"",outcome=""SUCCESS"",service=""java-user-service"",status=""200"",uri=""/users"",}",1000.0,7.750674296
1790110817.012,java-user-service,"http_server_requests_seconds{error=""none"",exception=""none"",framework=""spring-boot"",language=""java"",method=""GET"",outcome=""SUCCESS"",service=""java-user-service"",status=""200"",uri=""/actuator/prometheus"",quanti,}",0.0,0.0
1790110817.012,java-user-service,"http_server_requests_seconds{error=""none"",exception=""none"",framework=""spring-boot"",language=""java"",method=""GET"",outcome=""SUCCESS"",service=""java-user-service"",status=""200"",uri=""/actuator/prometheus"",}",49.0,0.423850005
1790110817.012,java-product-service,"http_server_requests_seconds{error=""none"",exception=""none"",language=""java"",method=""GET"",outcome=""SUCCESS"",service=""java-product-service"",status=""200"",uri=""/actuator/health"",quanti,}",0.0,0.0
1790110817.012,java-product-service,"http_server_requests_seconds{error=""none"",exception=""none"",language=""java"",method=""GET"",outcome=""SUCCESS"",service=""java-product-service"",status=""200"",uri=""/actuator/health"",}",490.0,1.551734289
1790110817.012,java-product-service,"http_server_requests_seconds{error=""none"",exception=""none"",language=""java"",method=""GET"",outcome=""SUCCESS"",service=""java-product-service"",status=""200"",uri=""/actuator/prometheus"",quanti,}",0.0,0.0
1790110817.012,java-product-service,"http_server_requests_seconds{error=""none"",exception=""none"",language=""java"",method=""GET"",outcome=""SUCCESS"",service=""java-product-service"",status=""200"",uri=""/actuator/prometheus"",}",49.0,0.269557003
1790110817.012,java-product-service,"http_server_requests_seconds{error=""none"",exception=""none"",language=""java"",method=""POST"",outcome=""SUCCESS"",service=""java-product-service"",status=""201"",uri=""/products"",quanti,}",0.0,0.0
1790110817.012,java-product-service,"http_server_requests_seconds{error=""none"",exception=""none"",language=""java"",method=""POST"",outcome=""SUCCESS"",service=""java-product-service"",status=""201"",uri=""/products"",}",10.0,0.090821916
1790110817.012,java-product-service,"http_server_requests_seconds{error=""none"",exception=""none"",language=""java"",method=""GET"",outcome=""SUCCESS"",service=""java-product-service"",status=""200"",uri=""/products"",quanti,}",0.0,0.0
1790110817.012,java-product-service,"http_server_requests_seconds{error=""none"",exception=""none"",language=""java"",method=""GET"",outcome=""SUCCESS"",service=""java-product-service"",status=""200"",uri=""/products"",}",5939.0,6.135222537
1790110817.012,java-order-service,"http_server_requests_seconds{error=""none"",exception=""none"",language=""java"",method=""GET"",outcome=""SUCCESS"",service=""java-order-service"",status=""200"",uri=""/actuator/prometheus"",quanti,}",0.0,0.0
1790110817.012,java-order-service,"http_server_requests_seconds{error=""none"",exception=""none"",language=""java"",method=""GET"",outcome=""SUCCESS"",service=""java-order-service"",status=""200"",uri=""/actuator/prometheus"",}",49.0,0.240882417
1790110817.012,java-order-service,"http_server_requests_seconds{error=""none"",exception=""none"",language=""java"",method=""GET"",outcome=""SUCCESS"",service=""java-order-service"",status=""200"",uri=""/actuator/health"",quanti,}",0.0,0.0
1790110817.012,java-order-service,"http_server_requests_seconds{error=""none"",exception=""none"",language=""java"",method=""GET"",outcome=""SUCCESS"",service=""java-order-service"",status=""200"",uri=""/actuator/health"",}",490.0,1.177012239
