t,service,series,cumulative_count,cumulative_sum_seconds
1790103407.962,java-user-service,"http_server_requests_seconds{error=""none"",exception=""none"",framework=""spring-boot"",language=""java"",method=""GET"",outcome=""SUCCESS"",service=""java-user-service"",status=""200"",uri=""/actuator/health"",quanti,}",0.0,0.0
1790103407.962,java-user-service,"http_server_requests_seconds{error=""none"",exception=""none"",framework=""spring-boot"",language=""java"",method=""GET"",outcome=""SUCCESS"",service=""java-user-service"",status=""200"",uri=""/actuator/health"",}",4.0,0.253643833
1790103407.962,java-user-service,"http_server_requests_seconds{error=""none"",exception=""none"",framework=""spring-boot"",language=""java"",method=""POST"",outcome=""SUCCESS"",service=""java-user-service"",status=""201"",uri=""/users"",quanti,}",0.0,0.0
1790103407.962,java-user-service,"http_server_requests_seconds{error=""none"",exception=""none"",framework=""spring-boot"",language=""java"",method=""POST"",outcome=""SUCCESS"",service=""java-user-service"",status=""201"",uri=""/users"",}",107.0,20.993276763
1790103407.962,java-user-service,"http_server_requests_seconds{error=""none"",exception=""none"",framework=""spring-boot"",language=""java"",method=""GET"",outcome=""SUCCESS"",service=""java-user-service"",status=""200"",uri=""/users"",quanti,}",0.0,0.0
1790103407.962,java-user-service,"http_server_requests_seconds{error=""none"",exception=""none"",framework=""spring-boot"",language=""java"",method=""GET"",outcome=""SUCCESS"",service=""java-user-service"",status=""200"",uri=""/users"",}",1000.0,6.031425622
1790103407.962,java-user-service,"http_server_requests_seconds{error=""none"",exception=""none"",framework=""spring-boot"",language=""java"",method=""GET"",outcome=""SUCCESS"",service=""java-user-service"",status=""200"",uri=""/actuator/prometheus"",quanti,}",0.0,0.0
1790103407.962,java-user-service,"http_server_requests_seconds{error=""none"",exception=""none"",framework=""spring-boot"",language=""java"",method=""GET"",outcome=""SUCCESS"",service=""java-user-service"",status=""200"",uri=""/actuator/prometheus"",}",1.0,0.033730917
1790103407.962,java-product-service,"http_server_requests_seconds{error=""none"",exception=""none"",language=""java"",method=""GET"",outcome=""SUCCESS"",service=""java-product-service"",status=""200"",uri=""/actuator/health"",quanti,}",0.0,0.0
1790103407.962,java-product-service,"http_server_requests_seconds{error=""none"",exception=""none"",language=""java"",method=""GET"",outcome=""SUCCESS"",service=""java-product-service"",status=""200"",uri=""/actuator/health"",}",5.0,0.324299124
1790103407.962,java-product-service,"http_server_requests_seconds{error=""none"",exception=""none"",language=""java"",method=""GET"",outcome=""SUCCESS"",service=""java-product-service"",status=""200"",uri=""/actuator/prometheus"",quanti,}",0.0,0.0
1790103407.962,java-product-service,"http_server_requests_seconds{error=""none"",exception=""none"",language=""java"",method=""GET"",outcome=""SUCCESS"",service=""java-product-service"",status=""200"",uri=""/actuator/prometheus"",}",1.0,0.017355833
1790103407.962,java-product-service,"http_server_requests_seconds{error=""none"",exception=""none"",language=""java"",method=""POST"",outcome=""SUCCESS"",service=""java-product-service"",status=""201"",uri=""/products"",quanti,}",0.0,0.0
1790103407.962,java-product-service,"http_server_requests_seconds{error=""none"",exception=""none"",language=""java"",method=""POST"",outcome=""SUCCESS"",service=""java-product-service"",status=""201"",uri=""/products"",}",5.0,0.079654084
1790103407.962,java-product-service,"http_server_requests_seconds{error=""none"",exception=""none"",language=""java"",method=""GET"",outcome=""SUCCESS"",service=""java-product-service"",status=""200"",uri=""/products"",quanti,}",0.0,0.0
1790103407.962,java-product-service,"http_server_requests_seconds{error=""none"",exception=""none"",language=""java"",method=""GET"",outcome=""SUCCESS"",service=""java-product-service"",status=""200"",uri=""/products"",}",1000.0,1.792099882
1790103407.962,java-order-service,"http_server_requests_seconds{error=""none"",exception=""none"",language=""java"",method=""GET"",outcome=""SUCCESS"",service=""java-order-service"",status=""200"",uri=""/actuator/prometheus"",quanti,}",0.0,0.0
1790103407.962,java-order-service,"http_server_requests_seconds{error=""none"",exception=""none"",language=""java"",method=""GET"",outcome=""SUCCESS"",service=""java-order-service"",status=""200"",uri=""/actuator/prometheus"",}",1.0,0.01477975
1790103407.962,java-order-service,"http_server_requests_seconds{error=""none"",exception=""none"",language=""java"",method=""GET"",outcome=""SUCCESS"",service=""java-order-service"",status=""200"",uri=""/actuator/health"",quanti,}",0.0,0.0
1790103407.962,java-order-service,"http_server_requests_seconds{error=""none"",exception=""none"",language=""java"",method=""GET"",outcome=""SUCCESS"",service=""java-order-service"",status=""200"",uri=""/actuator/health"",}",5.0,0.113961791
1790103413.011,java-user-service,"http_server_requests_seconds{error=""none"",exception=""none"",framework=""spring-boot"",language=""java"",method=""GET"",outcome=""SUCCESS"",service=""java-user-service"",status=""200"",uri=""/actuator/health"",quanti,}",0.0,0.0
1790103413.011,java-user-service,"http_server_requests_seconds{error=""none"",exception=""none"",framework=""spring-boot"",language=""java"",method=""GET"",outcome=""SUCCESS"",service=""java-user-service"",status=""200"",uri=""/actuator/health"",}",14.0,0.328336208
1790103413.011,java-user-service,"http_server_requests_seconds{error=""none"",exception=""none"",framework=""spring-boot"",language=""java"",method=""POST"",outcome=""SUCCESS"",service=""java-user-service"",status=""201"",uri=""/users"",quanti,}",0.0,0.0
1790103413.011,java-user-service,"http_server_requests_seconds{error=""none"",exception=""none"",framework=""spring-boot"",language=""java"",method=""POST"",outcome=""SUCCESS"",service=""java-user-service"",status=""201"",uri=""/users"",}",137.0,23.387436263
1790103413.011,java-user-service,"http_server_requests_seconds{error=""none"",exception=""none"",framework=""spring-boot"",language=""java"",method=""GET"",outcome=""SUCCESS"",service=""java-user-service"",status=""200"",uri=""/users"",quanti,}",0.0,0.0
1790103413.011,java-user-service,"http_server_requests_seconds{error=""none"",exception=""none"",framework=""spring-boot"",language=""java"",method=""GET"",outcome=""SUCCESS"",service=""java-user-service"",status=""200"",uri=""/users"",}",1030.0,6.085586535
1790103413.011,java-user-service,"http_server_requests_seconds{error=""none"",exception=""none"",framework=""spring-boot"",language=""java"",method=""GET"",outcome=""SUCCESS"",service=""java-user-service"",status=""200"",uri=""/actuator/prometheus"",quanti,}",0.0,0.0
1790103413.011,java-user-service,"http_server_requests_seconds{error=""none"",exception=""none"",framework=""spring-boot"",language=""java"",method=""GET"",outcome=""SUCCESS"",service=""java-user-service"",status=""200"",uri=""/actuator/prometheus"",}",2.0,0.046519959
1790103413.011,java-product-service,"http_server_requests_seconds{error=""none"",exception=""none"",language=""java"",method=""GET"",outcome=""SUCCESS"",service=""java-product-service"",status=""200"",uri=""/actuator/health"",quanti,}",0.0,0.0
1790103413.011,java-product-service,"http_server_requests_seconds{error=""none"",exception=""none"",language=""java"",method=""GET"",outcome=""SUCCESS"",service=""java-product-service"",status=""200"",uri=""/actuator/health"",}",14.0,0.351824916
1790103413.011,java-product-service,"http_server_requests_seconds{error=""none"",exception=""none"",language=""java"",method=""GET"",outcome=""SUCCESS"",service=""java-product-service"",status=""200"",uri=""/actuator/prometheus"",quanti,}",0.0,0.0
1790103413.011,java-product-service,"http_server_requests_seconds{error=""none"",exception=""none"",language=""java"",method=""GET"",outcome=""SUCCESS"",service=""java-product-service"",status=""200"",uri=""/actuator/prometheus"",}",2.0,0.024339874
1790103413.011,java-product-service,"http_server_requests_seconds{error=""none"",exception=""none"",language=""java"",method=""POST"",outcome=""SUCCESS"",service=""java-product-service"",status=""201"",uri=""/products"",quanti,}",0.0,0.0
1790103413.011,java-product-service,"http_server_requests_seconds{error=""none"",exception=""none"",language=""java"",method=""POST"",outcome=""SUCCESS"",service=""java-product-service"",status=""201"",uri=""/products"",}",10.0,0.096088001
1790103413.011,java-product-service,"http_server_requests_seconds{error=""none"",exception=""none"",language=""java"",method=""GET"",outcome=""SUCCESS"",service=""java-product-service"",status=""200"",uri=""/products"",quanti,}",0.0,0.0
1790103413.011,java-product-service,"http_server_requests_seconds{error=""none"",exception=""none"",language=""java"",method=""GET"",outcome=""SUCCESS"",service=""java-product-service"",status=""200"",uri=""/products"",}",1000.0,1.792099882
1790103413.011,java-order-service,"http_server_requests_seconds{error=""none"",exception=""none"",language=""java"",method=""GET"",outcome=""SUCCESS"",service=""java-order-service"",status=""200"",uri=""/actuator/prometheus"",quanti,}",0.0,0.0
1790103413.011,java-order-service,"http_server_requests_seconds{error=""none"",exception=""none"",language=""java"",method=""GET"",outcome=""SUCCESS"",service=""java-order-service"",status=""200"",uri=""/actuator/prometheus"",}",2.0,0.021388458
1790103413.011,java-order-service,"http_server_requests_seconds{error=""none"",exception=""none"",language=""java"",method=""GET"",outcome=""SUCCESS"",service=""java-order-service"",status=""200"",uri=""/actuator/health"",quanti,}",0.0,0.0
1790103413.011,java-order-service,"http_server_requests_seconds{error=""none"",exception=""none"",language=""java"",method=""GET"",outcome=""SUCCESS"",service=""java-order-service"",status=""200"",uri=""/actuator/health"",}",14.0,0.138546415
1790103418.064,java-user-service,"http_server_requests_seconds{error=""none"",exception=""none"",framework=""spring-boot"",language=""java"",method=""GET"",outcome=""SUCCESS"",service=""java-user-service"",status=""200"",uri=""/actuator/health"",quanti,}",0.0,0.0
1790103418.064,java-user-service,"http_server_requests_seconds{error=""none"",exception=""none"",framework=""spring-boot"",language=""java"",method=""GET"",outcome=""SUCCESS"",service=""java-user-service"",status=""200"",uri=""/actuator/health"",}",23.0,0.499524583
1790103418.064,java-user-service,"http_server_requests_seconds{error=""none"",exception=""none"",framework=""spring-boot"",language=""java"",method=""POST"",outcome=""SUCCESS"",service=""java-user-service"",status=""201"",uri=""/users"",quanti,}",0.0,0.0
1790103418.064,java-user-service,"http_server_requests_seconds{error=""none"",exception=""none"",framework=""spring-boot"",language=""java"",method=""POST"",outcome=""SUCCESS"",service=""java-user-service"",status=""201"",uri=""/users"",}",216.0,46.158193026
1790103418.064,java-user-service,"http_server_requests_seconds{error=""none"",exception=""none"",framework=""spring-boot"",language=""java"",method=""GET"",outcome=""SUCCESS"",service=""java-user-service"",status=""200"",uri=""/users"",quanti,}",0.0,0.0
1790103418.064,java-user-service,"http_server_requests_seconds{error=""none"",exception=""none"",framework=""spring-boot"",language=""java"",method=""GET"",outcome=""SUCCESS"",service=""java-user-service"",status=""200"",uri=""/users"",}",1114.0,7.851449126
1790103418.064,java-user-service,"http_server_requests_seconds{error=""none"",exception=""none"",framework=""spring-boot"",language=""java"",method=""GET"",outcome=""SUCCESS"",service=""java-user-service"",status=""200"",uri=""/actuator/prometheus"",quanti,}",0.0,0.0
1790103418.064,java-user-service,"http_server_requests_seconds{error=""none"",exception=""none"",framework=""spring-boot"",language=""java"",method=""GET"",outcome=""SUCCESS"",service=""java-user-service"",status=""200"",uri=""/actuator/prometheus"",}",3.0,0.053303001
1790103418.064,java-product-service,"http_server_requests_seconds{error=""none"",exception=""none"",language=""java"",method=""GET"",outcome=""SUCCESS"",service=""java-product-service"",status=""200"",uri=""/actuator/health"",quanti,}",0.0,0.0
1790103418.064,java-product-service,"http_server_requests_seconds{error=""none"",exception=""none"",language=""java"",method=""GET"",outcome=""SUCCESS"",service=""java-product-service"",status=""200"",uri=""/actuator/health"",}",24.0,0.381597251
1790103418.064,java-product-service,"http_server_requests_seconds{error=""none"",exception=""none"",language=""java"",method=""GET"",outcome=""SUCCESS"",service=""java-product-service"",status=""200"",uri=""/actuator/prometheus"",quanti,}",0.0,0.0
1790103418.064,java-product-service,"http_server_requests_seconds{error=""none"",exception=""none"",language=""java"",method=""GET"",outcome=""SUCCESS"",service=""java-product-service"",status=""200"",uri=""/actuator/prometheus"",}",3.0,0.030406874
1790103418.064,java-product-service,"http_server_requests_seconds{error=""none"",exception=""none"",language=""java"",method=""POST"",outcome=""SUCCESS"",service=""java-product-service"",status=""201"",uri=""/products"",quanti,}",0.0,0.0
1790103418.064,java-product-service,"http_server_requests_seconds{error=""none"",exception=""none"",language=""java"",method=""POST"",outcome=""SUCCESS"",service=""java-product-service"",status=""201"",uri=""/products"",}",10.0,0.096088001
1790103418.064,java-product-service,"http_server_requests_seconds{error=""none"",exception=""none"",language=""java"",method=""GET"",outcome=""SUCCESS"",service=""java-product-service"",status=""200"",uri=""/products"",quanti,}",0.0,0.0
1790103418.064,java-product-service,"http_server_requests_seconds{error=""none"",exception=""none"",language=""java"",method=""GET"",outcome=""SUCCESS"",service=""java-product-service"",status=""200"",uri=""/products"",}",1000.0,1.792099882
1790103418.064,java-order-service,"http_server_requests_seconds{error=""none"",exception=""none"",language=""java"",method=""GET"",outcome=""SUCCESS"",service=""java-order-service"",status=""200"",uri=""/actuator/prometheus"",quanti,}",0.0,0.0
1790103418.064,java-order-service,"http_server_requests_seconds{error=""none"",exception=""none"",language=""java"",method=""GET"",outcome=""SUCCESS"",service=""java-order-service"",status=""200"",uri=""/actuator/prometheus"",}",3.0,0.026141041
1790103418.064,java-order-service,"http_server_requests_seconds{error=""none"",exception=""none"",language=""java"",method=""GET"",outcome=""SUCCESS"",service=""java-order-service"",status=""200"",uri=""/actuator/health"",quanti,}",0.0,0.0
1790103418.064,java-order-service,"http_server_requests_seconds{error=""none"",exception=""none"",language=""java"",method=""GET"",outcome=""SUCCESS"",service=""java-order-service"",status=""200"",uri=""/actuator/health"",}",24.0,0.158376372
1790103423.281,java-user-service,"http_server_requests_seconds{error=""none"",exception=""none"",framework=""spring-boot"",language=""java"",method=""GET"",outcome=""SUCCESS"",service=""java-user-service"",status=""200"",uri=""/actuator/health"",quanti,}",0.0,0.0
1790103423.281,java-user-service,"http_server_requests_seconds{error=""none"",exception=""none"",framework=""spring-boot"",language=""java"",method=""GET"",outcome=""SUCCESS"",service=""java-user-service"",status=""200"",uri=""/actuator/health"",}",33.0,1.119273208
1790103423.281,java-user-service,"http_server_requests_seconds{error=""none"",exception=""none"",framework=""spring-boot"",language=""java"",method=""POST"",outcome=""SUCCESS"",service=""java-user-service"",status=""201"",uri=""/users"",quanti,}",0.0,0.0
1790103423.281,java-user-service,"http_server_requests_seconds{error=""none"",exception=""none"",framework=""spring-boot"",language=""java"",method=""POST"",outcome=""SUCCESS"",service=""java-user-service"",status=""201"",uri=""/users"",}",274.0,104.818820138
1790103423.281,java-user-service,"http_server_requests_seconds{error=""none"",exception=""none"",framework=""spring-boot"",language=""java"",method=""GET"",outcome=""SUCCESS"",service=""java-user-service"",status=""200"",uri=""/users"",quanti,}",0.0,0.0
1790103423.281,java-user-service,"http_server_requests_seconds{error=""none"",exception=""none"",framework=""spring-boot"",language=""java"",method=""GET"",outcome=""SUCCESS"",service=""java-user-service"",status=""200"",uri=""/users"",}",1183.0,12.931639086
1790103423.281,java-user-service,"http_server_requests_seconds{error=""none"",exception=""none"",framework=""spring-boot"",language=""java"",method=""GET"",outcome=""SUCCESS"",service=""java-user-service"",status=""200"",uri=""/actuator/prometheus"",quanti,}",0.0,0.0
1790103423.281,java-user-service,"http_server_requests_seconds{error=""none"",exception=""none"",framework=""spring-boot"",language=""java"",method=""GET"",outcome=""SUCCESS"",service=""java-user-service"",status=""200"",uri=""/actuator/prometheus"",}",4.0,0.154869001
1790103423.281,java-product-service,"http_server_requests_seconds{error=""none"",exception=""none"",language=""java"",method=""GET"",outcome=""SUCCESS"",service=""java-product-service"",status=""200"",uri=""/actuator/health"",quanti,}",0.0,0.0
1790103423.281,java-product-service,"http_server_requests_seconds{error=""none"",exception=""none"",language=""java"",method=""GET"",outcome=""SUCCESS"",service=""java-product-service"",status=""200"",uri=""/actuator/health"",}",33.0,0.413569918
1790103423.281,java-product-service,"http_server_requests_seconds{error=""none"",exception=""none"",language=""java"",method=""GET"",outcome=""SUCCESS"",service=""java-product-service"",status=""200"",uri=""/actuator/prometheus"",quanti,}",0.0,0.0
1790103423.281,java-product-service,"http_server_requests_seconds{error=""none"",exception=""none"",language=""java"",method=""GET"",outcome=""SUCCESS"",service=""java-product-service"",status=""200"",uri=""/actuator/prometheus"",}",4.0,0.037305958
1790103423.281,java-product-service,"http_server_requests_seconds{error=""none"",exception=""none"",language=""java"",method=""POST"",outcome=""SUCCESS"",service=""java-product-service"",status=""201"",uri=""/products"",quanti,}",0.0,0.0
1790103423.281,java-product-service,"http_server_requests_seconds{error=""none"",exception=""none"",language=""java"",method=""POST"",outcome=""SUCCESS"",service=""java-product-service"",status=""201"",uri=""/products"",}",10.0,0.096088001
1790103423.281,java-product-service,"http_server_requests_seconds{error=""none"",exception=""none"",language=""java"",method=""GET"",outcome=""SUCCESS"",service=""java-product-service"",status=""200"",uri=""/products"",quanti,}",0.0,0.0
1790103423.281,java-product-service,"http_server_requests_seconds{error=""none"",exception=""none"",language=""java"",method=""GET"",outcome=""SUCCESS"",service=""java-product-service"",status=""200"",uri=""/products"",}",1000.0,1.792099882
1790103423.281,java-order-service,"http_server_requests_seconds{error=""none"",exception=""none"",language=""java"",method=""GET"",outcome=""SUCCESS"",service=""java-order-service"",status=""200"",uri=""/actuator/prometheus"",quanti,}",0.0,0.0
1790103423.281,java-order-service,"http_server_requests_seconds{error=""none"",exception=""none"",language=""java"",method=""GET"",outcome=""SUCCESS"",service=""java-order-service"",status=""200"",uri=""/actuator/prometheus"",}",4.0,0.031386624
1790103423.281,java-order-service,"http_server_requests_seconds{error=""none"",exception=""none"",language=""java"",method=""GET"",outcome=""SUCCESS"",service=""java-order-service"",status=""200"",uri=""/actuator/health"",quanti,}",0.0,0.0
1790103423.281,java-order-service,"http_server_requests_seconds{error=""none"",exception=""none"",language=""java"",method=""GET"",outcome=""SUCCESS"",service=""java-order-service"",status=""200"",uri=""/actuator/health"",}",33.0,0.17622879
1790103428.689,java-user-service,"http_server_requests_seconds{error=""none"",exception=""none"",framework=""spring-boot"",language=""java"",method=""GET"",outcome=""SUCCESS"",service=""java-user-service"",status=""200"",uri=""/actuator/health"",quanti,}",0.0,0.0
1790103428.689,java-user-service,"http_server_requests_seconds{error=""none"",exception=""none"",framework=""spring-boot"",language=""java"",method=""GET"",outcome=""SUCCESS"",service=""java-user-service"",status=""200"",uri=""/actuator/health"",}",39.0,1.949710459
1790103428.689,java-user-service,"http_server_requests_seconds{error=""none"",exception=""none"",framework=""spring-boot"",language=""java"",method=""POST"",outcome=""SUCCESS"",service=""java-user-service"",status=""201"",uri=""/users"",quanti,}",0.0,0.0
1790103428.689,java-user-service,"http_server_requests_seconds{error=""none"",exception=""none"",framework=""spring-boot"",language=""java"",method=""POST"",outcome=""SUCCESS"",service=""java-user-service"",status=""201"",uri=""/users"",}",337.0,202.477113232
1790103428.689,java-user-service,"http_server_requests_seconds{error=""none"",exception=""none"",framework=""spring-boot"",language=""java"",method=""GET"",outcome=""SUCCESS"",service=""java-user-service"",status=""200"",uri=""/users"",quanti,}",0.0,0.0
1790103428.689,java-user-service,"http_server_requests_seconds{error=""none"",exception=""none"",framework=""spring-boot"",language=""java"",method=""GET"",outcome=""SUCCESS"",service=""java-user-service"",status=""200"",uri=""/users"",}",1248.0,23.743718343
1790103428.689,java-user-service,"http_server_requests_seconds{error=""none"",exception=""none"",framework=""spring-boot"",language=""java"",method=""GET"",outcome=""SUCCESS"",service=""java-user-service"",status=""200"",uri=""/actuator/prometheus"",quanti,}",0.0,0.0
1790103428.689,java-user-service,"http_server_requests_seconds{error=""none"",exception=""none"",framework=""spring-boot"",language=""java"",method=""GET"",outcome=""SUCCESS"",service=""java-user-service"",status=""200"",uri=""/actuator/prometheus"",}",5.0,0.453339293
1790103428.689,java-product-service,"http_server_requests_seconds{error=""none"",exception=""none"",language=""java"",method=""GET"",outcome=""SUCCESS"",service=""java-product-service"",status=""200"",uri=""/actuator/health"",quanti,}",0.0,0.0
1790103428.689,java-product-service,"http_server_requests_seconds{error=""none"",exception=""none"",language=""java"",method=""GET"",outcome=""SUCCESS"",service=""java-product-service"",status=""200"",uri=""/actuator/health"",}",40.0,0.430983711
1790103428.689,java-product-service,"http_server_requests_seconds{error=""none"",exception=""none"",language=""java"",method=""GET"",outcome=""SUCCESS"",service=""java-product-service"",status=""200"",uri=""/actuator/prometheus"",quanti,}",0.0,0.0
1790103428.689,java-product-service,"http_server_requests_seconds{error=""none"",exception=""none"",language=""java"",method=""GET"",outcome=""SUCCESS"",service=""java-product-service"",status=""200"",uri=""/actuator/prometheus"",}",5.0,0.043397167
1790103428.689,java-product-service,"http_server_requests_seconds{error=""none"",exception=""none"",language=""java"",method=""POST"",outcome=""SUCCESS"",service=""java-product-service"",status=""201"",uri=""/products"",quanti,}",0.0,0.0
1790103428.689,java-product-service,"http_server_requests_seconds{error=""none"",exception=""none"",language=""java"",method=""POST"",outcome=""SUCCESS"",service=""java-product-service"",status=""201"",uri=""/products"",}",10.0,0.096088001
1790103428.689,java-product-service,"http_server_requests_seconds{error=""none"",exception=""none"",language=""java"",method=""GET"",outcome=""SUCCESS"",service=""java-product-service"",status=""200"",uri=""/products"",quanti,}",0.0,0.0
1790103428.689,java-product-service,"http_server_requests_seconds{error=""none"",exception=""none"",language=""java"",method=""GET"",outcome=""SUCCESS"",service=""java-product-service"",status=""200"",uri=""/products"",}",1000.0,1.792099882
1790103428.689,java-order-service,"http_server_requests_seconds{error=""none"",exception=""none"",language=""java"",method=""GET"",outcome=""SUCCESS"",service=""java-order-service"",status=""200"",uri=""/actuator/prometheus"",quanti,}",0.0,0.0
1790103428.689,java-order-service,"http_server_requests_seconds{error=""none"",exception=""none"",language=""java"",method=""GET"",outcome=""SUCCESS"",service=""java-order-service"",status=""200"",uri=""/actuator/prometheus"",}",5.0,0.037236457
1790103428.689,java-order-service,"http_server_requests_seconds{error=""none"",exception=""none"",language=""java"",method=""GET"",outcome=""SUCCESS"",service=""java-order-service"",status=""200"",uri=""/actuator/health"",quanti,}",0.0,0.0
1790103428.689,java-order-service,"http_server_requests_seconds{error=""none"",exception=""none"",language=""java"",method=""GET"",outcome=""SUCCESS"",service=""java-order-service"",status=""200"",uri=""/actuator/health"",}",40.0,0.189945914
1790103433.881,java-user-service,"http_server_requests_seconds{error=""none"",exception=""none"",framework=""spring-boot"",language=""java"",method=""GET"",outcome=""SUCCESS"",service=""java-user-service"",status=""200"",uri=""/actuator/health"",quanti,}",0.0,0.0
1790103433.881,java-user-service,"http_server_requests_seconds{error=""none"",exception=""none"",framework=""spring-boot"",language=""java"",method=""GET"",outcome=""SUCCESS"",service=""java-user-service"",status=""200"",uri=""/actuator/health"",}",44.0,5.263671877
1790103433.881,java-user-service,"http_server_requests_seconds{error=""none"",exception=""none"",framework=""spring-boot"",language=""java"",method=""POST"",outcome=""SUCCESS"",service=""java-user-service"",status=""201"",uri=""/users"",quanti,}",0.0,0.0
1790103433.881,java-user-service,"http_server_requests_seconds{error=""none"",exception=""none"",framework=""spring-boot"",language=""java"",method=""POST"",outcome=""SUCCESS"",service=""java-user-service"",status=""201"",uri=""/users"",}",403.0,331.455462914
1790103433.881,java-user-service,"http_server_requests_seconds{error=""none"",exception=""none"",framework=""spring-boot"",language=""java"",method=""GET"",outcome=""SUCCESS"",service=""java-user-service"",status=""200"",uri=""/users"",quanti,}",0.0,0.0
1790103433.881,java-user-service,"http_server_requests_seconds{error=""none"",exception=""none"",framework=""spring-boot"",language=""java"",method=""GET"",outcome=""SUCCESS"",service=""java-user-service"",status=""200"",uri=""/users"",}",1324.0,49.961103398
1790103433.881,java-user-service,"http_server_requests_seconds{error=""none"",exception=""none"",framework=""spring-boot"",language=""java"",method=""GET"",outcome=""SUCCESS"",service=""java-user-service"",status=""200"",uri=""/actuator/prometheus"",quanti,}",0.0,0.0
1790103433.881,java-user-service,"http_server_requests_seconds{error=""none"",exception=""none"",framework=""spring-boot"",language=""java"",method=""GET"",outcome=""SUCCESS"",service=""java-user-service"",status=""200"",uri=""/actuator/prometheus"",}",6.0,0.572046001
1790103433.881,java-product-service,"http_server_requests_seconds{error=""none"",exception=""none"",language=""java"",method=""GET"",outcome=""SUCCESS"",service=""java-product-service"",status=""200"",uri=""/actuator/health"",quanti,}",0.0,0.0
1790103433.881,java-product-service,"http_server_requests_seconds{error=""none"",exception=""none"",language=""java"",method=""GET"",outcome=""SUCCESS"",service=""java-product-service"",status=""200"",uri=""/actuator/health"",}",45.0,0.444944752
1790103433.881,java-product-service,"http_server_requests_seconds{error=""none"",exception=""none"",language=""java"",method=""GET"",outcome=""SUCCESS"",service=""java-product-service"",status=""200"",uri=""/actuator/prometheus"",quanti,}",0.0,0.0
1790103433.881,java-product-service,"http_server_requests_seconds{error=""none"",exception=""none"",language=""java"",method=""GET"",outcome=""SUCCESS"",service=""java-product-service"",status=""200"",uri=""/actuator/prometheus"",}",6.0,0.050257876
1790103433.881,java-product-service,"http_server_requests_seconds{error=""none"",exception=""none"",language=""java"",method=""POST"",outcome=""SUCCESS"",service=""java-product-service"",status=""201"",uri=""/products"",quanti,}",0.0,0.0
1790103433.881,java-product-service,"http_server_requests_seconds{error=""none"",exception=""none"",language=""java"",method=""POST"",outcome=""SUCCESS"",service=""java-product-service"",status=""201"",uri=""/products"",}",10.0,0.096088001
1790103433.881,java-product-service,"http_server_requests_seconds{error=""none"",exception=""none"",language=""java"",method=""GET"",outcome=""SUCCESS"",service=""java-product-service"",status=""200"",uri=""/products"",quanti,}",0.0,0.0
1790103433.881,java-product-service,"http_server_requests_seconds{error=""none"",exception=""none"",language=""java"",method=""GET"",outcome=""SUCCESS"",service=""java-product-service"",status=""200"",uri=""/products"",}",1000.0,1.792099882
1790103433.881,java-order-service,"http_server_requests_seconds{error=""none"",exception=""none"",language=""java"",method=""GET"",outcome=""SUCCESS"",service=""java-order-service"",status=""200"",uri=""/actuator/prometheus"",quanti,}",0.0,0.0
1790103433.881,java-order-service,"http_server_requests_seconds{error=""none"",exception=""none"",language=""java"",method=""GET"",outcome=""SUCCESS"",service=""java-order-service"",status=""200"",uri=""/actuator/prometheus"",}",6.0,0.042703874
1790103433.881,java-order-service,"http_server_requests_seconds{error=""none"",exception=""none"",language=""java"",method=""GET"",outcome=""SUCCESS"",service=""java-order-service"",status=""200"",uri=""/actuator/health"",quanti,}",0.0,0.0
1790103433.881,java-order-service,"http_server_requests_seconds{error=""none"",exception=""none"",language=""java"",method=""GET"",outcome=""SUCCESS"",service=""java-order-service"",status=""200"",uri=""/actuator/health"",}",45.0,0.199234457
1790103439.263,java-user-service,"http_server_requests_seconds{error=""none"",exception=""none"",framework=""spring-boot"",language=""java"",method=""GET"",outcome=""SUCCESS"",service=""java-user-service"",status=""200"",uri=""/actuator/health"",quanti,}",0.0,0.0
1790103439.263,java-user-service,"http_server_requests_seconds{error=""none"",exception=""none"",framework=""spring-boot"",language=""java"",method=""GET"",outcome=""SUCCESS"",service=""java-user-service"",status=""200"",uri=""/actuator/health"",}",47.0,7.546747044
1790103439.263,java-user-service,"http_server_requests_seconds{error=""none"",exception=""none"",framework=""spring-boot"",language=""java"",method=""POST"",outcome=""SUCCESS"",service=""java-user-service"",status=""201"",uri=""/users"",quanti,}",0.0,0.0
1790103439.263,java-user-service,"http_server_requests_seconds{error=""none"",exception=""none"",framework=""spring-boot"",language=""java"",method=""POST"",outcome=""SUCCESS"",service=""java-user-service"",status=""201"",uri=""/users"",}",462.0,481.45278186
1790103439.263,java-user-service,"http_server_requests_seconds{error=""none"",exception=""none"",framework=""spring-boot"",language=""java"",method=""GET"",outcome=""SUCCESS"",service=""java-user-service"",status=""200"",uri=""/users"",quanti,}",0.0,0.0
1790103439.263,java-user-service,"http_server_requests_seconds{error=""none"",exception=""none"",framework=""spring-boot"",language=""java"",method=""GET"",outcome=""SUCCESS"",service=""java-user-service"",status=""200"",uri=""/users"",}",1386.0,83.747293868
1790103439.263,java-user-service,"http_server_requests_seconds{error=""none"",exception=""none"",framework=""spring-boot"",language=""java"",method=""GET"",outcome=""SUCCESS"",service=""java-user-service"",status=""200"",uri=""/actuator/prometheus"",quanti,}",0.0,0.0
1790103439.263,java-user-service,"http_server_requests_seconds{error=""none"",exception=""none"",framework=""spring-boot"",language=""java"",method=""GET"",outcome=""SUCCESS"",service=""java-user-service"",status=""200"",uri=""/actuator/prometheus"",}",7.0,0.767059335
1790103439.263,java-product-service,"http_server_requests_seconds{error=""none"",exception=""none"",language=""java"",method=""GET"",outcome=""SUCCESS"",service=""java-product-service"",status=""200"",uri=""/actuator/health"",quanti,}",0.0,0.0
1790103439.263,java-product-service,"http_server_requests_seconds{error=""none"",exception=""none"",language=""java"",method=""GET"",outcome=""SUCCESS"",service=""java-product-service"",status=""200"",uri=""/actuator/health"",}",48.0,0.451584711
1790103439.263,java-product-service,"http_server_requests_seconds{error=""none"",exception=""none"",language=""java"",method=""GET"",outcome=""SUCCESS"",service=""java-product-service"",status=""200"",uri=""/actuator/prometheus"",quanti,}",0.0,0.0
1790103439.263,java-product-service,"http_server_requests_seconds{error=""none"",exception=""none"",language=""java"",method=""GET"",outcome=""SUCCESS"",service=""java-product-service"",status=""200"",uri=""/actuator/prometheus"",}",7.0,0.054522168
1790103439.263,java-product-service,"http_server_requests_seconds{error=""none"",exception=""none"",language=""java"",method=""POST"",outcome=""SUCCESS"",service=""java-product-service"",status=""201"",uri=""/products"",quanti,}",0.0,0.0
1790103439.263,java-product-service,"http_server_requests_seconds{error=""none"",exception=""none"",language=""java"",method=""POST"",outcome=""SUCCESS"",service=""java-product-service"",status=""201"",uri=""/products"",}",10.0,0.096088001
1790103439.263,java-product-service,"http_server_requests_seconds{error=""none"",exception=""none"",language=""java"",method=""GET"",outcome=""SUCCESS"",service=""java-product-service"",status=""200"",uri=""/products"",quanti,}",0.0,0.0
1790103439.263,java-product-service,"http_server_requests_seconds{error=""none"",exception=""none"",language=""java"",method=""GET"",outcome=""SUCCESS"",service=""java-product-service"",status=""200"",uri=""/products"",}",1000.0,1.792099882
1790103439.263,java-order-service,"http_server_requests_seconds{error=""none"",exception=""none"",language=""java"",method=""GET"",outcome=""SUCCESS"",service=""java-order-service"",status=""200"",uri=""/actuator/prometheus"",quanti,}",0.0,0.0
1790103439.263,java-order-service,"http_server_requests_seconds{error=""none"",exception=""none"",language=""java"",method=""GET"",outcome=""SUCCESS"",service=""java-order-service"",status=""200"",uri=""/actuator/prometheus"",}",7.0,0.045971874
1790103439.263,java-order-service,"http_server_requests_seconds{error=""none"",exception=""none"",language=""java"",method=""GET"",outcome=""SUCCESS"",service=""java-order-service"",status=""200"",uri=""/actuator/health"",quanti,}",0.0,0.0
1790103439.263,java-order-service,"http_server_requests_seconds{error=""none"",exception=""none"",language=""java"",method=""GET"",outcome=""SUCCESS"",service=""java-order-service"",status=""200"",uri=""/actuator/health"",}",48.0,0.203696541
1790103444.480,java-user-service,"http_server_requests_seconds{error=""none"",exception=""none"",framework=""spring-boot"",language=""java"",method=""GET"",outcome=""SUCCESS"",service=""java-user-service"",status=""200"",uri=""/actuator/health"",quanti,}",0.0,0.0
1790103444.480,java-user-service,"http_server_requests_seconds{error=""none"",exception=""none"",framework=""spring-boot"",language=""java"",method=""GET"",outcome=""SUCCESS"",service=""java-user-service"",status=""200"",uri=""/actuator/health"",}",52.0,13.234690087
1790103444.480,java-user-service,"http_server_requests_seconds{error=""none"",exception=""none"",framework=""spring-boot"",language=""java"",method=""POST"",outcome=""SUCCESS"",service=""java-user-service"",status=""201"",uri=""/users"",quanti,}",0.0,0.0
1790103444.480,java-user-service,"http_server_requests_seconds{error=""none"",exception=""none"",framework=""spring-boot"",language=""java"",method=""POST"",outcome=""SUCCESS"",service=""java-user-service"",status=""201"",uri=""/users"",}",520.0,659.532560505
1790103444.480,java-user-service,"http_server_requests_seconds{error=""none"",exception=""none"",framework=""spring-boot"",language=""java"",method=""GET"",outcome=""SUCCESS"",service=""java-user-service"",status=""200"",uri=""/users"",quanti,}",0.0,0.0
1790103444.480,java-user-service,"http_server_requests_seconds{error=""none"",exception=""none"",framework=""spring-boot"",language=""java"",method=""GET"",outcome=""SUCCESS"",service=""java-user-service"",status=""200"",uri=""/users"",}",1453.0,131.141806137
1790103444.480,java-user-service,"http_server_requests_seconds{error=""none"",exception=""none"",framework=""spring-boot"",language=""java"",method=""GET"",outcome=""SUCCESS"",service=""java-user-service"",status=""200"",uri=""/actuator/prometheus"",quanti,}",0.0,0.0
1790103444.480,java-user-service,"http_server_requests_seconds{error=""none"",exception=""none"",framework=""spring-boot"",language=""java"",method=""GET"",outcome=""SUCCESS"",service=""java-user-service"",status=""200"",uri=""/actuator/prometheus"",}",8.0,0.87142696
1790103444.480,java-product-service,"http_server_requests_seconds{error=""none"",exception=""none"",language=""java"",method=""GET"",outcome=""SUCCESS"",service=""java-product-service"",status=""200"",uri=""/actuator/health"",quanti,}",0.0,0.0
1790103444.480,java-product-service,"http_server_requests_seconds{error=""none"",exception=""none"",language=""java"",method=""GET"",outcome=""SUCCESS"",service=""java-product-service"",status=""200"",uri=""/actuator/health"",}",53.0,0.465526752
1790103444.480,java-product-service,"http_server_requests_seconds{error=""none"",exception=""none"",language=""java"",method=""GET"",outcome=""SUCCESS"",service=""java-product-service"",status=""200"",uri=""/actuator/prometheus"",quanti,}",0.0,0.0
1790103444.480,java-product-service,"http_server_requests_seconds{error=""none"",exception=""none"",language=""java"",method=""GET"",outcome=""SUCCESS"",service=""java-product-service"",status=""200"",uri=""/actuator/prometheus"",}",8.0,0.059547876
1790103444.480,java-product-service,"http_server_requests_seconds{error=""none"",exception=""none"",language=""java"",method=""POST"",outcome=""SUCCESS"",service=""java-product-service"",status=""201"",uri=""/products"",quanti,}",0.0,0.0
1790103444.480,java-product-service,"http_server_requests_seconds{error=""none"",exception=""none"",language=""java"",method=""POST"",outcome=""SUCCESS"",service=""java-product-service"",status=""201"",uri=""/products"",}",10.0,0.096088001
1790103444.480,java-product-service,"http_server_requests_seconds{error=""none"",exception=""none"",language=""java"",method=""GET"",outcome=""SUCCESS"",service=""java-product-service"",status=""200"",uri=""/products"",quanti,}",0.0,0.0
1790103444.480,java-product-service,"http_server_requests_seconds{error=""none"",exception=""none"",language=""java"",method=""GET"",outcome=""SUCCESS"",service=""java-product-service"",status=""200"",uri=""/products"",}",1000.0,1.792099882
1790103444.480,java-order-service,"http_server_requests_seconds{error=""none"",exception=""none"",language=""java"",method=""GET"",outcome=""SUCCESS"",service=""java-order-service"",status=""200"",uri=""/actuator/prometheus"",quanti,}",0.0,0.0
1790103444.480,java-order-service,"http_server_requests_seconds{error=""none"",exception=""none"",language=""java"",method=""GET"",outcome=""SUCCESS"",service=""java-order-service"",status=""200"",uri=""/actuator/prometheus"",}",8.0,0.051577874
1790103444.480,java-order-service,"http_server_requests_seconds{error=""none"",exception=""none"",language=""java"",method=""GET"",outcome=""SUCCESS"",service=""java-order-service"",status=""200"",uri=""/actuator/health"",quanti,}",0.0,0.0
1790103444.480,java-order-service,"http_server_requests_seconds{error=""none"",exception=""none"",language=""java"",method=""GET"",outcome=""SUCCESS"",service=""java-order-service"",status=""200"",uri=""/actuator/health"",}",53.0,0.211934291
1790103449.979,java-user-service,"http_server_requests_seconds{error=""none"",exception=""none"",framework=""spring-boot"",language=""java"",method=""GET"",outcome=""SUCCESS"",service=""java-user-service"",status=""200"",uri=""/actuator/health"",quanti,}",0.0,0.0
1790103449.979,java-user-service,"http_server_requests_seconds{error=""none"",exception=""none"",framework=""spring-boot"",language=""java"",method=""GET"",outcome=""SUCCESS"",service=""java-user-service"",status=""200"",uri=""/actuator/health"",}",55.0,15.643893087
1790103449.979,java-user-service,"http_server_requests_seconds{error=""none"",exception=""none"",framework=""spring-boot"",language=""java"",method=""POST"",outcome=""SUCCESS"",service=""java-user-service"",status=""201"",uri=""/users"",quanti,}",0.0,0.0
1790103449.979,java-user-service,"http_server_requests_seconds{error=""none"",exception=""none"",framework=""spring-boot"",language=""java"",method=""POST"",outcome=""SUCCESS"",service=""java-user-service"",status=""201"",uri=""/users"",}",591.0,909.050876493
1790103449.979,java-user-service,"http_server_requests_seconds{error=""none"",exception=""none"",framework=""spring-boot"",language=""java"",method=""GET"",outcome=""SUCCESS"",service=""java-user-service"",status=""200"",uri=""/users"",quanti,}",0.0,0.0
1790103449.979,java-user-service,"http_server_requests_seconds{error=""none"",exception=""none"",framework=""spring-boot"",language=""java"",method=""GET"",outcome=""SUCCESS"",service=""java-user-service"",status=""200"",uri=""/users"",}",1538.0,207.509868427
1790103449.979,java-user-service,"http_server_requests_seconds{error=""none"",exception=""none"",framework=""spring-boot"",language=""java"",method=""GET"",outcome=""SUCCESS"",service=""java-user-service"",status=""200"",uri=""/actuator/prometheus"",quanti,}",0.0,0.0
1790103449.979,java-user-service,"http_server_requests_seconds{error=""none"",exception=""none"",framework=""spring-boot"",language=""java"",method=""GET"",outcome=""SUCCESS"",service=""java-user-service"",status=""200"",uri=""/actuator/prometheus"",}",9.0,1.16466071
1790103449.979,java-product-service,"http_server_requests_seconds{error=""none"",exception=""none"",language=""java"",method=""GET"",outcome=""SUCCESS"",service=""java-product-service"",status=""200"",uri=""/actuator/health"",quanti,}",0.0,0.0
1790103449.979,java-product-service,"http_server_requests_seconds{error=""none"",exception=""none"",language=""java"",method=""GET"",outcome=""SUCCESS"",service=""java-product-service"",status=""200"",uri=""/actuator/health"",}",56.0,0.473541752
1790103449.979,java-product-service,"http_server_requests_seconds{error=""none"",exception=""none"",language=""java"",method=""GET"",outcome=""SUCCESS"",service=""java-product-service"",status=""200"",uri=""/actuator/prometheus"",quanti,}",0.0,0.0
1790103449.979,java-product-service,"http_server_requests_seconds{error=""none"",exception=""none"",language=""java"",method=""GET"",outcome=""SUCCESS"",service=""java-product-service"",status=""200"",uri=""/actuator/prometheus"",}",9.0,0.064687835
1790103449.979,java-product-service,"http_server_requests_seconds{error=""none"",exception=""none"",language=""java"",method=""POST"",outcome=""SUCCESS"",service=""java-product-service"",status=""201"",uri=""/products"",quanti,}",0.0,0.0
1790103449.979,java-product-service,"http_server_requests_seconds{error=""none"",exception=""none"",language=""java"",method=""POST"",outcome=""SUCCESS"",service=""java-product-service"",status=""201"",uri=""/products"",}",10.0,0.096088001
1790103449.979,java-product-service,"http_server_requests_seconds{error=""none"",exception=""none"",language=""java"",method=""GET"",outcome=""SUCCESS"",service=""java-product-service"",status=""200"",uri=""/products"",quanti,}",0.0,0.0
1790103449.979,java-product-service,"http_server_requests_seconds{error=""none"",exception=""none"",language=""java"",method=""GET"",outcome=""SUCCESS"",service=""java-product-service"",status=""200"",uri=""/products"",}",1000.0,1.792099882
1790103449.979,java-order-service,"http_server_requests_seconds{error=""none"",exception=""none"",language=""java"",method=""GET"",outcome=""SUCCESS"",service=""java-order-service"",status=""200"",uri=""/actuator/prometheus"",quanti,}",0.0,0.0
1790103449.979,java-order-service,"http_server_requests_seconds{error=""none"",exception=""none"",language=""java"",method=""GET"",outcome=""SUCCESS"",service=""java-order-service"",status=""200"",uri=""/actuator/prometheus"",}",9.0,0.05568779
1790103449.979,java-order-service,"http_server_requests_seconds{error=""none"",exception=""none"",language=""java"",method=""GET"",outcome=""SUCCESS"",service=""java-order-service"",status=""200"",uri=""/actuator/health"",quanti,}",0.0,0.0
1790103449.979,java-order-service,"http_server_requests_seconds{error=""none"",exception=""none"",language=""java"",method=""GET"",outcome=""SUCCESS"",service=""java-order-service"",status=""200"",uri=""/actuator/health"",}",56.0,0.218145041
1790103455.676,java-user-service,"http_server_requests_seconds{error=""none"",exception=""none"",framework=""spring-boot"",language=""java"",method=""GET"",outcome=""SUCCESS"",service=""java-user-service"",status=""200"",uri=""/actuator/health"",quanti,}",0.0,0.0
1790103455.676,java-user-service,"http_server_requests_seconds{error=""none"",exception=""none"",framework=""spring-boot"",language=""java"",method=""GET"",outcome=""SUCCESS"",service=""java-user-service"",status=""200"",uri=""/actuator/health"",}",56.0,18.341946089
1790103455.676,java-user-service,"http_server_requests_seconds{error=""none"",exception=""none"",framework=""spring-boot"",language=""java"",method=""POST"",outcome=""SUCCESS"",service=""java-user-service"",status=""201"",uri=""/users"",quanti,}",0.0,0.0
1790103455.676,java-user-service,"http_server_requests_seconds{error=""none"",exception=""none"",framework=""spring-boot"",language=""java"",method=""POST"",outcome=""SUCCESS"",service=""java-user-service"",status=""201"",uri=""/users"",}",666.0,1227.137219855
1790103455.676,java-user-service,"http_server_requests_seconds{error=""none"",exception=""none"",framework=""spring-boot"",language=""java"",method=""GET"",outcome=""SUCCESS"",service=""java-user-service"",status=""200"",uri=""/users"",quanti,}",0.0,0.0
1790103455.676,java-user-service,"http_server_requests_seconds{error=""none"",exception=""none"",framework=""spring-boot"",language=""java"",method=""GET"",outcome=""SUCCESS"",service=""java-user-service"",status=""200"",uri=""/users"",}",1614.0,313.036315898
1790103455.676,java-user-service,"http_server_requests_seconds{error=""none"",exception=""none"",framework=""spring-boot"",language=""java"",method=""GET"",outcome=""SUCCESS"",service=""java-user-service"",status=""200"",uri=""/actuator/prometheus"",quanti,}",0.0,0.0
1790103455.676,java-user-service,"http_server_requests_seconds{error=""none"",exception=""none"",framework=""spring-boot"",language=""java"",method=""GET"",outcome=""SUCCESS"",service=""java-user-service"",status=""200"",uri=""/actuator/prometheus"",}",10.0,1.381917127
1790103455.676,java-product-service,"http_server_requests_seconds{error=""none"",exception=""none"",language=""java"",method=""GET"",outcome=""SUCCESS"",service=""java-product-service"",status=""200"",uri=""/actuator/health"",quanti,}",0.0,0.0
1790103455.676,java-product-service,"http_server_requests_seconds{error=""none"",exception=""none"",language=""java"",method=""GET"",outcome=""SUCCESS"",service=""java-product-service"",status=""200"",uri=""/actuator/health"",}",57.0,0.475659835
1790103455.676,java-product-service,"http_server_requests_seconds{error=""none"",exception=""none"",language=""java"",method=""GET"",outcome=""SUCCESS"",service=""java-product-service"",status=""200"",uri=""/actuator/prometheus"",quanti,}",0.0,0.0
1790103455.676,java-product-service,"http_server_requests_seconds{error=""none"",exception=""none"",language=""java"",method=""GET"",outcome=""SUCCESS"",service=""java-product-service"",status=""200"",uri=""/actuator/prometheus"",}",10.0,0.070231877
1790103455.676,java-product-service,"http_server_requests_seconds{error=""none"",exception=""none"",language=""java"",method=""POST"",outcome=""SUCCESS"",service=""java-product-service"",status=""201"",uri=""/products"",quanti,}",0.0,0.0
1790103455.676,java-product-service,"http_server_requests_seconds{error=""none"",exception=""none"",language=""java"",method=""POST"",outcome=""SUCCESS"",service=""java-product-service"",status=""201"",uri=""/products"",}",10.0,0.096088001
1790103455.676,java-product-service,"http_server_requests_seconds{error=""none"",exception=""none"",language=""java"",method=""GET"",outcome=""SUCCESS"",service=""java-product-service"",status=""200"",uri=""/products"",quanti,}",0.0,0.0
1790103455.676,java-product-service,"http_server_requests_seconds{error=""none"",exception=""none"",language=""java"",method=""GET"",outcome=""SUCCESS"",service=""java-product-service"",status=""200"",uri=""/products"",}",1000.0,1.792099882
1790103455.676,java-order-service,"http_server_requests_seconds{error=""none"",exception=""none"",language=""java"",method=""GET"",outcome=""SUCCESS"",service=""java-order-service"",status=""200"",uri=""/actuator/prometheus"",quanti,}",0.0,0.0
1790103455.676,java-order-service,"http_server_requests_seconds{error=""none"",exception=""none"",language=""java"",method=""GET"",outcome=""SUCCESS"",service=""java-order-service"",status=""200"",uri=""/actuator/prometheus"",}",10.0,0.060510582
1790103455.676,java-order-service,"http_server_requests_seconds{error=""none"",exception=""none"",language=""java"",method=""GET"",outcome=""SUCCESS"",service=""java-order-service"",status=""200"",uri=""/actuator/health"",quanti,}",0.0,0.0
1790103455.676,java-order-service,"http_server_requests_seconds{error=""none"",exception=""none"",language=""java"",method=""GET"",outcome=""SUCCESS"",service=""java-order-service"",status=""200"",uri=""/actuator/health"",}",57.0,0.2202005
1790103462.083,java-user-service,"http_server_requests_seconds{error=""none"",exception=""none"",framework=""spring-boot"",language=""java"",method=""GET"",outcome=""SUCCESS"",service=""java-user-service"",status=""200"",uri=""/actuator/health"",quanti,}",0.0,0.0
1790103462.083,java-user-service,"http_server_requests_seconds{error=""none"",exception=""none"",framework=""spring-boot"",language=""java"",method=""GET"",outcome=""SUCCESS"",service=""java-user-service"",status=""200"",uri=""/actuator/health"",}",59.0,25.321166384
1790103462.083,java-user-service,"http_server_requests_seconds{error=""none"",exception=""none"",framework=""spring-boot"",language=""java"",method=""POST"",outcome=""SUCCESS"",service=""java-user-service"",status=""201"",uri=""/users"",quanti,}",0.0,0.0
1790103462.083,java-user-service,"http_server_requests_seconds{error=""none"",exception=""none"",framework=""spring-boot"",language=""java"",method=""POST"",outcome=""SUCCESS"",service=""java-user-service"",status=""201"",uri=""/users"",}",761.0,1565.493935229
1790103462.083,java-user-service,"http_server_requests_seconds{error=""none"",exception=""none"",framework=""spring-boot"",language=""java"",method=""GET"",outcome=""SUCCESS"",service=""java-user-service"",status=""200"",uri=""/users"",quanti,}",0.0,0.0
1790103462.083,java-user-service,"http_server_requests_seconds{error=""none"",exception=""none"",framework=""spring-boot"",language=""java"",method=""GET"",outcome=""SUCCESS"",service=""java-user-service"",status=""200"",uri=""/users"",}",1718.0,431.652271454
1790103462.083,java-user-service,"http_server_requests_seconds{error=""none"",exception=""none"",framework=""spring-boot"",language=""java"",method=""GET"",outcome=""SUCCESS"",service=""java-user-service"",status=""200"",uri=""/actuator/prometheus"",quanti,}",0.0,0.0
1790103462.083,java-user-service,"http_server_requests_seconds{error=""none"",exception=""none"",framework=""spring-boot"",language=""java"",method=""GET"",outcome=""SUCCESS"",service=""java-user-service"",status=""200"",uri=""/actuator/prometheus"",}",11.0,1.485240794
1790103462.083,java-product-service,"http_server_requests_seconds{error=""none"",exception=""none"",language=""java"",method=""GET"",outcome=""SUCCESS"",service=""java-product-service"",status=""200"",uri=""/actuator/health"",quanti,}",0.0,0.0
1790103462.083,java-product-service,"http_server_requests_seconds{error=""none"",exception=""none"",language=""java"",method=""GET"",outcome=""SUCCESS"",service=""java-product-service"",status=""200"",uri=""/actuator/health"",}",61.0,0.490280127
1790103462.083,java-product-service,"http_server_requests_seconds{error=""none"",exception=""none"",language=""java"",method=""GET"",outcome=""SUCCESS"",service=""java-product-service"",status=""200"",uri=""/actuator/prometheus"",quanti,}",0.0,0.0
1790103462.083,java-product-service,"http_server_requests_seconds{error=""none"",exception=""none"",language=""java"",method=""GET"",outcome=""SUCCESS"",service=""java-product-service"",status=""200"",uri=""/actuator/prometheus"",}",11.0,0.075828794
1790103462.083,java-product-service,"http_server_requests_seconds{error=""none"",exception=""none"",language=""java"",method=""POST"",outcome=""SUCCESS"",service=""java-product-service"",status=""201"",uri=""/products"",quanti,}",0.0,0.0
1790103462.083,java-product-service,"http_server_requests_seconds{error=""none"",exception=""none"",language=""java"",method=""POST"",outcome=""SUCCESS"",service=""java-product-service"",status=""201"",uri=""/products"",}",10.0,0.096088001
1790103462.083,java-product-service,"http_server_requests_seconds{error=""none"",exception=""none"",language=""java"",method=""GET"",outcome=""SUCCESS"",service=""java-product-service"",status=""200"",uri=""/products"",quanti,}",0.0,0.0
1790103462.083,java-product-service,"http_server_requests_seconds{error=""none"",exception=""none"",language=""java"",method=""GET"",outcome=""SUCCESS"",service=""java-product-service"",status=""200"",uri=""/products"",}",1000.0,1.792099882
1790103462.083,java-order-service,"http_server_requests_seconds{error=""none"",exception=""none"",language=""java"",method=""GET"",outcome=""SUCCESS"",service=""java-order-service"",status=""200"",uri=""/actuator/prometheus"",quanti,}",0.0,0.0
1790103462.083,java-order-service,"http_server_requests_seconds{error=""none"",exception=""none"",language=""java"",method=""GET"",outcome=""SUCCESS"",service=""java-order-service"",status=""200"",uri=""/actuator/prometheus"",}",11.0,0.064897498
1790103462.083,java-order-service,"http_server_requests_seconds{error=""none"",exception=""none"",language=""java"",method=""GET"",outcome=""SUCCESS"",service=""java-order-service"",status=""200"",uri=""/actuator/health"",quanti,}",0.0,0.0
1790103462.083,java-order-service,"http_server_requests_seconds{error=""none"",exception=""none"",language=""java"",method=""GET"",outcome=""SUCCESS"",service=""java-order-service"",status=""200"",uri=""/actuator/health"",}",61.0,0.228209582
1790103470.473,java-user-service,"http_server_requests_seconds{error=""none"",exception=""none"",framework=""spring-boot"",language=""java"",method=""GET"",outcome=""SUCCESS"",service=""java-user-service"",status=""200"",uri=""/actuator/health"",quanti,}",0.0,0.0
1790103470.473,java-user-service,"http_server_requests_seconds{error=""none"",exception=""none"",framework=""spring-boot"",language=""java"",method=""GET"",outcome=""SUCCESS"",service=""java-user-service"",status=""200"",uri=""/actuator/health"",}",62.0,27.519469428
1790103470.473,java-user-service,"http_server_requests_seconds{error=""none"",exception=""none"",framework=""spring-boot"",language=""java"",method=""POST"",outcome=""SUCCESS"",service=""java-user-service"",status=""201"",uri=""/users"",quanti,}",0.0,0.0
1790103470.473,java-user-service,"http_server_requests_seconds{error=""none"",exception=""none"",framework=""spring-boot"",language=""java"",method=""POST"",outcome=""SUCCESS"",service=""java-user-service"",status=""201"",uri=""/users"",}",860.0,1955.096025516
1790103470.473,java-user-service,"http_server_requests_seconds{error=""none"",exception=""none"",framework=""spring-boot"",language=""java"",method=""GET"",outcome=""SUCCESS"",service=""java-user-service"",status=""200"",uri=""/users"",quanti,}",0.0,0.0
1790103470.473,java-user-service,"http_server_requests_seconds{error=""none"",exception=""none"",framework=""spring-boot"",language=""java"",method=""GET"",outcome=""SUCCESS"",service=""java-user-service"",status=""200"",uri=""/users"",}",1850.0,626.590086448
1790103470.473,java-user-service,"http_server_requests_seconds{error=""none"",exception=""none"",framework=""spring-boot"",language=""java"",method=""GET"",outcome=""SUCCESS"",service=""java-user-service"",status=""200"",uri=""/actuator/prometheus"",quanti,}",0.0,0.0
1790103470.473,java-user-service,"http_server_requests_seconds{error=""none"",exception=""none"",framework=""spring-boot"",language=""java"",method=""GET"",outcome=""SUCCESS"",service=""java-user-service"",status=""200"",uri=""/actuator/prometheus"",}",12.0,1.764647419
1790103470.473,java-product-service,"http_server_requests_seconds{error=""none"",exception=""none"",language=""java"",method=""GET"",outcome=""SUCCESS"",service=""java-product-service"",status=""200"",uri=""/actuator/health"",quanti,}",0.0,0.0
1790103470.473,java-product-service,"http_server_requests_seconds{error=""none"",exception=""none"",language=""java"",method=""GET"",outcome=""SUCCESS"",service=""java-product-service"",status=""200"",uri=""/actuator/health"",}",63.0,0.495317544
1790103470.473,java-product-service,"http_server_requests_seconds{error=""none"",exception=""none"",language=""java"",method=""GET"",outcome=""SUCCESS"",service=""java-product-service"",status=""200"",uri=""/actuator/prometheus"",quanti,}",0.0,0.0
1790103470.473,java-product-service,"http_server_requests_seconds{error=""none"",exception=""none"",language=""java"",method=""GET"",outcome=""SUCCESS"",service=""java-product-service"",status=""200"",uri=""/actuator/prometheus"",}",12.0,0.080023961
1790103470.473,java-product-service,"http_server_requests_seconds{error=""none"",exception=""none"",language=""java"",method=""POST"",outcome=""SUCCESS"",service=""java-product-service"",status=""201"",uri=""/products"",quanti,}",0.0,0.0
1790103470.473,java-product-service,"http_server_requests_seconds{error=""none"",exception=""none"",language=""java"",method=""POST"",outcome=""SUCCESS"",service=""java-product-service"",status=""201"",uri=""/products"",}",10.0,0.096088001
1790103470.473,java-product-service,"http_server_requests_seconds{error=""none"",exception=""none"",language=""java"",method=""GET"",outcome=""SUCCESS"",service=""java-product-service"",status=""200"",uri=""/products"",quanti,}",0.0,0.0
1790103470.473,java-product-service,"http_server_requests_seconds{error=""none"",exception=""none"",language=""java"",method=""GET"",outcome=""SUCCESS"",service=""java-product-service"",status=""200"",uri=""/products"",}",1000.0,1.792099882
1790103470.473,java-order-service,"http_server_requests_seconds{error=""none"",exception=""none"",language=""java"",method=""GET"",outcome=""SUCCESS"",service=""java-order-service"",status=""200"",uri=""/actuator/prometheus"",quanti,}",0.0,0.0
1790103470.473,java-order-service,"http_server_requests_seconds{error=""none"",exception=""none"",language=""java"",method=""GET"",outcome=""SUCCESS"",service=""java-order-service"",status=""200"",uri=""/actuator/prometheus"",}",12.0,0.06935679
1790103470.473,java-order-service,"http_server_requests_seconds{error=""none"",exception=""none"",language=""java"",method=""GET"",outcome=""SUCCESS"",service=""java-order-service"",status=""200"",uri=""/actuator/health"",quanti,}",0.0,0.0
1790103470.473,java-order-service,"http_server_requests_seconds{error=""none"",exception=""none"",language=""java"",method=""GET"",outcome=""SUCCESS"",service=""java-order-service"",status=""200"",uri=""/actuator/health"",}",63.0,0.231385124
1790103478.682,java-user-service,"http_server_requests_seconds{error=""none"",exception=""none"",framework=""spring-boot"",language=""java"",method=""GET"",outcome=""SUCCESS"",service=""java-user-service"",status=""200"",uri=""/actuator/health"",quanti,}",0.0,0.0
1790103478.682,java-user-service,"http_server_requests_seconds{error=""none"",exception=""none"",framework=""spring-boot"",language=""java"",method=""GET"",outcome=""SUCCESS"",service=""java-user-service"",status=""200"",uri=""/actuator/health"",}",63.0,30.122739429
1790103478.682,java-user-service,"http_server_requests_seconds{error=""none"",exception=""none"",framework=""spring-boot"",language=""java"",method=""POST"",outcome=""SUCCESS"",service=""java-user-service"",status=""201"",uri=""/users"",quanti,}",0.0,0.0
1790103478.682,java-user-service,"http_server_requests_seconds{error=""none"",exception=""none"",framework=""spring-boot"",language=""java"",method=""POST"",outcome=""SUCCESS"",service=""java-user-service"",status=""201"",uri=""/users"",}",956.0,2309.183803046
1790103478.682,java-user-service,"http_server_requests_seconds{error=""none"",exception=""none"",framework=""spring-boot"",language=""java"",method=""GET"",outcome=""SUCCESS"",service=""java-user-service"",status=""200"",uri=""/users"",quanti,}",0.0,0.0
1790103478.682,java-user-service,"http_server_requests_seconds{error=""none"",exception=""none"",framework=""spring-boot"",language=""java"",method=""GET"",outcome=""SUCCESS"",service=""java-user-service"",status=""200"",uri=""/users"",}",1978.0,754.095973056
1790103478.682,java-user-service,"http_server_requests_seconds{error=""none"",exception=""none"",framework=""spring-boot"",language=""java"",method=""GET"",outcome=""SUCCESS"",service=""java-user-service"",status=""200"",uri=""/actuator/prometheus"",quanti,}",0.0,0.0
1790103478.682,java-user-service,"http_server_requests_seconds{error=""none"",exception=""none"",framework=""spring-boot"",language=""java"",method=""GET"",outcome=""SUCCESS"",service=""java-user-service"",status=""200"",uri=""/actuator/prometheus"",}",13.0,1.881447169
1790103478.682,java-product-service,"http_server_requests_seconds{error=""none"",exception=""none"",language=""java"",method=""GET"",outcome=""SUCCESS"",service=""java-product-service"",status=""200"",uri=""/actuator/health"",quanti,}",0.0,0.0
1790103478.682,java-product-service,"http_server_requests_seconds{error=""none"",exception=""none"",language=""java"",method=""GET"",outcome=""SUCCESS"",service=""java-product-service"",status=""200"",uri=""/actuator/health"",}",65.0,0.504862127
1790103478.682,java-product-service,"http_server_requests_seconds{error=""none"",exception=""none"",language=""java"",method=""GET"",outcome=""SUCCESS"",service=""java-product-service"",status=""200"",uri=""/actuator/prometheus"",quanti,}",0.0,0.0
1790103478.682,java-product-service,"http_server_requests_seconds{error=""none"",exception=""none"",language=""java"",method=""GET"",outcome=""SUCCESS"",service=""java-product-service"",status=""200"",uri=""/actuator/prometheus"",}",13.0,0.084460044
1790103478.682,java-product-service,"http_server_requests_seconds{error=""none"",exception=""none"",language=""java"",method=""POST"",outcome=""SUCCESS"",service=""java-product-service"",status=""201"",uri=""/products"",quanti,}",0.0,0.0
1790103478.682,java-product-service,"http_server_requests_seconds{error=""none"",exception=""none"",language=""java"",method=""POST"",outcome=""SUCCESS"",service=""java-product-service"",status=""201"",uri=""/products"",}",10.0,0.096088001
1790103478.682,java-product-service,"http_server_requests_seconds{error=""none"",exception=""none"",language=""java"",method=""GET"",outcome=""SUCCESS"",service=""java-product-service"",status=""200"",uri=""/products"",quanti,}",0.0,0.0
1790103478.682,java-product-service,"http_server_requests_seconds{error=""none"",exception=""none"",language=""java"",method=""GET"",outcome=""SUCCESS"",service=""java-product-service"",status=""200"",uri=""/products"",}",1000.0,1.792099882
1790103478.682,java-order-service,"http_server_requests_seconds{error=""none"",exception=""none"",language=""java"",method=""GET"",outcome=""SUCCESS"",service=""java-order-service"",status=""200"",uri=""/actuator/prometheus"",quanti,}",0.0,0.0
1790103478.682,java-order-service,"http_server_requests_seconds{error=""none"",exception=""none"",language=""java"",method=""GET"",outcome=""SUCCESS"",service=""java-order-service"",status=""200"",uri=""/actuator/prometheus"",}",13.0,0.074087041
1790103478.682,java-order-service,"http_server_requests_seconds{error=""none"",exception=""none"",language=""java"",method=""GET"",outcome=""SUCCESS"",service=""java-order-service"",status=""200"",uri=""/actuator/health"",quanti,}",0.0,0.0
1790103478.682,java-order-service,"http_server_requests_seconds{error=""none"",exception=""none"",language=""java"",method=""GET"",outcome=""SUCCESS"",service=""java-order-service"",status=""200"",uri=""/actuator/health"",}",65.0,0.240381957
1790103486.281,java-product-service,"http_server_requests_seconds{error=""none"",exception=""none"",language=""java"",method=""GET"",outcome=""SUCCESS"",service=""java-product-service"",status=""200"",uri=""/actuator/health"",quanti,}",0.0,0.0
1790103486.281,java-product-service,"http_server_requests_seconds{error=""none"",exception=""none"",language=""java"",method=""GET"",outcome=""SUCCESS"",service=""java-product-service"",status=""200"",uri=""/actuator/health"",}",67.0,0.510155418
1790103486.281,java-product-service,"http_server_requests_seconds{error=""none"",exception=""none"",language=""java"",method=""GET"",outcome=""SUCCESS"",service=""java-product-service"",status=""200"",uri=""/actuator/prometheus"",quanti,}",0.0,0.0
1790103486.281,java-product-service,"http_server_requests_seconds{error=""none"",exception=""none"",language=""java"",method=""GET"",outcome=""SUCCESS"",service=""java-product-service"",status=""200"",uri=""/actuator/prometheus"",}",14.0,0.090404086
1790103486.281,java-product-service,"http_server_requests_seconds{error=""none"",exception=""none"",language=""java"",method=""POST"",outcome=""SUCCESS"",service=""java-product-service"",status=""201"",uri=""/products"",quanti,}",0.0,0.0
1790103486.281,java-product-service,"http_server_requests_seconds{error=""none"",exception=""none"",language=""java"",method=""POST"",outcome=""SUCCESS"",service=""java-product-service"",status=""201"",uri=""/products"",}",10.0,0.096088001
1790103486.281,java-product-service,"http_server_requests_seconds{error=""none"",exception=""none"",language=""java"",method=""GET"",outcome=""SUCCESS"",service=""java-product-service"",status=""200"",uri=""/products"",quanti,}",0.0,0.0
1790103486.281,java-product-service,"http_server_requests_seconds{error=""none"",exception=""none"",language=""java"",method=""GET"",outcome=""SUCCESS"",service=""java-product-service"",status=""200"",uri=""/products"",}",1000.0,1.792099882
1790103486.281,java-order-service,"http_server_requests_seconds{error=""none"",exception=""none"",language=""java"",method=""GET"",outcome=""SUCCESS"",service=""java-order-service"",status=""200"",uri=""/actuator/prometheus"",quanti,}",0.0,0.0
1790103486.281,java-order-service,"http_server_requests_seconds{error=""none"",exception=""none"",language=""java"",method=""GET"",outcome=""SUCCESS"",service=""java-order-service"",status=""200"",uri=""/actuator/prometheus"",}",14.0,0.078735041
1790103486.281,java-order-service,"http_server_requests_seconds{error=""none"",exception=""none"",language=""java"",method=""GET"",outcome=""SUCCESS"",service=""java-order-service"",status=""200"",uri=""/actuator/health"",quanti,}",0.0,0.0
1790103486.281,java-order-service,"http_server_requests_seconds{error=""none"",exception=""none"",language=""java"",method=""GET"",outcome=""SUCCESS"",service=""java-order-service"",status=""200"",uri=""/actuator/health"",}",67.0,0.244642707
1790103496.320,java-product-service,"http_server_requests_seconds{error=""none"",exception=""none"",language=""java"",method=""GET"",outcome=""SUCCESS"",service=""java-product-service"",status=""200"",uri=""/actuator/health"",quanti,}",0.0,0.0
1790103496.320,java-product-service,"http_server_requests_seconds{error=""none"",exception=""none"",language=""java"",method=""GET"",outcome=""SUCCESS"",service=""java-product-service"",status=""200"",uri=""/actuator/health"",}",69.0,0.514647251
1790103496.320,java-product-service,"http_server_requests_seconds{error=""none"",exception=""none"",language=""java"",method=""GET"",outcome=""SUCCESS"",service=""java-product-service"",status=""200"",uri=""/actuator/prometheus"",quanti,}",0.0,0.0
1790103496.320,java-product-service,"http_server_requests_seconds{error=""none"",exception=""none"",language=""java"",method=""GET"",outcome=""SUCCESS"",service=""java-product-service"",status=""200"",uri=""/actuator/prometheus"",}",15.0,0.099937253
1790103496.320,java-product-service,"http_server_requests_seconds{error=""none"",exception=""none"",language=""java"",method=""POST"",outcome=""SUCCESS"",service=""java-product-service"",status=""201"",uri=""/products"",quanti,}",0.0,0.0
1790103496.320,java-product-service,"http_server_requests_seconds{error=""none"",exception=""none"",language=""java"",method=""POST"",outcome=""SUCCESS"",service=""java-product-service"",status=""201"",uri=""/products"",}",10.0,0.096088001
1790103496.320,java-product-service,"http_server_requests_seconds{error=""none"",exception=""none"",language=""java"",method=""GET"",outcome=""SUCCESS"",service=""java-product-service"",status=""200"",uri=""/products"",quanti,}",0.0,0.0
1790103496.320,java-product-service,"http_server_requests_seconds{error=""none"",exception=""none"",language=""java"",method=""GET"",outcome=""SUCCESS"",service=""java-product-service"",status=""200"",uri=""/products"",}",1000.0,1.792099882
1790103496.320,java-order-service,"http_server_requests_seconds{error=""none"",exception=""none"",language=""java"",method=""GET"",outcome=""SUCCESS"",service=""java-order-service"",status=""200"",uri=""/actuator/prometheus"",quanti,}",0.0,0.0
1790103496.320,java-order-service,"http_server_requests_seconds{error=""none"",exception=""none"",language=""java"",method=""GET"",outcome=""SUCCESS"",service=""java-order-service"",status=""200"",uri=""/actuator/prometheus"",}",15.0,0.084379499
1790103496.320,java-order-service,"http_server_requests_seconds{error=""none"",exception=""none"",language=""java"",method=""GET"",outcome=""SUCCESS"",service=""java-order-service"",status=""200"",uri=""/actuator/health"",quanti,}",0.0,0.0
1790103496.320,java-order-service,"http_server_requests_seconds{error=""none"",exception=""none"",language=""java"",method=""GET"",outcome=""SUCCESS"",service=""java-order-service"",status=""200"",uri=""/actuator/health"",}",69.0,0.248196832
1790103506.362,java-product-service,"http_server_requests_seconds{error=""none"",exception=""none"",language=""java"",method=""GET"",outcome=""SUCCESS"",service=""java-product-service"",status=""200"",uri=""/actuator/health"",quanti,}",0.0,0.0
1790103506.362,java-product-service,"http_server_requests_seconds{error=""none"",exception=""none"",language=""java"",method=""GET"",outcome=""SUCCESS"",service=""java-product-service"",status=""200"",uri=""/actuator/health"",}",71.0,0.519186084
1790103506.362,java-product-service,"http_server_requests_seconds{error=""none"",exception=""none"",language=""java"",method=""GET"",outcome=""SUCCESS"",service=""java-product-service"",status=""200"",uri=""/actuator/prometheus"",quanti,}",0.0,0.0
1790103506.362,java-product-service,"http_server_requests_seconds{error=""none"",exception=""none"",language=""java"",method=""GET"",outcome=""SUCCESS"",service=""java-product-service"",status=""200"",uri=""/actuator/prometheus"",}",16.0,0.107825961
1790103506.362,java-product-service,"http_server_requests_seconds{error=""none"",exception=""none"",language=""java"",method=""POST"",outcome=""SUCCESS"",service=""java-product-service"",status=""201"",uri=""/products"",quanti,}",0.0,0.0
1790103506.362,java-product-service,"http_server_requests_seconds{error=""none"",exception=""none"",language=""java"",method=""POST"",outcome=""SUCCESS"",service=""java-product-service"",status=""201"",uri=""/products"",}",10.0,0.096088001
1790103506.362,java-product-service,"http_server_requests_seconds{error=""none"",exception=""none"",language=""java"",method=""GET"",outcome=""SUCCESS"",service=""java-product-service"",status=""200"",uri=""/products"",quanti,}",0.0,0.0
1790103506.362,java-product-service,"http_server_requests_seconds{error=""none"",exception=""none"",language=""java"",method=""GET"",outcome=""SUCCESS"",service=""java-product-service"",status=""200"",uri=""/products"",}",1000.0,1.792099882
1790103506.362,java-order-service,"http_server_requests_seconds{error=""none"",exception=""none"",language=""java"",method=""GET"",outcome=""SUCCESS"",service=""java-order-service"",status=""200"",uri=""/actuator/prometheus"",quanti,}",0.0,0.0
1790103506.362,java-order-service,"http_server_requests_seconds{error=""none"",exception=""none"",language=""java"",method=""GET"",outcome=""SUCCESS"",service=""java-order-service"",status=""200"",uri=""/actuator/prometheus"",}",16.0,0.088838124
1790103506.362,java-order-service,"http_server_requests_seconds{error=""none"",exception=""none"",language=""java"",method=""GET"",outcome=""SUCCESS"",service=""java-order-service"",status=""200"",uri=""/actuator/health"",quanti,}",0.0,0.0
1790103506.362,java-order-service,"http_server_requests_seconds{error=""none"",exception=""none"",language=""java"",method=""GET"",outcome=""SUCCESS"",service=""java-order-service"",status=""200"",uri=""/actuator/health"",}",71.0,0.252323831
1790103516.394,java-product-service,"http_server_requests_seconds{error=""none"",exception=""none"",language=""java"",method=""GET"",outcome=""SUCCESS"",service=""java-product-service"",status=""200"",uri=""/actuator/health"",quanti,}",0.0,0.0
1790103516.394,java-product-service,"http_server_requests_seconds{error=""none"",exception=""none"",language=""java"",method=""GET"",outcome=""SUCCESS"",service=""java-product-service"",status=""200"",uri=""/actuator/health"",}",73.0,0.524335876
1790103516.394,java-product-service,"http_server_requests_seconds{error=""none"",exception=""none"",language=""java"",method=""GET"",outcome=""SUCCESS"",service=""java-product-service"",status=""200"",uri=""/actuator/prometheus"",quanti,}",0.0,0.0
1790103516.394,java-product-service,"http_server_requests_seconds{error=""none"",exception=""none"",language=""java"",method=""GET"",outcome=""SUCCESS"",service=""java-product-service"",status=""200"",uri=""/actuator/prometheus"",}",17.0,0.113964878
1790103516.394,java-product-service,"http_server_requests_seconds{error=""none"",exception=""none"",language=""java"",method=""POST"",outcome=""SUCCESS"",service=""java-product-service"",status=""201"",uri=""/products"",quanti,}",0.0,0.0
1790103516.394,java-product-service,"http_server_requests_seconds{error=""none"",exception=""none"",language=""java"",method=""POST"",outcome=""SUCCESS"",service=""java-product-service"",status=""201"",uri=""/products"",}",10.0,0.096088001
1790103516.394,java-product-service,"http_server_requests_seconds{error=""none"",exception=""none"",language=""java"",method=""GET"",outcome=""SUCCESS"",service=""java-product-service"",status=""200"",uri=""/products"",quanti,}",0.0,0.0
1790103516.394,java-product-service,"http_server_requests_seconds{error=""none"",exception=""none"",language=""java"",method=""GET"",outcome=""SUCCESS"",service=""java-product-service"",status=""200"",uri=""/products"",}",1000.0,1.792099882
1790103516.394,java-order-service,"http_server_requests_seconds{error=""none"",exception=""none"",language=""java"",method=""GET"",outcome=""SUCCESS"",service=""java-order-service"",status=""200"",uri=""/actuator/prometheus"",quanti,}",0.0,0.0
1790103516.394,java-order-service,"http_server_requests_seconds{error=""none"",exception=""none"",language=""java"",method=""GET"",outcome=""SUCCESS"",service=""java-order-service"",status=""200"",uri=""/actuator/prometheus"",}",17.0,0.094208041
1790103516.394,java-order-service,"http_server_requests_seconds{error=""none"",exception=""none"",language=""java"",method=""GET"",outcome=""SUCCESS"",service=""java-order-service"",status=""200"",uri=""/actuator/health"",quanti,}",0.0,0.0
1790103516.394,java-order-service,"http_server_requests_seconds{error=""none"",exception=""none"",language=""java"",method=""GET"",outcome=""SUCCESS"",service=""java-order-service"",status=""200"",uri=""/actuator/health"",}",73.0,0.256199206
1790103526.430,java-product-service,"http_server_requests_seconds{error=""none"",exception=""none"",language=""java"",method=""GET"",outcome=""SUCCESS"",service=""java-product-service"",status=""200"",uri=""/actuator/health"",quanti,}",0.0,0.0
1790103526.430,java-product-service,"http_server_requests_seconds{error=""none"",exception=""none"",language=""java"",method=""GET"",outcome=""SUCCESS"",service=""java-product-service"",status=""200"",uri=""/actuator/health"",}",75.0,0.528205917
1790103526.430,java-product-service,"http_server_requests_seconds{error=""none"",exception=""none"",language=""java"",method=""GET"",outcome=""SUCCESS"",service=""java-product-service"",status=""200"",uri=""/actuator/prometheus"",quanti,}",0.0,0.0
1790103526.430,java-product-service,"http_server_requests_seconds{error=""none"",exception=""none"",language=""java"",method=""GET"",outcome=""SUCCESS"",service=""java-product-service"",status=""200"",uri=""/actuator/prometheus"",}",18.0,0.122161461
1790103526.430,java-product-service,"http_server_requests_seconds{error=""none"",exception=""none"",language=""java"",method=""POST"",outcome=""SUCCESS"",service=""java-product-service"",status=""201"",uri=""/products"",quanti,}",0.0,0.0
1790103526.430,java-product-service,"http_server_requests_seconds{error=""none"",exception=""none"",language=""java"",method=""POST"",outcome=""SUCCESS"",service=""java-product-service"",status=""201"",uri=""/products"",}",10.0,0.096088001
1790103526.430,java-product-service,"http_server_requests_seconds{error=""none"",exception=""none"",language=""java"",method=""GET"",outcome=""SUCCESS"",service=""java-product-service"",status=""200"",uri=""/products"",quanti,}",0.0,0.0
1790103526.430,java-product-service,"http_server_requests_seconds{error=""none"",exception=""none"",language=""java"",method=""GET"",outcome=""SUCCESS"",service=""java-product-service"",status=""200"",uri=""/products"",}",1000.0,1.792099882
1790103526.430,java-order-service,"http_server_requests_seconds{error=""none"",exception=""none"",language=""java"",method=""GET"",outcome=""SUCCESS"",service=""java-order-service"",status=""200"",uri=""/actuator/prometheus"",quanti,}",0.0,0.0
1790103526.430,java-order-service,"http_server_requests_seconds{error=""none"",exception=""none"",language=""java"",method=""GET"",outcome=""SUCCESS"",service=""java-order-service"",status=""200"",uri=""/actuator/prometheus"",}",18.0,0.099324707
1790103526.430,java-order-service,"http_server_requests_seconds{error=""none"",exception=""none"",language=""java"",method=""GET"",outcome=""SUCCESS"",service=""java-order-service"",status=""200"",uri=""/actuator/health"",quanti,}",0.0,0.0
1790103526.430,java-order-service,"http_server_requests_seconds{error=""none"",exception=""none"",language=""java"",method=""GET"",outcome=""SUCCESS"",service=""java-order-service"",status=""200"",uri=""/actuator/health"",}",75.0,0.259740164
1790103536.474,java-product-service,"http_server_requests_seconds{error=""none"",exception=""none"",language=""java"",method=""GET"",outcome=""SUCCESS"",service=""java-product-service"",status=""200"",uri=""/actuator/health"",quanti,}",0.0,0.0
1790103536.474,java-product-service,"http_server_requests_seconds{error=""none"",exception=""none"",language=""java"",method=""GET"",outcome=""SUCCESS"",service=""java-product-service"",status=""200"",uri=""/actuator/health"",}",77.0,0.545945626
1790103536.474,java-product-service,"http_server_requests_seconds{error=""none"",exception=""none"",language=""java"",method=""GET"",outcome=""SUCCESS"",service=""java-product-service"",status=""200"",uri=""/actuator/prometheus"",quanti,}",0.0,0.0
1790103536.474,java-product-service,"http_server_requests_seconds{error=""none"",exception=""none"",language=""java"",method=""GET"",outcome=""SUCCESS"",service=""java-product-service"",status=""200"",uri=""/actuator/prometheus"",}",19.0,0.128840627
1790103536.474,java-product-service,"http_server_requests_seconds{error=""none"",exception=""none"",language=""java"",method=""POST"",outcome=""SUCCESS"",service=""java-product-service"",status=""201"",uri=""/products"",quanti,}",0.0,0.0
1790103536.474,java-product-service,"http_server_requests_seconds{error=""none"",exception=""none"",language=""java"",method=""POST"",outcome=""SUCCESS"",service=""java-product-service"",status=""201"",uri=""/products"",}",10.0,0.096088001
1790103536.474,java-product-service,"http_server_requests_seconds{error=""none"",exception=""none"",language=""java"",method=""GET"",outcome=""SUCCESS"",service=""java-product-service"",status=""200"",uri=""/products"",quanti,}",0.0,0.0
1790103536.474,java-product-service,"http_server_requests_seconds{error=""none"",exception=""none"",language=""java"",method=""GET"",outcome=""SUCCESS"",service=""java-product-service"",status=""200"",uri=""/products"",}",1000.0,1.792099882
1790103536.474,java-order-service,"http_server_requests_seconds{error=""none"",exception=""none"",language=""java"",method=""GET"",outcome=""SUCCESS"",service=""java-order-service"",status=""200"",uri=""/actuator/prometheus"",quanti,}",0.0,0.0
1790103536.474,java-order-service,"http_server_requests_seconds{error=""none"",exception=""none"",language=""java"",method=""GET"",outcome=""SUCCESS"",service=""java-order-service"",status=""200"",uri=""/actuator/prometheus"",}",19.0,0.104360332
1790103536.474,java-order-service,"http_server_requests_seconds{error=""none"",exception=""none"",language=""java"",method=""GET"",outcome=""SUCCESS"",service=""java-order-service"",status=""200"",uri=""/actuator/health"",quanti,}",0.0,0.0
1790103536.474,java-order-service,"http_server_requests_seconds{error=""none"",exception=""none"",language=""java"",method=""GET"",outcome=""SUCCESS"",service=""java-order-service"",status=""200"",uri=""/actuator/health"",}",77.0,0.263618456
1790103546.503,java-product-service,"http_server_requests_seconds{error=""none"",exception=""none"",language=""java"",method=""GET"",outcome=""SUCCESS"",service=""java-product-service"",status=""200"",uri=""/actuator/health"",quanti,}",0.0,0.0
1790103546.503,java-product-service,"http_server_requests_seconds{error=""none"",exception=""none"",language=""java"",method=""GET"",outcome=""SUCCESS"",service=""java-product-service"",status=""200"",uri=""/actuator/health"",}",79.0,0.551749168
1790103546.503,java-product-service,"http_server_requests_seconds{error=""none"",exception=""none"",language=""java"",method=""GET"",outcome=""SUCCESS"",service=""java-product-service"",status=""200"",uri=""/actuator/prometheus"",quanti,}",0.0,0.0
1790103546.503,java-product-service,"http_server_requests_seconds{error=""none"",exception=""none"",language=""java"",method=""GET"",outcome=""SUCCESS"",service=""java-product-service"",status=""200"",uri=""/actuator/prometheus"",}",20.0,0.135402085
1790103546.503,java-product-service,"http_server_requests_seconds{error=""none"",exception=""none"",language=""java"",method=""POST"",outcome=""SUCCESS"",service=""java-product-service"",status=""201"",uri=""/products"",quanti,}",0.0,0.0
1790103546.503,java-product-service,"http_server_requests_seconds{error=""none"",exception=""none"",language=""java"",method=""POST"",outcome=""SUCCESS"",service=""java-product-service"",status=""201"",uri=""/products"",}",10.0,0.096088001
1790103546.503,java-product-service,"http_server_requests_seconds{error=""none"",exception=""none"",language=""java"",method=""GET"",outcome=""SUCCESS"",service=""java-product-service"",status=""200"",uri=""/products"",quanti,}",0.0,0.0
1790103546.503,java-product-service,"http_server_requests_seconds{error=""none"",exception=""none"",language=""java"",method=""GET"",outcome=""SUCCESS"",service=""java-product-service"",status=""200"",uri=""/products"",}",1000.0,1.792099882
1790103546.503,java-order-service,"http_server_requests_seconds{error=""none"",exception=""none"",language=""java"",method=""GET"",outcome=""SUCCESS"",service=""java-order-service"",status=""200"",uri=""/actuator/prometheus"",quanti,}",0.0,0.0
1790103546.503,java-order-service,"http_server_requests_seconds{error=""none"",exception=""none"",language=""java"",method=""GET"",outcome=""SUCCESS"",service=""java-order-service"",status=""200"",uri=""/actuator/prometheus"",}",20.0,0.109847416
1790103546.503,java-order-service,"http_server_requests_seconds{error=""none"",exception=""none"",language=""java"",method=""GET"",outcome=""SUCCESS"",service=""java-order-service"",status=""200"",uri=""/actuator/health"",quanti,}",0.0,0.0
1790103546.503,java-order-service,"http_server_requests_seconds{error=""none"",exception=""none"",language=""java"",method=""GET"",outcome=""SUCCESS"",service=""java-order-service"",status=""200"",uri=""/actuator/health"",}",79.0,0.268756831
1790103556.562,java-product-service,"http_server_requests_seconds{error=""none"",exception=""none"",language=""java"",method=""GET"",outcome=""SUCCESS"",service=""java-product-service"",status=""200"",uri=""/actuator/health"",quanti,}",0.0,0.0
1790103556.562,java-product-service,"http_server_requests_seconds{error=""none"",exception=""none"",language=""java"",method=""GET"",outcome=""SUCCESS"",service=""java-product-service"",status=""200"",uri=""/actuator/health"",}",81.0,0.560114001
1790103556.562,java-product-service,"http_server_requests_seconds{error=""none"",exception=""none"",language=""java"",method=""GET"",outcome=""SUCCESS"",service=""java-product-service"",status=""200"",uri=""/actuator/prometheus"",quanti,}",0.0,0.0
1790103556.562,java-product-service,"http_server_requests_seconds{error=""none"",exception=""none"",language=""java"",method=""GET"",outcome=""SUCCESS"",service=""java-product-service"",status=""200"",uri=""/actuator/prometheus"",}",21.0,0.165084835
1790103556.562,java-product-service,"http_server_requests_seconds{error=""none"",exception=""none"",language=""java"",method=""POST"",outcome=""SUCCESS"",service=""java-product-service"",status=""201"",uri=""/products"",quanti,}",0.0,0.0
1790103556.562,java-product-service,"http_server_requests_seconds{error=""none"",exception=""none"",language=""java"",method=""POST"",outcome=""SUCCESS"",service=""java-product-service"",status=""201"",uri=""/products"",}",10.0,0.096088001
1790103556.562,java-product-service,"http_server_requests_seconds{error=""none"",exception=""none"",language=""java"",method=""GET"",outcome=""SUCCESS"",service=""java-product-service"",status=""200"",uri=""/products"",quanti,}",0.0,0.0
1790103556.562,java-product-service,"http_server_requests_seconds{error=""none"",exception=""none"",language=""java"",method=""GET"",outcome=""SUCCESS"",service=""java-product-service"",status=""200"",uri=""/products"",}",1000.0,1.792099882
1790103556.562,java-order-service,"http_server_requests_seconds{error=""none"",exception=""none"",language=""java"",method=""GET"",outcome=""SUCCESS"",service=""java-order-service"",status=""200"",uri=""/actuator/prometheus"",quanti,}",0.0,0.0
1790103556.562,java-order-service,"http_server_requests_seconds{error=""none"",exception=""none"",language=""java"",method=""GET"",outcome=""SUCCESS"",service=""java-order-service"",status=""200"",uri=""/actuator/prometheus"",}",21.0,0.115282041
1790103556.562,java-order-service,"http_server_requests_seconds{error=""none"",exception=""none"",language=""java"",method=""GET"",outcome=""SUCCESS"",service=""java-order-service"",status=""200"",uri=""/actuator/health"",quanti,}",0.0,0.0
1790103556.562,java-order-service,"http_server_requests_seconds{error=""none"",exception=""none"",language=""java"",method=""GET"",outcome=""SUCCESS"",service=""java-order-service"",status=""200"",uri=""/actuator/health"",}",81.0,0.278119914
1790103566.595,java-product-service,"http_server_requests_seconds{error=""none"",exception=""none"",language=""java"",method=""GET"",outcome=""SUCCESS"",service=""java-product-service"",status=""200"",uri=""/actuator/health"",quanti,}",0.0,0.0
1790103566.595,java-product-service,"http_server_requests_seconds{error=""none"",exception=""none"",language=""java"",method=""GET"",outcome=""SUCCESS"",service=""java-product-service"",status=""200"",uri=""/actuator/health"",}",82.0,0.562016376
1790103566.595,java-product-service,"http_server_requests_seconds{error=""none"",exception=""none"",language=""java"",method=""GET"",outcome=""SUCCESS"",service=""java-product-service"",status=""200"",uri=""/actuator/prometheus"",quanti,}",0.0,0.0
1790103566.595,java-product-service,"http_server_requests_seconds{error=""none"",exception=""none"",language=""java"",method=""GET"",outcome=""SUCCESS"",service=""java-product-service"",status=""200"",uri=""/actuator/prometheus"",}",22.0,0.171321585
1790103566.595,java-product-service,"http_server_requests_seconds{error=""none"",exception=""none"",language=""java"",method=""POST"",outcome=""SUCCESS"",service=""java-product-service"",status=""201"",uri=""/products"",quanti,}",0.0,0.0
1790103566.595,java-product-service,"http_server_requests_seconds{error=""none"",exception=""none"",language=""java"",method=""POST"",outcome=""SUCCESS"",service=""java-product-service"",status=""201"",uri=""/products"",}",10.0,0.096088001
1790103566.595,java-product-service,"http_server_requests_seconds{error=""none"",exception=""none"",language=""java"",method=""GET"",outcome=""SUCCESS"",service=""java-product-service"",status=""200"",uri=""/products"",quanti,}",0.0,0.0
1790103566.595,java-product-service,"http_server_requests_seconds{error=""none"",exception=""none"",language=""java"",method=""GET"",outcome=""SUCCESS"",service=""java-product-service"",status=""200"",uri=""/products"",}",1000.0,1.792099882
1790103566.595,java-order-service,"http_server_requests_seconds{error=""none"",exception=""none"",language=""java"",method=""GET"",outcome=""SUCCESS"",service=""java-order-service"",status=""200"",uri=""/actuator/prometheus"",quanti,}",0.0,0.0
1790103566.595,java-order-service,"http_server_requests_seconds{error=""none"",exception=""none"",language=""java"",method=""GET"",outcome=""SUCCESS"",service=""java-order-service"",status=""200"",uri=""/actuator/prometheus"",}",22.0,0.120555
1790103566.595,java-order-service,"http_server_requests_seconds{error=""none"",exception=""none"",language=""java"",method=""GET"",outcome=""SUCCESS"",service=""java-order-service"",status=""200"",uri=""/actuator/health"",quanti,}",0.0,0.0
1790103566.595,java-order-service,"http_server_requests_seconds{error=""none"",exception=""none"",language=""java"",method=""GET"",outcome=""SUCCESS"",service=""java-order-service"",status=""200"",uri=""/actuator/health"",}",82.0,0.279648747
1790103576.633,java-product-service,"http_server_requests_seconds{error=""none"",exception=""none"",language=""java"",method=""GET"",outcome=""SUCCESS"",service=""java-product-service"",status=""200"",uri=""/actuator/health"",quanti,}",0.0,0.0
1790103576.633,java-product-service,"http_server_requests_seconds{error=""none"",exception=""none"",language=""java"",method=""GET"",outcome=""SUCCESS"",service=""java-product-service"",status=""200"",uri=""/actuator/health"",}",84.0,0.566344335
1790103576.633,java-product-service,"http_server_requests_seconds{error=""none"",exception=""none"",language=""java"",method=""GET"",outcome=""SUCCESS"",service=""java-product-service"",status=""200"",uri=""/actuator/prometheus"",quanti,}",0.0,0.0
1790103576.633,java-product-service,"http_server_requests_seconds{error=""none"",exception=""none"",language=""java"",method=""GET"",outcome=""SUCCESS"",service=""java-product-service"",status=""200"",uri=""/actuator/prometheus"",}",23.0,0.18026521
1790103576.633,java-product-service,"http_server_requests_seconds{error=""none"",exception=""none"",language=""java"",method=""POST"",outcome=""SUCCESS"",service=""java-product-service"",status=""201"",uri=""/products"",quanti,}",0.0,0.0
1790103576.633,java-product-service,"http_server_requests_seconds{error=""none"",exception=""none"",language=""java"",method=""POST"",outcome=""SUCCESS"",service=""java-product-service"",status=""201"",uri=""/products"",}",10.0,0.096088001
1790103576.633,java-product-service,"http_server_requests_seconds{error=""none"",exception=""none"",language=""java"",method=""GET"",outcome=""SUCCESS"",service=""java-product-service"",status=""200"",uri=""/products"",quanti,}",0.0,0.0
1790103576.633,java-product-service,"http_server_requests_seconds{error=""none"",exception=""none"",language=""java"",method=""GET"",outcome=""SUCCESS"",service=""java-product-service"",status=""200"",uri=""/products"",}",1000.0,1.792099882
1790103576.633,java-order-service,"http_server_requests_seconds{error=""none"",exception=""none"",language=""java"",method=""GET"",outcome=""SUCCESS"",service=""java-order-service"",status=""200"",uri=""/actuator/prometheus"",quanti,}",0.0,0.0
1790103576.633,java-order-service,"http_server_requests_seconds{error=""none"",exception=""none"",language=""java"",method=""GET"",outcome=""SUCCESS"",service=""java-order-service"",status=""200"",uri=""/actuator/prometheus"",}",23.0,0.127459917
1790103576.633,java-order-service,"http_server_requests_seconds{error=""none"",exception=""none"",language=""java"",method=""GET"",outcome=""SUCCESS"",service=""java-order-service"",status=""200"",uri=""/actuator/health"",quanti,}",0.0,0.0
1790103576.633,java-order-service,"http_server_requests_seconds{error=""none"",exception=""none"",language=""java"",method=""GET"",outcome=""SUCCESS"",service=""java-order-service"",status=""200"",uri=""/actuator/health"",}",84.0,0.282837664
1790103586.673,java-product-service,"http_server_requests_seconds{error=""none"",exception=""none"",language=""java"",method=""GET"",outcome=""SUCCESS"",service=""java-product-service"",status=""200"",uri=""/actuator/health"",quanti,}",0.0,0.0
1790103586.673,java-product-service,"http_server_requests_seconds{error=""none"",exception=""none"",language=""java"",method=""GET"",outcome=""SUCCESS"",service=""java-product-service"",status=""200"",uri=""/actuator/health"",}",86.0,0.574422335
1790103586.673,java-product-service,"http_server_requests_seconds{error=""none"",exception=""none"",language=""java"",method=""GET"",outcome=""SUCCESS"",service=""java-product-service"",status=""200"",uri=""/actuator/prometheus"",quanti,}",0.0,0.0
1790103586.673,java-product-service,"http_server_requests_seconds{error=""none"",exception=""none"",language=""java"",method=""GET"",outcome=""SUCCESS"",service=""java-product-service"",status=""200"",uri=""/actuator/prometheus"",}",24.0,0.184734752
1790103586.673,java-product-service,"http_server_requests_seconds{error=""none"",exception=""none"",language=""java"",method=""POST"",outcome=""SUCCESS"",service=""java-product-service"",status=""201"",uri=""/products"",quanti,}",0.0,0.0
1790103586.673,java-product-service,"http_server_requests_seconds{error=""none"",exception=""none"",language=""java"",method=""POST"",outcome=""SUCCESS"",service=""java-product-service"",status=""201"",uri=""/products"",}",10.0,0.096088001
1790103586.673,java-product-service,"http_server_requests_seconds{error=""none"",exception=""none"",language=""java"",method=""GET"",outcome=""SUCCESS"",service=""java-product-service"",status=""200"",uri=""/products"",quanti,}",0.0,0.0
1790103586.673,java-product-service,"http_server_requests_seconds{error=""none"",exception=""none"",language=""java"",method=""GET"",outcome=""SUCCESS"",service=""java-product-service"",status=""200"",uri=""/products"",}",1000.0,1.792099882
1790103586.673,java-order-service,"http_server_requests_seconds{error=""none"",exception=""none"",language=""java"",method=""GET"",outcome=""SUCCESS"",service=""java-order-service"",status=""200"",uri=""/actuator/prometheus"",quanti,}",0.0,0.0
1790103586.673,java-order-service,"http_server_requests_seconds{error=""none"",exception=""none"",language=""java"",method=""GET"",outcome=""SUCCESS"",service=""java-order-service"",status=""200"",uri=""/actuator/prometheus"",}",24.0,0.132074042
1790103586.673,java-order-service,"http_server_requests_seconds{error=""none"",exception=""none"",language=""java"",method=""GET"",outcome=""SUCCESS"",service=""java-order-service"",status=""200"",uri=""/actuator/health"",quanti,}",0.0,0.0
1790103586.673,java-order-service,"http_server_requests_seconds{error=""none"",exception=""none"",language=""java"",method=""GET"",outcome=""SUCCESS"",service=""java-order-service"",status=""200"",uri=""/actuator/health"",}",86.0,0.286875289
1790103596.707,java-product-service,"http_server_requests_seconds{error=""none"",exception=""none"",language=""java"",method=""GET"",outcome=""SUCCESS"",service=""java-product-service"",status=""200"",uri=""/actuator/health"",quanti,}",0.0,0.0
1790103596.707,java-product-service,"http_server_requests_seconds{error=""none"",exception=""none"",language=""java"",method=""GET"",outcome=""SUCCESS"",service=""java-product-service"",status=""200"",uri=""/actuator/health"",}",88.0,0.580030294
1790103596.707,java-product-service,"http_server_requests_seconds{error=""none"",exception=""none"",language=""java"",method=""GET"",outcome=""SUCCESS"",service=""java-product-service"",status=""200"",uri=""/actuator/prometheus"",quanti,}",0.0,0.0
1790103596.707,java-product-service,"http_server_requests_seconds{error=""none"",exception=""none"",language=""java"",method=""GET"",outcome=""SUCCESS"",service=""java-product-service"",status=""200"",uri=""/actuator/prometheus"",}",25.0,0.189698461
1790103596.707,java-product-service,"http_server_requests_seconds{error=""none"",exception=""none"",language=""java"",method=""POST"",outcome=""SUCCESS"",service=""java-product-service"",status=""201"",uri=""/products"",quanti,}",0.0,0.0
1790103596.707,java-product-service,"http_server_requests_seconds{error=""none"",exception=""none"",language=""java"",method=""POST"",outcome=""SUCCESS"",service=""java-product-service"",status=""201"",uri=""/products"",}",10.0,0.096088001
1790103596.707,java-product-service,"http_server_requests_seconds{error=""none"",exception=""none"",language=""java"",method=""GET"",outcome=""SUCCESS"",service=""java-product-service"",status=""200"",uri=""/products"",quanti,}",0.0,0.0
1790103596.707,java-product-service,"http_server_requests_seconds{error=""none"",exception=""none"",language=""java"",method=""GET"",outcome=""SUCCESS"",service=""java-product-service"",status=""200"",uri=""/products"",}",1000.0,1.792099882
1790103596.707,java-order-service,"http_server_requests_seconds{error=""none"",exception=""none"",language=""java"",method=""GET"",outcome=""SUCCESS"",service=""java-order-service"",status=""200"",uri=""/actuator/prometheus"",quanti,}",0.0,0.0
1790103596.707,java-order-service,"http_server_requests_seconds{error=""none"",exception=""none"",language=""java"",method=""GET"",outcome=""SUCCESS"",service=""java-order-service"",status=""200"",uri=""/actuator/prometheus"",}",25.0,0.136905501
1790103596.707,java-order-service,"http_server_requests_seconds{error=""none"",exception=""none"",language=""java"",method=""GET"",outcome=""SUCCESS"",service=""java-order-service"",status=""200"",uri=""/actuator/health"",quanti,}",0.0,0.0
1790103596.707,java-order-service,"http_server_requests_seconds{error=""none"",exception=""none"",language=""java"",method=""GET"",outcome=""SUCCESS"",service=""java-order-service"",status=""200"",uri=""/actuator/health"",}",88.0,0.291899289
1790103606.752,java-product-service,"http_server_requests_seconds{error=""none"",exception=""none"",language=""java"",method=""GET"",outcome=""SUCCESS"",service=""java-product-service"",status=""200"",uri=""/actuator/health"",quanti,}",0.0,0.0
1790103606.752,java-product-service,"http_server_requests_seconds{error=""none"",exception=""none"",language=""java"",method=""GET"",outcome=""SUCCESS"",service=""java-product-service"",status=""200"",uri=""/actuator/health"",}",90.0,0.588185711
1790103606.752,java-product-service,"http_server_requests_seconds{error=""none"",exception=""none"",language=""java"",method=""GET"",outcome=""SUCCESS"",service=""java-product-service"",status=""200"",uri=""/actuator/prometheus"",quanti,}",0.0,0.0
1790103606.752,java-product-service,"http_server_requests_seconds{error=""none"",exception=""none"",language=""java"",method=""GET"",outcome=""SUCCESS"",service=""java-product-service"",status=""200"",uri=""/actuator/prometheus"",}",26.0,0.198901586
1790103606.752,java-product-service,"http_server_requests_seconds{error=""none"",exception=""none"",language=""java"",method=""POST"",outcome=""SUCCESS"",service=""java-product-service"",status=""201"",uri=""/products"",quanti,}",0.0,0.0
1790103606.752,java-product-service,"http_server_requests_seconds{error=""none"",exception=""none"",language=""java"",method=""POST"",outcome=""SUCCESS"",service=""java-product-service"",status=""201"",uri=""/products"",}",10.0,0.096088001
1790103606.752,java-product-service,"http_server_requests_seconds{error=""none"",exception=""none"",language=""java"",method=""GET"",outcome=""SUCCESS"",service=""java-product-service"",status=""200"",uri=""/products"",quanti,}",0.0,0.0
1790103606.752,java-product-service,"http_server_requests_seconds{error=""none"",exception=""none"",language=""java"",method=""GET"",outcome=""SUCCESS"",service=""java-product-service"",status=""200"",uri=""/products"",}",1000.0,1.792099882
1790103606.752,java-order-service,"http_server_requests_seconds{error=""none"",exception=""none"",language=""java"",method=""GET"",outcome=""SUCCESS"",service=""java-order-service"",status=""200"",uri=""/actuator/prometheus"",quanti,}",0.0,0.0
1790103606.752,java-order-service,"http_server_requests_seconds{error=""none"",exception=""none"",language=""java"",method=""GET"",outcome=""SUCCESS"",service=""java-order-service"",status=""200"",uri=""/actuator/prometheus"",}",26.0,0.142479292
1790103606.752,java-order-service,"http_server_requests_seconds{error=""none"",exception=""none"",language=""java"",method=""GET"",outcome=""SUCCESS"",service=""java-order-service"",status=""200"",uri=""/actuator/health"",quanti,}",0.0,0.0
1790103606.752,java-order-service,"http_server_requests_seconds{error=""none"",exception=""none"",language=""java"",method=""GET"",outcome=""SUCCESS"",service=""java-order-service"",status=""200"",uri=""/actuator/health"",}",90.0,0.298044123
1790103616.795,java-product-service,"http_server_requests_seconds{error=""none"",exception=""none"",language=""java"",method=""GET"",outcome=""SUCCESS"",service=""java-product-service"",status=""200"",uri=""/actuator/health"",quanti,}",0.0,0.0
1790103616.795,java-product-service,"http_server_requests_seconds{error=""none"",exception=""none"",language=""java"",method=""GET"",outcome=""SUCCESS"",service=""java-product-service"",status=""200"",uri=""/actuator/health"",}",92.0,0.595759836
1790103616.795,java-product-service,"http_server_requests_seconds{error=""none"",exception=""none"",language=""java"",method=""GET"",outcome=""SUCCESS"",service=""java-product-service"",status=""200"",uri=""/actuator/prometheus"",quanti,}",0.0,0.0
1790103616.795,java-product-service,"http_server_requests_seconds{error=""none"",exception=""none"",language=""java"",method=""GET"",outcome=""SUCCESS"",service=""java-product-service"",status=""200"",uri=""/actuator/prometheus"",}",27.0,0.206018669
1790103616.795,java-product-service,"http_server_requests_seconds{error=""none"",exception=""none"",language=""java"",method=""POST"",outcome=""SUCCESS"",service=""java-product-service"",status=""201"",uri=""/products"",quanti,}",0.0,0.0
1790103616.795,java-product-service,"http_server_requests_seconds{error=""none"",exception=""none"",language=""java"",method=""POST"",outcome=""SUCCESS"",service=""java-product-service"",status=""201"",uri=""/products"",}",10.0,0.096088001
1790103616.795,java-product-service,"http_server_requests_seconds{error=""none"",exception=""none"",language=""java"",method=""GET"",outcome=""SUCCESS"",service=""java-product-service"",status=""200"",uri=""/products"",quanti,}",0.0,0.0
1790103616.795,java-product-service,"http_server_requests_seconds{error=""none"",exception=""none"",language=""java"",method=""GET"",outcome=""SUCCESS"",service=""java-product-service"",status=""200"",uri=""/products"",}",1000.0,1.792099882
1790103616.795,java-order-service,"http_server_requests_seconds{error=""none"",exception=""none"",language=""java"",method=""GET"",outcome=""SUCCESS"",service=""java-order-service"",status=""200"",uri=""/actuator/prometheus"",quanti,}",0.0,0.0
1790103616.795,java-order-service,"http_server_requests_seconds{error=""none"",exception=""none"",language=""java"",method=""GET"",outcome=""SUCCESS"",service=""java-order-service"",status=""200"",uri=""/actuator/prometheus"",}",27.0,0.150660042
1790103616.795,java-order-service,"http_server_requests_seconds{error=""none"",exception=""none"",language=""java"",method=""GET"",outcome=""SUCCESS"",service=""java-order-service"",status=""200"",uri=""/actuator/health"",quanti,}",0.0,0.0
1790103616.795,java-order-service,"http_server_requests_seconds{error=""none"",exception=""none"",language=""java"",method=""GET"",outcome=""SUCCESS"",service=""java-order-service"",status=""200"",uri=""/actuator/health"",}",92.0,0.30807254
