t,service,series,cumulative_count,cumulative_sum_seconds
1790113745.863,java-user-service,"http_server_requests_seconds{error=""none"",exception=""none"",framework=""spring-boot"",language=""java"",method=""GET"",outcome=""SUCCESS"",service=""java-user-service"",status=""200"",uri=""/actuator/health"",quanti,}",0.0,0.0
1790113745.863,java-user-service,"http_server_requests_seconds{error=""none"",exception=""none"",framework=""spring-boot"",language=""java"",method=""GET"",outcome=""SUCCESS"",service=""java-user-service"",status=""200"",uri=""/actuator/health"",}",3.0,0.403920208
1790113745.863,java-user-service,"http_server_requests_seconds{error=""none"",exception=""none"",framework=""spring-boot"",language=""java"",method=""POST"",outcome=""SUCCESS"",service=""java-user-service"",status=""201"",uri=""/users"",quanti,}",0.0,0.0
1790113745.863,java-user-service,"http_server_requests_seconds{error=""none"",exception=""none"",framework=""spring-boot"",language=""java"",method=""POST"",outcome=""SUCCESS"",service=""java-user-service"",status=""201"",uri=""/users"",}",107.0,13.167269966
1790113745.863,java-user-service,"http_server_requests_seconds{error=""none"",exception=""none"",framework=""spring-boot"",language=""java"",method=""GET"",outcome=""SUCCESS"",service=""java-user-service"",status=""200"",uri=""/users"",quanti,}",0.0,0.0
1790113745.863,java-user-service,"http_server_requests_seconds{error=""none"",exception=""none"",framework=""spring-boot"",language=""java"",method=""GET"",outcome=""SUCCESS"",service=""java-user-service"",status=""200"",uri=""/users"",}",1000.0,5.927149883
1790113745.863,java-user-service,"http_server_requests_seconds{error=""none"",exception=""none"",framework=""spring-boot"",language=""java"",method=""GET"",outcome=""SUCCESS"",service=""java-user-service"",status=""200"",uri=""/actuator/prometheus"",quanti,}",0.0,0.0
1790113745.863,java-user-service,"http_server_requests_seconds{error=""none"",exception=""none"",framework=""spring-boot"",language=""java"",method=""GET"",outcome=""SUCCESS"",service=""java-user-service"",status=""200"",uri=""/actuator/prometheus"",}",1.0,0.034849417
1790113745.863,java-product-service,"http_server_requests_seconds{error=""none"",exception=""none"",language=""java"",method=""GET"",outcome=""SUCCESS"",service=""java-product-service"",status=""200"",uri=""/actuator/health"",quanti,}",0.0,0.0
1790113745.863,java-product-service,"http_server_requests_seconds{error=""none"",exception=""none"",language=""java"",method=""GET"",outcome=""SUCCESS"",service=""java-product-service"",status=""200"",uri=""/actuator/health"",}",5.0,0.287878041
1790113745.863,java-product-service,"http_server_requests_seconds{error=""none"",exception=""none"",language=""java"",method=""GET"",outcome=""SUCCESS"",service=""java-product-service"",status=""200"",uri=""/actuator/prometheus"",quanti,}",0.0,0.0
1790113745.863,java-product-service,"http_server_requests_seconds{error=""none"",exception=""none"",language=""java"",method=""GET"",outcome=""SUCCESS"",service=""java-product-service"",status=""200"",uri=""/actuator/prometheus"",}",1.0,0.021951333
1790113745.863,java-product-service,"http_server_requests_seconds{error=""none"",exception=""none"",language=""java"",method=""POST"",outcome=""SUCCESS"",service=""java-product-service"",status=""201"",uri=""/products"",quanti,}",0.0,0.0
1790113745.863,java-product-service,"http_server_requests_seconds{error=""none"",exception=""none"",language=""java"",method=""POST"",outcome=""SUCCESS"",service=""java-product-service"",status=""201"",uri=""/products"",}",5.0,0.078539874
1790113745.863,java-product-service,"http_server_requests_seconds{error=""none"",exception=""none"",language=""java"",method=""GET"",outcome=""SUCCESS"",service=""java-product-service"",status=""200"",uri=""/products"",quanti,}",0.0,0.0
1790113745.863,java-product-service,"http_server_requests_seconds{error=""none"",exception=""none"",language=""java"",method=""GET"",outcome=""SUCCESS"",service=""java-product-service"",status=""200"",uri=""/products"",}",1000.0,1.675648543
1790113745.863,java-order-service,"http_server_requests_seconds{error=""none"",exception=""none"",language=""java"",method=""GET"",outcome=""SUCCESS"",service=""java-order-service"",status=""200"",uri=""/actuator/prometheus"",quanti,}",0.0,0.0
1790113745.863,java-order-service,"http_server_requests_seconds{error=""none"",exception=""none"",language=""java"",method=""GET"",outcome=""SUCCESS"",service=""java-order-service"",status=""200"",uri=""/actuator/prometheus"",}",1.0,0.015107417
1790113745.863,java-order-service,"http_server_requests_seconds{error=""none"",exception=""none"",language=""java"",method=""GET"",outcome=""SUCCESS"",service=""java-order-service"",status=""200"",uri=""/actuator/health"",quanti,}",0.0,0.0
1790113745.863,java-order-service,"http_server_requests_seconds{error=""none"",exception=""none"",language=""java"",method=""GET"",outcome=""SUCCESS"",service=""java-order-service"",status=""200"",uri=""/actuator/health"",}",5.0,0.109412624
1790113750.904,java-user-service,"http_server_requests_seconds{error=""none"",exception=""none"",framework=""spring-boot"",language=""java"",method=""GET"",outcome=""SUCCESS"",service=""java-user-service"",status=""200"",uri=""/actuator/health"",quanti,}",0.0,0.0
1790113750.904,java-user-service,"http_server_requests_seconds{error=""none"",exception=""none"",framework=""spring-boot"",language=""java"",method=""GET"",outcome=""SUCCESS"",service=""java-user-service"",status=""200"",uri=""/actuator/health"",}",14.0,0.459061915
1790113750.904,java-user-service,"http_server_requests_seconds{error=""none"",exception=""none"",framework=""spring-boot"",language=""java"",method=""POST"",outcome=""SUCCESS"",service=""java-user-service"",status=""201"",uri=""/users"",quanti,}",0.0,0.0
1790113750.904,java-user-service,"http_server_requests_seconds{error=""none"",exception=""none"",framework=""spring-boot"",language=""java"",method=""POST"",outcome=""SUCCESS"",service=""java-user-service"",status=""201"",uri=""/users"",}",113.0,13.565537632
1790113750.904,java-user-service,"http_server_requests_seconds{error=""none"",exception=""none"",framework=""spring-boot"",language=""java"",method=""GET"",outcome=""SUCCESS"",service=""java-user-service"",status=""200"",uri=""/users"",quanti,}",0.0,0.0
1790113750.904,java-user-service,"http_server_requests_seconds{error=""none"",exception=""none"",framework=""spring-boot"",language=""java"",method=""GET"",outcome=""SUCCESS"",service=""java-user-service"",status=""200"",uri=""/users"",}",1001.0,5.929428299
1790113750.904,java-user-service,"http_server_requests_seconds{error=""none"",exception=""none"",framework=""spring-boot"",language=""java"",method=""GET"",outcome=""SUCCESS"",service=""java-user-service"",status=""200"",uri=""/actuator/prometheus"",quanti,}",0.0,0.0
1790113750.904,java-user-service,"http_server_requests_seconds{error=""none"",exception=""none"",framework=""spring-boot"",language=""java"",method=""GET"",outcome=""SUCCESS"",service=""java-user-service"",status=""200"",uri=""/actuator/prometheus"",}",2.0,0.040757292
1790113750.904,java-product-service,"http_server_requests_seconds{error=""none"",exception=""none"",language=""java"",method=""GET"",outcome=""SUCCESS"",service=""java-product-service"",status=""200"",uri=""/actuator/health"",quanti,}",0.0,0.0
1790113750.904,java-product-service,"http_server_requests_seconds{error=""none"",exception=""none"",language=""java"",method=""GET"",outcome=""SUCCESS"",service=""java-product-service"",status=""200"",uri=""/actuator/health"",}",14.0,0.326162583
1790113750.904,java-product-service,"http_server_requests_seconds{error=""none"",exception=""none"",language=""java"",method=""GET"",outcome=""SUCCESS"",service=""java-product-service"",status=""200"",uri=""/actuator/prometheus"",quanti,}",0.0,0.0
1790113750.904,java-product-service,"http_server_requests_seconds{error=""none"",exception=""none"",language=""java"",method=""GET"",outcome=""SUCCESS"",service=""java-product-service"",status=""200"",uri=""/actuator/prometheus"",}",2.0,0.027720541
1790113750.904,java-product-service,"http_server_requests_seconds{error=""none"",exception=""none"",language=""java"",method=""POST"",outcome=""SUCCESS"",service=""java-product-service"",status=""201"",uri=""/products"",quanti,}",0.0,0.0
1790113750.904,java-product-service,"http_server_requests_seconds{error=""none"",exception=""none"",language=""java"",method=""POST"",outcome=""SUCCESS"",service=""java-product-service"",status=""201"",uri=""/products"",}",10.0,0.093330292
1790113750.904,java-product-service,"http_server_requests_seconds{error=""none"",exception=""none"",language=""java"",method=""GET"",outcome=""SUCCESS"",service=""java-product-service"",status=""200"",uri=""/products"",quanti,}",0.0,0.0
1790113750.904,java-product-service,"http_server_requests_seconds{error=""none"",exception=""none"",language=""java"",method=""GET"",outcome=""SUCCESS"",service=""java-product-service"",status=""200"",uri=""/products"",}",1001.0,1.68847071
1790113750.904,java-product-service,"http_server_requests_seconds{error=""none"",exception=""none"",language=""java"",method=""GET"",outcome=""SUCCESS"",service=""java-product-service"",status=""200"",uri=""/products/{id}"",quanti,}",0.0,0.0
1790113750.904,java-product-service,"http_server_requests_seconds{error=""none"",exception=""none"",language=""java"",method=""GET"",outcome=""SUCCESS"",service=""java-product-service"",status=""200"",uri=""/products/{id}"",}",1.0,0.020298916
1790113750.904,java-order-service,"http_server_requests_seconds{error=""none"",exception=""none"",language=""java"",method=""POST"",outcome=""SUCCESS"",service=""java-order-service"",status=""201"",uri=""/orders"",quanti,}",0.0,0.0
1790113750.904,java-order-service,"http_server_requests_seconds{error=""none"",exception=""none"",language=""java"",method=""POST"",outcome=""SUCCESS"",service=""java-order-service"",status=""201"",uri=""/orders"",}",1.0,0.138651041
1790113750.904,java-order-service,"http_server_requests_seconds{error=""none"",exception=""none"",language=""java"",method=""GET"",outcome=""SUCCESS"",service=""java-order-service"",status=""200"",uri=""/actuator/prometheus"",quanti,}",0.0,0.0
1790113750.904,java-order-service,"http_server_requests_seconds{error=""none"",exception=""none"",language=""java"",method=""GET"",outcome=""SUCCESS"",service=""java-order-service"",status=""200"",uri=""/actuator/prometheus"",}",2.0,0.02066
1790113750.904,java-order-service,"http_server_requests_seconds{error=""none"",exception=""none"",language=""java"",method=""GET"",outcome=""SUCCESS"",service=""java-order-service"",status=""200"",uri=""/actuator/health"",quanti,}",0.0,0.0
1790113750.904,java-order-service,"http_server_requests_seconds{error=""none"",exception=""none"",language=""java"",method=""GET"",outcome=""SUCCESS"",service=""java-order-service"",status=""200"",uri=""/actuator/health"",}",14.0,0.135082499
1790113755.962,java-user-service,"http_server_requests_seconds{error=""none"",exception=""none"",framework=""spring-boot"",language=""java"",method=""GET"",outcome=""SUCCESS"",service=""java-user-service"",status=""200"",uri=""/actuator/health"",quanti,}",0.0,0.0
1790113755.962,java-user-service,"http_server_requests_seconds{error=""none"",exception=""none"",framework=""spring-boot"",language=""java"",method=""GET"",outcome=""SUCCESS"",service=""java-user-service"",status=""200"",uri=""/actuator/health"",}",24.0,0.509838331
1790113755.962,java-user-service,"http_server_requests_seconds{error=""none"",exception=""none"",framework=""spring-boot"",language=""java"",method=""POST"",outcome=""SUCCESS"",service=""java-user-service"",status=""201"",uri=""/users"",quanti,}",0.0,0.0
1790113755.962,java-user-service,"http_server_requests_seconds{error=""none"",exception=""none"",framework=""spring-boot"",language=""java"",method=""POST"",outcome=""SUCCESS"",service=""java-user-service"",status=""201"",uri=""/users"",}",117.0,13.930729089
1790113755.962,java-user-service,"http_server_requests_seconds{error=""none"",exception=""none"",framework=""spring-boot"",language=""java"",method=""GET"",outcome=""SUCCESS"",service=""java-user-service"",status=""200"",uri=""/users"",quanti,}",0.0,0.0
1790113755.962,java-user-service,"http_server_requests_seconds{error=""none"",exception=""none"",framework=""spring-boot"",language=""java"",method=""GET"",outcome=""SUCCESS"",service=""java-user-service"",status=""200"",uri=""/users"",}",1006.0,5.961591882
1790113755.962,java-user-service,"http_server_requests_seconds{error=""none"",exception=""none"",framework=""spring-boot"",language=""java"",method=""GET"",outcome=""SUCCESS"",service=""java-user-service"",status=""200"",uri=""/actuator/prometheus"",quanti,}",0.0,0.0
1790113755.962,java-user-service,"http_server_requests_seconds{error=""none"",exception=""none"",framework=""spring-boot"",language=""java"",method=""GET"",outcome=""SUCCESS"",service=""java-user-service"",status=""200"",uri=""/actuator/prometheus"",}",3.0,0.058118709
1790113755.962,java-product-service,"http_server_requests_seconds{error=""none"",exception=""none"",language=""java"",method=""GET"",outcome=""SUCCESS"",service=""java-product-service"",status=""200"",uri=""/actuator/health"",quanti,}",0.0,0.0
1790113755.962,java-product-service,"http_server_requests_seconds{error=""none"",exception=""none"",language=""java"",method=""GET"",outcome=""SUCCESS"",service=""java-product-service"",status=""200"",uri=""/actuator/health"",}",25.0,0.371276999
1790113755.962,java-product-service,"http_server_requests_seconds{error=""none"",exception=""none"",language=""java"",method=""GET"",outcome=""SUCCESS"",service=""java-product-service"",status=""200"",uri=""/actuator/prometheus"",quanti,}",0.0,0.0
1790113755.962,java-product-service,"http_server_requests_seconds{error=""none"",exception=""none"",language=""java"",method=""GET"",outcome=""SUCCESS"",service=""java-product-service"",status=""200"",uri=""/actuator/prometheus"",}",3.0,0.036152082
1790113755.962,java-product-service,"http_server_requests_seconds{error=""none"",exception=""none"",language=""java"",method=""POST"",outcome=""SUCCESS"",service=""java-product-service"",status=""201"",uri=""/products"",quanti,}",0.0,0.0
1790113755.962,java-product-service,"http_server_requests_seconds{error=""none"",exception=""none"",language=""java"",method=""POST"",outcome=""SUCCESS"",service=""java-product-service"",status=""201"",uri=""/products"",}",10.0,0.093330292
1790113755.962,java-product-service,"http_server_requests_seconds{error=""none"",exception=""none"",language=""java"",method=""GET"",outcome=""SUCCESS"",service=""java-product-service"",status=""200"",uri=""/products"",quanti,}",0.0,0.0
1790113755.962,java-product-service,"http_server_requests_seconds{error=""none"",exception=""none"",language=""java"",method=""GET"",outcome=""SUCCESS"",service=""java-product-service"",status=""200"",uri=""/products"",}",1006.0,1.700422793
1790113755.962,java-product-service,"http_server_requests_seconds{error=""none"",exception=""none"",language=""java"",method=""GET"",outcome=""SUCCESS"",service=""java-product-service"",status=""200"",uri=""/products/{id}"",quanti,}",0.0,0.0
1790113755.962,java-product-service,"http_server_requests_seconds{error=""none"",exception=""none"",language=""java"",method=""GET"",outcome=""SUCCESS"",service=""java-product-service"",status=""200"",uri=""/products/{id}"",}",3.0,0.026466541
1790113755.962,java-order-service,"http_server_requests_seconds{error=""none"",exception=""none"",language=""java"",method=""POST"",outcome=""SUCCESS"",service=""java-order-service"",status=""201"",uri=""/orders"",quanti,}",0.0,0.0
1790113755.962,java-order-service,"http_server_requests_seconds{error=""none"",exception=""none"",language=""java"",method=""POST"",outcome=""SUCCESS"",service=""java-order-service"",status=""201"",uri=""/orders"",}",3.0,0.157760208
1790113755.962,java-order-service,"http_server_requests_seconds{error=""none"",exception=""none"",language=""java"",method=""GET"",outcome=""SUCCESS"",service=""java-order-service"",status=""200"",uri=""/actuator/prometheus"",quanti,}",0.0,0.0
1790113755.962,java-order-service,"http_server_requests_seconds{error=""none"",exception=""none"",language=""java"",method=""GET"",outcome=""SUCCESS"",service=""java-order-service"",status=""200"",uri=""/actuator/prometheus"",}",3.0,0.02863475
1790113755.962,java-order-service,"http_server_requests_seconds{error=""none"",exception=""none"",language=""java"",method=""GET"",outcome=""SUCCESS"",service=""java-order-service"",status=""200"",uri=""/actuator/health"",quanti,}",0.0,0.0
1790113755.962,java-order-service,"http_server_requests_seconds{error=""none"",exception=""none"",language=""java"",method=""GET"",outcome=""SUCCESS"",service=""java-order-service"",status=""200"",uri=""/actuator/health"",}",25.0,0.166456707
1790113761.004,java-user-service,"http_server_requests_seconds{error=""none"",exception=""none"",framework=""spring-boot"",language=""java"",method=""GET"",outcome=""SUCCESS"",service=""java-user-service"",status=""200"",uri=""/actuator/health"",quanti,}",0.0,0.0
1790113761.004,java-user-service,"http_server_requests_seconds{error=""none"",exception=""none"",framework=""spring-boot"",language=""java"",method=""GET"",outcome=""SUCCESS"",service=""java-user-service"",status=""200"",uri=""/actuator/health"",}",34.0,0.560000956
1790113761.004,java-user-service,"http_server_requests_seconds{error=""none"",exception=""none"",framework=""spring-boot"",language=""java"",method=""POST"",outcome=""SUCCESS"",service=""java-user-service"",status=""201"",uri=""/users"",quanti,}",0.0,0.0
1790113761.004,java-user-service,"http_server_requests_seconds{error=""none"",exception=""none"",framework=""spring-boot"",language=""java"",method=""POST"",outcome=""SUCCESS"",service=""java-user-service"",status=""201"",uri=""/users"",}",122.0,14.382162215
1790113761.004,java-user-service,"http_server_requests_seconds{error=""none"",exception=""none"",framework=""spring-boot"",language=""java"",method=""GET"",outcome=""SUCCESS"",service=""java-user-service"",status=""200"",uri=""/users"",quanti,}",0.0,0.0
1790113761.004,java-user-service,"http_server_requests_seconds{error=""none"",exception=""none"",framework=""spring-boot"",language=""java"",method=""GET"",outcome=""SUCCESS"",service=""java-user-service"",status=""200"",uri=""/users"",}",1012.0,5.987455007
1790113761.004,java-user-service,"http_server_requests_seconds{error=""none"",exception=""none"",framework=""spring-boot"",language=""java"",method=""GET"",outcome=""SUCCESS"",service=""java-user-service"",status=""200"",uri=""/actuator/prometheus"",quanti,}",0.0,0.0
1790113761.004,java-user-service,"http_server_requests_seconds{error=""none"",exception=""none"",framework=""spring-boot"",language=""java"",method=""GET"",outcome=""SUCCESS"",service=""java-user-service"",status=""200"",uri=""/actuator/prometheus"",}",4.0,0.068231334
1790113761.004,java-product-service,"http_server_requests_seconds{error=""none"",exception=""none"",language=""java"",method=""GET"",outcome=""SUCCESS"",service=""java-product-service"",status=""200"",uri=""/actuator/health"",quanti,}",0.0,0.0
1790113761.004,java-product-service,"http_server_requests_seconds{error=""none"",exception=""none"",language=""java"",method=""GET"",outcome=""SUCCESS"",service=""java-product-service"",status=""200"",uri=""/actuator/health"",}",34.0,0.410690873
1790113761.004,java-product-service,"http_server_requests_seconds{error=""none"",exception=""none"",language=""java"",method=""GET"",outcome=""SUCCESS"",service=""java-product-service"",status=""200"",uri=""/actuator/prometheus"",quanti,}",0.0,0.0
1790113761.004,java-product-service,"http_server_requests_seconds{error=""none"",exception=""none"",language=""java"",method=""GET"",outcome=""SUCCESS"",service=""java-product-service"",status=""200"",uri=""/actuator/prometheus"",}",4.0,0.040924915
1790113761.004,java-product-service,"http_server_requests_seconds{error=""none"",exception=""none"",language=""java"",method=""POST"",outcome=""SUCCESS"",service=""java-product-service"",status=""201"",uri=""/products"",quanti,}",0.0,0.0
1790113761.004,java-product-service,"http_server_requests_seconds{error=""none"",exception=""none"",language=""java"",method=""POST"",outcome=""SUCCESS"",service=""java-product-service"",status=""201"",uri=""/products"",}",10.0,0.093330292
1790113761.004,java-product-service,"http_server_requests_seconds{error=""none"",exception=""none"",language=""java"",method=""GET"",outcome=""SUCCESS"",service=""java-product-service"",status=""200"",uri=""/products"",quanti,}",0.0,0.0
1790113761.004,java-product-service,"http_server_requests_seconds{error=""none"",exception=""none"",language=""java"",method=""GET"",outcome=""SUCCESS"",service=""java-product-service"",status=""200"",uri=""/products"",}",1011.0,1.710814459
1790113761.004,java-product-service,"http_server_requests_seconds{error=""none"",exception=""none"",language=""java"",method=""GET"",outcome=""SUCCESS"",service=""java-product-service"",status=""200"",uri=""/products/{id}"",quanti,}",0.0,0.0
1790113761.004,java-product-service,"http_server_requests_seconds{error=""none"",exception=""none"",language=""java"",method=""GET"",outcome=""SUCCESS"",service=""java-product-service"",status=""200"",uri=""/products/{id}"",}",9.0,0.047041958
1790113761.004,java-order-service,"http_server_requests_seconds{error=""none"",exception=""none"",language=""java"",method=""POST"",outcome=""SUCCESS"",service=""java-order-service"",status=""201"",uri=""/orders"",quanti,}",0.0,0.0
1790113761.004,java-order-service,"http_server_requests_seconds{error=""none"",exception=""none"",language=""java"",method=""POST"",outcome=""SUCCESS"",service=""java-order-service"",status=""201"",uri=""/orders"",}",9.0,0.244245624
1790113761.004,java-order-service,"http_server_requests_seconds{error=""none"",exception=""none"",language=""java"",method=""GET"",outcome=""SUCCESS"",service=""java-order-service"",status=""200"",uri=""/actuator/prometheus"",quanti,}",0.0,0.0
1790113761.004,java-order-service,"http_server_requests_seconds{error=""none"",exception=""none"",language=""java"",method=""GET"",outcome=""SUCCESS"",service=""java-order-service"",status=""200"",uri=""/actuator/prometheus"",}",4.0,0.032567625
1790113761.004,java-order-service,"http_server_requests_seconds{error=""none"",exception=""none"",language=""java"",method=""GET"",outcome=""SUCCESS"",service=""java-order-service"",status=""200"",uri=""/actuator/health"",quanti,}",0.0,0.0
1790113761.004,java-order-service,"http_server_requests_seconds{error=""none"",exception=""none"",language=""java"",method=""GET"",outcome=""SUCCESS"",service=""java-order-service"",status=""200"",uri=""/actuator/health"",}",34.0,0.192493875
1790113766.068,java-user-service,"http_server_requests_seconds{error=""none"",exception=""none"",framework=""spring-boot"",language=""java"",method=""GET"",outcome=""SUCCESS"",service=""java-user-service"",status=""200"",uri=""/actuator/health"",quanti,}",0.0,0.0
1790113766.068,java-user-service,"http_server_requests_seconds{error=""none"",exception=""none"",framework=""spring-boot"",language=""java"",method=""GET"",outcome=""SUCCESS"",service=""java-user-service"",status=""200"",uri=""/actuator/health"",}",44.0,0.598741664
1790113766.068,java-user-service,"http_server_requests_seconds{error=""none"",exception=""none"",framework=""spring-boot"",language=""java"",method=""POST"",outcome=""SUCCESS"",service=""java-user-service"",status=""201"",uri=""/users"",quanti,}",0.0,0.0
1790113766.068,java-user-service,"http_server_requests_seconds{error=""none"",exception=""none"",framework=""spring-boot"",language=""java"",method=""POST"",outcome=""SUCCESS"",service=""java-user-service"",status=""201"",uri=""/users"",}",131.0,15.125699632
1790113766.068,java-user-service,"http_server_requests_seconds{error=""none"",exception=""none"",framework=""spring-boot"",language=""java"",method=""GET"",outcome=""SUCCESS"",service=""java-user-service"",status=""200"",uri=""/users"",quanti,}",0.0,0.0
1790113766.068,java-user-service,"http_server_requests_seconds{error=""none"",exception=""none"",framework=""spring-boot"",language=""java"",method=""GET"",outcome=""SUCCESS"",service=""java-user-service"",status=""200"",uri=""/users"",}",1020.0,6.035721383
1790113766.068,java-user-service,"http_server_requests_seconds{error=""none"",exception=""none"",framework=""spring-boot"",language=""java"",method=""GET"",outcome=""SUCCESS"",service=""java-user-service"",status=""200"",uri=""/actuator/prometheus"",quanti,}",0.0,0.0
1790113766.068,java-user-service,"http_server_requests_seconds{error=""none"",exception=""none"",framework=""spring-boot"",language=""java"",method=""GET"",outcome=""SUCCESS"",service=""java-user-service"",status=""200"",uri=""/actuator/prometheus"",}",5.0,0.082169334
1790113766.068,java-product-service,"http_server_requests_seconds{error=""none"",exception=""none"",language=""java"",method=""GET"",outcome=""SUCCESS"",service=""java-product-service"",status=""200"",uri=""/actuator/health"",quanti,}",0.0,0.0
1790113766.068,java-product-service,"http_server_requests_seconds{error=""none"",exception=""none"",language=""java"",method=""GET"",outcome=""SUCCESS"",service=""java-product-service"",status=""200"",uri=""/actuator/health"",}",45.0,0.444497915
1790113766.068,java-product-service,"http_server_requests_seconds{error=""none"",exception=""none"",language=""java"",method=""GET"",outcome=""SUCCESS"",service=""java-product-service"",status=""200"",uri=""/actuator/prometheus"",quanti,}",0.0,0.0
1790113766.068,java-product-service,"http_server_requests_seconds{error=""none"",exception=""none"",language=""java"",method=""GET"",outcome=""SUCCESS"",service=""java-product-service"",status=""200"",uri=""/actuator/prometheus"",}",5.0,0.04927529
1790113766.068,java-product-service,"http_server_requests_seconds{error=""none"",exception=""none"",language=""java"",method=""POST"",outcome=""SUCCESS"",service=""java-product-service"",status=""201"",uri=""/products"",quanti,}",0.0,0.0
1790113766.068,java-product-service,"http_server_requests_seconds{error=""none"",exception=""none"",language=""java"",method=""POST"",outcome=""SUCCESS"",service=""java-product-service"",status=""201"",uri=""/products"",}",10.0,0.093330292
1790113766.068,java-product-service,"http_server_requests_seconds{error=""none"",exception=""none"",language=""java"",method=""GET"",outcome=""SUCCESS"",service=""java-product-service"",status=""200"",uri=""/products"",quanti,}",0.0,0.0
1790113766.068,java-product-service,"http_server_requests_seconds{error=""none"",exception=""none"",language=""java"",method=""GET"",outcome=""SUCCESS"",service=""java-product-service"",status=""200"",uri=""/products"",}",1020.0,1.728768375
1790113766.068,java-product-service,"http_server_requests_seconds{error=""none"",exception=""none"",language=""java"",method=""GET"",outcome=""SUCCESS"",service=""java-product-service"",status=""200"",uri=""/products/{id}"",quanti,}",0.0,0.0
1790113766.068,java-product-service,"http_server_requests_seconds{error=""none"",exception=""none"",language=""java"",method=""GET"",outcome=""SUCCESS"",service=""java-product-service"",status=""200"",uri=""/products/{id}"",}",16.0,0.065641915
1790113766.068,java-order-service,"http_server_requests_seconds{error=""none"",exception=""none"",language=""java"",method=""POST"",outcome=""SUCCESS"",service=""java-order-service"",status=""201"",uri=""/orders"",quanti,}",0.0,0.0
1790113766.068,java-order-service,"http_server_requests_seconds{error=""none"",exception=""none"",language=""java"",method=""POST"",outcome=""SUCCESS"",service=""java-order-service"",status=""201"",uri=""/orders"",}",16.0,0.336290958
1790113766.068,java-order-service,"http_server_requests_seconds{error=""none"",exception=""none"",language=""java"",method=""GET"",outcome=""SUCCESS"",service=""java-order-service"",status=""200"",uri=""/actuator/prometheus"",quanti,}",0.0,0.0
1790113766.068,java-order-service,"http_server_requests_seconds{error=""none"",exception=""none"",language=""java"",method=""GET"",outcome=""SUCCESS"",service=""java-order-service"",status=""200"",uri=""/actuator/prometheus"",}",5.0,0.037838625
1790113766.068,java-order-service,"http_server_requests_seconds{error=""none"",exception=""none"",language=""java"",method=""GET"",outcome=""SUCCESS"",service=""java-order-service"",status=""200"",uri=""/actuator/health"",quanti,}",0.0,0.0
1790113766.068,java-order-service,"http_server_requests_seconds{error=""none"",exception=""none"",language=""java"",method=""GET"",outcome=""SUCCESS"",service=""java-order-service"",status=""200"",uri=""/actuator/health"",}",45.0,0.218056085
1790113771.109,java-user-service,"http_server_requests_seconds{error=""none"",exception=""none"",framework=""spring-boot"",language=""java"",method=""GET"",outcome=""SUCCESS"",service=""java-user-service"",status=""200"",uri=""/actuator/health"",quanti,}",0.0,0.0
1790113771.109,java-user-service,"http_server_requests_seconds{error=""none"",exception=""none"",framework=""spring-boot"",language=""java"",method=""GET"",outcome=""SUCCESS"",service=""java-user-service"",status=""200"",uri=""/actuator/health"",}",54.0,0.633442997
1790113771.109,java-user-service,"http_server_requests_seconds{error=""none"",exception=""none"",framework=""spring-boot"",language=""java"",method=""POST"",outcome=""SUCCESS"",service=""java-user-service"",status=""201"",uri=""/users"",quanti,}",0.0,0.0
1790113771.109,java-user-service,"http_server_requests_seconds{error=""none"",exception=""none"",framework=""spring-boot"",language=""java"",method=""POST"",outcome=""SUCCESS"",service=""java-user-service"",status=""201"",uri=""/users"",}",139.0,15.727000719
1790113771.109,java-user-service,"http_server_requests_seconds{error=""none"",exception=""none"",framework=""spring-boot"",language=""java"",method=""GET"",outcome=""SUCCESS"",service=""java-user-service"",status=""200"",uri=""/users"",quanti,}",0.0,0.0
1790113771.109,java-user-service,"http_server_requests_seconds{error=""none"",exception=""none"",framework=""spring-boot"",language=""java"",method=""GET"",outcome=""SUCCESS"",service=""java-user-service"",status=""200"",uri=""/users"",}",1030.0,6.089496925
1790113771.109,java-user-service,"http_server_requests_seconds{error=""none"",exception=""none"",framework=""spring-boot"",language=""java"",method=""GET"",outcome=""SUCCESS"",service=""java-user-service"",status=""200"",uri=""/actuator/prometheus"",quanti,}",0.0,0.0
1790113771.109,java-user-service,"http_server_requests_seconds{error=""none"",exception=""none"",framework=""spring-boot"",language=""java"",method=""GET"",outcome=""SUCCESS"",service=""java-user-service"",status=""200"",uri=""/actuator/prometheus"",}",6.0,0.087297042
1790113771.109,java-product-service,"http_server_requests_seconds{error=""none"",exception=""none"",language=""java"",method=""GET"",outcome=""SUCCESS"",service=""java-product-service"",status=""200"",uri=""/actuator/health"",quanti,}",0.0,0.0
1790113771.109,java-product-service,"http_server_requests_seconds{error=""none"",exception=""none"",language=""java"",method=""GET"",outcome=""SUCCESS"",service=""java-product-service"",status=""200"",uri=""/actuator/health"",}",54.0,0.471366833
1790113771.109,java-product-service,"http_server_requests_seconds{error=""none"",exception=""none"",language=""java"",method=""GET"",outcome=""SUCCESS"",service=""java-product-service"",status=""200"",uri=""/actuator/prometheus"",quanti,}",0.0,0.0
1790113771.109,java-product-service,"http_server_requests_seconds{error=""none"",exception=""none"",language=""java"",method=""GET"",outcome=""SUCCESS"",service=""java-product-service"",status=""200"",uri=""/actuator/prometheus"",}",6.0,0.053641748
1790113771.109,java-product-service,"http_server_requests_seconds{error=""none"",exception=""none"",language=""java"",method=""POST"",outcome=""SUCCESS"",service=""java-product-service"",status=""201"",uri=""/products"",quanti,}",0.0,0.0
1790113771.109,java-product-service,"http_server_requests_seconds{error=""none"",exception=""none"",language=""java"",method=""POST"",outcome=""SUCCESS"",service=""java-product-service"",status=""201"",uri=""/products"",}",10.0,0.093330292
1790113771.109,java-product-service,"http_server_requests_seconds{error=""none"",exception=""none"",language=""java"",method=""GET"",outcome=""SUCCESS"",service=""java-product-service"",status=""200"",uri=""/products"",quanti,}",0.0,0.0
1790113771.109,java-product-service,"http_server_requests_seconds{error=""none"",exception=""none"",language=""java"",method=""GET"",outcome=""SUCCESS"",service=""java-product-service"",status=""200"",uri=""/products"",}",1028.0,1.747422624
1790113771.109,java-product-service,"http_server_requests_seconds{error=""none"",exception=""none"",language=""java"",method=""GET"",outcome=""SUCCESS"",service=""java-product-service"",status=""200"",uri=""/products/{id}"",quanti,}",0.0,0.0
1790113771.109,java-product-service,"http_server_requests_seconds{error=""none"",exception=""none"",language=""java"",method=""GET"",outcome=""SUCCESS"",service=""java-product-service"",status=""200"",uri=""/products/{id}"",}",27.0,0.088680624
1790113771.109,java-order-service,"http_server_requests_seconds{error=""none"",exception=""none"",language=""java"",method=""POST"",outcome=""SUCCESS"",service=""java-order-service"",status=""201"",uri=""/orders"",quanti,}",0.0,0.0
1790113771.109,java-order-service,"http_server_requests_seconds{error=""none"",exception=""none"",language=""java"",method=""POST"",outcome=""SUCCESS"",service=""java-order-service"",status=""201"",uri=""/orders"",}",27.0,0.468169501
1790113771.109,java-order-service,"http_server_requests_seconds{error=""none"",exception=""none"",language=""java"",method=""GET"",outcome=""SUCCESS"",service=""java-order-service"",status=""200"",uri=""/actuator/prometheus"",quanti,}",0.0,0.0
1790113771.109,java-order-service,"http_server_requests_seconds{error=""none"",exception=""none"",language=""java"",method=""GET"",outcome=""SUCCESS"",service=""java-order-service"",status=""200"",uri=""/actuator/prometheus"",}",6.0,0.041243583
1790113771.109,java-order-service,"http_server_requests_seconds{error=""none"",exception=""none"",language=""java"",method=""GET"",outcome=""SUCCESS"",service=""java-order-service"",status=""200"",uri=""/actuator/health"",quanti,}",0.0,0.0
1790113771.109,java-order-service,"http_server_requests_seconds{error=""none"",exception=""none"",language=""java"",method=""GET"",outcome=""SUCCESS"",service=""java-order-service"",status=""200"",uri=""/actuator/health"",}",54.0,0.235899585
1790113776.163,java-user-service,"http_server_requests_seconds{error=""none"",exception=""none"",framework=""spring-boot"",language=""java"",method=""GET"",outcome=""SUCCESS"",service=""java-user-service"",status=""200"",uri=""/actuator/health"",quanti,}",0.0,0.0
1790113776.163,java-user-service,"http_server_requests_seconds{error=""none"",exception=""none"",framework=""spring-boot"",language=""java"",method=""GET"",outcome=""SUCCESS"",service=""java-user-service"",status=""200"",uri=""/actuator/health"",}",64.0,0.679828038
1790113776.163,java-user-service,"http_server_requests_seconds{error=""none"",exception=""none"",framework=""spring-boot"",language=""java"",method=""POST"",outcome=""SUCCESS"",service=""java-user-service"",status=""201"",uri=""/users"",quanti,}",0.0,0.0
1790113776.163,java-user-service,"http_server_requests_seconds{error=""none"",exception=""none"",framework=""spring-boot"",language=""java"",method=""POST"",outcome=""SUCCESS"",service=""java-user-service"",status=""201"",uri=""/users"",}",151.0,16.66191055
1790113776.163,java-user-service,"http_server_requests_seconds{error=""none"",exception=""none"",framework=""spring-boot"",language=""java"",method=""GET"",outcome=""SUCCESS"",service=""java-user-service"",status=""200"",uri=""/users"",quanti,}",0.0,0.0
1790113776.163,java-user-service,"http_server_requests_seconds{error=""none"",exception=""none"",framework=""spring-boot"",language=""java"",method=""GET"",outcome=""SUCCESS"",service=""java-user-service"",status=""200"",uri=""/users"",}",1041.0,6.123671258
1790113776.163,java-user-service,"http_server_requests_seconds{error=""none"",exception=""none"",framework=""spring-boot"",language=""java"",method=""GET"",outcome=""SUCCESS"",service=""java-user-service"",status=""200"",uri=""/actuator/prometheus"",quanti,}",0.0,0.0
1790113776.163,java-user-service,"http_server_requests_seconds{error=""none"",exception=""none"",framework=""spring-boot"",language=""java"",method=""GET"",outcome=""SUCCESS"",service=""java-user-service"",status=""200"",uri=""/actuator/prometheus"",}",7.0,0.09959925
1790113776.163,java-product-service,"http_server_requests_seconds{error=""none"",exception=""none"",language=""java"",method=""GET"",outcome=""SUCCESS"",service=""java-product-service"",status=""200"",uri=""/actuator/health"",quanti,}",0.0,0.0
1790113776.163,java-product-service,"http_server_requests_seconds{error=""none"",exception=""none"",language=""java"",method=""GET"",outcome=""SUCCESS"",service=""java-product-service"",status=""200"",uri=""/actuator/health"",}",65.0,0.506407582
1790113776.163,java-product-service,"http_server_requests_seconds{error=""none"",exception=""none"",language=""java"",method=""GET"",outcome=""SUCCESS"",service=""java-product-service"",status=""200"",uri=""/actuator/prometheus"",quanti,}",0.0,0.0
1790113776.163,java-product-service,"http_server_requests_seconds{error=""none"",exception=""none"",language=""java"",method=""GET"",outcome=""SUCCESS"",service=""java-product-service"",status=""200"",uri=""/actuator/prometheus"",}",7.0,0.064169914
1790113776.163,java-product-service,"http_server_requests_seconds{error=""none"",exception=""none"",language=""java"",method=""POST"",outcome=""SUCCESS"",service=""java-product-service"",status=""201"",uri=""/products"",quanti,}",0.0,0.0
1790113776.163,java-product-service,"http_server_requests_seconds{error=""none"",exception=""none"",language=""java"",method=""POST"",outcome=""SUCCESS"",service=""java-product-service"",status=""201"",uri=""/products"",}",10.0,0.093330292
1790113776.163,java-product-service,"http_server_requests_seconds{error=""none"",exception=""none"",language=""java"",method=""GET"",outcome=""SUCCESS"",service=""java-product-service"",status=""200"",uri=""/products"",quanti,}",0.0,0.0
1790113776.163,java-product-service,"http_server_requests_seconds{error=""none"",exception=""none"",language=""java"",method=""GET"",outcome=""SUCCESS"",service=""java-product-service"",status=""200"",uri=""/products"",}",1041.0,1.769809832
1790113776.163,java-product-service,"http_server_requests_seconds{error=""none"",exception=""none"",language=""java"",method=""GET"",outcome=""SUCCESS"",service=""java-product-service"",status=""200"",uri=""/products/{id}"",quanti,}",0.0,0.0
1790113776.163,java-product-service,"http_server_requests_seconds{error=""none"",exception=""none"",language=""java"",method=""GET"",outcome=""SUCCESS"",service=""java-product-service"",status=""200"",uri=""/products/{id}"",}",37.0,0.112922041
1790113776.163,java-order-service,"http_server_requests_seconds{error=""none"",exception=""none"",language=""java"",method=""POST"",outcome=""SUCCESS"",service=""java-order-service"",status=""201"",uri=""/orders"",quanti,}",0.0,0.0
1790113776.163,java-order-service,"http_server_requests_seconds{error=""none"",exception=""none"",language=""java"",method=""POST"",outcome=""SUCCESS"",service=""java-order-service"",status=""201"",uri=""/orders"",}",37.0,0.603869044
1790113776.163,java-order-service,"http_server_requests_seconds{error=""none"",exception=""none"",language=""java"",method=""GET"",outcome=""SUCCESS"",service=""java-order-service"",status=""200"",uri=""/actuator/prometheus"",quanti,}",0.0,0.0
1790113776.163,java-order-service,"http_server_requests_seconds{error=""none"",exception=""none"",language=""java"",method=""GET"",outcome=""SUCCESS"",service=""java-order-service"",status=""200"",uri=""/actuator/prometheus"",}",7.0,0.04671225
1790113776.163,java-order-service,"http_server_requests_seconds{error=""none"",exception=""none"",language=""java"",method=""GET"",outcome=""SUCCESS"",service=""java-order-service"",status=""200"",uri=""/actuator/health"",quanti,}",0.0,0.0
1790113776.163,java-order-service,"http_server_requests_seconds{error=""none"",exception=""none"",language=""java"",method=""GET"",outcome=""SUCCESS"",service=""java-order-service"",status=""200"",uri=""/actuator/health"",}",65.0,0.257892584
1790113781.209,java-user-service,"http_server_requests_seconds{error=""none"",exception=""none"",framework=""spring-boot"",language=""java"",method=""GET"",outcome=""SUCCESS"",service=""java-user-service"",status=""200"",uri=""/actuator/health"",quanti,}",0.0,0.0
1790113781.209,java-user-service,"http_server_requests_seconds{error=""none"",exception=""none"",framework=""spring-boot"",language=""java"",method=""GET"",outcome=""SUCCESS"",service=""java-user-service"",status=""200"",uri=""/actuator/health"",}",75.0,0.716589327
1790113781.209,java-user-service,"http_server_requests_seconds{error=""none"",exception=""none"",framework=""spring-boot"",language=""java"",method=""POST"",outcome=""SUCCESS"",service=""java-user-service"",status=""201"",uri=""/users"",quanti,}",0.0,0.0
1790113781.209,java-user-service,"http_server_requests_seconds{error=""none"",exception=""none"",framework=""spring-boot"",language=""java"",method=""POST"",outcome=""SUCCESS"",service=""java-user-service"",status=""201"",uri=""/users"",}",165.0,17.827275673
1790113781.209,java-user-service,"http_server_requests_seconds{error=""none"",exception=""none"",framework=""spring-boot"",language=""java"",method=""GET"",outcome=""SUCCESS"",service=""java-user-service"",status=""200"",uri=""/users"",quanti,}",0.0,0.0
1790113781.209,java-user-service,"http_server_requests_seconds{error=""none"",exception=""none"",framework=""spring-boot"",language=""java"",method=""GET"",outcome=""SUCCESS"",service=""java-user-service"",status=""200"",uri=""/users"",}",1059.0,6.1724693
1790113781.209,java-user-service,"http_server_requests_seconds{error=""none"",exception=""none"",framework=""spring-boot"",language=""java"",method=""GET"",outcome=""SUCCESS"",service=""java-user-service"",status=""200"",uri=""/actuator/prometheus"",quanti,}",0.0,0.0
1790113781.209,java-user-service,"http_server_requests_seconds{error=""none"",exception=""none"",framework=""spring-boot"",language=""java"",method=""GET"",outcome=""SUCCESS"",service=""java-user-service"",status=""200"",uri=""/actuator/prometheus"",}",8.0,0.105478667
1790113781.209,java-product-service,"http_server_requests_seconds{error=""none"",exception=""none"",language=""java"",method=""GET"",outcome=""SUCCESS"",service=""java-product-service"",status=""200"",uri=""/actuator/health"",quanti,}",0.0,0.0
1790113781.209,java-product-service,"http_server_requests_seconds{error=""none"",exception=""none"",language=""java"",method=""GET"",outcome=""SUCCESS"",service=""java-product-service"",status=""200"",uri=""/actuator/health"",}",75.0,0.540040998
1790113781.209,java-product-service,"http_server_requests_seconds{error=""none"",exception=""none"",language=""java"",method=""GET"",outcome=""SUCCESS"",service=""java-product-service"",status=""200"",uri=""/actuator/prometheus"",quanti,}",0.0,0.0
1790113781.209,java-product-service,"http_server_requests_seconds{error=""none"",exception=""none"",language=""java"",method=""GET"",outcome=""SUCCESS"",service=""java-product-service"",status=""200"",uri=""/actuator/prometheus"",}",8.0,0.068432331
1790113781.209,java-product-service,"http_server_requests_seconds{error=""none"",exception=""none"",language=""java"",method=""POST"",outcome=""SUCCESS"",service=""java-product-service"",status=""201"",uri=""/products"",quanti,}",0.0,0.0
1790113781.209,java-product-service,"http_server_requests_seconds{error=""none"",exception=""none"",language=""java"",method=""POST"",outcome=""SUCCESS"",service=""java-product-service"",status=""201"",uri=""/products"",}",10.0,0.093330292
1790113781.209,java-product-service,"http_server_requests_seconds{error=""none"",exception=""none"",language=""java"",method=""GET"",outcome=""SUCCESS"",service=""java-product-service"",status=""200"",uri=""/products"",quanti,}",0.0,0.0
1790113781.209,java-product-service,"http_server_requests_seconds{error=""none"",exception=""none"",language=""java"",method=""GET"",outcome=""SUCCESS"",service=""java-product-service"",status=""200"",uri=""/products"",}",1055.0,1.804996998
1790113781.209,java-product-service,"http_server_requests_seconds{error=""none"",exception=""none"",language=""java"",method=""GET"",outcome=""SUCCESS"",service=""java-product-service"",status=""200"",uri=""/products/{id}"",quanti,}",0.0,0.0
1790113781.209,java-product-service,"http_server_requests_seconds{error=""none"",exception=""none"",language=""java"",method=""GET"",outcome=""SUCCESS"",service=""java-product-service"",status=""200"",uri=""/products/{id}"",}",52.0,0.139504583
1790113781.209,java-order-service,"http_server_requests_seconds{error=""none"",exception=""none"",language=""java"",method=""POST"",outcome=""SUCCESS"",service=""java-order-service"",status=""201"",uri=""/orders"",quanti,}",0.0,0.0
1790113781.209,java-order-service,"http_server_requests_seconds{error=""none"",exception=""none"",language=""java"",method=""POST"",outcome=""SUCCESS"",service=""java-order-service"",status=""201"",uri=""/orders"",}",52.0,0.757021754
1790113781.209,java-order-service,"http_server_requests_seconds{error=""none"",exception=""none"",language=""java"",method=""GET"",outcome=""SUCCESS"",service=""java-order-service"",status=""200"",uri=""/actuator/prometheus"",quanti,}",0.0,0.0
1790113781.209,java-order-service,"http_server_requests_seconds{error=""none"",exception=""none"",language=""java"",method=""GET"",outcome=""SUCCESS"",service=""java-order-service"",status=""200"",uri=""/actuator/prometheus"",}",8.0,0.050449334
1790113781.209,java-order-service,"http_server_requests_seconds{error=""none"",exception=""none"",language=""java"",method=""GET"",outcome=""SUCCESS"",service=""java-order-service"",status=""200"",uri=""/actuator/health"",quanti,}",0.0,0.0
1790113781.209,java-order-service,"http_server_requests_seconds{error=""none"",exception=""none"",language=""java"",method=""GET"",outcome=""SUCCESS"",service=""java-order-service"",status=""200"",uri=""/actuator/health"",}",75.0,0.279703917
1790113786.257,java-user-service,"http_server_requests_seconds{error=""none"",exception=""none"",framework=""spring-boot"",language=""java"",method=""GET"",outcome=""SUCCESS"",service=""java-user-service"",status=""200"",uri=""/actuator/health"",quanti,}",0.0,0.0
1790113786.257,java-user-service,"http_server_requests_seconds{error=""none"",exception=""none"",framework=""spring-boot"",language=""java"",method=""GET"",outcome=""SUCCESS"",service=""java-user-service"",status=""200"",uri=""/actuator/health"",}",84.0,0.748134703
1790113786.257,java-user-service,"http_server_requests_seconds{error=""none"",exception=""none"",framework=""spring-boot"",language=""java"",method=""POST"",outcome=""SUCCESS"",service=""java-user-service"",status=""201"",uri=""/users"",quanti,}",0.0,0.0
1790113786.257,java-user-service,"http_server_requests_seconds{error=""none"",exception=""none"",framework=""spring-boot"",language=""java"",method=""POST"",outcome=""SUCCESS"",service=""java-user-service"",status=""201"",uri=""/users"",}",181.0,18.994497301
1790113786.257,java-user-service,"http_server_requests_seconds{error=""none"",exception=""none"",framework=""spring-boot"",language=""java"",method=""GET"",outcome=""SUCCESS"",service=""java-user-service"",status=""200"",uri=""/users"",quanti,}",0.0,0.0
1790113786.257,java-user-service,"http_server_requests_seconds{error=""none"",exception=""none"",framework=""spring-boot"",language=""java"",method=""GET"",outcome=""SUCCESS"",service=""java-user-service"",status=""200"",uri=""/users"",}",1077.0,6.233722011
1790113786.257,java-user-service,"http_server_requests_seconds{error=""none"",exception=""none"",framework=""spring-boot"",language=""java"",method=""GET"",outcome=""SUCCESS"",service=""java-user-service"",status=""200"",uri=""/actuator/prometheus"",quanti,}",0.0,0.0
1790113786.257,java-user-service,"http_server_requests_seconds{error=""none"",exception=""none"",framework=""spring-boot"",language=""java"",method=""GET"",outcome=""SUCCESS"",service=""java-user-service"",status=""200"",uri=""/actuator/prometheus"",}",9.0,0.113071584
1790113786.257,java-product-service,"http_server_requests_seconds{error=""none"",exception=""none"",language=""java"",method=""GET"",outcome=""SUCCESS"",service=""java-product-service"",status=""200"",uri=""/actuator/health"",quanti,}",0.0,0.0
1790113786.257,java-product-service,"http_server_requests_seconds{error=""none"",exception=""none"",language=""java"",method=""GET"",outcome=""SUCCESS"",service=""java-product-service"",status=""200"",uri=""/actuator/health"",}",85.0,0.565314791
1790113786.257,java-product-service,"http_server_requests_seconds{error=""none"",exception=""none"",language=""java"",method=""GET"",outcome=""SUCCESS"",service=""java-product-service"",status=""200"",uri=""/actuator/prometheus"",quanti,}",0.0,0.0
1790113786.257,java-product-service,"http_server_requests_seconds{error=""none"",exception=""none"",language=""java"",method=""GET"",outcome=""SUCCESS"",service=""java-product-service"",status=""200"",uri=""/actuator/prometheus"",}",9.0,0.073765873
1790113786.257,java-product-service,"http_server_requests_seconds{error=""none"",exception=""none"",language=""java"",method=""POST"",outcome=""SUCCESS"",service=""java-product-service"",status=""201"",uri=""/products"",quanti,}",0.0,0.0
1790113786.257,java-product-service,"http_server_requests_seconds{error=""none"",exception=""none"",language=""java"",method=""POST"",outcome=""SUCCESS"",service=""java-product-service"",status=""201"",uri=""/products"",}",10.0,0.093330292
1790113786.257,java-product-service,"http_server_requests_seconds{error=""none"",exception=""none"",language=""java"",method=""GET"",outcome=""SUCCESS"",service=""java-product-service"",status=""200"",uri=""/products"",quanti,}",0.0,0.0
1790113786.257,java-product-service,"http_server_requests_seconds{error=""none"",exception=""none"",language=""java"",method=""GET"",outcome=""SUCCESS"",service=""java-product-service"",status=""200"",uri=""/products"",}",1075.0,1.841167748
1790113786.257,java-product-service,"http_server_requests_seconds{error=""none"",exception=""none"",language=""java"",method=""GET"",outcome=""SUCCESS"",service=""java-product-service"",status=""200"",uri=""/products/{id}"",quanti,}",0.0,0.0
1790113786.257,java-product-service,"http_server_requests_seconds{error=""none"",exception=""none"",language=""java"",method=""GET"",outcome=""SUCCESS"",service=""java-product-service"",status=""200"",uri=""/products/{id}"",}",69.0,0.175282666
1790113786.257,java-order-service,"http_server_requests_seconds{error=""none"",exception=""none"",language=""java"",method=""POST"",outcome=""SUCCESS"",service=""java-order-service"",status=""201"",uri=""/orders"",quanti,}",0.0,0.0
1790113786.257,java-order-service,"http_server_requests_seconds{error=""none"",exception=""none"",language=""java"",method=""POST"",outcome=""SUCCESS"",service=""java-order-service"",status=""201"",uri=""/orders"",}",69.0,0.935066422
1790113786.257,java-order-service,"http_server_requests_seconds{error=""none"",exception=""none"",language=""java"",method=""GET"",outcome=""SUCCESS"",service=""java-order-service"",status=""200"",uri=""/actuator/prometheus"",quanti,}",0.0,0.0
1790113786.257,java-order-service,"http_server_requests_seconds{error=""none"",exception=""none"",language=""java"",method=""GET"",outcome=""SUCCESS"",service=""java-order-service"",status=""200"",uri=""/actuator/prometheus"",}",9.0,0.055597667
1790113786.257,java-order-service,"http_server_requests_seconds{error=""none"",exception=""none"",language=""java"",method=""GET"",outcome=""SUCCESS"",service=""java-order-service"",status=""200"",uri=""/actuator/health"",quanti,}",0.0,0.0
1790113786.257,java-order-service,"http_server_requests_seconds{error=""none"",exception=""none"",language=""java"",method=""GET"",outcome=""SUCCESS"",service=""java-order-service"",status=""200"",uri=""/actuator/health"",}",85.0,0.296817042
1790113791.290,java-user-service,"http_server_requests_seconds{error=""none"",exception=""none"",framework=""spring-boot"",language=""java"",method=""GET"",outcome=""SUCCESS"",service=""java-user-service"",status=""200"",uri=""/actuator/health"",quanti,}",0.0,0.0
1790113791.290,java-user-service,"http_server_requests_seconds{error=""none"",exception=""none"",framework=""spring-boot"",language=""java"",method=""GET"",outcome=""SUCCESS"",service=""java-user-service"",status=""200"",uri=""/actuator/health"",}",95.0,0.767527744
1790113791.290,java-user-service,"http_server_requests_seconds{error=""none"",exception=""none"",framework=""spring-boot"",language=""java"",method=""POST"",outcome=""SUCCESS"",service=""java-user-service"",status=""201"",uri=""/users"",quanti,}",0.0,0.0
1790113791.290,java-user-service,"http_server_requests_seconds{error=""none"",exception=""none"",framework=""spring-boot"",language=""java"",method=""POST"",outcome=""SUCCESS"",service=""java-user-service"",status=""201"",uri=""/users"",}",208.0,20.958502971
1790113791.290,java-user-service,"http_server_requests_seconds{error=""none"",exception=""none"",framework=""spring-boot"",language=""java"",method=""GET"",outcome=""SUCCESS"",service=""java-user-service"",status=""200"",uri=""/users"",quanti,}",0.0,0.0
1790113791.290,java-user-service,"http_server_requests_seconds{error=""none"",exception=""none"",framework=""spring-boot"",language=""java"",method=""GET"",outcome=""SUCCESS"",service=""java-user-service"",status=""200"",uri=""/users"",}",1103.0,6.294544181
1790113791.290,java-user-service,"http_server_requests_seconds{error=""none"",exception=""none"",framework=""spring-boot"",language=""java"",method=""GET"",outcome=""SUCCESS"",service=""java-user-service"",status=""200"",uri=""/actuator/prometheus"",quanti,}",0.0,0.0
1790113791.290,java-user-service,"http_server_requests_seconds{error=""none"",exception=""none"",framework=""spring-boot"",language=""java"",method=""GET"",outcome=""SUCCESS"",service=""java-user-service"",status=""200"",uri=""/actuator/prometheus"",}",10.0,0.116756917
1790113791.290,java-product-service,"http_server_requests_seconds{error=""none"",exception=""none"",language=""java"",method=""GET"",outcome=""SUCCESS"",service=""java-product-service"",status=""200"",uri=""/actuator/health"",quanti,}",0.0,0.0
1790113791.290,java-product-service,"http_server_requests_seconds{error=""none"",exception=""none"",language=""java"",method=""GET"",outcome=""SUCCESS"",service=""java-product-service"",status=""200"",uri=""/actuator/health"",}",95.0,0.582986873
1790113791.290,java-product-service,"http_server_requests_seconds{error=""none"",exception=""none"",language=""java"",method=""GET"",outcome=""SUCCESS"",service=""java-product-service"",status=""200"",uri=""/actuator/prometheus"",quanti,}",0.0,0.0
1790113791.290,java-product-service,"http_server_requests_seconds{error=""none"",exception=""none"",language=""java"",method=""GET"",outcome=""SUCCESS"",service=""java-product-service"",status=""200"",uri=""/actuator/prometheus"",}",10.0,0.077172039
1790113791.290,java-product-service,"http_server_requests_seconds{error=""none"",exception=""none"",language=""java"",method=""POST"",outcome=""SUCCESS"",service=""java-product-service"",status=""201"",uri=""/products"",quanti,}",0.0,0.0
1790113791.290,java-product-service,"http_server_requests_seconds{error=""none"",exception=""none"",language=""java"",method=""POST"",outcome=""SUCCESS"",service=""java-product-service"",status=""201"",uri=""/products"",}",10.0,0.093330292
1790113791.290,java-product-service,"http_server_requests_seconds{error=""none"",exception=""none"",language=""java"",method=""GET"",outcome=""SUCCESS"",service=""java-product-service"",status=""200"",uri=""/products"",quanti,}",0.0,0.0
1790113791.290,java-product-service,"http_server_requests_seconds{error=""none"",exception=""none"",language=""java"",method=""GET"",outcome=""SUCCESS"",service=""java-product-service"",status=""200"",uri=""/products"",}",1099.0,1.872931457
1790113791.290,java-product-service,"http_server_requests_seconds{error=""none"",exception=""none"",language=""java"",method=""GET"",outcome=""SUCCESS"",service=""java-product-service"",status=""200"",uri=""/products/{id}"",quanti,}",0.0,0.0
1790113791.290,java-product-service,"http_server_requests_seconds{error=""none"",exception=""none"",language=""java"",method=""GET"",outcome=""SUCCESS"",service=""java-product-service"",status=""200"",uri=""/products/{id}"",}",93.0,0.206024003
1790113791.290,java-order-service,"http_server_requests_seconds{error=""none"",exception=""none"",language=""java"",method=""POST"",outcome=""SUCCESS"",service=""java-order-service"",status=""201"",uri=""/orders"",quanti,}",0.0,0.0
1790113791.290,java-order-service,"http_server_requests_seconds{error=""none"",exception=""none"",language=""java"",method=""POST"",outcome=""SUCCESS"",service=""java-order-service"",status=""201"",uri=""/orders"",}",93.0,1.092690549
1790113791.290,java-order-service,"http_server_requests_seconds{error=""none"",exception=""none"",language=""java"",method=""GET"",outcome=""SUCCESS"",service=""java-order-service"",status=""200"",uri=""/actuator/prometheus"",quanti,}",0.0,0.0
1790113791.290,java-order-service,"http_server_requests_seconds{error=""none"",exception=""none"",language=""java"",method=""GET"",outcome=""SUCCESS"",service=""java-order-service"",status=""200"",uri=""/actuator/prometheus"",}",10.0,0.058707208
1790113791.290,java-order-service,"http_server_requests_seconds{error=""none"",exception=""none"",language=""java"",method=""GET"",outcome=""SUCCESS"",service=""java-order-service"",status=""200"",uri=""/actuator/health"",quanti,}",0.0,0.0
1790113791.290,java-order-service,"http_server_requests_seconds{error=""none"",exception=""none"",language=""java"",method=""GET"",outcome=""SUCCESS"",service=""java-order-service"",status=""200"",uri=""/actuator/health"",}",95.0,0.30971775
1790113796.327,java-user-service,"http_server_requests_seconds{error=""none"",exception=""none"",framework=""spring-boot"",language=""java"",method=""GET"",outcome=""SUCCESS"",service=""java-user-service"",status=""200"",uri=""/actuator/health"",quanti,}",0.0,0.0
1790113796.327,java-user-service,"http_server_requests_seconds{error=""none"",exception=""none"",framework=""spring-boot"",language=""java"",method=""GET"",outcome=""SUCCESS"",service=""java-user-service"",status=""200"",uri=""/actuator/health"",}",105.0,0.785001451
1790113796.327,java-user-service,"http_server_requests_seconds{error=""none"",exception=""none"",framework=""spring-boot"",language=""java"",method=""POST"",outcome=""SUCCESS"",service=""java-user-service"",status=""201"",uri=""/users"",quanti,}",0.0,0.0
1790113796.327,java-user-service,"http_server_requests_seconds{error=""none"",exception=""none"",framework=""spring-boot"",language=""java"",method=""POST"",outcome=""SUCCESS"",service=""java-user-service"",status=""201"",uri=""/users"",}",238.0,22.946872221
1790113796.327,java-user-service,"http_server_requests_seconds{error=""none"",exception=""none"",framework=""spring-boot"",language=""java"",method=""GET"",outcome=""SUCCESS"",service=""java-user-service"",status=""200"",uri=""/users"",quanti,}",0.0,0.0
1790113796.327,java-user-service,"http_server_requests_seconds{error=""none"",exception=""none"",framework=""spring-boot"",language=""java"",method=""GET"",outcome=""SUCCESS"",service=""java-user-service"",status=""200"",uri=""/users"",}",1132.0,6.344998265
1790113796.327,java-user-service,"http_server_requests_seconds{error=""none"",exception=""none"",framework=""spring-boot"",language=""java"",method=""GET"",outcome=""SUCCESS"",service=""java-user-service"",status=""200"",uri=""/actuator/prometheus"",quanti,}",0.0,0.0
1790113796.327,java-user-service,"http_server_requests_seconds{error=""none"",exception=""none"",framework=""spring-boot"",language=""java"",method=""GET"",outcome=""SUCCESS"",service=""java-user-service"",status=""200"",uri=""/actuator/prometheus"",}",11.0,0.120257625
1790113796.327,java-product-service,"http_server_requests_seconds{error=""none"",exception=""none"",language=""java"",method=""GET"",outcome=""SUCCESS"",service=""java-product-service"",status=""200"",uri=""/actuator/health"",quanti,}",0.0,0.0
1790113796.327,java-product-service,"http_server_requests_seconds{error=""none"",exception=""none"",language=""java"",method=""GET"",outcome=""SUCCESS"",service=""java-product-service"",status=""200"",uri=""/actuator/health"",}",106.0,0.602595206
1790113796.327,java-product-service,"http_server_requests_seconds{error=""none"",exception=""none"",language=""java"",method=""GET"",outcome=""SUCCESS"",service=""java-product-service"",status=""200"",uri=""/actuator/prometheus"",quanti,}",0.0,0.0
1790113796.327,java-product-service,"http_server_requests_seconds{error=""none"",exception=""none"",language=""java"",method=""GET"",outcome=""SUCCESS"",service=""java-product-service"",status=""200"",uri=""/actuator/prometheus"",}",11.0,0.080752372
1790113796.327,java-product-service,"http_server_requests_seconds{error=""none"",exception=""none"",language=""java"",method=""POST"",outcome=""SUCCESS"",service=""java-product-service"",status=""201"",uri=""/products"",quanti,}",0.0,0.0
1790113796.327,java-product-service,"http_server_requests_seconds{error=""none"",exception=""none"",language=""java"",method=""POST"",outcome=""SUCCESS"",service=""java-product-service"",status=""201"",uri=""/products"",}",10.0,0.093330292
1790113796.327,java-product-service,"http_server_requests_seconds{error=""none"",exception=""none"",language=""java"",method=""GET"",outcome=""SUCCESS"",service=""java-product-service"",status=""200"",uri=""/products"",quanti,}",0.0,0.0
1790113796.327,java-product-service,"http_server_requests_seconds{error=""none"",exception=""none"",language=""java"",method=""GET"",outcome=""SUCCESS"",service=""java-product-service"",status=""200"",uri=""/products"",}",1129.0,1.903617122
1790113796.327,java-product-service,"http_server_requests_seconds{error=""none"",exception=""none"",language=""java"",method=""GET"",outcome=""SUCCESS"",service=""java-product-service"",status=""200"",uri=""/products/{id}"",quanti,}",0.0,0.0
1790113796.327,java-product-service,"http_server_requests_seconds{error=""none"",exception=""none"",language=""java"",method=""GET"",outcome=""SUCCESS"",service=""java-product-service"",status=""200"",uri=""/products/{id}"",}",125.0,0.242933379
1790113796.327,java-order-service,"http_server_requests_seconds{error=""none"",exception=""none"",language=""java"",method=""POST"",outcome=""SUCCESS"",service=""java-order-service"",status=""201"",uri=""/orders"",quanti,}",0.0,0.0
1790113796.327,java-order-service,"http_server_requests_seconds{error=""none"",exception=""none"",language=""java"",method=""POST"",outcome=""SUCCESS"",service=""java-order-service"",status=""201"",uri=""/orders"",}",125.0,1.293997175
1790113796.327,java-order-service,"http_server_requests_seconds{error=""none"",exception=""none"",language=""java"",method=""GET"",outcome=""SUCCESS"",service=""java-order-service"",status=""200"",uri=""/actuator/prometheus"",quanti,}",0.0,0.0
1790113796.327,java-order-service,"http_server_requests_seconds{error=""none"",exception=""none"",language=""java"",method=""GET"",outcome=""SUCCESS"",service=""java-order-service"",status=""200"",uri=""/actuator/prometheus"",}",11.0,0.061833416
1790113796.327,java-order-service,"http_server_requests_seconds{error=""none"",exception=""none"",language=""java"",method=""GET"",outcome=""SUCCESS"",service=""java-order-service"",status=""200"",uri=""/actuator/health"",quanti,}",0.0,0.0
1790113796.327,java-order-service,"http_server_requests_seconds{error=""none"",exception=""none"",language=""java"",method=""GET"",outcome=""SUCCESS"",service=""java-order-service"",status=""200"",uri=""/actuator/health"",}",106.0,0.323805833
1790113801.383,java-user-service,"http_server_requests_seconds{error=""none"",exception=""none"",framework=""spring-boot"",language=""java"",method=""GET"",outcome=""SUCCESS"",service=""java-user-service"",status=""200"",uri=""/actuator/health"",quanti,}",0.0,0.0
1790113801.383,java-user-service,"http_server_requests_seconds{error=""none"",exception=""none"",framework=""spring-boot"",language=""java"",method=""GET"",outcome=""SUCCESS"",service=""java-user-service"",status=""200"",uri=""/actuator/health"",}",116.0,0.799889245
1790113801.383,java-user-service,"http_server_requests_seconds{error=""none"",exception=""none"",framework=""spring-boot"",language=""java"",method=""POST"",outcome=""SUCCESS"",service=""java-user-service"",status=""201"",uri=""/users"",quanti,}",0.0,0.0
1790113801.383,java-user-service,"http_server_requests_seconds{error=""none"",exception=""none"",framework=""spring-boot"",language=""java"",method=""POST"",outcome=""SUCCESS"",service=""java-user-service"",status=""201"",uri=""/users"",}",274.0,25.386668351
1790113801.383,java-user-service,"http_server_requests_seconds{error=""none"",exception=""none"",framework=""spring-boot"",language=""java"",method=""GET"",outcome=""SUCCESS"",service=""java-user-service"",status=""200"",uri=""/users"",quanti,}",0.0,0.0
1790113801.383,java-user-service,"http_server_requests_seconds{error=""none"",exception=""none"",framework=""spring-boot"",language=""java"",method=""GET"",outcome=""SUCCESS"",service=""java-user-service"",status=""200"",uri=""/users"",}",1168.0,6.412017683
1790113801.383,java-user-service,"http_server_requests_seconds{error=""none"",exception=""none"",framework=""spring-boot"",language=""java"",method=""GET"",outcome=""SUCCESS"",service=""java-user-service"",status=""200"",uri=""/actuator/prometheus"",quanti,}",0.0,0.0
1790113801.383,java-user-service,"http_server_requests_seconds{error=""none"",exception=""none"",framework=""spring-boot"",language=""java"",method=""GET"",outcome=""SUCCESS"",service=""java-user-service"",status=""200"",uri=""/actuator/prometheus"",}",12.0,0.127741542
1790113801.383,java-product-service,"http_server_requests_seconds{error=""none"",exception=""none"",language=""java"",method=""GET"",outcome=""SUCCESS"",service=""java-product-service"",status=""200"",uri=""/actuator/health"",quanti,}",0.0,0.0
1790113801.383,java-product-service,"http_server_requests_seconds{error=""none"",exception=""none"",language=""java"",method=""GET"",outcome=""SUCCESS"",service=""java-product-service"",status=""200"",uri=""/actuator/health"",}",116.0,0.617753581
1790113801.383,java-product-service,"http_server_requests_seconds{error=""none"",exception=""none"",language=""java"",method=""GET"",outcome=""SUCCESS"",service=""java-product-service"",status=""200"",uri=""/actuator/prometheus"",quanti,}",0.0,0.0
1790113801.383,java-product-service,"http_server_requests_seconds{error=""none"",exception=""none"",language=""java"",method=""GET"",outcome=""SUCCESS"",service=""java-product-service"",status=""200"",uri=""/actuator/prometheus"",}",12.0,0.094620747
1790113801.383,java-product-service,"http_server_requests_seconds{error=""none"",exception=""none"",language=""java"",method=""POST"",outcome=""SUCCESS"",service=""java-product-service"",status=""201"",uri=""/products"",quanti,}",0.0,0.0
1790113801.383,java-product-service,"http_server_requests_seconds{error=""none"",exception=""none"",language=""java"",method=""POST"",outcome=""SUCCESS"",service=""java-product-service"",status=""201"",uri=""/products"",}",10.0,0.093330292
1790113801.383,java-product-service,"http_server_requests_seconds{error=""none"",exception=""none"",language=""java"",method=""GET"",outcome=""SUCCESS"",service=""java-product-service"",status=""200"",uri=""/products"",quanti,}",0.0,0.0
1790113801.383,java-product-service,"http_server_requests_seconds{error=""none"",exception=""none"",language=""java"",method=""GET"",outcome=""SUCCESS"",service=""java-product-service"",status=""200"",uri=""/products"",}",1167.0,1.941367876
1790113801.383,java-product-service,"http_server_requests_seconds{error=""none"",exception=""none"",language=""java"",method=""GET"",outcome=""SUCCESS"",service=""java-product-service"",status=""200"",uri=""/products/{id}"",quanti,}",0.0,0.0
1790113801.383,java-product-service,"http_server_requests_seconds{error=""none"",exception=""none"",language=""java"",method=""GET"",outcome=""SUCCESS"",service=""java-product-service"",status=""200"",uri=""/products/{id}"",}",159.0,0.277681047
1790113801.383,java-order-service,"http_server_requests_seconds{error=""none"",exception=""none"",language=""java"",method=""POST"",outcome=""SUCCESS"",service=""java-order-service"",status=""201"",uri=""/orders"",quanti,}",0.0,0.0
1790113801.383,java-order-service,"http_server_requests_seconds{error=""none"",exception=""none"",language=""java"",method=""POST"",outcome=""SUCCESS"",service=""java-order-service"",status=""201"",uri=""/orders"",}",159.0,1.497653173
1790113801.383,java-order-service,"http_server_requests_seconds{error=""none"",exception=""none"",language=""java"",method=""GET"",outcome=""SUCCESS"",service=""java-order-service"",status=""200"",uri=""/actuator/prometheus"",quanti,}",0.0,0.0
1790113801.383,java-order-service,"http_server_requests_seconds{error=""none"",exception=""none"",language=""java"",method=""GET"",outcome=""SUCCESS"",service=""java-order-service"",status=""200"",uri=""/actuator/prometheus"",}",12.0,0.065340791
1790113801.383,java-order-service,"http_server_requests_seconds{error=""none"",exception=""none"",language=""java"",method=""GET"",outcome=""SUCCESS"",service=""java-order-service"",status=""200"",uri=""/actuator/health"",quanti,}",0.0,0.0
1790113801.383,java-order-service,"http_server_requests_seconds{error=""none"",exception=""none"",language=""java"",method=""GET"",outcome=""SUCCESS"",service=""java-order-service"",status=""200"",uri=""/actuator/health"",}",116.0,0.340470581
1790113806.421,java-user-service,"http_server_requests_seconds{error=""none"",exception=""none"",framework=""spring-boot"",language=""java"",method=""GET"",outcome=""SUCCESS"",service=""java-user-service"",status=""200"",uri=""/actuator/health"",quanti,}",0.0,0.0
1790113806.421,java-user-service,"http_server_requests_seconds{error=""none"",exception=""none"",framework=""spring-boot"",language=""java"",method=""GET"",outcome=""SUCCESS"",service=""java-user-service"",status=""200"",uri=""/actuator/health"",}",125.0,0.818014494
1790113806.421,java-user-service,"http_server_requests_seconds{error=""none"",exception=""none"",framework=""spring-boot"",language=""java"",method=""POST"",outcome=""SUCCESS"",service=""java-user-service"",status=""201"",uri=""/users"",quanti,}",0.0,0.0
1790113806.421,java-user-service,"http_server_requests_seconds{error=""none"",exception=""none"",framework=""spring-boot"",language=""java"",method=""POST"",outcome=""SUCCESS"",service=""java-user-service"",status=""201"",uri=""/users"",}",312.0,27.95335931
1790113806.421,java-user-service,"http_server_requests_seconds{error=""none"",exception=""none"",framework=""spring-boot"",language=""java"",method=""GET"",outcome=""SUCCESS"",service=""java-user-service"",status=""200"",uri=""/users"",quanti,}",0.0,0.0
1790113806.421,java-user-service,"http_server_requests_seconds{error=""none"",exception=""none"",framework=""spring-boot"",language=""java"",method=""GET"",outcome=""SUCCESS"",service=""java-user-service"",status=""200"",uri=""/users"",}",1210.0,6.520064886
1790113806.421,java-user-service,"http_server_requests_seconds{error=""none"",exception=""none"",framework=""spring-boot"",language=""java"",method=""GET"",outcome=""SUCCESS"",service=""java-user-service"",status=""200"",uri=""/actuator/prometheus"",quanti,}",0.0,0.0
1790113806.421,java-user-service,"http_server_requests_seconds{error=""none"",exception=""none"",framework=""spring-boot"",language=""java"",method=""GET"",outcome=""SUCCESS"",service=""java-user-service"",status=""200"",uri=""/actuator/prometheus"",}",13.0,0.131470667
1790113806.421,java-product-service,"http_server_requests_seconds{error=""none"",exception=""none"",language=""java"",method=""GET"",outcome=""SUCCESS"",service=""java-product-service"",status=""200"",uri=""/actuator/health"",quanti,}",0.0,0.0
1790113806.421,java-product-service,"http_server_requests_seconds{error=""none"",exception=""none"",language=""java"",method=""GET"",outcome=""SUCCESS"",service=""java-product-service"",status=""200"",uri=""/actuator/health"",}",126.0,0.63688533
1790113806.421,java-product-service,"http_server_requests_seconds{error=""none"",exception=""none"",language=""java"",method=""GET"",outcome=""SUCCESS"",service=""java-product-service"",status=""200"",uri=""/actuator/prometheus"",quanti,}",0.0,0.0
1790113806.421,java-product-service,"http_server_requests_seconds{error=""none"",exception=""none"",language=""java"",method=""GET"",outcome=""SUCCESS"",service=""java-product-service"",status=""200"",uri=""/actuator/prometheus"",}",13.0,0.098198247
1790113806.421,java-product-service,"http_server_requests_seconds{error=""none"",exception=""none"",language=""java"",method=""POST"",outcome=""SUCCESS"",service=""java-product-service"",status=""201"",uri=""/products"",quanti,}",0.0,0.0
1790113806.421,java-product-service,"http_server_requests_seconds{error=""none"",exception=""none"",language=""java"",method=""POST"",outcome=""SUCCESS"",service=""java-product-service"",status=""201"",uri=""/products"",}",10.0,0.093330292
1790113806.421,java-product-service,"http_server_requests_seconds{error=""none"",exception=""none"",language=""java"",method=""GET"",outcome=""SUCCESS"",service=""java-product-service"",status=""200"",uri=""/products"",quanti,}",0.0,0.0
1790113806.421,java-product-service,"http_server_requests_seconds{error=""none"",exception=""none"",language=""java"",method=""GET"",outcome=""SUCCESS"",service=""java-product-service"",status=""200"",uri=""/products"",}",1206.0,1.98013425
1790113806.421,java-product-service,"http_server_requests_seconds{error=""none"",exception=""none"",language=""java"",method=""GET"",outcome=""SUCCESS"",service=""java-product-service"",status=""200"",uri=""/products/{id}"",quanti,}",0.0,0.0
1790113806.421,java-product-service,"http_server_requests_seconds{error=""none"",exception=""none"",language=""java"",method=""GET"",outcome=""SUCCESS"",service=""java-product-service"",status=""200"",uri=""/products/{id}"",}",192.0,0.321511798
1790113806.421,java-order-service,"http_server_requests_seconds{error=""none"",exception=""none"",language=""java"",method=""POST"",outcome=""SUCCESS"",service=""java-order-service"",status=""201"",uri=""/orders"",quanti,}",0.0,0.0
1790113806.421,java-order-service,"http_server_requests_seconds{error=""none"",exception=""none"",language=""java"",method=""POST"",outcome=""SUCCESS"",service=""java-order-service"",status=""201"",uri=""/orders"",}",192.0,1.735852419
1790113806.421,java-order-service,"http_server_requests_seconds{error=""none"",exception=""none"",language=""java"",method=""GET"",outcome=""SUCCESS"",service=""java-order-service"",status=""200"",uri=""/actuator/prometheus"",quanti,}",0.0,0.0
1790113806.421,java-order-service,"http_server_requests_seconds{error=""none"",exception=""none"",language=""java"",method=""GET"",outcome=""SUCCESS"",service=""java-order-service"",status=""200"",uri=""/actuator/prometheus"",}",13.0,0.068596791
1790113806.421,java-order-service,"http_server_requests_seconds{error=""none"",exception=""none"",language=""java"",method=""GET"",outcome=""SUCCESS"",service=""java-order-service"",status=""200"",uri=""/actuator/health"",quanti,}",0.0,0.0
1790113806.421,java-order-service,"http_server_requests_seconds{error=""none"",exception=""none"",language=""java"",method=""GET"",outcome=""SUCCESS"",service=""java-order-service"",status=""200"",uri=""/actuator/health"",}",126.0,0.353034876
1790113811.461,java-user-service,"http_server_requests_seconds{error=""none"",exception=""none"",framework=""spring-boot"",language=""java"",method=""GET"",outcome=""SUCCESS"",service=""java-user-service"",status=""200"",uri=""/actuator/health"",quanti,}",0.0,0.0
1790113811.461,java-user-service,"http_server_requests_seconds{error=""none"",exception=""none"",framework=""spring-boot"",language=""java"",method=""GET"",outcome=""SUCCESS"",service=""java-user-service"",status=""200"",uri=""/actuator/health"",}",136.0,0.862482496
1790113811.461,java-user-service,"http_server_requests_seconds{error=""none"",exception=""none"",framework=""spring-boot"",language=""java"",method=""POST"",outcome=""SUCCESS"",service=""java-user-service"",status=""201"",uri=""/users"",quanti,}",0.0,0.0
1790113811.461,java-user-service,"http_server_requests_seconds{error=""none"",exception=""none"",framework=""spring-boot"",language=""java"",method=""POST"",outcome=""SUCCESS"",service=""java-user-service"",status=""201"",uri=""/users"",}",354.0,31.382449439
1790113811.461,java-user-service,"http_server_requests_seconds{error=""none"",exception=""none"",framework=""spring-boot"",language=""java"",method=""GET"",outcome=""SUCCESS"",service=""java-user-service"",status=""200"",uri=""/users"",quanti,}",0.0,0.0
1790113811.461,java-user-service,"http_server_requests_seconds{error=""none"",exception=""none"",framework=""spring-boot"",language=""java"",method=""GET"",outcome=""SUCCESS"",service=""java-user-service"",status=""200"",uri=""/users"",}",1250.0,6.632570216
1790113811.461,java-user-service,"http_server_requests_seconds{error=""none"",exception=""none"",framework=""spring-boot"",language=""java"",method=""GET"",outcome=""SUCCESS"",service=""java-user-service"",status=""200"",uri=""/actuator/prometheus"",quanti,}",0.0,0.0
1790113811.461,java-user-service,"http_server_requests_seconds{error=""none"",exception=""none"",framework=""spring-boot"",language=""java"",method=""GET"",outcome=""SUCCESS"",service=""java-user-service"",status=""200"",uri=""/actuator/prometheus"",}",14.0,0.135121459
1790113811.461,java-product-service,"http_server_requests_seconds{error=""none"",exception=""none"",language=""java"",method=""GET"",outcome=""SUCCESS"",service=""java-product-service"",status=""200"",uri=""/actuator/health"",quanti,}",0.0,0.0
1790113811.461,java-product-service,"http_server_requests_seconds{error=""none"",exception=""none"",language=""java"",method=""GET"",outcome=""SUCCESS"",service=""java-product-service"",status=""200"",uri=""/actuator/health"",}",136.0,0.653900415
1790113811.461,java-product-service,"http_server_requests_seconds{error=""none"",exception=""none"",language=""java"",method=""GET"",outcome=""SUCCESS"",service=""java-product-service"",status=""200"",uri=""/actuator/prometheus"",quanti,}",0.0,0.0
1790113811.461,java-product-service,"http_server_requests_seconds{error=""none"",exception=""none"",language=""java"",method=""GET"",outcome=""SUCCESS"",service=""java-product-service"",status=""200"",uri=""/actuator/prometheus"",}",14.0,0.101172331
1790113811.461,java-product-service,"http_server_requests_seconds{error=""none"",exception=""none"",language=""java"",method=""POST"",outcome=""SUCCESS"",service=""java-product-service"",status=""201"",uri=""/products"",quanti,}",0.0,0.0
1790113811.461,java-product-service,"http_server_requests_seconds{error=""none"",exception=""none"",language=""java"",method=""POST"",outcome=""SUCCESS"",service=""java-product-service"",status=""201"",uri=""/products"",}",10.0,0.093330292
1790113811.461,java-product-service,"http_server_requests_seconds{error=""none"",exception=""none"",language=""java"",method=""GET"",outcome=""SUCCESS"",service=""java-product-service"",status=""200"",uri=""/products"",quanti,}",0.0,0.0
1790113811.461,java-product-service,"http_server_requests_seconds{error=""none"",exception=""none"",language=""java"",method=""GET"",outcome=""SUCCESS"",service=""java-product-service"",status=""200"",uri=""/products"",}",1244.0,2.023337086
1790113811.461,java-product-service,"http_server_requests_seconds{error=""none"",exception=""none"",language=""java"",method=""GET"",outcome=""SUCCESS"",service=""java-product-service"",status=""200"",uri=""/products/{id}"",quanti,}",0.0,0.0
1790113811.461,java-product-service,"http_server_requests_seconds{error=""none"",exception=""none"",language=""java"",method=""GET"",outcome=""SUCCESS"",service=""java-product-service"",status=""200"",uri=""/products/{id}"",}",239.0,0.368192923
1790113811.461,java-order-service,"http_server_requests_seconds{error=""none"",exception=""none"",language=""java"",method=""POST"",outcome=""SUCCESS"",service=""java-order-service"",status=""201"",uri=""/orders"",quanti,}",0.0,0.0
1790113811.461,java-order-service,"http_server_requests_seconds{error=""none"",exception=""none"",language=""java"",method=""POST"",outcome=""SUCCESS"",service=""java-order-service"",status=""201"",uri=""/orders"",}",239.0,2.006859836
1790113811.461,java-order-service,"http_server_requests_seconds{error=""none"",exception=""none"",language=""java"",method=""GET"",outcome=""SUCCESS"",service=""java-order-service"",status=""200"",uri=""/actuator/prometheus"",quanti,}",0.0,0.0
1790113811.461,java-order-service,"http_server_requests_seconds{error=""none"",exception=""none"",language=""java"",method=""GET"",outcome=""SUCCESS"",service=""java-order-service"",status=""200"",uri=""/actuator/prometheus"",}",14.0,0.071606332
1790113811.461,java-order-service,"http_server_requests_seconds{error=""none"",exception=""none"",language=""java"",method=""GET"",outcome=""SUCCESS"",service=""java-order-service"",status=""200"",uri=""/actuator/health"",quanti,}",0.0,0.0
1790113811.461,java-order-service,"http_server_requests_seconds{error=""none"",exception=""none"",language=""java"",method=""GET"",outcome=""SUCCESS"",service=""java-order-service"",status=""200"",uri=""/actuator/health"",}",136.0,0.363835793
1790113816.506,java-user-service,"http_server_requests_seconds{error=""none"",exception=""none"",framework=""spring-boot"",language=""java"",method=""GET"",outcome=""SUCCESS"",service=""java-user-service"",status=""200"",uri=""/actuator/health"",quanti,}",0.0,0.0
1790113816.506,java-user-service,"http_server_requests_seconds{error=""none"",exception=""none"",framework=""spring-boot"",language=""java"",method=""GET"",outcome=""SUCCESS"",service=""java-user-service"",status=""200"",uri=""/actuator/health"",}",146.0,0.876598955
1790113816.506,java-user-service,"http_server_requests_seconds{error=""none"",exception=""none"",framework=""spring-boot"",language=""java"",method=""POST"",outcome=""SUCCESS"",service=""java-user-service"",status=""201"",uri=""/users"",quanti,}",0.0,0.0
1790113816.506,java-user-service,"http_server_requests_seconds{error=""none"",exception=""none"",framework=""spring-boot"",language=""java"",method=""POST"",outcome=""SUCCESS"",service=""java-user-service"",status=""201"",uri=""/users"",}",404.0,34.729342105
1790113816.506,java-user-service,"http_server_requests_seconds{error=""none"",exception=""none"",framework=""spring-boot"",language=""java"",method=""GET"",outcome=""SUCCESS"",service=""java-user-service"",status=""200"",uri=""/users"",quanti,}",0.0,0.0
1790113816.506,java-user-service,"http_server_requests_seconds{error=""none"",exception=""none"",framework=""spring-boot"",language=""java"",method=""GET"",outcome=""SUCCESS"",service=""java-user-service"",status=""200"",uri=""/users"",}",1306.0,6.727190924
1790113816.506,java-user-service,"http_server_requests_seconds{error=""none"",exception=""none"",framework=""spring-boot"",language=""java"",method=""GET"",outcome=""SUCCESS"",service=""java-user-service"",status=""200"",uri=""/actuator/prometheus"",quanti,}",0.0,0.0
1790113816.506,java-user-service,"http_server_requests_seconds{error=""none"",exception=""none"",framework=""spring-boot"",language=""java"",method=""GET"",outcome=""SUCCESS"",service=""java-user-service"",status=""200"",uri=""/actuator/prometheus"",}",15.0,0.140802625
1790113816.506,java-product-service,"http_server_requests_seconds{error=""none"",exception=""none"",language=""java"",method=""GET"",outcome=""SUCCESS"",service=""java-product-service"",status=""200"",uri=""/actuator/health"",quanti,}",0.0,0.0
1790113816.506,java-product-service,"http_server_requests_seconds{error=""none"",exception=""none"",language=""java"",method=""GET"",outcome=""SUCCESS"",service=""java-product-service"",status=""200"",uri=""/actuator/health"",}",147.0,0.669235539
1790113816.506,java-product-service,"http_server_requests_seconds{error=""none"",exception=""none"",language=""java"",method=""GET"",outcome=""SUCCESS"",service=""java-product-service"",status=""200"",uri=""/actuator/prometheus"",quanti,}",0.0,0.0
1790113816.506,java-product-service,"http_server_requests_seconds{error=""none"",exception=""none"",language=""java"",method=""GET"",outcome=""SUCCESS"",service=""java-product-service"",status=""200"",uri=""/actuator/prometheus"",}",15.0,0.10613779
1790113816.506,java-product-service,"http_server_requests_seconds{error=""none"",exception=""none"",language=""java"",method=""POST"",outcome=""SUCCESS"",service=""java-product-service"",status=""201"",uri=""/products"",quanti,}",0.0,0.0
1790113816.506,java-product-service,"http_server_requests_seconds{error=""none"",exception=""none"",language=""java"",method=""POST"",outcome=""SUCCESS"",service=""java-product-service"",status=""201"",uri=""/products"",}",10.0,0.093330292
1790113816.506,java-product-service,"http_server_requests_seconds{error=""none"",exception=""none"",language=""java"",method=""GET"",outcome=""SUCCESS"",service=""java-product-service"",status=""200"",uri=""/products"",quanti,}",0.0,0.0
1790113816.506,java-product-service,"http_server_requests_seconds{error=""none"",exception=""none"",language=""java"",method=""GET"",outcome=""SUCCESS"",service=""java-product-service"",status=""200"",uri=""/products"",}",1300.0,2.07206192
1790113816.506,java-product-service,"http_server_requests_seconds{error=""none"",exception=""none"",language=""java"",method=""GET"",outcome=""SUCCESS"",service=""java-product-service"",status=""200"",uri=""/products/{id}"",quanti,}",0.0,0.0
1790113816.506,java-product-service,"http_server_requests_seconds{error=""none"",exception=""none"",language=""java"",method=""GET"",outcome=""SUCCESS"",service=""java-product-service"",status=""200"",uri=""/products/{id}"",}",285.0,0.409779256
1790113816.506,java-order-service,"http_server_requests_seconds{error=""none"",exception=""none"",language=""java"",method=""POST"",outcome=""SUCCESS"",service=""java-order-service"",status=""201"",uri=""/orders"",quanti,}",0.0,0.0
1790113816.506,java-order-service,"http_server_requests_seconds{error=""none"",exception=""none"",language=""java"",method=""POST"",outcome=""SUCCESS"",service=""java-order-service"",status=""201"",uri=""/orders"",}",285.0,2.22981075
1790113816.506,java-order-service,"http_server_requests_seconds{error=""none"",exception=""none"",language=""java"",method=""GET"",outcome=""SUCCESS"",service=""java-order-service"",status=""200"",uri=""/actuator/prometheus"",quanti,}",0.0,0.0
1790113816.506,java-order-service,"http_server_requests_seconds{error=""none"",exception=""none"",language=""java"",method=""GET"",outcome=""SUCCESS"",service=""java-order-service"",status=""200"",uri=""/actuator/prometheus"",}",15.0,0.075977832
1790113816.506,java-order-service,"http_server_requests_seconds{error=""none"",exception=""none"",language=""java"",method=""GET"",outcome=""SUCCESS"",service=""java-order-service"",status=""200"",uri=""/actuator/health"",quanti,}",0.0,0.0
1790113816.506,java-order-service,"http_server_requests_seconds{error=""none"",exception=""none"",language=""java"",method=""GET"",outcome=""SUCCESS"",service=""java-order-service"",status=""200"",uri=""/actuator/health"",}",147.0,0.373572792
1790113821.541,java-user-service,"http_server_requests_seconds{error=""none"",exception=""none"",framework=""spring-boot"",language=""java"",method=""GET"",outcome=""SUCCESS"",service=""java-user-service"",status=""200"",uri=""/actuator/health"",quanti,}",0.0,0.0
1790113821.541,java-user-service,"http_server_requests_seconds{error=""none"",exception=""none"",framework=""spring-boot"",language=""java"",method=""GET"",outcome=""SUCCESS"",service=""java-user-service"",status=""200"",uri=""/actuator/health"",}",156.0,0.888674664
1790113821.541,java-user-service,"http_server_requests_seconds{error=""none"",exception=""none"",framework=""spring-boot"",language=""java"",method=""POST"",outcome=""SUCCESS"",service=""java-user-service"",status=""201"",uri=""/users"",quanti,}",0.0,0.0
1790113821.541,java-user-service,"http_server_requests_seconds{error=""none"",exception=""none"",framework=""spring-boot"",language=""java"",method=""POST"",outcome=""SUCCESS"",service=""java-user-service"",status=""201"",uri=""/users"",}",457.0,38.661217147
1790113821.541,java-user-service,"http_server_requests_seconds{error=""none"",exception=""none"",framework=""spring-boot"",language=""java"",method=""GET"",outcome=""SUCCESS"",service=""java-user-service"",status=""200"",uri=""/users"",quanti,}",0.0,0.0
1790113821.541,java-user-service,"http_server_requests_seconds{error=""none"",exception=""none"",framework=""spring-boot"",language=""java"",method=""GET"",outcome=""SUCCESS"",service=""java-user-service"",status=""200"",uri=""/users"",}",1354.0,6.921143675
1790113821.541,java-user-service,"http_server_requests_seconds{error=""none"",exception=""none"",framework=""spring-boot"",language=""java"",method=""GET"",outcome=""SUCCESS"",service=""java-user-service"",status=""200"",uri=""/actuator/prometheus"",quanti,}",0.0,0.0
1790113821.541,java-user-service,"http_server_requests_seconds{error=""none"",exception=""none"",framework=""spring-boot"",language=""java"",method=""GET"",outcome=""SUCCESS"",service=""java-user-service"",status=""200"",uri=""/actuator/prometheus"",}",16.0,0.144658958
1790113821.541,java-product-service,"http_server_requests_seconds{error=""none"",exception=""none"",language=""java"",method=""GET"",outcome=""SUCCESS"",service=""java-product-service"",status=""200"",uri=""/actuator/health"",quanti,}",0.0,0.0
1790113821.541,java-product-service,"http_server_requests_seconds{error=""none"",exception=""none"",language=""java"",method=""GET"",outcome=""SUCCESS"",service=""java-product-service"",status=""200"",uri=""/actuator/health"",}",156.0,0.680479373
1790113821.541,java-product-service,"http_server_requests_seconds{error=""none"",exception=""none"",language=""java"",method=""GET"",outcome=""SUCCESS"",service=""java-product-service"",status=""200"",uri=""/actuator/prometheus"",quanti,}",0.0,0.0
1790113821.541,java-product-service,"http_server_requests_seconds{error=""none"",exception=""none"",language=""java"",method=""GET"",outcome=""SUCCESS"",service=""java-product-service"",status=""200"",uri=""/actuator/prometheus"",}",16.0,0.109459706
1790113821.541,java-product-service,"http_server_requests_seconds{error=""none"",exception=""none"",language=""java"",method=""POST"",outcome=""SUCCESS"",service=""java-product-service"",status=""201"",uri=""/products"",quanti,}",0.0,0.0
1790113821.541,java-product-service,"http_server_requests_seconds{error=""none"",exception=""none"",language=""java"",method=""POST"",outcome=""SUCCESS"",service=""java-product-service"",status=""201"",uri=""/products"",}",10.0,0.093330292
1790113821.541,java-product-service,"http_server_requests_seconds{error=""none"",exception=""none"",language=""java"",method=""GET"",outcome=""SUCCESS"",service=""java-product-service"",status=""200"",uri=""/products"",quanti,}",0.0,0.0
1790113821.541,java-product-service,"http_server_requests_seconds{error=""none"",exception=""none"",language=""java"",method=""GET"",outcome=""SUCCESS"",service=""java-product-service"",status=""200"",uri=""/products"",}",1351.0,2.111198835
1790113821.541,java-product-service,"http_server_requests_seconds{error=""none"",exception=""none"",language=""java"",method=""GET"",outcome=""SUCCESS"",service=""java-product-service"",status=""200"",uri=""/products/{id}"",quanti,}",0.0,0.0
1790113821.541,java-product-service,"http_server_requests_seconds{error=""none"",exception=""none"",language=""java"",method=""GET"",outcome=""SUCCESS"",service=""java-product-service"",status=""200"",uri=""/products/{id}"",}",339.0,0.461296381
1790113821.541,java-order-service,"http_server_requests_seconds{error=""none"",exception=""none"",language=""java"",method=""POST"",outcome=""SUCCESS"",service=""java-order-service"",status=""201"",uri=""/orders"",quanti,}",0.0,0.0
1790113821.541,java-order-service,"http_server_requests_seconds{error=""none"",exception=""none"",language=""java"",method=""POST"",outcome=""SUCCESS"",service=""java-order-service"",status=""201"",uri=""/orders"",}",339.0,2.501167749
1790113821.541,java-order-service,"http_server_requests_seconds{error=""none"",exception=""none"",language=""java"",method=""GET"",outcome=""SUCCESS"",service=""java-order-service"",status=""200"",uri=""/actuator/prometheus"",quanti,}",0.0,0.0
1790113821.541,java-order-service,"http_server_requests_seconds{error=""none"",exception=""none"",language=""java"",method=""GET"",outcome=""SUCCESS"",service=""java-order-service"",status=""200"",uri=""/actuator/prometheus"",}",16.0,0.079472874
1790113821.541,java-order-service,"http_server_requests_seconds{error=""none"",exception=""none"",language=""java"",method=""GET"",outcome=""SUCCESS"",service=""java-order-service"",status=""200"",uri=""/actuator/health"",quanti,}",0.0,0.0
1790113821.541,java-order-service,"http_server_requests_seconds{error=""none"",exception=""none"",language=""java"",method=""GET"",outcome=""SUCCESS"",service=""java-order-service"",status=""200"",uri=""/actuator/health"",}",156.0,0.380719043
1790113826.573,java-user-service,"http_server_requests_seconds{error=""none"",exception=""none"",framework=""spring-boot"",language=""java"",method=""GET"",outcome=""SUCCESS"",service=""java-user-service"",status=""200"",uri=""/actuator/health"",quanti,}",0.0,0.0
1790113826.573,java-user-service,"http_server_requests_seconds{error=""none"",exception=""none"",framework=""spring-boot"",language=""java"",method=""GET"",outcome=""SUCCESS"",service=""java-user-service"",status=""200"",uri=""/actuator/health"",}",166.0,0.901205705
1790113826.573,java-user-service,"http_server_requests_seconds{error=""none"",exception=""none"",framework=""spring-boot"",language=""java"",method=""POST"",outcome=""SUCCESS"",service=""java-user-service"",status=""201"",uri=""/users"",quanti,}",0.0,0.0
1790113826.573,java-user-service,"http_server_requests_seconds{error=""none"",exception=""none"",framework=""spring-boot"",language=""java"",method=""POST"",outcome=""SUCCESS"",service=""java-user-service"",status=""201"",uri=""/users"",}",515.0,42.517713065
1790113826.573,java-user-service,"http_server_requests_seconds{error=""none"",exception=""none"",framework=""spring-boot"",language=""java"",method=""GET"",outcome=""SUCCESS"",service=""java-user-service"",status=""200"",uri=""/users"",quanti,}",0.0,0.0
1790113826.573,java-user-service,"http_server_requests_seconds{error=""none"",exception=""none"",framework=""spring-boot"",language=""java"",method=""GET"",outcome=""SUCCESS"",service=""java-user-service"",status=""200"",uri=""/users"",}",1420.0,7.164467547
1790113826.573,java-user-service,"http_server_requests_seconds{error=""none"",exception=""none"",framework=""spring-boot"",language=""java"",method=""GET"",outcome=""SUCCESS"",service=""java-user-service"",status=""200"",uri=""/actuator/prometheus"",quanti,}",0.0,0.0
1790113826.573,java-user-service,"http_server_requests_seconds{error=""none"",exception=""none"",framework=""spring-boot"",language=""java"",method=""GET"",outcome=""SUCCESS"",service=""java-user-service"",status=""200"",uri=""/actuator/prometheus"",}",17.0,0.147416791
1790113826.573,java-product-service,"http_server_requests_seconds{error=""none"",exception=""none"",language=""java"",method=""GET"",outcome=""SUCCESS"",service=""java-product-service"",status=""200"",uri=""/actuator/health"",quanti,}",0.0,0.0
1790113826.573,java-product-service,"http_server_requests_seconds{error=""none"",exception=""none"",language=""java"",method=""GET"",outcome=""SUCCESS"",service=""java-product-service"",status=""200"",uri=""/actuator/health"",}",167.0,0.695114623
1790113826.573,java-product-service,"http_server_requests_seconds{error=""none"",exception=""none"",language=""java"",method=""GET"",outcome=""SUCCESS"",service=""java-product-service"",status=""200"",uri=""/actuator/prometheus"",quanti,}",0.0,0.0
1790113826.573,java-product-service,"http_server_requests_seconds{error=""none"",exception=""none"",language=""java"",method=""GET"",outcome=""SUCCESS"",service=""java-product-service"",status=""200"",uri=""/actuator/prometheus"",}",17.0,0.112452331
1790113826.573,java-product-service,"http_server_requests_seconds{error=""none"",exception=""none"",language=""java"",method=""POST"",outcome=""SUCCESS"",service=""java-product-service"",status=""201"",uri=""/products"",quanti,}",0.0,0.0
1790113826.573,java-product-service,"http_server_requests_seconds{error=""none"",exception=""none"",language=""java"",method=""POST"",outcome=""SUCCESS"",service=""java-product-service"",status=""201"",uri=""/products"",}",10.0,0.093330292
1790113826.573,java-product-service,"http_server_requests_seconds{error=""none"",exception=""none"",language=""java"",method=""GET"",outcome=""SUCCESS"",service=""java-product-service"",status=""200"",uri=""/products"",quanti,}",0.0,0.0
1790113826.573,java-product-service,"http_server_requests_seconds{error=""none"",exception=""none"",language=""java"",method=""GET"",outcome=""SUCCESS"",service=""java-product-service"",status=""200"",uri=""/products"",}",1411.0,2.165443293
1790113826.573,java-product-service,"http_server_requests_seconds{error=""none"",exception=""none"",language=""java"",method=""GET"",outcome=""SUCCESS"",service=""java-product-service"",status=""200"",uri=""/products/{id}"",quanti,}",0.0,0.0
1790113826.573,java-product-service,"http_server_requests_seconds{error=""none"",exception=""none"",language=""java"",method=""GET"",outcome=""SUCCESS"",service=""java-product-service"",status=""200"",uri=""/products/{id}"",}",396.0,0.504186583
1790113826.573,java-order-service,"http_server_requests_seconds{error=""none"",exception=""none"",language=""java"",method=""POST"",outcome=""SUCCESS"",service=""java-order-service"",status=""201"",uri=""/orders"",quanti,}",0.0,0.0
1790113826.573,java-order-service,"http_server_requests_seconds{error=""none"",exception=""none"",language=""java"",method=""POST"",outcome=""SUCCESS"",service=""java-order-service"",status=""201"",uri=""/orders"",}",396.0,2.746020792
1790113826.573,java-order-service,"http_server_requests_seconds{error=""none"",exception=""none"",language=""java"",method=""GET"",outcome=""SUCCESS"",service=""java-order-service"",status=""200"",uri=""/actuator/prometheus"",quanti,}",0.0,0.0
1790113826.573,java-order-service,"http_server_requests_seconds{error=""none"",exception=""none"",language=""java"",method=""GET"",outcome=""SUCCESS"",service=""java-order-service"",status=""200"",uri=""/actuator/prometheus"",}",17.0,0.083045124
1790113826.573,java-order-service,"http_server_requests_seconds{error=""none"",exception=""none"",language=""java"",method=""GET"",outcome=""SUCCESS"",service=""java-order-service"",status=""200"",uri=""/actuator/health"",quanti,}",0.0,0.0
1790113826.573,java-order-service,"http_server_requests_seconds{error=""none"",exception=""none"",language=""java"",method=""GET"",outcome=""SUCCESS"",service=""java-order-service"",status=""200"",uri=""/actuator/health"",}",167.0,0.390476378
1790113831.604,java-user-service,"http_server_requests_seconds{error=""none"",exception=""none"",framework=""spring-boot"",language=""java"",method=""GET"",outcome=""SUCCESS"",service=""java-user-service"",status=""200"",uri=""/actuator/health"",quanti,}",0.0,0.0
1790113831.604,java-user-service,"http_server_requests_seconds{error=""none"",exception=""none"",framework=""spring-boot"",language=""java"",method=""GET"",outcome=""SUCCESS"",service=""java-user-service"",status=""200"",uri=""/actuator/health"",}",176.0,1.043758038
1790113831.604,java-user-service,"http_server_requests_seconds{error=""none"",exception=""none"",framework=""spring-boot"",language=""java"",method=""POST"",outcome=""SUCCESS"",service=""java-user-service"",status=""201"",uri=""/users"",quanti,}",0.0,0.0
1790113831.604,java-user-service,"http_server_requests_seconds{error=""none"",exception=""none"",framework=""spring-boot"",language=""java"",method=""POST"",outcome=""SUCCESS"",service=""java-user-service"",status=""201"",uri=""/users"",}",574.0,47.423527029
1790113831.604,java-user-service,"http_server_requests_seconds{error=""none"",exception=""none"",framework=""spring-boot"",language=""java"",method=""GET"",outcome=""SUCCESS"",service=""java-user-service"",status=""200"",uri=""/users"",quanti,}",0.0,0.0
1790113831.604,java-user-service,"http_server_requests_seconds{error=""none"",exception=""none"",framework=""spring-boot"",language=""java"",method=""GET"",outcome=""SUCCESS"",service=""java-user-service"",status=""200"",uri=""/users"",}",1477.0,7.267225464
1790113831.604,java-user-service,"http_server_requests_seconds{error=""none"",exception=""none"",framework=""spring-boot"",language=""java"",method=""GET"",outcome=""SUCCESS"",service=""java-user-service"",status=""200"",uri=""/actuator/prometheus"",quanti,}",0.0,0.0
1790113831.604,java-user-service,"http_server_requests_seconds{error=""none"",exception=""none"",framework=""spring-boot"",language=""java"",method=""GET"",outcome=""SUCCESS"",service=""java-user-service"",status=""200"",uri=""/actuator/prometheus"",}",18.0,0.150552832
1790113831.604,java-product-service,"http_server_requests_seconds{error=""none"",exception=""none"",language=""java"",method=""GET"",outcome=""SUCCESS"",service=""java-product-service"",status=""200"",uri=""/actuator/health"",quanti,}",0.0,0.0
1790113831.604,java-product-service,"http_server_requests_seconds{error=""none"",exception=""none"",language=""java"",method=""GET"",outcome=""SUCCESS"",service=""java-product-service"",status=""200"",uri=""/actuator/health"",}",176.0,0.709433958
1790113831.604,java-product-service,"http_server_requests_seconds{error=""none"",exception=""none"",language=""java"",method=""GET"",outcome=""SUCCESS"",service=""java-product-service"",status=""200"",uri=""/actuator/prometheus"",quanti,}",0.0,0.0
1790113831.604,java-product-service,"http_server_requests_seconds{error=""none"",exception=""none"",language=""java"",method=""GET"",outcome=""SUCCESS"",service=""java-product-service"",status=""200"",uri=""/actuator/prometheus"",}",18.0,0.11509729
1790113831.604,java-product-service,"http_server_requests_seconds{error=""none"",exception=""none"",language=""java"",method=""POST"",outcome=""SUCCESS"",service=""java-product-service"",status=""201"",uri=""/products"",quanti,}",0.0,0.0
1790113831.604,java-product-service,"http_server_requests_seconds{error=""none"",exception=""none"",language=""java"",method=""POST"",outcome=""SUCCESS"",service=""java-product-service"",status=""201"",uri=""/products"",}",10.0,0.093330292
1790113831.604,java-product-service,"http_server_requests_seconds{error=""none"",exception=""none"",language=""java"",method=""GET"",outcome=""SUCCESS"",service=""java-product-service"",status=""200"",uri=""/products"",quanti,}",0.0,0.0
1790113831.604,java-product-service,"http_server_requests_seconds{error=""none"",exception=""none"",language=""java"",method=""GET"",outcome=""SUCCESS"",service=""java-product-service"",status=""200"",uri=""/products"",}",1468.0,2.200673255
1790113831.604,java-product-service,"http_server_requests_seconds{error=""none"",exception=""none"",language=""java"",method=""GET"",outcome=""SUCCESS"",service=""java-product-service"",status=""200"",uri=""/products/{id}"",quanti,}",0.0,0.0
1790113831.604,java-product-service,"http_server_requests_seconds{error=""none"",exception=""none"",language=""java"",method=""GET"",outcome=""SUCCESS"",service=""java-product-service"",status=""200"",uri=""/products/{id}"",}",459.0,0.552164418
1790113831.604,java-order-service,"http_server_requests_seconds{error=""none"",exception=""none"",language=""java"",method=""POST"",outcome=""SUCCESS"",service=""java-order-service"",status=""201"",uri=""/orders"",quanti,}",0.0,0.0
1790113831.604,java-order-service,"http_server_requests_seconds{error=""none"",exception=""none"",language=""java"",method=""POST"",outcome=""SUCCESS"",service=""java-order-service"",status=""201"",uri=""/orders"",}",459.0,3.039854163
1790113831.604,java-order-service,"http_server_requests_seconds{error=""none"",exception=""none"",language=""java"",method=""GET"",outcome=""SUCCESS"",service=""java-order-service"",status=""200"",uri=""/actuator/prometheus"",quanti,}",0.0,0.0
1790113831.604,java-order-service,"http_server_requests_seconds{error=""none"",exception=""none"",language=""java"",method=""GET"",outcome=""SUCCESS"",service=""java-order-service"",status=""200"",uri=""/actuator/prometheus"",}",18.0,0.085776583
1790113831.604,java-order-service,"http_server_requests_seconds{error=""none"",exception=""none"",language=""java"",method=""GET"",outcome=""SUCCESS"",service=""java-order-service"",status=""200"",uri=""/actuator/health"",quanti,}",0.0,0.0
1790113831.604,java-order-service,"http_server_requests_seconds{error=""none"",exception=""none"",language=""java"",method=""GET"",outcome=""SUCCESS"",service=""java-order-service"",status=""200"",uri=""/actuator/health"",}",177.0,0.400804127
1790113836.657,java-user-service,"http_server_requests_seconds{error=""none"",exception=""none"",framework=""spring-boot"",language=""java"",method=""GET"",outcome=""SUCCESS"",service=""java-user-service"",status=""200"",uri=""/actuator/health"",quanti,}",0.0,0.0
1790113836.657,java-user-service,"http_server_requests_seconds{error=""none"",exception=""none"",framework=""spring-boot"",language=""java"",method=""GET"",outcome=""SUCCESS"",service=""java-user-service"",status=""200"",uri=""/actuator/health"",}",186.0,1.186058747
1790113836.657,java-user-service,"http_server_requests_seconds{error=""none"",exception=""none"",framework=""spring-boot"",language=""java"",method=""POST"",outcome=""SUCCESS"",service=""java-user-service"",status=""201"",uri=""/users"",quanti,}",0.0,0.0
1790113836.657,java-user-service,"http_server_requests_seconds{error=""none"",exception=""none"",framework=""spring-boot"",language=""java"",method=""POST"",outcome=""SUCCESS"",service=""java-user-service"",status=""201"",uri=""/users"",}",642.0,58.660740992
1790113836.657,java-user-service,"http_server_requests_seconds{error=""none"",exception=""none"",framework=""spring-boot"",language=""java"",method=""GET"",outcome=""SUCCESS"",service=""java-user-service"",status=""200"",uri=""/users"",quanti,}",0.0,0.0
1790113836.657,java-user-service,"http_server_requests_seconds{error=""none"",exception=""none"",framework=""spring-boot"",language=""java"",method=""GET"",outcome=""SUCCESS"",service=""java-user-service"",status=""200"",uri=""/users"",}",1551.0,10.01813759
1790113836.657,java-user-service,"http_server_requests_seconds{error=""none"",exception=""none"",framework=""spring-boot"",language=""java"",method=""GET"",outcome=""SUCCESS"",service=""java-user-service"",status=""200"",uri=""/actuator/prometheus"",quanti,}",0.0,0.0
1790113836.657,java-user-service,"http_server_requests_seconds{error=""none"",exception=""none"",framework=""spring-boot"",language=""java"",method=""GET"",outcome=""SUCCESS"",service=""java-user-service"",status=""200"",uri=""/actuator/prometheus"",}",19.0,0.156697291
1790113836.657,java-product-service,"http_server_requests_seconds{error=""none"",exception=""none"",language=""java"",method=""GET"",outcome=""SUCCESS"",service=""java-product-service"",status=""200"",uri=""/actuator/health"",quanti,}",0.0,0.0
1790113836.657,java-product-service,"http_server_requests_seconds{error=""none"",exception=""none"",language=""java"",method=""GET"",outcome=""SUCCESS"",service=""java-product-service"",status=""200"",uri=""/actuator/health"",}",187.0,0.732771957
1790113836.657,java-product-service,"http_server_requests_seconds{error=""none"",exception=""none"",language=""java"",method=""GET"",outcome=""SUCCESS"",service=""java-product-service"",status=""200"",uri=""/actuator/prometheus"",quanti,}",0.0,0.0
1790113836.657,java-product-service,"http_server_requests_seconds{error=""none"",exception=""none"",language=""java"",method=""GET"",outcome=""SUCCESS"",service=""java-product-service"",status=""200"",uri=""/actuator/prometheus"",}",19.0,0.119593748
1790113836.657,java-product-service,"http_server_requests_seconds{error=""none"",exception=""none"",language=""java"",method=""POST"",outcome=""SUCCESS"",service=""java-product-service"",status=""201"",uri=""/products"",quanti,}",0.0,0.0
1790113836.657,java-product-service,"http_server_requests_seconds{error=""none"",exception=""none"",language=""java"",method=""POST"",outcome=""SUCCESS"",service=""java-product-service"",status=""201"",uri=""/products"",}",10.0,0.093330292
1790113836.657,java-product-service,"http_server_requests_seconds{error=""none"",exception=""none"",language=""java"",method=""GET"",outcome=""SUCCESS"",service=""java-product-service"",status=""200"",uri=""/products"",quanti,}",0.0,0.0
1790113836.657,java-product-service,"http_server_requests_seconds{error=""none"",exception=""none"",language=""java"",method=""GET"",outcome=""SUCCESS"",service=""java-product-service"",status=""200"",uri=""/products"",}",1541.0,2.259669464
1790113836.657,java-product-service,"http_server_requests_seconds{error=""none"",exception=""none"",language=""java"",method=""GET"",outcome=""SUCCESS"",service=""java-product-service"",status=""200"",uri=""/products/{id}"",quanti,}",0.0,0.0
1790113836.657,java-product-service,"http_server_requests_seconds{error=""none"",exception=""none"",language=""java"",method=""GET"",outcome=""SUCCESS"",service=""java-product-service"",status=""200"",uri=""/products/{id}"",}",519.0,0.628990375
1790113836.657,java-order-service,"http_server_requests_seconds{error=""none"",exception=""none"",language=""java"",method=""POST"",outcome=""SUCCESS"",service=""java-order-service"",status=""201"",uri=""/orders"",quanti,}",0.0,0.0
1790113836.657,java-order-service,"http_server_requests_seconds{error=""none"",exception=""none"",language=""java"",method=""POST"",outcome=""SUCCESS"",service=""java-order-service"",status=""201"",uri=""/orders"",}",519.0,3.519774656
1790113836.657,java-order-service,"http_server_requests_seconds{error=""none"",exception=""none"",language=""java"",method=""GET"",outcome=""SUCCESS"",service=""java-order-service"",status=""200"",uri=""/actuator/prometheus"",quanti,}",0.0,0.0
1790113836.657,java-order-service,"http_server_requests_seconds{error=""none"",exception=""none"",language=""java"",method=""GET"",outcome=""SUCCESS"",service=""java-order-service"",status=""200"",uri=""/actuator/prometheus"",}",19.0,0.099838958
1790113836.657,java-order-service,"http_server_requests_seconds{error=""none"",exception=""none"",language=""java"",method=""GET"",outcome=""SUCCESS"",service=""java-order-service"",status=""200"",uri=""/actuator/health"",quanti,}",0.0,0.0
1790113836.657,java-order-service,"http_server_requests_seconds{error=""none"",exception=""none"",language=""java"",method=""GET"",outcome=""SUCCESS"",service=""java-order-service"",status=""200"",uri=""/actuator/health"",}",187.0,0.412516543
1790113841.690,java-user-service,"http_server_requests_seconds{error=""none"",exception=""none"",framework=""spring-boot"",language=""java"",method=""GET"",outcome=""SUCCESS"",service=""java-user-service"",status=""200"",uri=""/actuator/health"",quanti,}",0.0,0.0
1790113841.690,java-user-service,"http_server_requests_seconds{error=""none"",exception=""none"",framework=""spring-boot"",language=""java"",method=""GET"",outcome=""SUCCESS"",service=""java-user-service"",status=""200"",uri=""/actuator/health"",}",195.0,1.770368123
1790113841.690,java-user-service,"http_server_requests_seconds{error=""none"",exception=""none"",framework=""spring-boot"",language=""java"",method=""POST"",outcome=""SUCCESS"",service=""java-user-service"",status=""201"",uri=""/users"",quanti,}",0.0,0.0
1790113841.690,java-user-service,"http_server_requests_seconds{error=""none"",exception=""none"",framework=""spring-boot"",language=""java"",method=""POST"",outcome=""SUCCESS"",service=""java-user-service"",status=""201"",uri=""/users"",}",709.0,73.041950458
1790113841.690,java-user-service,"http_server_requests_seconds{error=""none"",exception=""none"",framework=""spring-boot"",language=""java"",method=""GET"",outcome=""SUCCESS"",service=""java-user-service"",status=""200"",uri=""/users"",quanti,}",0.0,0.0
1790113841.690,java-user-service,"http_server_requests_seconds{error=""none"",exception=""none"",framework=""spring-boot"",language=""java"",method=""GET"",outcome=""SUCCESS"",service=""java-user-service"",status=""200"",uri=""/users"",}",1615.0,12.149148801
1790113841.690,java-user-service,"http_server_requests_seconds{error=""none"",exception=""none"",framework=""spring-boot"",language=""java"",method=""GET"",outcome=""SUCCESS"",service=""java-user-service"",status=""200"",uri=""/actuator/prometheus"",quanti,}",0.0,0.0
1790113841.690,java-user-service,"http_server_requests_seconds{error=""none"",exception=""none"",framework=""spring-boot"",language=""java"",method=""GET"",outcome=""SUCCESS"",service=""java-user-service"",status=""200"",uri=""/actuator/prometheus"",}",20.0,0.159730208
1790113841.690,java-product-service,"http_server_requests_seconds{error=""none"",exception=""none"",language=""java"",method=""GET"",outcome=""SUCCESS"",service=""java-product-service"",status=""200"",uri=""/actuator/health"",quanti,}",0.0,0.0
1790113841.690,java-product-service,"http_server_requests_seconds{error=""none"",exception=""none"",language=""java"",method=""GET"",outcome=""SUCCESS"",service=""java-product-service"",status=""200"",uri=""/actuator/health"",}",195.0,0.743326957
1790113841.690,java-product-service,"http_server_requests_seconds{error=""none"",exception=""none"",language=""java"",method=""GET"",outcome=""SUCCESS"",service=""java-product-service"",status=""200"",uri=""/actuator/prometheus"",quanti,}",0.0,0.0
1790113841.690,java-product-service,"http_server_requests_seconds{error=""none"",exception=""none"",language=""java"",method=""GET"",outcome=""SUCCESS"",service=""java-product-service"",status=""200"",uri=""/actuator/prometheus"",}",20.0,0.122190873
1790113841.690,java-product-service,"http_server_requests_seconds{error=""none"",exception=""none"",language=""java"",method=""POST"",outcome=""SUCCESS"",service=""java-product-service"",status=""201"",uri=""/products"",quanti,}",0.0,0.0
1790113841.690,java-product-service,"http_server_requests_seconds{error=""none"",exception=""none"",language=""java"",method=""POST"",outcome=""SUCCESS"",service=""java-product-service"",status=""201"",uri=""/products"",}",10.0,0.093330292
1790113841.690,java-product-service,"http_server_requests_seconds{error=""none"",exception=""none"",language=""java"",method=""GET"",outcome=""SUCCESS"",service=""java-product-service"",status=""200"",uri=""/products"",quanti,}",0.0,0.0
1790113841.690,java-product-service,"http_server_requests_seconds{error=""none"",exception=""none"",language=""java"",method=""GET"",outcome=""SUCCESS"",service=""java-product-service"",status=""200"",uri=""/products"",}",1608.0,2.358902553
1790113841.690,java-product-service,"http_server_requests_seconds{error=""none"",exception=""none"",language=""java"",method=""GET"",outcome=""SUCCESS"",service=""java-product-service"",status=""200"",uri=""/products/{id}"",quanti,}",0.0,0.0
1790113841.690,java-product-service,"http_server_requests_seconds{error=""none"",exception=""none"",language=""java"",method=""GET"",outcome=""SUCCESS"",service=""java-product-service"",status=""200"",uri=""/products/{id}"",}",591.0,0.714117961
1790113841.690,java-order-service,"http_server_requests_seconds{error=""none"",exception=""none"",language=""java"",method=""POST"",outcome=""SUCCESS"",service=""java-order-service"",status=""201"",uri=""/orders"",quanti,}",0.0,0.0
1790113841.690,java-order-service,"http_server_requests_seconds{error=""none"",exception=""none"",language=""java"",method=""POST"",outcome=""SUCCESS"",service=""java-order-service"",status=""201"",uri=""/orders"",}",591.0,4.077618445
1790113841.690,java-order-service,"http_server_requests_seconds{error=""none"",exception=""none"",language=""java"",method=""GET"",outcome=""SUCCESS"",service=""java-order-service"",status=""200"",uri=""/actuator/prometheus"",quanti,}",0.0,0.0
1790113841.690,java-order-service,"http_server_requests_seconds{error=""none"",exception=""none"",language=""java"",method=""GET"",outcome=""SUCCESS"",service=""java-order-service"",status=""200"",uri=""/actuator/prometheus"",}",20.0,0.102326333
1790113841.690,java-order-service,"http_server_requests_seconds{error=""none"",exception=""none"",language=""java"",method=""GET"",outcome=""SUCCESS"",service=""java-order-service"",status=""200"",uri=""/actuator/health"",quanti,}",0.0,0.0
1790113841.690,java-order-service,"http_server_requests_seconds{error=""none"",exception=""none"",language=""java"",method=""GET"",outcome=""SUCCESS"",service=""java-order-service"",status=""200"",uri=""/actuator/health"",}",195.0,0.418643876
1790113846.730,java-user-service,"http_server_requests_seconds{error=""none"",exception=""none"",framework=""spring-boot"",language=""java"",method=""GET"",outcome=""SUCCESS"",service=""java-user-service"",status=""200"",uri=""/actuator/health"",quanti,}",0.0,0.0
1790113846.730,java-user-service,"http_server_requests_seconds{error=""none"",exception=""none"",framework=""spring-boot"",language=""java"",method=""GET"",outcome=""SUCCESS"",service=""java-user-service"",status=""200"",uri=""/actuator/health"",}",203.0,2.127728499
1790113846.730,java-user-service,"http_server_requests_seconds{error=""none"",exception=""none"",framework=""spring-boot"",language=""java"",method=""POST"",outcome=""SUCCESS"",service=""java-user-service"",status=""201"",uri=""/users"",quanti,}",0.0,0.0
1790113846.730,java-user-service,"http_server_requests_seconds{error=""none"",exception=""none"",framework=""spring-boot"",language=""java"",method=""POST"",outcome=""SUCCESS"",service=""java-user-service"",status=""201"",uri=""/users"",}",781.0,85.004889299
1790113846.730,java-user-service,"http_server_requests_seconds{error=""none"",exception=""none"",framework=""spring-boot"",language=""java"",method=""GET"",outcome=""SUCCESS"",service=""java-user-service"",status=""200"",uri=""/users"",quanti,}",0.0,0.0
1790113846.730,java-user-service,"http_server_requests_seconds{error=""none"",exception=""none"",framework=""spring-boot"",language=""java"",method=""GET"",outcome=""SUCCESS"",service=""java-user-service"",status=""200"",uri=""/users"",}",1683.0,13.607638008
1790113846.730,java-user-service,"http_server_requests_seconds{error=""none"",exception=""none"",framework=""spring-boot"",language=""java"",method=""GET"",outcome=""SUCCESS"",service=""java-user-service"",status=""200"",uri=""/actuator/prometheus"",quanti,}",0.0,0.0
1790113846.730,java-user-service,"http_server_requests_seconds{error=""none"",exception=""none"",framework=""spring-boot"",language=""java"",method=""GET"",outcome=""SUCCESS"",service=""java-user-service"",status=""200"",uri=""/actuator/prometheus"",}",21.0,0.163846166
1790113846.730,java-product-service,"http_server_requests_seconds{error=""none"",exception=""none"",language=""java"",method=""GET"",outcome=""SUCCESS"",service=""java-product-service"",status=""200"",uri=""/actuator/health"",quanti,}",0.0,0.0
1790113846.730,java-product-service,"http_server_requests_seconds{error=""none"",exception=""none"",language=""java"",method=""GET"",outcome=""SUCCESS"",service=""java-product-service"",status=""200"",uri=""/actuator/health"",}",204.0,0.755305291
1790113846.730,java-product-service,"http_server_requests_seconds{error=""none"",exception=""none"",language=""java"",method=""GET"",outcome=""SUCCESS"",service=""java-product-service"",status=""200"",uri=""/actuator/prometheus"",quanti,}",0.0,0.0
1790113846.730,java-product-service,"http_server_requests_seconds{error=""none"",exception=""none"",language=""java"",method=""GET"",outcome=""SUCCESS"",service=""java-product-service"",status=""200"",uri=""/actuator/prometheus"",}",21.0,0.125705832
1790113846.730,java-product-service,"http_server_requests_seconds{error=""none"",exception=""none"",language=""java"",method=""POST"",outcome=""SUCCESS"",service=""java-product-service"",status=""201"",uri=""/products"",quanti,}",0.0,0.0
1790113846.730,java-product-service,"http_server_requests_seconds{error=""none"",exception=""none"",language=""java"",method=""POST"",outcome=""SUCCESS"",service=""java-product-service"",status=""201"",uri=""/products"",}",10.0,0.093330292
1790113846.730,java-product-service,"http_server_requests_seconds{error=""none"",exception=""none"",language=""java"",method=""GET"",outcome=""SUCCESS"",service=""java-product-service"",status=""200"",uri=""/products"",quanti,}",0.0,0.0
1790113846.730,java-product-service,"http_server_requests_seconds{error=""none"",exception=""none"",language=""java"",method=""GET"",outcome=""SUCCESS"",service=""java-product-service"",status=""200"",uri=""/products"",}",1678.0,2.436503718
1790113846.730,java-product-service,"http_server_requests_seconds{error=""none"",exception=""none"",language=""java"",method=""GET"",outcome=""SUCCESS"",service=""java-product-service"",status=""200"",uri=""/products/{id}"",quanti,}",0.0,0.0
1790113846.730,java-product-service,"http_server_requests_seconds{error=""none"",exception=""none"",language=""java"",method=""GET"",outcome=""SUCCESS"",service=""java-product-service"",status=""200"",uri=""/products/{id}"",}",663.0,0.798267833
1790113846.730,java-order-service,"http_server_requests_seconds{error=""none"",exception=""none"",language=""java"",method=""POST"",outcome=""SUCCESS"",service=""java-order-service"",status=""201"",uri=""/orders"",quanti,}",0.0,0.0
1790113846.730,java-order-service,"http_server_requests_seconds{error=""none"",exception=""none"",language=""java"",method=""POST"",outcome=""SUCCESS"",service=""java-order-service"",status=""201"",uri=""/orders"",}",663.0,4.514609322
1790113846.730,java-order-service,"http_server_requests_seconds{error=""none"",exception=""none"",language=""java"",method=""GET"",outcome=""SUCCESS"",service=""java-order-service"",status=""200"",uri=""/actuator/prometheus"",quanti,}",0.0,0.0
1790113846.730,java-order-service,"http_server_requests_seconds{error=""none"",exception=""none"",language=""java"",method=""GET"",outcome=""SUCCESS"",service=""java-order-service"",status=""200"",uri=""/actuator/prometheus"",}",21.0,0.105363083
1790113846.730,java-order-service,"http_server_requests_seconds{error=""none"",exception=""none"",language=""java"",method=""GET"",outcome=""SUCCESS"",service=""java-order-service"",status=""200"",uri=""/actuator/health"",quanti,}",0.0,0.0
1790113846.730,java-order-service,"http_server_requests_seconds{error=""none"",exception=""none"",language=""java"",method=""GET"",outcome=""SUCCESS"",service=""java-order-service"",status=""200"",uri=""/actuator/health"",}",204.0,0.424801293
1790113851.770,java-user-service,"http_server_requests_seconds{error=""none"",exception=""none"",framework=""spring-boot"",language=""java"",method=""GET"",outcome=""SUCCESS"",service=""java-user-service"",status=""200"",uri=""/actuator/health"",quanti,}",0.0,0.0
1790113851.770,java-user-service,"http_server_requests_seconds{error=""none"",exception=""none"",framework=""spring-boot"",language=""java"",method=""GET"",outcome=""SUCCESS"",service=""java-user-service"",status=""200"",uri=""/actuator/health"",}",212.0,2.908109292
1790113851.770,java-user-service,"http_server_requests_seconds{error=""none"",exception=""none"",framework=""spring-boot"",language=""java"",method=""POST"",outcome=""SUCCESS"",service=""java-user-service"",status=""201"",uri=""/users"",quanti,}",0.0,0.0
1790113851.770,java-user-service,"http_server_requests_seconds{error=""none"",exception=""none"",framework=""spring-boot"",language=""java"",method=""POST"",outcome=""SUCCESS"",service=""java-user-service"",status=""201"",uri=""/users"",}",853.0,104.599590272
1790113851.770,java-user-service,"http_server_requests_seconds{error=""none"",exception=""none"",framework=""spring-boot"",language=""java"",method=""GET"",outcome=""SUCCESS"",service=""java-user-service"",status=""200"",uri=""/users"",quanti,}",0.0,0.0
1790113851.770,java-user-service,"http_server_requests_seconds{error=""none"",exception=""none"",framework=""spring-boot"",language=""java"",method=""GET"",outcome=""SUCCESS"",service=""java-user-service"",status=""200"",uri=""/users"",}",1761.0,17.41747209
1790113851.770,java-user-service,"http_server_requests_seconds{error=""none"",exception=""none"",framework=""spring-boot"",language=""java"",method=""GET"",outcome=""SUCCESS"",service=""java-user-service"",status=""200"",uri=""/actuator/prometheus"",quanti,}",0.0,0.0
1790113851.770,java-user-service,"http_server_requests_seconds{error=""none"",exception=""none"",framework=""spring-boot"",language=""java"",method=""GET"",outcome=""SUCCESS"",service=""java-user-service"",status=""200"",uri=""/actuator/prometheus"",}",22.0,0.170031583
1790113851.770,java-product-service,"http_server_requests_seconds{error=""none"",exception=""none"",language=""java"",method=""GET"",outcome=""SUCCESS"",service=""java-product-service"",status=""200"",uri=""/actuator/health"",quanti,}",0.0,0.0
1790113851.770,java-product-service,"http_server_requests_seconds{error=""none"",exception=""none"",language=""java"",method=""GET"",outcome=""SUCCESS"",service=""java-product-service"",status=""200"",uri=""/actuator/health"",}",212.0,0.769992749
1790113851.770,java-product-service,"http_server_requests_seconds{error=""none"",exception=""none"",language=""java"",method=""GET"",outcome=""SUCCESS"",service=""java-product-service"",status=""200"",uri=""/actuator/prometheus"",quanti,}",0.0,0.0
1790113851.770,java-product-service,"http_server_requests_seconds{error=""none"",exception=""none"",language=""java"",method=""GET"",outcome=""SUCCESS"",service=""java-product-service"",status=""200"",uri=""/actuator/prometheus"",}",22.0,0.129808248
1790113851.770,java-product-service,"http_server_requests_seconds{error=""none"",exception=""none"",language=""java"",method=""POST"",outcome=""SUCCESS"",service=""java-product-service"",status=""201"",uri=""/products"",quanti,}",0.0,0.0
1790113851.770,java-product-service,"http_server_requests_seconds{error=""none"",exception=""none"",language=""java"",method=""POST"",outcome=""SUCCESS"",service=""java-product-service"",status=""201"",uri=""/products"",}",10.0,0.093330292
1790113851.770,java-product-service,"http_server_requests_seconds{error=""none"",exception=""none"",language=""java"",method=""GET"",outcome=""SUCCESS"",service=""java-product-service"",status=""200"",uri=""/products"",quanti,}",0.0,0.0
1790113851.770,java-product-service,"http_server_requests_seconds{error=""none"",exception=""none"",language=""java"",method=""GET"",outcome=""SUCCESS"",service=""java-product-service"",status=""200"",uri=""/products"",}",1748.0,2.500348307
1790113851.770,java-product-service,"http_server_requests_seconds{error=""none"",exception=""none"",language=""java"",method=""GET"",outcome=""SUCCESS"",service=""java-product-service"",status=""200"",uri=""/products/{id}"",quanti,}",0.0,0.0
1790113851.770,java-product-service,"http_server_requests_seconds{error=""none"",exception=""none"",language=""java"",method=""GET"",outcome=""SUCCESS"",service=""java-product-service"",status=""200"",uri=""/products/{id}"",}",724.0,0.869769913
1790113851.770,java-order-service,"http_server_requests_seconds{error=""none"",exception=""none"",language=""java"",method=""POST"",outcome=""SUCCESS"",service=""java-order-service"",status=""201"",uri=""/orders"",quanti,}",0.0,0.0
1790113851.770,java-order-service,"http_server_requests_seconds{error=""none"",exception=""none"",language=""java"",method=""POST"",outcome=""SUCCESS"",service=""java-order-service"",status=""201"",uri=""/orders"",}",724.0,4.890263153
1790113851.770,java-order-service,"http_server_requests_seconds{error=""none"",exception=""none"",language=""java"",method=""GET"",outcome=""SUCCESS"",service=""java-order-service"",status=""200"",uri=""/actuator/prometheus"",quanti,}",0.0,0.0
1790113851.770,java-order-service,"http_server_requests_seconds{error=""none"",exception=""none"",language=""java"",method=""GET"",outcome=""SUCCESS"",service=""java-order-service"",status=""200"",uri=""/actuator/prometheus"",}",22.0,0.108892875
1790113851.770,java-order-service,"http_server_requests_seconds{error=""none"",exception=""none"",language=""java"",method=""GET"",outcome=""SUCCESS"",service=""java-order-service"",status=""200"",uri=""/actuator/health"",quanti,}",0.0,0.0
1790113851.770,java-order-service,"http_server_requests_seconds{error=""none"",exception=""none"",language=""java"",method=""GET"",outcome=""SUCCESS"",service=""java-order-service"",status=""200"",uri=""/actuator/health"",}",213.0,0.432402794
1790113856.862,java-user-service,"http_server_requests_seconds{error=""none"",exception=""none"",framework=""spring-boot"",language=""java"",method=""GET"",outcome=""SUCCESS"",service=""java-user-service"",status=""200"",uri=""/actuator/health"",quanti,}",0.0,0.0
1790113856.862,java-user-service,"http_server_requests_seconds{error=""none"",exception=""none"",framework=""spring-boot"",language=""java"",method=""GET"",outcome=""SUCCESS"",service=""java-user-service"",status=""200"",uri=""/actuator/health"",}",218.0,3.797782542
1790113856.862,java-user-service,"http_server_requests_seconds{error=""none"",exception=""none"",framework=""spring-boot"",language=""java"",method=""POST"",outcome=""SUCCESS"",service=""java-user-service"",status=""201"",uri=""/users"",quanti,}",0.0,0.0
1790113856.862,java-user-service,"http_server_requests_seconds{error=""none"",exception=""none"",framework=""spring-boot"",language=""java"",method=""POST"",outcome=""SUCCESS"",service=""java-user-service"",status=""201"",uri=""/users"",}",909.0,134.268749576
1790113856.862,java-user-service,"http_server_requests_seconds{error=""none"",exception=""none"",framework=""spring-boot"",language=""java"",method=""GET"",outcome=""SUCCESS"",service=""java-user-service"",status=""200"",uri=""/users"",quanti,}",0.0,0.0
1790113856.862,java-user-service,"http_server_requests_seconds{error=""none"",exception=""none"",framework=""spring-boot"",language=""java"",method=""GET"",outcome=""SUCCESS"",service=""java-user-service"",status=""200"",uri=""/users"",}",1826.0,22.075549925
1790113856.862,java-user-service,"http_server_requests_seconds{error=""none"",exception=""none"",framework=""spring-boot"",language=""java"",method=""GET"",outcome=""SUCCESS"",service=""java-user-service"",status=""200"",uri=""/actuator/prometheus"",quanti,}",0.0,0.0
1790113856.862,java-user-service,"http_server_requests_seconds{error=""none"",exception=""none"",framework=""spring-boot"",language=""java"",method=""GET"",outcome=""SUCCESS"",service=""java-user-service"",status=""200"",uri=""/actuator/prometheus"",}",23.0,0.172372875
1790113856.862,java-product-service,"http_server_requests_seconds{error=""none"",exception=""none"",language=""java"",method=""GET"",outcome=""SUCCESS"",service=""java-product-service"",status=""200"",uri=""/actuator/health"",quanti,}",0.0,0.0
1790113856.862,java-product-service,"http_server_requests_seconds{error=""none"",exception=""none"",language=""java"",method=""GET"",outcome=""SUCCESS"",service=""java-product-service"",status=""200"",uri=""/actuator/health"",}",219.0,0.782237581
1790113856.862,java-product-service,"http_server_requests_seconds{error=""none"",exception=""none"",language=""java"",method=""GET"",outcome=""SUCCESS"",service=""java-product-service"",status=""200"",uri=""/actuator/prometheus"",quanti,}",0.0,0.0
1790113856.862,java-product-service,"http_server_requests_seconds{error=""none"",exception=""none"",language=""java"",method=""GET"",outcome=""SUCCESS"",service=""java-product-service"",status=""200"",uri=""/actuator/prometheus"",}",23.0,0.132144206
1790113856.862,java-product-service,"http_server_requests_seconds{error=""none"",exception=""none"",language=""java"",method=""POST"",outcome=""SUCCESS"",service=""java-product-service"",status=""201"",uri=""/products"",quanti,}",0.0,0.0
1790113856.862,java-product-service,"http_server_requests_seconds{error=""none"",exception=""none"",language=""java"",method=""POST"",outcome=""SUCCESS"",service=""java-product-service"",status=""201"",uri=""/products"",}",10.0,0.093330292
1790113856.862,java-product-service,"http_server_requests_seconds{error=""none"",exception=""none"",language=""java"",method=""GET"",outcome=""SUCCESS"",service=""java-product-service"",status=""200"",uri=""/products"",quanti,}",0.0,0.0
1790113856.862,java-product-service,"http_server_requests_seconds{error=""none"",exception=""none"",language=""java"",method=""GET"",outcome=""SUCCESS"",service=""java-product-service"",status=""200"",uri=""/products"",}",1826.0,2.718460055
1790113856.862,java-product-service,"http_server_requests_seconds{error=""none"",exception=""none"",language=""java"",method=""GET"",outcome=""SUCCESS"",service=""java-product-service"",status=""200"",uri=""/products/{id}"",quanti,}",0.0,0.0
1790113856.862,java-product-service,"http_server_requests_seconds{error=""none"",exception=""none"",language=""java"",method=""GET"",outcome=""SUCCESS"",service=""java-product-service"",status=""200"",uri=""/products/{id}"",}",797.0,1.052921163
1790113856.862,java-order-service,"http_server_requests_seconds{error=""none"",exception=""none"",language=""java"",method=""POST"",outcome=""SUCCESS"",service=""java-order-service"",status=""201"",uri=""/orders"",quanti,}",0.0,0.0
1790113856.862,java-order-service,"http_server_requests_seconds{error=""none"",exception=""none"",language=""java"",method=""POST"",outcome=""SUCCESS"",service=""java-order-service"",status=""201"",uri=""/orders"",}",797.0,6.033275951
1790113856.862,java-order-service,"http_server_requests_seconds{error=""none"",exception=""none"",language=""java"",method=""GET"",outcome=""SUCCESS"",service=""java-order-service"",status=""200"",uri=""/actuator/prometheus"",quanti,}",0.0,0.0
1790113856.862,java-order-service,"http_server_requests_seconds{error=""none"",exception=""none"",language=""java"",method=""GET"",outcome=""SUCCESS"",service=""java-order-service"",status=""200"",uri=""/actuator/prometheus"",}",23.0,0.111152584
1790113856.862,java-order-service,"http_server_requests_seconds{error=""none"",exception=""none"",language=""java"",method=""GET"",outcome=""SUCCESS"",service=""java-order-service"",status=""200"",uri=""/actuator/health"",quanti,}",0.0,0.0
1790113856.862,java-order-service,"http_server_requests_seconds{error=""none"",exception=""none"",language=""java"",method=""GET"",outcome=""SUCCESS"",service=""java-order-service"",status=""200"",uri=""/actuator/health"",}",220.0,0.439231421
1790113861.913,java-user-service,"http_server_requests_seconds{error=""none"",exception=""none"",framework=""spring-boot"",language=""java"",method=""GET"",outcome=""SUCCESS"",service=""java-user-service"",status=""200"",uri=""/actuator/health"",quanti,}",0.0,0.0
1790113861.913,java-user-service,"http_server_requests_seconds{error=""none"",exception=""none"",framework=""spring-boot"",language=""java"",method=""GET"",outcome=""SUCCESS"",service=""java-user-service"",status=""200"",uri=""/actuator/health"",}",227.0,5.496634001
1790113861.913,java-user-service,"http_server_requests_seconds{error=""none"",exception=""none"",framework=""spring-boot"",language=""java"",method=""POST"",outcome=""SUCCESS"",service=""java-user-service"",status=""201"",uri=""/users"",quanti,}",0.0,0.0
1790113861.913,java-user-service,"http_server_requests_seconds{error=""none"",exception=""none"",framework=""spring-boot"",language=""java"",method=""POST"",outcome=""SUCCESS"",service=""java-user-service"",status=""201"",uri=""/users"",}",1004.0,174.256700469
1790113861.913,java-user-service,"http_server_requests_seconds{error=""none"",exception=""none"",framework=""spring-boot"",language=""java"",method=""GET"",outcome=""SUCCESS"",service=""java-user-service"",status=""200"",uri=""/users"",quanti,}",0.0,0.0
1790113861.913,java-user-service,"http_server_requests_seconds{error=""none"",exception=""none"",framework=""spring-boot"",language=""java"",method=""GET"",outcome=""SUCCESS"",service=""java-user-service"",status=""200"",uri=""/users"",}",1914.0,27.852882306
1790113861.913,java-user-service,"http_server_requests_seconds{error=""none"",exception=""none"",framework=""spring-boot"",language=""java"",method=""GET"",outcome=""SUCCESS"",service=""java-user-service"",status=""200"",uri=""/actuator/prometheus"",quanti,}",0.0,0.0
1790113861.913,java-user-service,"http_server_requests_seconds{error=""none"",exception=""none"",framework=""spring-boot"",language=""java"",method=""GET"",outcome=""SUCCESS"",service=""java-user-service"",status=""200"",uri=""/actuator/prometheus"",}",24.0,0.175152292
1790113861.913,java-product-service,"http_server_requests_seconds{error=""none"",exception=""none"",language=""java"",method=""GET"",outcome=""SUCCESS"",service=""java-product-service"",status=""200"",uri=""/actuator/health"",quanti,}",0.0,0.0
1790113861.913,java-product-service,"http_server_requests_seconds{error=""none"",exception=""none"",language=""java"",method=""GET"",outcome=""SUCCESS"",service=""java-product-service"",status=""200"",uri=""/actuator/health"",}",227.0,0.799044582
1790113861.913,java-product-service,"http_server_requests_seconds{error=""none"",exception=""none"",language=""java"",method=""GET"",outcome=""SUCCESS"",service=""java-product-service"",status=""200"",uri=""/actuator/prometheus"",quanti,}",0.0,0.0
1790113861.913,java-product-service,"http_server_requests_seconds{error=""none"",exception=""none"",language=""java"",method=""GET"",outcome=""SUCCESS"",service=""java-product-service"",status=""200"",uri=""/actuator/prometheus"",}",24.0,0.135565539
1790113861.913,java-product-service,"http_server_requests_seconds{error=""none"",exception=""none"",language=""java"",method=""POST"",outcome=""SUCCESS"",service=""java-product-service"",status=""201"",uri=""/products"",quanti,}",0.0,0.0
1790113861.913,java-product-service,"http_server_requests_seconds{error=""none"",exception=""none"",language=""java"",method=""POST"",outcome=""SUCCESS"",service=""java-product-service"",status=""201"",uri=""/products"",}",10.0,0.093330292
1790113861.913,java-product-service,"http_server_requests_seconds{error=""none"",exception=""none"",language=""java"",method=""GET"",outcome=""SUCCESS"",service=""java-product-service"",status=""200"",uri=""/products"",quanti,}",0.0,0.0
1790113861.913,java-product-service,"http_server_requests_seconds{error=""none"",exception=""none"",language=""java"",method=""GET"",outcome=""SUCCESS"",service=""java-product-service"",status=""200"",uri=""/products"",}",1904.0,2.807206603
1790113861.913,java-product-service,"http_server_requests_seconds{error=""none"",exception=""none"",language=""java"",method=""GET"",outcome=""SUCCESS"",service=""java-product-service"",status=""200"",uri=""/products/{id}"",quanti,}",0.0,0.0
1790113861.913,java-product-service,"http_server_requests_seconds{error=""none"",exception=""none"",language=""java"",method=""GET"",outcome=""SUCCESS"",service=""java-product-service"",status=""200"",uri=""/products/{id}"",}",877.0,1.141261538
1790113861.913,java-order-service,"http_server_requests_seconds{error=""none"",exception=""none"",language=""java"",method=""POST"",outcome=""SUCCESS"",service=""java-order-service"",status=""201"",uri=""/orders"",quanti,}",0.0,0.0
1790113861.913,java-order-service,"http_server_requests_seconds{error=""none"",exception=""none"",language=""java"",method=""POST"",outcome=""SUCCESS"",service=""java-order-service"",status=""201"",uri=""/orders"",}",877.0,6.732507366
1790113861.913,java-order-service,"http_server_requests_seconds{error=""none"",exception=""none"",language=""java"",method=""GET"",outcome=""SUCCESS"",service=""java-order-service"",status=""200"",uri=""/actuator/prometheus"",quanti,}",0.0,0.0
1790113861.913,java-order-service,"http_server_requests_seconds{error=""none"",exception=""none"",language=""java"",method=""GET"",outcome=""SUCCESS"",service=""java-order-service"",status=""200"",uri=""/actuator/prometheus"",}",24.0,0.113416626
1790113861.913,java-order-service,"http_server_requests_seconds{error=""none"",exception=""none"",language=""java"",method=""GET"",outcome=""SUCCESS"",service=""java-order-service"",status=""200"",uri=""/actuator/health"",quanti,}",0.0,0.0
1790113861.913,java-order-service,"http_server_requests_seconds{error=""none"",exception=""none"",language=""java"",method=""GET"",outcome=""SUCCESS"",service=""java-order-service"",status=""200"",uri=""/actuator/health"",}",227.0,0.447390463
1790113867.005,java-user-service,"http_server_requests_seconds{error=""none"",exception=""none"",framework=""spring-boot"",language=""java"",method=""GET"",outcome=""SUCCESS"",service=""java-user-service"",status=""200"",uri=""/actuator/health"",quanti,}",0.0,0.0
1790113867.005,java-user-service,"http_server_requests_seconds{error=""none"",exception=""none"",framework=""spring-boot"",language=""java"",method=""GET"",outcome=""SUCCESS"",service=""java-user-service"",status=""200"",uri=""/actuator/health"",}",234.0,5.984168835
1790113867.005,java-user-service,"http_server_requests_seconds{error=""none"",exception=""none"",framework=""spring-boot"",language=""java"",method=""POST"",outcome=""SUCCESS"",service=""java-user-service"",status=""201"",uri=""/users"",quanti,}",0.0,0.0
1790113867.005,java-user-service,"http_server_requests_seconds{error=""none"",exception=""none"",framework=""spring-boot"",language=""java"",method=""POST"",outcome=""SUCCESS"",service=""java-user-service"",status=""201"",uri=""/users"",}",1067.0,199.682897565
1790113867.005,java-user-service,"http_server_requests_seconds{error=""none"",exception=""none"",framework=""spring-boot"",language=""java"",method=""GET"",outcome=""SUCCESS"",service=""java-user-service"",status=""200"",uri=""/users"",quanti,}",0.0,0.0
1790113867.005,java-user-service,"http_server_requests_seconds{error=""none"",exception=""none"",framework=""spring-boot"",language=""java"",method=""GET"",outcome=""SUCCESS"",service=""java-user-service"",status=""200"",uri=""/users"",}",1978.0,30.913535594
1790113867.005,java-user-service,"http_server_requests_seconds{error=""none"",exception=""none"",framework=""spring-boot"",language=""java"",method=""GET"",outcome=""SUCCESS"",service=""java-user-service"",status=""200"",uri=""/actuator/prometheus"",quanti,}",0.0,0.0
1790113867.005,java-user-service,"http_server_requests_seconds{error=""none"",exception=""none"",framework=""spring-boot"",language=""java"",method=""GET"",outcome=""SUCCESS"",service=""java-user-service"",status=""200"",uri=""/actuator/prometheus"",}",25.0,0.177797667
1790113867.005,java-product-service,"http_server_requests_seconds{error=""none"",exception=""none"",language=""java"",method=""GET"",outcome=""SUCCESS"",service=""java-product-service"",status=""200"",uri=""/actuator/health"",quanti,}",0.0,0.0
1790113867.005,java-product-service,"http_server_requests_seconds{error=""none"",exception=""none"",language=""java"",method=""GET"",outcome=""SUCCESS"",service=""java-product-service"",status=""200"",uri=""/actuator/health"",}",235.0,0.81360704
1790113867.005,java-product-service,"http_server_requests_seconds{error=""none"",exception=""none"",language=""java"",method=""GET"",outcome=""SUCCESS"",service=""java-product-service"",status=""200"",uri=""/actuator/prometheus"",quanti,}",0.0,0.0
1790113867.005,java-product-service,"http_server_requests_seconds{error=""none"",exception=""none"",language=""java"",method=""GET"",outcome=""SUCCESS"",service=""java-product-service"",status=""200"",uri=""/actuator/prometheus"",}",25.0,0.138067747
1790113867.005,java-product-service,"http_server_requests_seconds{error=""none"",exception=""none"",language=""java"",method=""POST"",outcome=""SUCCESS"",service=""java-product-service"",status=""201"",uri=""/products"",quanti,}",0.0,0.0
1790113867.005,java-product-service,"http_server_requests_seconds{error=""none"",exception=""none"",language=""java"",method=""POST"",outcome=""SUCCESS"",service=""java-product-service"",status=""201"",uri=""/products"",}",10.0,0.093330292
1790113867.005,java-product-service,"http_server_requests_seconds{error=""none"",exception=""none"",language=""java"",method=""GET"",outcome=""SUCCESS"",service=""java-product-service"",status=""200"",uri=""/products"",quanti,}",0.0,0.0
1790113867.005,java-product-service,"http_server_requests_seconds{error=""none"",exception=""none"",language=""java"",method=""GET"",outcome=""SUCCESS"",service=""java-product-service"",status=""200"",uri=""/products"",}",1978.0,2.920977018
1790113867.005,java-product-service,"http_server_requests_seconds{error=""none"",exception=""none"",language=""java"",method=""GET"",outcome=""SUCCESS"",service=""java-product-service"",status=""200"",uri=""/products/{id}"",quanti,}",0.0,0.0
1790113867.005,java-product-service,"http_server_requests_seconds{error=""none"",exception=""none"",language=""java"",method=""GET"",outcome=""SUCCESS"",service=""java-product-service"",status=""200"",uri=""/products/{id}"",}",955.0,1.290652034
1790113867.005,java-order-service,"http_server_requests_seconds{error=""none"",exception=""none"",language=""java"",method=""POST"",outcome=""SUCCESS"",service=""java-order-service"",status=""201"",uri=""/orders"",quanti,}",0.0,0.0
1790113867.005,java-order-service,"http_server_requests_seconds{error=""none"",exception=""none"",language=""java"",method=""POST"",outcome=""SUCCESS"",service=""java-order-service"",status=""201"",uri=""/orders"",}",955.0,7.601766373
1790113867.005,java-order-service,"http_server_requests_seconds{error=""none"",exception=""none"",language=""java"",method=""GET"",outcome=""SUCCESS"",service=""java-order-service"",status=""200"",uri=""/actuator/prometheus"",quanti,}",0.0,0.0
1790113867.005,java-order-service,"http_server_requests_seconds{error=""none"",exception=""none"",language=""java"",method=""GET"",outcome=""SUCCESS"",service=""java-order-service"",status=""200"",uri=""/actuator/prometheus"",}",25.0,0.115786292
1790113867.005,java-order-service,"http_server_requests_seconds{error=""none"",exception=""none"",language=""java"",method=""GET"",outcome=""SUCCESS"",service=""java-order-service"",status=""200"",uri=""/actuator/health"",quanti,}",0.0,0.0
1790113867.005,java-order-service,"http_server_requests_seconds{error=""none"",exception=""none"",language=""java"",method=""GET"",outcome=""SUCCESS"",service=""java-order-service"",status=""200"",uri=""/actuator/health"",}",235.0,0.45596696
1790113872.066,java-user-service,"http_server_requests_seconds{error=""none"",exception=""none"",framework=""spring-boot"",language=""java"",method=""GET"",outcome=""SUCCESS"",service=""java-user-service"",status=""200"",uri=""/actuator/health"",quanti,}",0.0,0.0
1790113872.066,java-user-service,"http_server_requests_seconds{error=""none"",exception=""none"",framework=""spring-boot"",language=""java"",method=""GET"",outcome=""SUCCESS"",service=""java-user-service"",status=""200"",uri=""/actuator/health"",}",241.0,7.961785627
1790113872.066,java-user-service,"http_server_requests_seconds{error=""none"",exception=""none"",framework=""spring-boot"",language=""java"",method=""POST"",outcome=""SUCCESS"",service=""java-user-service"",status=""201"",uri=""/users"",quanti,}",0.0,0.0
1790113872.066,java-user-service,"http_server_requests_seconds{error=""none"",exception=""none"",framework=""spring-boot"",language=""java"",method=""POST"",outcome=""SUCCESS"",service=""java-user-service"",status=""201"",uri=""/users"",}",1144.0,243.829344128
1790113872.066,java-user-service,"http_server_requests_seconds{error=""none"",exception=""none"",framework=""spring-boot"",language=""java"",method=""GET"",outcome=""SUCCESS"",service=""java-user-service"",status=""200"",uri=""/users"",quanti,}",0.0,0.0
1790113872.066,java-user-service,"http_server_requests_seconds{error=""none"",exception=""none"",framework=""spring-boot"",language=""java"",method=""GET"",outcome=""SUCCESS"",service=""java-user-service"",status=""200"",uri=""/users"",}",2061.0,37.378432264
1790113872.066,java-user-service,"http_server_requests_seconds{error=""none"",exception=""none"",framework=""spring-boot"",language=""java"",method=""GET"",outcome=""SUCCESS"",service=""java-user-service"",status=""200"",uri=""/actuator/prometheus"",quanti,}",0.0,0.0
1790113872.066,java-user-service,"http_server_requests_seconds{error=""none"",exception=""none"",framework=""spring-boot"",language=""java"",method=""GET"",outcome=""SUCCESS"",service=""java-user-service"",status=""200"",uri=""/actuator/prometheus"",}",26.0,0.18024325
1790113872.066,java-product-service,"http_server_requests_seconds{error=""none"",exception=""none"",language=""java"",method=""GET"",outcome=""SUCCESS"",service=""java-product-service"",status=""200"",uri=""/actuator/health"",quanti,}",0.0,0.0
1790113872.066,java-product-service,"http_server_requests_seconds{error=""none"",exception=""none"",language=""java"",method=""GET"",outcome=""SUCCESS"",service=""java-product-service"",status=""200"",uri=""/actuator/health"",}",241.0,0.826071956
1790113872.066,java-product-service,"http_server_requests_seconds{error=""none"",exception=""none"",language=""java"",method=""GET"",outcome=""SUCCESS"",service=""java-product-service"",status=""200"",uri=""/actuator/prometheus"",quanti,}",0.0,0.0
1790113872.066,java-product-service,"http_server_requests_seconds{error=""none"",exception=""none"",language=""java"",method=""GET"",outcome=""SUCCESS"",service=""java-product-service"",status=""200"",uri=""/actuator/prometheus"",}",26.0,0.140410163
1790113872.066,java-product-service,"http_server_requests_seconds{error=""none"",exception=""none"",language=""java"",method=""POST"",outcome=""SUCCESS"",service=""java-product-service"",status=""201"",uri=""/products"",quanti,}",0.0,0.0
1790113872.066,java-product-service,"http_server_requests_seconds{error=""none"",exception=""none"",language=""java"",method=""POST"",outcome=""SUCCESS"",service=""java-product-service"",status=""201"",uri=""/products"",}",10.0,0.093330292
1790113872.066,java-product-service,"http_server_requests_seconds{error=""none"",exception=""none"",language=""java"",method=""GET"",outcome=""SUCCESS"",service=""java-product-service"",status=""200"",uri=""/products"",quanti,}",0.0,0.0
1790113872.066,java-product-service,"http_server_requests_seconds{error=""none"",exception=""none"",language=""java"",method=""GET"",outcome=""SUCCESS"",service=""java-product-service"",status=""200"",uri=""/products"",}",2061.0,3.603473063
1790113872.066,java-product-service,"http_server_requests_seconds{error=""none"",exception=""none"",language=""java"",method=""GET"",outcome=""SUCCESS"",service=""java-product-service"",status=""200"",uri=""/products/{id}"",quanti,}",0.0,0.0
1790113872.066,java-product-service,"http_server_requests_seconds{error=""none"",exception=""none"",language=""java"",method=""GET"",outcome=""SUCCESS"",service=""java-product-service"",status=""200"",uri=""/products/{id}"",}",1032.0,1.416551243
1790113872.066,java-order-service,"http_server_requests_seconds{error=""none"",exception=""none"",language=""java"",method=""POST"",outcome=""SUCCESS"",service=""java-order-service"",status=""201"",uri=""/orders"",quanti,}",0.0,0.0
1790113872.066,java-order-service,"http_server_requests_seconds{error=""none"",exception=""none"",language=""java"",method=""POST"",outcome=""SUCCESS"",service=""java-order-service"",status=""201"",uri=""/orders"",}",1032.0,8.699691211
1790113872.066,java-order-service,"http_server_requests_seconds{error=""none"",exception=""none"",language=""java"",method=""GET"",outcome=""SUCCESS"",service=""java-order-service"",status=""200"",uri=""/actuator/prometheus"",quanti,}",0.0,0.0
1790113872.066,java-order-service,"http_server_requests_seconds{error=""none"",exception=""none"",language=""java"",method=""GET"",outcome=""SUCCESS"",service=""java-order-service"",status=""200"",uri=""/actuator/prometheus"",}",26.0,0.118040042
1790113872.066,java-order-service,"http_server_requests_seconds{error=""none"",exception=""none"",language=""java"",method=""GET"",outcome=""SUCCESS"",service=""java-order-service"",status=""200"",uri=""/actuator/health"",quanti,}",0.0,0.0
1790113872.066,java-order-service,"http_server_requests_seconds{error=""none"",exception=""none"",language=""java"",method=""GET"",outcome=""SUCCESS"",service=""java-order-service"",status=""200"",uri=""/actuator/health"",}",241.0,0.463180211
1790113877.444,java-user-service,"http_server_requests_seconds{error=""none"",exception=""none"",framework=""spring-boot"",language=""java"",method=""GET"",outcome=""SUCCESS"",service=""java-user-service"",status=""200"",uri=""/actuator/health"",quanti,}",0.0,0.0
1790113877.444,java-user-service,"http_server_requests_seconds{error=""none"",exception=""none"",framework=""spring-boot"",language=""java"",method=""GET"",outcome=""SUCCESS"",service=""java-user-service"",status=""200"",uri=""/actuator/health"",}",248.0,8.643271252
1790113877.444,java-user-service,"http_server_requests_seconds{error=""none"",exception=""none"",framework=""spring-boot"",language=""java"",method=""POST"",outcome=""SUCCESS"",service=""java-user-service"",status=""201"",uri=""/users"",quanti,}",0.0,0.0
1790113877.444,java-user-service,"http_server_requests_seconds{error=""none"",exception=""none"",framework=""spring-boot"",language=""java"",method=""POST"",outcome=""SUCCESS"",service=""java-user-service"",status=""201"",uri=""/users"",}",1243.0,296.905267241
1790113877.444,java-user-service,"http_server_requests_seconds{error=""none"",exception=""none"",framework=""spring-boot"",language=""java"",method=""GET"",outcome=""SUCCESS"",service=""java-user-service"",status=""200"",uri=""/users"",quanti,}",0.0,0.0
1790113877.444,java-user-service,"http_server_requests_seconds{error=""none"",exception=""none"",framework=""spring-boot"",language=""java"",method=""GET"",outcome=""SUCCESS"",service=""java-user-service"",status=""200"",uri=""/users"",}",2146.0,44.258839392
1790113877.444,java-user-service,"http_server_requests_seconds{error=""none"",exception=""none"",framework=""spring-boot"",language=""java"",method=""GET"",outcome=""SUCCESS"",service=""java-user-service"",status=""200"",uri=""/actuator/prometheus"",quanti,}",0.0,0.0
1790113877.444,java-user-service,"http_server_requests_seconds{error=""none"",exception=""none"",framework=""spring-boot"",language=""java"",method=""GET"",outcome=""SUCCESS"",service=""java-user-service"",status=""200"",uri=""/actuator/prometheus"",}",27.0,0.182618542
1790113877.444,java-product-service,"http_server_requests_seconds{error=""none"",exception=""none"",language=""java"",method=""GET"",outcome=""SUCCESS"",service=""java-product-service"",status=""200"",uri=""/actuator/health"",quanti,}",0.0,0.0
1790113877.444,java-product-service,"http_server_requests_seconds{error=""none"",exception=""none"",language=""java"",method=""GET"",outcome=""SUCCESS"",service=""java-product-service"",status=""200"",uri=""/actuator/health"",}",249.0,0.838133997
1790113877.444,java-product-service,"http_server_requests_seconds{error=""none"",exception=""none"",language=""java"",method=""GET"",outcome=""SUCCESS"",service=""java-product-service"",status=""200"",uri=""/actuator/prometheus"",quanti,}",0.0,0.0
1790113877.444,java-product-service,"http_server_requests_seconds{error=""none"",exception=""none"",language=""java"",method=""GET"",outcome=""SUCCESS"",service=""java-product-service"",status=""200"",uri=""/actuator/prometheus"",}",27.0,0.142586204
1790113877.444,java-product-service,"http_server_requests_seconds{error=""none"",exception=""none"",language=""java"",method=""POST"",outcome=""SUCCESS"",service=""java-product-service"",status=""201"",uri=""/products"",quanti,}",0.0,0.0
1790113877.444,java-product-service,"http_server_requests_seconds{error=""none"",exception=""none"",language=""java"",method=""POST"",outcome=""SUCCESS"",service=""java-product-service"",status=""201"",uri=""/products"",}",10.0,0.093330292
1790113877.444,java-product-service,"http_server_requests_seconds{error=""none"",exception=""none"",language=""java"",method=""GET"",outcome=""SUCCESS"",service=""java-product-service"",status=""200"",uri=""/products"",quanti,}",0.0,0.0
1790113877.444,java-product-service,"http_server_requests_seconds{error=""none"",exception=""none"",language=""java"",method=""GET"",outcome=""SUCCESS"",service=""java-product-service"",status=""200"",uri=""/products"",}",2146.0,3.742894359
1790113877.444,java-product-service,"http_server_requests_seconds{error=""none"",exception=""none"",language=""java"",method=""GET"",outcome=""SUCCESS"",service=""java-product-service"",status=""200"",uri=""/products/{id}"",quanti,}",0.0,0.0
1790113877.444,java-product-service,"http_server_requests_seconds{error=""none"",exception=""none"",language=""java"",method=""GET"",outcome=""SUCCESS"",service=""java-product-service"",status=""200"",uri=""/products/{id}"",}",1121.0,1.567357035
1790113877.444,java-order-service,"http_server_requests_seconds{error=""none"",exception=""none"",language=""java"",method=""POST"",outcome=""SUCCESS"",service=""java-order-service"",status=""201"",uri=""/orders"",quanti,}",0.0,0.0
1790113877.444,java-order-service,"http_server_requests_seconds{error=""none"",exception=""none"",language=""java"",method=""POST"",outcome=""SUCCESS"",service=""java-order-service"",status=""201"",uri=""/orders"",}",1121.0,9.63691233
1790113877.444,java-order-service,"http_server_requests_seconds{error=""none"",exception=""none"",language=""java"",method=""GET"",outcome=""SUCCESS"",service=""java-order-service"",status=""200"",uri=""/actuator/prometheus"",quanti,}",0.0,0.0
1790113877.444,java-order-service,"http_server_requests_seconds{error=""none"",exception=""none"",language=""java"",method=""GET"",outcome=""SUCCESS"",service=""java-order-service"",status=""200"",uri=""/actuator/prometheus"",}",27.0,0.12022275
1790113877.444,java-order-service,"http_server_requests_seconds{error=""none"",exception=""none"",language=""java"",method=""GET"",outcome=""SUCCESS"",service=""java-order-service"",status=""200"",uri=""/actuator/health"",quanti,}",0.0,0.0
1790113877.444,java-order-service,"http_server_requests_seconds{error=""none"",exception=""none"",language=""java"",method=""GET"",outcome=""SUCCESS"",service=""java-order-service"",status=""200"",uri=""/actuator/health"",}",249.0,0.469353252
1790113882.508,java-user-service,"http_server_requests_seconds{error=""none"",exception=""none"",framework=""spring-boot"",language=""java"",method=""GET"",outcome=""SUCCESS"",service=""java-user-service"",status=""200"",uri=""/actuator/health"",quanti,}",0.0,0.0
1790113882.508,java-user-service,"http_server_requests_seconds{error=""none"",exception=""none"",framework=""spring-boot"",language=""java"",method=""GET"",outcome=""SUCCESS"",service=""java-user-service"",status=""200"",uri=""/actuator/health"",}",256.0,9.692964961
1790113882.508,java-user-service,"http_server_requests_seconds{error=""none"",exception=""none"",framework=""spring-boot"",language=""java"",method=""POST"",outcome=""SUCCESS"",service=""java-user-service"",status=""201"",uri=""/users"",quanti,}",0.0,0.0
1790113882.508,java-user-service,"http_server_requests_seconds{error=""none"",exception=""none"",framework=""spring-boot"",language=""java"",method=""POST"",outcome=""SUCCESS"",service=""java-user-service"",status=""201"",uri=""/users"",}",1323.0,334.094950461
1790113882.508,java-user-service,"http_server_requests_seconds{error=""none"",exception=""none"",framework=""spring-boot"",language=""java"",method=""GET"",outcome=""SUCCESS"",service=""java-user-service"",status=""200"",uri=""/users"",quanti,}",0.0,0.0
1790113882.508,java-user-service,"http_server_requests_seconds{error=""none"",exception=""none"",framework=""spring-boot"",language=""java"",method=""GET"",outcome=""SUCCESS"",service=""java-user-service"",status=""200"",uri=""/users"",}",2245.0,54.4396506
1790113882.508,java-user-service,"http_server_requests_seconds{error=""none"",exception=""none"",framework=""spring-boot"",language=""java"",method=""GET"",outcome=""SUCCESS"",service=""java-user-service"",status=""200"",uri=""/actuator/prometheus"",quanti,}",0.0,0.0
1790113882.508,java-user-service,"http_server_requests_seconds{error=""none"",exception=""none"",framework=""spring-boot"",language=""java"",method=""GET"",outcome=""SUCCESS"",service=""java-user-service"",status=""200"",uri=""/actuator/prometheus"",}",28.0,0.185144042
1790113882.508,java-product-service,"http_server_requests_seconds{error=""none"",exception=""none"",language=""java"",method=""GET"",outcome=""SUCCESS"",service=""java-product-service"",status=""200"",uri=""/actuator/health"",quanti,}",0.0,0.0
1790113882.508,java-product-service,"http_server_requests_seconds{error=""none"",exception=""none"",language=""java"",method=""GET"",outcome=""SUCCESS"",service=""java-product-service"",status=""200"",uri=""/actuator/health"",}",256.0,0.850544289
1790113882.508,java-product-service,"http_server_requests_seconds{error=""none"",exception=""none"",language=""java"",method=""GET"",outcome=""SUCCESS"",service=""java-product-service"",status=""200"",uri=""/actuator/prometheus"",quanti,}",0.0,0.0
1790113882.508,java-product-service,"http_server_requests_seconds{error=""none"",exception=""none"",language=""java"",method=""GET"",outcome=""SUCCESS"",service=""java-product-service"",status=""200"",uri=""/actuator/prometheus"",}",28.0,0.145302579
1790113882.508,java-product-service,"http_server_requests_seconds{error=""none"",exception=""none"",language=""java"",method=""POST"",outcome=""SUCCESS"",service=""java-product-service"",status=""201"",uri=""/products"",quanti,}",0.0,0.0
1790113882.508,java-product-service,"http_server_requests_seconds{error=""none"",exception=""none"",language=""java"",method=""POST"",outcome=""SUCCESS"",service=""java-product-service"",status=""201"",uri=""/products"",}",10.0,0.093330292
1790113882.508,java-product-service,"http_server_requests_seconds{error=""none"",exception=""none"",language=""java"",method=""GET"",outcome=""SUCCESS"",service=""java-product-service"",status=""200"",uri=""/products"",quanti,}",0.0,0.0
1790113882.508,java-product-service,"http_server_requests_seconds{error=""none"",exception=""none"",language=""java"",method=""GET"",outcome=""SUCCESS"",service=""java-product-service"",status=""200"",uri=""/products"",}",2245.0,3.930636658
1790113882.508,java-product-service,"http_server_requests_seconds{error=""none"",exception=""none"",language=""java"",method=""GET"",outcome=""SUCCESS"",service=""java-product-service"",status=""200"",uri=""/products/{id}"",quanti,}",0.0,0.0
1790113882.508,java-product-service,"http_server_requests_seconds{error=""none"",exception=""none"",language=""java"",method=""GET"",outcome=""SUCCESS"",service=""java-product-service"",status=""200"",uri=""/products/{id}"",}",1211.0,1.747950371
1790113882.508,java-order-service,"http_server_requests_seconds{error=""none"",exception=""none"",language=""java"",method=""POST"",outcome=""SUCCESS"",service=""java-order-service"",status=""201"",uri=""/orders"",quanti,}",0.0,0.0
1790113882.508,java-order-service,"http_server_requests_seconds{error=""none"",exception=""none"",language=""java"",method=""POST"",outcome=""SUCCESS"",service=""java-order-service"",status=""201"",uri=""/orders"",}",1211.0,10.789038953
1790113882.508,java-order-service,"http_server_requests_seconds{error=""none"",exception=""none"",language=""java"",method=""GET"",outcome=""SUCCESS"",service=""java-order-service"",status=""200"",uri=""/actuator/prometheus"",quanti,}",0.0,0.0
1790113882.508,java-order-service,"http_server_requests_seconds{error=""none"",exception=""none"",language=""java"",method=""GET"",outcome=""SUCCESS"",service=""java-order-service"",status=""200"",uri=""/actuator/prometheus"",}",28.0,0.122454875
1790113882.508,java-order-service,"http_server_requests_seconds{error=""none"",exception=""none"",language=""java"",method=""GET"",outcome=""SUCCESS"",service=""java-order-service"",status=""200"",uri=""/actuator/health"",quanti,}",0.0,0.0
1790113882.508,java-order-service,"http_server_requests_seconds{error=""none"",exception=""none"",language=""java"",method=""GET"",outcome=""SUCCESS"",service=""java-order-service"",status=""200"",uri=""/actuator/health"",}",256.0,0.474598586
1790113888.062,java-user-service,"http_server_requests_seconds{error=""none"",exception=""none"",framework=""spring-boot"",language=""java"",method=""GET"",outcome=""SUCCESS"",service=""java-user-service"",status=""200"",uri=""/actuator/health"",quanti,}",0.0,0.0
1790113888.062,java-user-service,"http_server_requests_seconds{error=""none"",exception=""none"",framework=""spring-boot"",language=""java"",method=""GET"",outcome=""SUCCESS"",service=""java-user-service"",status=""200"",uri=""/actuator/health"",}",262.0,10.960634337
1790113888.062,java-user-service,"http_server_requests_seconds{error=""none"",exception=""none"",framework=""spring-boot"",language=""java"",method=""POST"",outcome=""SUCCESS"",service=""java-user-service"",status=""201"",uri=""/users"",quanti,}",0.0,0.0
1790113888.062,java-user-service,"http_server_requests_seconds{error=""none"",exception=""none"",framework=""spring-boot"",language=""java"",method=""POST"",outcome=""SUCCESS"",service=""java-user-service"",status=""201"",uri=""/users"",}",1429.0,393.299692986
1790113888.062,java-user-service,"http_server_requests_seconds{error=""none"",exception=""none"",framework=""spring-boot"",language=""java"",method=""GET"",outcome=""SUCCESS"",service=""java-user-service"",status=""200"",uri=""/users"",quanti,}",0.0,0.0
1790113888.062,java-user-service,"http_server_requests_seconds{error=""none"",exception=""none"",framework=""spring-boot"",language=""java"",method=""GET"",outcome=""SUCCESS"",service=""java-user-service"",status=""200"",uri=""/users"",}",2349.0,64.072778193
1790113888.062,java-user-service,"http_server_requests_seconds{error=""none"",exception=""none"",framework=""spring-boot"",language=""java"",method=""GET"",outcome=""SUCCESS"",service=""java-user-service"",status=""200"",uri=""/actuator/prometheus"",quanti,}",0.0,0.0
1790113888.062,java-user-service,"http_server_requests_seconds{error=""none"",exception=""none"",framework=""spring-boot"",language=""java"",method=""GET"",outcome=""SUCCESS"",service=""java-user-service"",status=""200"",uri=""/actuator/prometheus"",}",29.0,0.187802042
1790113888.062,java-product-service,"http_server_requests_seconds{error=""none"",exception=""none"",language=""java"",method=""GET"",outcome=""SUCCESS"",service=""java-product-service"",status=""200"",uri=""/actuator/health"",quanti,}",0.0,0.0
1790113888.062,java-product-service,"http_server_requests_seconds{error=""none"",exception=""none"",language=""java"",method=""GET"",outcome=""SUCCESS"",service=""java-product-service"",status=""200"",uri=""/actuator/health"",}",263.0,0.860120374
1790113888.062,java-product-service,"http_server_requests_seconds{error=""none"",exception=""none"",language=""java"",method=""GET"",outcome=""SUCCESS"",service=""java-product-service"",status=""200"",uri=""/actuator/prometheus"",quanti,}",0.0,0.0
1790113888.062,java-product-service,"http_server_requests_seconds{error=""none"",exception=""none"",language=""java"",method=""GET"",outcome=""SUCCESS"",service=""java-product-service"",status=""200"",uri=""/actuator/prometheus"",}",29.0,0.147802329
1790113888.062,java-product-service,"http_server_requests_seconds{error=""none"",exception=""none"",language=""java"",method=""POST"",outcome=""SUCCESS"",service=""java-product-service"",status=""201"",uri=""/products"",quanti,}",0.0,0.0
1790113888.062,java-product-service,"http_server_requests_seconds{error=""none"",exception=""none"",language=""java"",method=""POST"",outcome=""SUCCESS"",service=""java-product-service"",status=""201"",uri=""/products"",}",10.0,0.093330292
1790113888.062,java-product-service,"http_server_requests_seconds{error=""none"",exception=""none"",language=""java"",method=""GET"",outcome=""SUCCESS"",service=""java-product-service"",status=""200"",uri=""/products"",quanti,}",0.0,0.0
1790113888.062,java-product-service,"http_server_requests_seconds{error=""none"",exception=""none"",language=""java"",method=""GET"",outcome=""SUCCESS"",service=""java-product-service"",status=""200"",uri=""/products"",}",2335.0,4.040980203
1790113888.062,java-product-service,"http_server_requests_seconds{error=""none"",exception=""none"",language=""java"",method=""GET"",outcome=""SUCCESS"",service=""java-product-service"",status=""200"",uri=""/products/{id}"",quanti,}",0.0,0.0
1790113888.062,java-product-service,"http_server_requests_seconds{error=""none"",exception=""none"",language=""java"",method=""GET"",outcome=""SUCCESS"",service=""java-product-service"",status=""200"",uri=""/products/{id}"",}",1304.0,1.900629413
1790113888.062,java-order-service,"http_server_requests_seconds{error=""none"",exception=""none"",language=""java"",method=""POST"",outcome=""SUCCESS"",service=""java-order-service"",status=""201"",uri=""/orders"",quanti,}",0.0,0.0
1790113888.062,java-order-service,"http_server_requests_seconds{error=""none"",exception=""none"",language=""java"",method=""POST"",outcome=""SUCCESS"",service=""java-order-service"",status=""201"",uri=""/orders"",}",1304.0,11.745616249
1790113888.062,java-order-service,"http_server_requests_seconds{error=""none"",exception=""none"",language=""java"",method=""GET"",outcome=""SUCCESS"",service=""java-order-service"",status=""200"",uri=""/actuator/prometheus"",quanti,}",0.0,0.0
1790113888.062,java-order-service,"http_server_requests_seconds{error=""none"",exception=""none"",language=""java"",method=""GET"",outcome=""SUCCESS"",service=""java-order-service"",status=""200"",uri=""/actuator/prometheus"",}",29.0,0.125019125
1790113888.062,java-order-service,"http_server_requests_seconds{error=""none"",exception=""none"",language=""java"",method=""GET"",outcome=""SUCCESS"",service=""java-order-service"",status=""200"",uri=""/actuator/health"",quanti,}",0.0,0.0
1790113888.062,java-order-service,"http_server_requests_seconds{error=""none"",exception=""none"",language=""java"",method=""GET"",outcome=""SUCCESS"",service=""java-order-service"",status=""200"",uri=""/actuator/health"",}",263.0,0.480103544
1790113893.219,java-user-service,"http_server_requests_seconds{error=""none"",exception=""none"",framework=""spring-boot"",language=""java"",method=""GET"",outcome=""SUCCESS"",service=""java-user-service"",status=""200"",uri=""/actuator/health"",quanti,}",0.0,0.0
1790113893.219,java-user-service,"http_server_requests_seconds{error=""none"",exception=""none"",framework=""spring-boot"",language=""java"",method=""GET"",outcome=""SUCCESS"",service=""java-user-service"",status=""200"",uri=""/actuator/health"",}",269.0,11.57699417
1790113893.219,java-user-service,"http_server_requests_seconds{error=""none"",exception=""none"",framework=""spring-boot"",language=""java"",method=""POST"",outcome=""SUCCESS"",service=""java-user-service"",status=""201"",uri=""/users"",quanti,}",0.0,0.0
1790113893.219,java-user-service,"http_server_requests_seconds{error=""none"",exception=""none"",framework=""spring-boot"",language=""java"",method=""POST"",outcome=""SUCCESS"",service=""java-user-service"",status=""201"",uri=""/users"",}",1512.0,429.978560586
1790113893.219,java-user-service,"http_server_requests_seconds{error=""none"",exception=""none"",framework=""spring-boot"",language=""java"",method=""GET"",outcome=""SUCCESS"",service=""java-user-service"",status=""200"",uri=""/users"",quanti,}",0.0,0.0
1790113893.219,java-user-service,"http_server_requests_seconds{error=""none"",exception=""none"",framework=""spring-boot"",language=""java"",method=""GET"",outcome=""SUCCESS"",service=""java-user-service"",status=""200"",uri=""/users"",}",2436.0,73.217799695
1790113893.219,java-user-service,"http_server_requests_seconds{error=""none"",exception=""none"",framework=""spring-boot"",language=""java"",method=""GET"",outcome=""SUCCESS"",service=""java-user-service"",status=""200"",uri=""/actuator/prometheus"",quanti,}",0.0,0.0
1790113893.219,java-user-service,"http_server_requests_seconds{error=""none"",exception=""none"",framework=""spring-boot"",language=""java"",method=""GET"",outcome=""SUCCESS"",service=""java-user-service"",status=""200"",uri=""/actuator/prometheus"",}",30.0,0.190225292
1790113893.219,java-product-service,"http_server_requests_seconds{error=""none"",exception=""none"",language=""java"",method=""GET"",outcome=""SUCCESS"",service=""java-product-service"",status=""200"",uri=""/actuator/health"",quanti,}",0.0,0.0
1790113893.219,java-product-service,"http_server_requests_seconds{error=""none"",exception=""none"",language=""java"",method=""GET"",outcome=""SUCCESS"",service=""java-product-service"",status=""200"",uri=""/actuator/health"",}",269.0,0.868544541
1790113893.219,java-product-service,"http_server_requests_seconds{error=""none"",exception=""none"",language=""java"",method=""GET"",outcome=""SUCCESS"",service=""java-product-service"",status=""200"",uri=""/actuator/prometheus"",quanti,}",0.0,0.0
1790113893.219,java-product-service,"http_server_requests_seconds{error=""none"",exception=""none"",language=""java"",method=""GET"",outcome=""SUCCESS"",service=""java-product-service"",status=""200"",uri=""/actuator/prometheus"",}",30.0,0.150392287
1790113893.219,java-product-service,"http_server_requests_seconds{error=""none"",exception=""none"",language=""java"",method=""POST"",outcome=""SUCCESS"",service=""java-product-service"",status=""201"",uri=""/products"",quanti,}",0.0,0.0
1790113893.219,java-product-service,"http_server_requests_seconds{error=""none"",exception=""none"",language=""java"",method=""POST"",outcome=""SUCCESS"",service=""java-product-service"",status=""201"",uri=""/products"",}",10.0,0.093330292
1790113893.219,java-product-service,"http_server_requests_seconds{error=""none"",exception=""none"",language=""java"",method=""GET"",outcome=""SUCCESS"",service=""java-product-service"",status=""200"",uri=""/products"",quanti,}",0.0,0.0
1790113893.219,java-product-service,"http_server_requests_seconds{error=""none"",exception=""none"",language=""java"",method=""GET"",outcome=""SUCCESS"",service=""java-product-service"",status=""200"",uri=""/products"",}",2436.0,4.149335621
1790113893.219,java-product-service,"http_server_requests_seconds{error=""none"",exception=""none"",language=""java"",method=""GET"",outcome=""SUCCESS"",service=""java-product-service"",status=""200"",uri=""/products/{id}"",quanti,}",0.0,0.0
1790113893.219,java-product-service,"http_server_requests_seconds{error=""none"",exception=""none"",language=""java"",method=""GET"",outcome=""SUCCESS"",service=""java-product-service"",status=""200"",uri=""/products/{id}"",}",1400.0,2.026061161
1790113893.219,java-order-service,"http_server_requests_seconds{error=""none"",exception=""none"",language=""java"",method=""POST"",outcome=""SUCCESS"",service=""java-order-service"",status=""201"",uri=""/orders"",quanti,}",0.0,0.0
1790113893.219,java-order-service,"http_server_requests_seconds{error=""none"",exception=""none"",language=""java"",method=""POST"",outcome=""SUCCESS"",service=""java-order-service"",status=""201"",uri=""/orders"",}",1400.0,12.487426033
1790113893.219,java-order-service,"http_server_requests_seconds{error=""none"",exception=""none"",language=""java"",method=""GET"",outcome=""SUCCESS"",service=""java-order-service"",status=""200"",uri=""/actuator/prometheus"",quanti,}",0.0,0.0
1790113893.219,java-order-service,"http_server_requests_seconds{error=""none"",exception=""none"",language=""java"",method=""GET"",outcome=""SUCCESS"",service=""java-order-service"",status=""200"",uri=""/actuator/prometheus"",}",30.0,0.127365667
1790113893.219,java-order-service,"http_server_requests_seconds{error=""none"",exception=""none"",language=""java"",method=""GET"",outcome=""SUCCESS"",service=""java-order-service"",status=""200"",uri=""/actuator/health"",quanti,}",0.0,0.0
1790113893.219,java-order-service,"http_server_requests_seconds{error=""none"",exception=""none"",language=""java"",method=""GET"",outcome=""SUCCESS"",service=""java-order-service"",status=""200"",uri=""/actuator/health"",}",270.0,0.484992585
1790113898.444,java-user-service,"http_server_requests_seconds{error=""none"",exception=""none"",framework=""spring-boot"",language=""java"",method=""GET"",outcome=""SUCCESS"",service=""java-user-service"",status=""200"",uri=""/actuator/health"",quanti,}",0.0,0.0
1790113898.444,java-user-service,"http_server_requests_seconds{error=""none"",exception=""none"",framework=""spring-boot"",language=""java"",method=""GET"",outcome=""SUCCESS"",service=""java-user-service"",status=""200"",uri=""/actuator/health"",}",276.0,12.13719113
1790113898.444,java-user-service,"http_server_requests_seconds{error=""none"",exception=""none"",framework=""spring-boot"",language=""java"",method=""POST"",outcome=""SUCCESS"",service=""java-user-service"",status=""201"",uri=""/users"",quanti,}",0.0,0.0
1790113898.444,java-user-service,"http_server_requests_seconds{error=""none"",exception=""none"",framework=""spring-boot"",language=""java"",method=""POST"",outcome=""SUCCESS"",service=""java-user-service"",status=""201"",uri=""/users"",}",1624.0,486.808449287
1790113898.444,java-user-service,"http_server_requests_seconds{error=""none"",exception=""none"",framework=""spring-boot"",language=""java"",method=""GET"",outcome=""SUCCESS"",service=""java-user-service"",status=""200"",uri=""/users"",quanti,}",0.0,0.0
1790113898.444,java-user-service,"http_server_requests_seconds{error=""none"",exception=""none"",framework=""spring-boot"",language=""java"",method=""GET"",outcome=""SUCCESS"",service=""java-user-service"",status=""200"",uri=""/users"",}",2542.0,82.202782529
1790113898.444,java-user-service,"http_server_requests_seconds{error=""none"",exception=""none"",framework=""spring-boot"",language=""java"",method=""GET"",outcome=""SUCCESS"",service=""java-user-service"",status=""200"",uri=""/actuator/prometheus"",quanti,}",0.0,0.0
1790113898.444,java-user-service,"http_server_requests_seconds{error=""none"",exception=""none"",framework=""spring-boot"",language=""java"",method=""GET"",outcome=""SUCCESS"",service=""java-user-service"",status=""200"",uri=""/actuator/prometheus"",}",31.0,0.193479917
1790113898.444,java-product-service,"http_server_requests_seconds{error=""none"",exception=""none"",language=""java"",method=""GET"",outcome=""SUCCESS"",service=""java-product-service"",status=""200"",uri=""/actuator/health"",quanti,}",0.0,0.0
1790113898.444,java-product-service,"http_server_requests_seconds{error=""none"",exception=""none"",language=""java"",method=""GET"",outcome=""SUCCESS"",service=""java-product-service"",status=""200"",uri=""/actuator/health"",}",277.0,0.879130167
1790113898.444,java-product-service,"http_server_requests_seconds{error=""none"",exception=""none"",language=""java"",method=""GET"",outcome=""SUCCESS"",service=""java-product-service"",status=""200"",uri=""/actuator/prometheus"",quanti,}",0.0,0.0
1790113898.444,java-product-service,"http_server_requests_seconds{error=""none"",exception=""none"",language=""java"",method=""GET"",outcome=""SUCCESS"",service=""java-product-service"",status=""200"",uri=""/actuator/prometheus"",}",31.0,0.153519996
1790113898.444,java-product-service,"http_server_requests_seconds{error=""none"",exception=""none"",language=""java"",method=""POST"",outcome=""SUCCESS"",service=""java-product-service"",status=""201"",uri=""/products"",quanti,}",0.0,0.0
1790113898.444,java-product-service,"http_server_requests_seconds{error=""none"",exception=""none"",language=""java"",method=""POST"",outcome=""SUCCESS"",service=""java-product-service"",status=""201"",uri=""/products"",}",10.0,0.093330292
1790113898.444,java-product-service,"http_server_requests_seconds{error=""none"",exception=""none"",language=""java"",method=""GET"",outcome=""SUCCESS"",service=""java-product-service"",status=""200"",uri=""/products"",quanti,}",0.0,0.0
1790113898.444,java-product-service,"http_server_requests_seconds{error=""none"",exception=""none"",language=""java"",method=""GET"",outcome=""SUCCESS"",service=""java-product-service"",status=""200"",uri=""/products"",}",2531.0,4.300825783
1790113898.444,java-product-service,"http_server_requests_seconds{error=""none"",exception=""none"",language=""java"",method=""GET"",outcome=""SUCCESS"",service=""java-product-service"",status=""200"",uri=""/products/{id}"",quanti,}",0.0,0.0
1790113898.444,java-product-service,"http_server_requests_seconds{error=""none"",exception=""none"",language=""java"",method=""GET"",outcome=""SUCCESS"",service=""java-product-service"",status=""200"",uri=""/products/{id}"",}",1498.0,2.150797418
1790113898.444,java-order-service,"http_server_requests_seconds{error=""none"",exception=""none"",language=""java"",method=""POST"",outcome=""SUCCESS"",service=""java-order-service"",status=""201"",uri=""/orders"",quanti,}",0.0,0.0
1790113898.444,java-order-service,"http_server_requests_seconds{error=""none"",exception=""none"",language=""java"",method=""POST"",outcome=""SUCCESS"",service=""java-order-service"",status=""201"",uri=""/orders"",}",1498.0,13.50622603
1790113898.444,java-order-service,"http_server_requests_seconds{error=""none"",exception=""none"",language=""java"",method=""GET"",outcome=""SUCCESS"",service=""java-order-service"",status=""200"",uri=""/actuator/prometheus"",quanti,}",0.0,0.0
1790113898.444,java-order-service,"http_server_requests_seconds{error=""none"",exception=""none"",language=""java"",method=""GET"",outcome=""SUCCESS"",service=""java-order-service"",status=""200"",uri=""/actuator/prometheus"",}",31.0,0.129324001
1790113898.444,java-order-service,"http_server_requests_seconds{error=""none"",exception=""none"",language=""java"",method=""GET"",outcome=""SUCCESS"",service=""java-order-service"",status=""200"",uri=""/actuator/health"",quanti,}",0.0,0.0
1790113898.444,java-order-service,"http_server_requests_seconds{error=""none"",exception=""none"",language=""java"",method=""GET"",outcome=""SUCCESS"",service=""java-order-service"",status=""200"",uri=""/actuator/health"",}",277.0,0.490057209
1790113903.636,java-user-service,"http_server_requests_seconds{error=""none"",exception=""none"",framework=""spring-boot"",language=""java"",method=""GET"",outcome=""SUCCESS"",service=""java-user-service"",status=""200"",uri=""/actuator/health"",quanti,}",0.0,0.0
1790113903.636,java-user-service,"http_server_requests_seconds{error=""none"",exception=""none"",framework=""spring-boot"",language=""java"",method=""GET"",outcome=""SUCCESS"",service=""java-user-service"",status=""200"",uri=""/actuator/health"",}",283.0,13.872516422
1790113903.636,java-user-service,"http_server_requests_seconds{error=""none"",exception=""none"",framework=""spring-boot"",language=""java"",method=""POST"",outcome=""SUCCESS"",service=""java-user-service"",status=""201"",uri=""/users"",quanti,}",0.0,0.0
1790113903.636,java-user-service,"http_server_requests_seconds{error=""none"",exception=""none"",framework=""spring-boot"",language=""java"",method=""POST"",outcome=""SUCCESS"",service=""java-user-service"",status=""201"",uri=""/users"",}",1729.0,551.589033574
1790113903.636,java-user-service,"http_server_requests_seconds{error=""none"",exception=""none"",framework=""spring-boot"",language=""java"",method=""GET"",outcome=""SUCCESS"",service=""java-user-service"",status=""200"",uri=""/users"",quanti,}",0.0,0.0
1790113903.636,java-user-service,"http_server_requests_seconds{error=""none"",exception=""none"",framework=""spring-boot"",language=""java"",method=""GET"",outcome=""SUCCESS"",service=""java-user-service"",status=""200"",uri=""/users"",}",2643.0,91.669871945
1790113903.636,java-user-service,"http_server_requests_seconds{error=""none"",exception=""none"",framework=""spring-boot"",language=""java"",method=""GET"",outcome=""SUCCESS"",service=""java-user-service"",status=""200"",uri=""/actuator/prometheus"",quanti,}",0.0,0.0
1790113903.636,java-user-service,"http_server_requests_seconds{error=""none"",exception=""none"",framework=""spring-boot"",language=""java"",method=""GET"",outcome=""SUCCESS"",service=""java-user-service"",status=""200"",uri=""/actuator/prometheus"",}",32.0,0.196682458
1790113903.636,java-product-service,"http_server_requests_seconds{error=""none"",exception=""none"",language=""java"",method=""GET"",outcome=""SUCCESS"",service=""java-product-service"",status=""200"",uri=""/actuator/health"",quanti,}",0.0,0.0
1790113903.636,java-product-service,"http_server_requests_seconds{error=""none"",exception=""none"",language=""java"",method=""GET"",outcome=""SUCCESS"",service=""java-product-service"",status=""200"",uri=""/actuator/health"",}",283.0,0.888437375
1790113903.636,java-product-service,"http_server_requests_seconds{error=""none"",exception=""none"",language=""java"",method=""GET"",outcome=""SUCCESS"",service=""java-product-service"",status=""200"",uri=""/actuator/prometheus"",quanti,}",0.0,0.0
1790113903.636,java-product-service,"http_server_requests_seconds{error=""none"",exception=""none"",language=""java"",method=""GET"",outcome=""SUCCESS"",service=""java-product-service"",status=""200"",uri=""/actuator/prometheus"",}",32.0,0.156415579
1790113903.636,java-product-service,"http_server_requests_seconds{error=""none"",exception=""none"",language=""java"",method=""POST"",outcome=""SUCCESS"",service=""java-product-service"",status=""201"",uri=""/products"",quanti,}",0.0,0.0
1790113903.636,java-product-service,"http_server_requests_seconds{error=""none"",exception=""none"",language=""java"",method=""POST"",outcome=""SUCCESS"",service=""java-product-service"",status=""201"",uri=""/products"",}",10.0,0.093330292
1790113903.636,java-product-service,"http_server_requests_seconds{error=""none"",exception=""none"",language=""java"",method=""GET"",outcome=""SUCCESS"",service=""java-product-service"",status=""200"",uri=""/products"",quanti,}",0.0,0.0
1790113903.636,java-product-service,"http_server_requests_seconds{error=""none"",exception=""none"",language=""java"",method=""GET"",outcome=""SUCCESS"",service=""java-product-service"",status=""200"",uri=""/products"",}",2632.0,4.778535322
1790113903.636,java-product-service,"http_server_requests_seconds{error=""none"",exception=""none"",language=""java"",method=""GET"",outcome=""SUCCESS"",service=""java-product-service"",status=""200"",uri=""/products/{id}"",quanti,}",0.0,0.0
1790113903.636,java-product-service,"http_server_requests_seconds{error=""none"",exception=""none"",language=""java"",method=""GET"",outcome=""SUCCESS"",service=""java-product-service"",status=""200"",uri=""/products/{id}"",}",1594.0,2.279067958
1790113903.636,java-order-service,"http_server_requests_seconds{error=""none"",exception=""none"",language=""java"",method=""POST"",outcome=""SUCCESS"",service=""java-order-service"",status=""201"",uri=""/orders"",quanti,}",0.0,0.0
1790113903.636,java-order-service,"http_server_requests_seconds{error=""none"",exception=""none"",language=""java"",method=""POST"",outcome=""SUCCESS"",service=""java-order-service"",status=""201"",uri=""/orders"",}",1594.0,14.434334864
1790113903.636,java-order-service,"http_server_requests_seconds{error=""none"",exception=""none"",language=""java"",method=""GET"",outcome=""SUCCESS"",service=""java-order-service"",status=""200"",uri=""/actuator/prometheus"",quanti,}",0.0,0.0
1790113903.636,java-order-service,"http_server_requests_seconds{error=""none"",exception=""none"",language=""java"",method=""GET"",outcome=""SUCCESS"",service=""java-order-service"",status=""200"",uri=""/actuator/prometheus"",}",32.0,0.131815126
1790113903.636,java-order-service,"http_server_requests_seconds{error=""none"",exception=""none"",language=""java"",method=""GET"",outcome=""SUCCESS"",service=""java-order-service"",status=""200"",uri=""/actuator/health"",quanti,}",0.0,0.0
1790113903.636,java-order-service,"http_server_requests_seconds{error=""none"",exception=""none"",language=""java"",method=""GET"",outcome=""SUCCESS"",service=""java-order-service"",status=""200"",uri=""/actuator/health"",}",284.0,0.494761292
1790113908.674,java-user-service,"http_server_requests_seconds{error=""none"",exception=""none"",framework=""spring-boot"",language=""java"",method=""GET"",outcome=""SUCCESS"",service=""java-user-service"",status=""200"",uri=""/actuator/health"",quanti,}",0.0,0.0
1790113908.674,java-user-service,"http_server_requests_seconds{error=""none"",exception=""none"",framework=""spring-boot"",language=""java"",method=""GET"",outcome=""SUCCESS"",service=""java-user-service"",status=""200"",uri=""/actuator/health"",}",288.0,14.301113422
1790113908.674,java-user-service,"http_server_requests_seconds{error=""none"",exception=""none"",framework=""spring-boot"",language=""java"",method=""POST"",outcome=""SUCCESS"",service=""java-user-service"",status=""201"",uri=""/users"",quanti,}",0.0,0.0
1790113908.674,java-user-service,"http_server_requests_seconds{error=""none"",exception=""none"",framework=""spring-boot"",language=""java"",method=""POST"",outcome=""SUCCESS"",service=""java-user-service"",status=""201"",uri=""/users"",}",1821.0,600.564030638
1790113908.674,java-user-service,"http_server_requests_seconds{error=""none"",exception=""none"",framework=""spring-boot"",language=""java"",method=""GET"",outcome=""SUCCESS"",service=""java-user-service"",status=""200"",uri=""/users"",quanti,}",0.0,0.0
1790113908.674,java-user-service,"http_server_requests_seconds{error=""none"",exception=""none"",framework=""spring-boot"",language=""java"",method=""GET"",outcome=""SUCCESS"",service=""java-user-service"",status=""200"",uri=""/users"",}",2740.0,100.266450865
1790113908.674,java-user-service,"http_server_requests_seconds{error=""none"",exception=""none"",framework=""spring-boot"",language=""java"",method=""GET"",outcome=""SUCCESS"",service=""java-user-service"",status=""200"",uri=""/actuator/prometheus"",quanti,}",0.0,0.0
1790113908.674,java-user-service,"http_server_requests_seconds{error=""none"",exception=""none"",framework=""spring-boot"",language=""java"",method=""GET"",outcome=""SUCCESS"",service=""java-user-service"",status=""200"",uri=""/actuator/prometheus"",}",33.0,0.202033374
1790113908.674,java-product-service,"http_server_requests_seconds{error=""none"",exception=""none"",language=""java"",method=""GET"",outcome=""SUCCESS"",service=""java-product-service"",status=""200"",uri=""/actuator/health"",quanti,}",0.0,0.0
1790113908.674,java-product-service,"http_server_requests_seconds{error=""none"",exception=""none"",language=""java"",method=""GET"",outcome=""SUCCESS"",service=""java-product-service"",status=""200"",uri=""/actuator/health"",}",289.0,0.896039918
1790113908.674,java-product-service,"http_server_requests_seconds{error=""none"",exception=""none"",language=""java"",method=""GET"",outcome=""SUCCESS"",service=""java-product-service"",status=""200"",uri=""/actuator/prometheus"",quanti,}",0.0,0.0
1790113908.674,java-product-service,"http_server_requests_seconds{error=""none"",exception=""none"",language=""java"",method=""GET"",outcome=""SUCCESS"",service=""java-product-service"",status=""200"",uri=""/actuator/prometheus"",}",33.0,0.159191662
1790113908.674,java-product-service,"http_server_requests_seconds{error=""none"",exception=""none"",language=""java"",method=""POST"",outcome=""SUCCESS"",service=""java-product-service"",status=""201"",uri=""/products"",quanti,}",0.0,0.0
1790113908.674,java-product-service,"http_server_requests_seconds{error=""none"",exception=""none"",language=""java"",method=""POST"",outcome=""SUCCESS"",service=""java-product-service"",status=""201"",uri=""/products"",}",10.0,0.093330292
1790113908.674,java-product-service,"http_server_requests_seconds{error=""none"",exception=""none"",language=""java"",method=""GET"",outcome=""SUCCESS"",service=""java-product-service"",status=""200"",uri=""/products"",quanti,}",0.0,0.0
1790113908.674,java-product-service,"http_server_requests_seconds{error=""none"",exception=""none"",language=""java"",method=""GET"",outcome=""SUCCESS"",service=""java-product-service"",status=""200"",uri=""/products"",}",2729.0,4.863408997
1790113908.674,java-product-service,"http_server_requests_seconds{error=""none"",exception=""none"",language=""java"",method=""GET"",outcome=""SUCCESS"",service=""java-product-service"",status=""200"",uri=""/products/{id}"",quanti,}",0.0,0.0
1790113908.674,java-product-service,"http_server_requests_seconds{error=""none"",exception=""none"",language=""java"",method=""GET"",outcome=""SUCCESS"",service=""java-product-service"",status=""200"",uri=""/products/{id}"",}",1690.0,2.394109335
1790113908.674,java-order-service,"http_server_requests_seconds{error=""none"",exception=""none"",language=""java"",method=""POST"",outcome=""SUCCESS"",service=""java-order-service"",status=""201"",uri=""/orders"",quanti,}",0.0,0.0
1790113908.674,java-order-service,"http_server_requests_seconds{error=""none"",exception=""none"",language=""java"",method=""POST"",outcome=""SUCCESS"",service=""java-order-service"",status=""201"",uri=""/orders"",}",1690.0,15.24564978
1790113908.674,java-order-service,"http_server_requests_seconds{error=""none"",exception=""none"",language=""java"",method=""GET"",outcome=""SUCCESS"",service=""java-order-service"",status=""200"",uri=""/actuator/prometheus"",quanti,}",0.0,0.0
1790113908.674,java-order-service,"http_server_requests_seconds{error=""none"",exception=""none"",language=""java"",method=""GET"",outcome=""SUCCESS"",service=""java-order-service"",status=""200"",uri=""/actuator/prometheus"",}",33.0,0.134810751
1790113908.674,java-order-service,"http_server_requests_seconds{error=""none"",exception=""none"",language=""java"",method=""GET"",outcome=""SUCCESS"",service=""java-order-service"",status=""200"",uri=""/actuator/health"",quanti,}",0.0,0.0
1790113908.674,java-order-service,"http_server_requests_seconds{error=""none"",exception=""none"",language=""java"",method=""GET"",outcome=""SUCCESS"",service=""java-order-service"",status=""200"",uri=""/actuator/health"",}",289.0,0.497849083
1790113913.728,java-user-service,"http_server_requests_seconds{error=""none"",exception=""none"",framework=""spring-boot"",language=""java"",method=""GET"",outcome=""SUCCESS"",service=""java-user-service"",status=""200"",uri=""/actuator/health"",quanti,}",0.0,0.0
1790113913.728,java-user-service,"http_server_requests_seconds{error=""none"",exception=""none"",framework=""spring-boot"",language=""java"",method=""GET"",outcome=""SUCCESS"",service=""java-user-service"",status=""200"",uri=""/actuator/health"",}",295.0,16.586627465
1790113913.728,java-user-service,"http_server_requests_seconds{error=""none"",exception=""none"",framework=""spring-boot"",language=""java"",method=""POST"",outcome=""SUCCESS"",service=""java-user-service"",status=""201"",uri=""/users"",quanti,}",0.0,0.0
1790113913.728,java-user-service,"http_server_requests_seconds{error=""none"",exception=""none"",framework=""spring-boot"",language=""java"",method=""POST"",outcome=""SUCCESS"",service=""java-user-service"",status=""201"",uri=""/users"",}",1919.0,658.459572535
1790113913.728,java-user-service,"http_server_requests_seconds{error=""none"",exception=""none"",framework=""spring-boot"",language=""java"",method=""GET"",outcome=""SUCCESS"",service=""java-user-service"",status=""200"",uri=""/users"",quanti,}",0.0,0.0
1790113913.728,java-user-service,"http_server_requests_seconds{error=""none"",exception=""none"",framework=""spring-boot"",language=""java"",method=""GET"",outcome=""SUCCESS"",service=""java-user-service"",status=""200"",uri=""/users"",}",2839.0,115.989926903
1790113913.728,java-user-service,"http_server_requests_seconds{error=""none"",exception=""none"",framework=""spring-boot"",language=""java"",method=""GET"",outcome=""SUCCESS"",service=""java-user-service"",status=""200"",uri=""/actuator/prometheus"",quanti,}",0.0,0.0
1790113913.728,java-user-service,"http_server_requests_seconds{error=""none"",exception=""none"",framework=""spring-boot"",language=""java"",method=""GET"",outcome=""SUCCESS"",service=""java-user-service"",status=""200"",uri=""/actuator/prometheus"",}",34.0,0.204484499
1790113913.728,java-product-service,"http_server_requests_seconds{error=""none"",exception=""none"",language=""java"",method=""GET"",outcome=""SUCCESS"",service=""java-product-service"",status=""200"",uri=""/actuator/health"",quanti,}",0.0,0.0
1790113913.728,java-product-service,"http_server_requests_seconds{error=""none"",exception=""none"",language=""java"",method=""GET"",outcome=""SUCCESS"",service=""java-product-service"",status=""200"",uri=""/actuator/health"",}",296.0,0.90626296
1790113913.728,java-product-service,"http_server_requests_seconds{error=""none"",exception=""none"",language=""java"",method=""GET"",outcome=""SUCCESS"",service=""java-product-service"",status=""200"",uri=""/actuator/prometheus"",quanti,}",0.0,0.0
1790113913.728,java-product-service,"http_server_requests_seconds{error=""none"",exception=""none"",language=""java"",method=""GET"",outcome=""SUCCESS"",service=""java-product-service"",status=""200"",uri=""/actuator/prometheus"",}",34.0,0.161549412
1790113913.728,java-product-service,"http_server_requests_seconds{error=""none"",exception=""none"",language=""java"",method=""POST"",outcome=""SUCCESS"",service=""java-product-service"",status=""201"",uri=""/products"",quanti,}",0.0,0.0
1790113913.728,java-product-service,"http_server_requests_seconds{error=""none"",exception=""none"",language=""java"",method=""POST"",outcome=""SUCCESS"",service=""java-product-service"",status=""201"",uri=""/products"",}",10.0,0.093330292
1790113913.728,java-product-service,"http_server_requests_seconds{error=""none"",exception=""none"",language=""java"",method=""GET"",outcome=""SUCCESS"",service=""java-product-service"",status=""200"",uri=""/products"",quanti,}",0.0,0.0
1790113913.728,java-product-service,"http_server_requests_seconds{error=""none"",exception=""none"",language=""java"",method=""GET"",outcome=""SUCCESS"",service=""java-product-service"",status=""200"",uri=""/products"",}",2839.0,4.987661241
1790113913.728,java-product-service,"http_server_requests_seconds{error=""none"",exception=""none"",language=""java"",method=""GET"",outcome=""SUCCESS"",service=""java-product-service"",status=""200"",uri=""/products/{id}"",quanti,}",0.0,0.0
1790113913.728,java-product-service,"http_server_requests_seconds{error=""none"",exception=""none"",language=""java"",method=""GET"",outcome=""SUCCESS"",service=""java-product-service"",status=""200"",uri=""/products/{id}"",}",1807.0,2.533611421
1790113913.728,java-order-service,"http_server_requests_seconds{error=""none"",exception=""none"",language=""java"",method=""POST"",outcome=""SUCCESS"",service=""java-order-service"",status=""201"",uri=""/orders"",quanti,}",0.0,0.0
1790113913.728,java-order-service,"http_server_requests_seconds{error=""none"",exception=""none"",language=""java"",method=""POST"",outcome=""SUCCESS"",service=""java-order-service"",status=""201"",uri=""/orders"",}",1807.0,16.308952736
1790113913.728,java-order-service,"http_server_requests_seconds{error=""none"",exception=""none"",language=""java"",method=""GET"",outcome=""SUCCESS"",service=""java-order-service"",status=""200"",uri=""/actuator/prometheus"",quanti,}",0.0,0.0
1790113913.728,java-order-service,"http_server_requests_seconds{error=""none"",exception=""none"",language=""java"",method=""GET"",outcome=""SUCCESS"",service=""java-order-service"",status=""200"",uri=""/actuator/prometheus"",}",34.0,0.137243459
1790113913.728,java-order-service,"http_server_requests_seconds{error=""none"",exception=""none"",language=""java"",method=""GET"",outcome=""SUCCESS"",service=""java-order-service"",status=""200"",uri=""/actuator/health"",quanti,}",0.0,0.0
1790113913.728,java-order-service,"http_server_requests_seconds{error=""none"",exception=""none"",language=""java"",method=""GET"",outcome=""SUCCESS"",service=""java-order-service"",status=""200"",uri=""/actuator/health"",}",296.0,0.503752332
1790113919.018,java-user-service,"http_server_requests_seconds{error=""none"",exception=""none"",framework=""spring-boot"",language=""java"",method=""GET"",outcome=""SUCCESS"",service=""java-user-service"",status=""200"",uri=""/actuator/health"",quanti,}",0.0,0.0
1790113919.018,java-user-service,"http_server_requests_seconds{error=""none"",exception=""none"",framework=""spring-boot"",language=""java"",method=""GET"",outcome=""SUCCESS"",service=""java-user-service"",status=""200"",uri=""/actuator/health"",}",300.0,17.794040298
1790113919.018,java-user-service,"http_server_requests_seconds{error=""none"",exception=""none"",framework=""spring-boot"",language=""java"",method=""POST"",outcome=""SUCCESS"",service=""java-user-service"",status=""201"",uri=""/users"",quanti,}",0.0,0.0
1790113919.018,java-user-service,"http_server_requests_seconds{error=""none"",exception=""none"",framework=""spring-boot"",language=""java"",method=""POST"",outcome=""SUCCESS"",service=""java-user-service"",status=""201"",uri=""/users"",}",2030.0,737.726631653
1790113919.018,java-user-service,"http_server_requests_seconds{error=""none"",exception=""none"",framework=""spring-boot"",language=""java"",method=""GET"",outcome=""SUCCESS"",service=""java-user-service"",status=""200"",uri=""/users"",quanti,}",0.0,0.0
1790113919.018,java-user-service,"http_server_requests_seconds{error=""none"",exception=""none"",framework=""spring-boot"",language=""java"",method=""GET"",outcome=""SUCCESS"",service=""java-user-service"",status=""200"",uri=""/users"",}",2959.0,143.552115629
1790113919.018,java-user-service,"http_server_requests_seconds{error=""none"",exception=""none"",framework=""spring-boot"",language=""java"",method=""GET"",outcome=""SUCCESS"",service=""java-user-service"",status=""200"",uri=""/actuator/prometheus"",quanti,}",0.0,0.0
1790113919.018,java-user-service,"http_server_requests_seconds{error=""none"",exception=""none"",framework=""spring-boot"",language=""java"",method=""GET"",outcome=""SUCCESS"",service=""java-user-service"",status=""200"",uri=""/actuator/prometheus"",}",35.0,0.207152957
1790113919.018,java-product-service,"http_server_requests_seconds{error=""none"",exception=""none"",language=""java"",method=""GET"",outcome=""SUCCESS"",service=""java-product-service"",status=""200"",uri=""/actuator/health"",quanti,}",0.0,0.0
1790113919.018,java-product-service,"http_server_requests_seconds{error=""none"",exception=""none"",language=""java"",method=""GET"",outcome=""SUCCESS"",service=""java-product-service"",status=""200"",uri=""/actuator/health"",}",301.0,0.913932794
1790113919.018,java-product-service,"http_server_requests_seconds{error=""none"",exception=""none"",language=""java"",method=""GET"",outcome=""SUCCESS"",service=""java-product-service"",status=""200"",uri=""/actuator/prometheus"",quanti,}",0.0,0.0
1790113919.018,java-product-service,"http_server_requests_seconds{error=""none"",exception=""none"",language=""java"",method=""GET"",outcome=""SUCCESS"",service=""java-product-service"",status=""200"",uri=""/actuator/prometheus"",}",35.0,0.164127162
1790113919.018,java-product-service,"http_server_requests_seconds{error=""none"",exception=""none"",language=""java"",method=""POST"",outcome=""SUCCESS"",service=""java-product-service"",status=""201"",uri=""/products"",quanti,}",0.0,0.0
1790113919.018,java-product-service,"http_server_requests_seconds{error=""none"",exception=""none"",language=""java"",method=""POST"",outcome=""SUCCESS"",service=""java-product-service"",status=""201"",uri=""/products"",}",10.0,0.093330292
1790113919.018,java-product-service,"http_server_requests_seconds{error=""none"",exception=""none"",language=""java"",method=""GET"",outcome=""SUCCESS"",service=""java-product-service"",status=""200"",uri=""/products"",quanti,}",0.0,0.0
1790113919.018,java-product-service,"http_server_requests_seconds{error=""none"",exception=""none"",language=""java"",method=""GET"",outcome=""SUCCESS"",service=""java-product-service"",status=""200"",uri=""/products"",}",2959.0,5.162255492
1790113919.018,java-product-service,"http_server_requests_seconds{error=""none"",exception=""none"",language=""java"",method=""GET"",outcome=""SUCCESS"",service=""java-product-service"",status=""200"",uri=""/products/{id}"",quanti,}",0.0,0.0
1790113919.018,java-product-service,"http_server_requests_seconds{error=""none"",exception=""none"",language=""java"",method=""GET"",outcome=""SUCCESS"",service=""java-product-service"",status=""200"",uri=""/products/{id}"",}",1918.0,2.897847254
1790113919.018,java-order-service,"http_server_requests_seconds{error=""none"",exception=""none"",language=""java"",method=""POST"",outcome=""SUCCESS"",service=""java-order-service"",status=""201"",uri=""/orders"",quanti,}",0.0,0.0
1790113919.018,java-order-service,"http_server_requests_seconds{error=""none"",exception=""none"",language=""java"",method=""POST"",outcome=""SUCCESS"",service=""java-order-service"",status=""201"",uri=""/orders"",}",1918.0,17.583700191
1790113919.018,java-order-service,"http_server_requests_seconds{error=""none"",exception=""none"",language=""java"",method=""GET"",outcome=""SUCCESS"",service=""java-order-service"",status=""200"",uri=""/actuator/prometheus"",quanti,}",0.0,0.0
1790113919.018,java-order-service,"http_server_requests_seconds{error=""none"",exception=""none"",language=""java"",method=""GET"",outcome=""SUCCESS"",service=""java-order-service"",status=""200"",uri=""/actuator/prometheus"",}",35.0,0.139354584
1790113919.018,java-order-service,"http_server_requests_seconds{error=""none"",exception=""none"",language=""java"",method=""GET"",outcome=""SUCCESS"",service=""java-order-service"",status=""200"",uri=""/actuator/health"",quanti,}",0.0,0.0
1790113919.018,java-order-service,"http_server_requests_seconds{error=""none"",exception=""none"",language=""java"",method=""GET"",outcome=""SUCCESS"",service=""java-order-service"",status=""200"",uri=""/actuator/health"",}",301.0,0.507534624
1790113924.845,java-user-service,"http_server_requests_seconds{error=""none"",exception=""none"",framework=""spring-boot"",language=""java"",method=""GET"",outcome=""SUCCESS"",service=""java-user-service"",status=""200"",uri=""/actuator/health"",quanti,}",0.0,0.0
1790113924.845,java-user-service,"http_server_requests_seconds{error=""none"",exception=""none"",framework=""spring-boot"",language=""java"",method=""GET"",outcome=""SUCCESS"",service=""java-user-service"",status=""200"",uri=""/actuator/health"",}",306.0,19.641808174
1790113924.845,java-user-service,"http_server_requests_seconds{error=""none"",exception=""none"",framework=""spring-boot"",language=""java"",method=""POST"",outcome=""SUCCESS"",service=""java-user-service"",status=""201"",uri=""/users"",quanti,}",0.0,0.0
1790113924.845,java-user-service,"http_server_requests_seconds{error=""none"",exception=""none"",framework=""spring-boot"",language=""java"",method=""POST"",outcome=""SUCCESS"",service=""java-user-service"",status=""201"",uri=""/users"",}",2150.0,826.262136425
1790113924.845,java-user-service,"http_server_requests_seconds{error=""none"",exception=""none"",framework=""spring-boot"",language=""java"",method=""GET"",outcome=""SUCCESS"",service=""java-user-service"",status=""200"",uri=""/users"",quanti,}",0.0,0.0
1790113924.845,java-user-service,"http_server_requests_seconds{error=""none"",exception=""none"",framework=""spring-boot"",language=""java"",method=""GET"",outcome=""SUCCESS"",service=""java-user-service"",status=""200"",uri=""/users"",}",3062.0,150.681377765
1790113924.845,java-user-service,"http_server_requests_seconds{error=""none"",exception=""none"",framework=""spring-boot"",language=""java"",method=""GET"",outcome=""SUCCESS"",service=""java-user-service"",status=""200"",uri=""/actuator/prometheus"",quanti,}",0.0,0.0
1790113924.845,java-user-service,"http_server_requests_seconds{error=""none"",exception=""none"",framework=""spring-boot"",language=""java"",method=""GET"",outcome=""SUCCESS"",service=""java-user-service"",status=""200"",uri=""/actuator/prometheus"",}",36.0,0.209657665
1790113924.845,java-product-service,"http_server_requests_seconds{error=""none"",exception=""none"",language=""java"",method=""GET"",outcome=""SUCCESS"",service=""java-product-service"",status=""200"",uri=""/actuator/health"",quanti,}",0.0,0.0
1790113924.845,java-product-service,"http_server_requests_seconds{error=""none"",exception=""none"",language=""java"",method=""GET"",outcome=""SUCCESS"",service=""java-product-service"",status=""200"",uri=""/actuator/health"",}",307.0,0.922171168
1790113924.845,java-product-service,"http_server_requests_seconds{error=""none"",exception=""none"",language=""java"",method=""GET"",outcome=""SUCCESS"",service=""java-product-service"",status=""200"",uri=""/actuator/prometheus"",quanti,}",0.0,0.0
1790113924.845,java-product-service,"http_server_requests_seconds{error=""none"",exception=""none"",language=""java"",method=""GET"",outcome=""SUCCESS"",service=""java-product-service"",status=""200"",uri=""/actuator/prometheus"",}",36.0,0.167246787
1790113924.845,java-product-service,"http_server_requests_seconds{error=""none"",exception=""none"",language=""java"",method=""POST"",outcome=""SUCCESS"",service=""java-product-service"",status=""201"",uri=""/products"",quanti,}",0.0,0.0
1790113924.845,java-product-service,"http_server_requests_seconds{error=""none"",exception=""none"",language=""java"",method=""POST"",outcome=""SUCCESS"",service=""java-product-service"",status=""201"",uri=""/products"",}",10.0,0.093330292
1790113924.845,java-product-service,"http_server_requests_seconds{error=""none"",exception=""none"",language=""java"",method=""GET"",outcome=""SUCCESS"",service=""java-product-service"",status=""200"",uri=""/products"",quanti,}",0.0,0.0
1790113924.845,java-product-service,"http_server_requests_seconds{error=""none"",exception=""none"",language=""java"",method=""GET"",outcome=""SUCCESS"",service=""java-product-service"",status=""200"",uri=""/products"",}",3060.0,5.29685058
1790113924.845,java-product-service,"http_server_requests_seconds{error=""none"",exception=""none"",language=""java"",method=""GET"",outcome=""SUCCESS"",service=""java-product-service"",status=""200"",uri=""/products/{id}"",quanti,}",0.0,0.0
1790113924.845,java-product-service,"http_server_requests_seconds{error=""none"",exception=""none"",language=""java"",method=""GET"",outcome=""SUCCESS"",service=""java-product-service"",status=""200"",uri=""/products/{id}"",}",2024.0,3.051566169
1790113924.845,java-order-service,"http_server_requests_seconds{error=""none"",exception=""none"",language=""java"",method=""POST"",outcome=""SUCCESS"",service=""java-order-service"",status=""201"",uri=""/orders"",quanti,}",0.0,0.0
1790113924.845,java-order-service,"http_server_requests_seconds{error=""none"",exception=""none"",language=""java"",method=""POST"",outcome=""SUCCESS"",service=""java-order-service"",status=""201"",uri=""/orders"",}",2024.0,18.530020309
1790113924.845,java-order-service,"http_server_requests_seconds{error=""none"",exception=""none"",language=""java"",method=""GET"",outcome=""SUCCESS"",service=""java-order-service"",status=""200"",uri=""/actuator/prometheus"",quanti,}",0.0,0.0
1790113924.845,java-order-service,"http_server_requests_seconds{error=""none"",exception=""none"",language=""java"",method=""GET"",outcome=""SUCCESS"",service=""java-order-service"",status=""200"",uri=""/actuator/prometheus"",}",36.0,0.141647751
1790113924.845,java-order-service,"http_server_requests_seconds{error=""none"",exception=""none"",language=""java"",method=""GET"",outcome=""SUCCESS"",service=""java-order-service"",status=""200"",uri=""/actuator/health"",quanti,}",0.0,0.0
1790113924.845,java-order-service,"http_server_requests_seconds{error=""none"",exception=""none"",language=""java"",method=""GET"",outcome=""SUCCESS"",service=""java-order-service"",status=""200"",uri=""/actuator/health"",}",307.0,0.51214654
1790113929.938,java-user-service,"http_server_requests_seconds{error=""none"",exception=""none"",framework=""spring-boot"",language=""java"",method=""GET"",outcome=""SUCCESS"",service=""java-user-service"",status=""200"",uri=""/actuator/health"",quanti,}",0.0,0.0
1790113929.938,java-user-service,"http_server_requests_seconds{error=""none"",exception=""none"",framework=""spring-boot"",language=""java"",method=""GET"",outcome=""SUCCESS"",service=""java-user-service"",status=""200"",uri=""/actuator/health"",}",310.0,20.755906925
1790113929.938,java-user-service,"http_server_requests_seconds{error=""none"",exception=""none"",framework=""spring-boot"",language=""java"",method=""POST"",outcome=""SUCCESS"",service=""java-user-service"",status=""201"",uri=""/users"",quanti,}",0.0,0.0
1790113929.938,java-user-service,"http_server_requests_seconds{error=""none"",exception=""none"",framework=""spring-boot"",language=""java"",method=""POST"",outcome=""SUCCESS"",service=""java-user-service"",status=""201"",uri=""/users"",}",2252.0,892.486268123
1790113929.938,java-user-service,"http_server_requests_seconds{error=""none"",exception=""none"",framework=""spring-boot"",language=""java"",method=""GET"",outcome=""SUCCESS"",service=""java-user-service"",status=""200"",uri=""/users"",quanti,}",0.0,0.0
1790113929.938,java-user-service,"http_server_requests_seconds{error=""none"",exception=""none"",framework=""spring-boot"",language=""java"",method=""GET"",outcome=""SUCCESS"",service=""java-user-service"",status=""200"",uri=""/users"",}",3180.0,161.666624902
1790113929.938,java-user-service,"http_server_requests_seconds{error=""none"",exception=""none"",framework=""spring-boot"",language=""java"",method=""GET"",outcome=""SUCCESS"",service=""java-user-service"",status=""200"",uri=""/actuator/prometheus"",quanti,}",0.0,0.0
1790113929.938,java-user-service,"http_server_requests_seconds{error=""none"",exception=""none"",framework=""spring-boot"",language=""java"",method=""GET"",outcome=""SUCCESS"",service=""java-user-service"",status=""200"",uri=""/actuator/prometheus"",}",37.0,0.212363998
1790113929.938,java-product-service,"http_server_requests_seconds{error=""none"",exception=""none"",language=""java"",method=""GET"",outcome=""SUCCESS"",service=""java-product-service"",status=""200"",uri=""/actuator/health"",quanti,}",0.0,0.0
1790113929.938,java-product-service,"http_server_requests_seconds{error=""none"",exception=""none"",language=""java"",method=""GET"",outcome=""SUCCESS"",service=""java-product-service"",status=""200"",uri=""/actuator/health"",}",311.0,0.926639835
1790113929.938,java-product-service,"http_server_requests_seconds{error=""none"",exception=""none"",language=""java"",method=""GET"",outcome=""SUCCESS"",service=""java-product-service"",status=""200"",uri=""/actuator/prometheus"",quanti,}",0.0,0.0
1790113929.938,java-product-service,"http_server_requests_seconds{error=""none"",exception=""none"",language=""java"",method=""GET"",outcome=""SUCCESS"",service=""java-product-service"",status=""200"",uri=""/actuator/prometheus"",}",37.0,0.169870745
1790113929.938,java-product-service,"http_server_requests_seconds{error=""none"",exception=""none"",language=""java"",method=""POST"",outcome=""SUCCESS"",service=""java-product-service"",status=""201"",uri=""/products"",quanti,}",0.0,0.0
1790113929.938,java-product-service,"http_server_requests_seconds{error=""none"",exception=""none"",language=""java"",method=""POST"",outcome=""SUCCESS"",service=""java-product-service"",status=""201"",uri=""/products"",}",10.0,0.093330292
1790113929.938,java-product-service,"http_server_requests_seconds{error=""none"",exception=""none"",language=""java"",method=""GET"",outcome=""SUCCESS"",service=""java-product-service"",status=""200"",uri=""/products"",quanti,}",0.0,0.0
1790113929.938,java-product-service,"http_server_requests_seconds{error=""none"",exception=""none"",language=""java"",method=""GET"",outcome=""SUCCESS"",service=""java-product-service"",status=""200"",uri=""/products"",}",3180.0,5.740381203
1790113929.938,java-product-service,"http_server_requests_seconds{error=""none"",exception=""none"",language=""java"",method=""GET"",outcome=""SUCCESS"",service=""java-product-service"",status=""200"",uri=""/products/{id}"",quanti,}",0.0,0.0
1790113929.938,java-product-service,"http_server_requests_seconds{error=""none"",exception=""none"",language=""java"",method=""GET"",outcome=""SUCCESS"",service=""java-product-service"",status=""200"",uri=""/products/{id}"",}",2140.0,3.216206172
1790113929.938,java-order-service,"http_server_requests_seconds{error=""none"",exception=""none"",language=""java"",method=""POST"",outcome=""SUCCESS"",service=""java-order-service"",status=""201"",uri=""/orders"",quanti,}",0.0,0.0
1790113929.938,java-order-service,"http_server_requests_seconds{error=""none"",exception=""none"",language=""java"",method=""POST"",outcome=""SUCCESS"",service=""java-order-service"",status=""201"",uri=""/orders"",}",2140.0,19.54081818
1790113929.938,java-order-service,"http_server_requests_seconds{error=""none"",exception=""none"",language=""java"",method=""GET"",outcome=""SUCCESS"",service=""java-order-service"",status=""200"",uri=""/actuator/prometheus"",quanti,}",0.0,0.0
1790113929.938,java-order-service,"http_server_requests_seconds{error=""none"",exception=""none"",language=""java"",method=""GET"",outcome=""SUCCESS"",service=""java-order-service"",status=""200"",uri=""/actuator/prometheus"",}",37.0,0.144099751
1790113929.938,java-order-service,"http_server_requests_seconds{error=""none"",exception=""none"",language=""java"",method=""GET"",outcome=""SUCCESS"",service=""java-order-service"",status=""200"",uri=""/actuator/health"",quanti,}",0.0,0.0
1790113929.938,java-order-service,"http_server_requests_seconds{error=""none"",exception=""none"",language=""java"",method=""GET"",outcome=""SUCCESS"",service=""java-order-service"",status=""200"",uri=""/actuator/health"",}",311.0,0.514575247
1790113935.228,java-user-service,"http_server_requests_seconds{error=""none"",exception=""none"",framework=""spring-boot"",language=""java"",method=""GET"",outcome=""SUCCESS"",service=""java-user-service"",status=""200"",uri=""/actuator/health"",quanti,}",0.0,0.0
1790113935.228,java-user-service,"http_server_requests_seconds{error=""none"",exception=""none"",framework=""spring-boot"",language=""java"",method=""GET"",outcome=""SUCCESS"",service=""java-user-service"",status=""200"",uri=""/actuator/health"",}",318.0,21.796376009
1790113935.228,java-user-service,"http_server_requests_seconds{error=""none"",exception=""none"",framework=""spring-boot"",language=""java"",method=""POST"",outcome=""SUCCESS"",service=""java-user-service"",status=""201"",uri=""/users"",quanti,}",0.0,0.0
1790113935.228,java-user-service,"http_server_requests_seconds{error=""none"",exception=""none"",framework=""spring-boot"",language=""java"",method=""POST"",outcome=""SUCCESS"",service=""java-user-service"",status=""201"",uri=""/users"",}",2373.0,966.168685618
1790113935.228,java-user-service,"http_server_requests_seconds{error=""none"",exception=""none"",framework=""spring-boot"",language=""java"",method=""GET"",outcome=""SUCCESS"",service=""java-user-service"",status=""200"",uri=""/users"",quanti,}",0.0,0.0
1790113935.228,java-user-service,"http_server_requests_seconds{error=""none"",exception=""none"",framework=""spring-boot"",language=""java"",method=""GET"",outcome=""SUCCESS"",service=""java-user-service"",status=""200"",uri=""/users"",}",3290.0,169.057367202
1790113935.228,java-user-service,"http_server_requests_seconds{error=""none"",exception=""none"",framework=""spring-boot"",language=""java"",method=""GET"",outcome=""SUCCESS"",service=""java-user-service"",status=""200"",uri=""/actuator/prometheus"",quanti,}",0.0,0.0
1790113935.228,java-user-service,"http_server_requests_seconds{error=""none"",exception=""none"",framework=""spring-boot"",language=""java"",method=""GET"",outcome=""SUCCESS"",service=""java-user-service"",status=""200"",uri=""/actuator/prometheus"",}",38.0,0.214646623
1790113935.228,java-product-service,"http_server_requests_seconds{error=""none"",exception=""none"",language=""java"",method=""GET"",outcome=""SUCCESS"",service=""java-product-service"",status=""200"",uri=""/actuator/health"",quanti,}",0.0,0.0
1790113935.228,java-product-service,"http_server_requests_seconds{error=""none"",exception=""none"",language=""java"",method=""GET"",outcome=""SUCCESS"",service=""java-product-service"",status=""200"",uri=""/actuator/health"",}",319.0,0.936704334
1790113935.228,java-product-service,"http_server_requests_seconds{error=""none"",exception=""none"",language=""java"",method=""GET"",outcome=""SUCCESS"",service=""java-product-service"",status=""200"",uri=""/actuator/prometheus"",quanti,}",0.0,0.0
1790113935.228,java-product-service,"http_server_requests_seconds{error=""none"",exception=""none"",language=""java"",method=""GET"",outcome=""SUCCESS"",service=""java-product-service"",status=""200"",uri=""/actuator/prometheus"",}",38.0,0.173244245
1790113935.228,java-product-service,"http_server_requests_seconds{error=""none"",exception=""none"",language=""java"",method=""POST"",outcome=""SUCCESS"",service=""java-product-service"",status=""201"",uri=""/products"",quanti,}",0.0,0.0
1790113935.228,java-product-service,"http_server_requests_seconds{error=""none"",exception=""none"",language=""java"",method=""POST"",outcome=""SUCCESS"",service=""java-product-service"",status=""201"",uri=""/products"",}",10.0,0.093330292
1790113935.228,java-product-service,"http_server_requests_seconds{error=""none"",exception=""none"",language=""java"",method=""GET"",outcome=""SUCCESS"",service=""java-product-service"",status=""200"",uri=""/products"",quanti,}",0.0,0.0
1790113935.228,java-product-service,"http_server_requests_seconds{error=""none"",exception=""none"",language=""java"",method=""GET"",outcome=""SUCCESS"",service=""java-product-service"",status=""200"",uri=""/products"",}",3280.0,5.891244996
1790113935.228,java-product-service,"http_server_requests_seconds{error=""none"",exception=""none"",language=""java"",method=""GET"",outcome=""SUCCESS"",service=""java-product-service"",status=""200"",uri=""/products/{id}"",quanti,}",0.0,0.0
1790113935.228,java-product-service,"http_server_requests_seconds{error=""none"",exception=""none"",language=""java"",method=""GET"",outcome=""SUCCESS"",service=""java-product-service"",status=""200"",uri=""/products/{id}"",}",2251.0,3.326228467
1790113935.228,java-order-service,"http_server_requests_seconds{error=""none"",exception=""none"",language=""java"",method=""POST"",outcome=""SUCCESS"",service=""java-order-service"",status=""201"",uri=""/orders"",quanti,}",0.0,0.0
1790113935.228,java-order-service,"http_server_requests_seconds{error=""none"",exception=""none"",language=""java"",method=""POST"",outcome=""SUCCESS"",service=""java-order-service"",status=""201"",uri=""/orders"",}",2251.0,20.404313474
1790113935.228,java-order-service,"http_server_requests_seconds{error=""none"",exception=""none"",language=""java"",method=""GET"",outcome=""SUCCESS"",service=""java-order-service"",status=""200"",uri=""/actuator/prometheus"",quanti,}",0.0,0.0
1790113935.228,java-order-service,"http_server_requests_seconds{error=""none"",exception=""none"",language=""java"",method=""GET"",outcome=""SUCCESS"",service=""java-order-service"",status=""200"",uri=""/actuator/prometheus"",}",38.0,0.14636221
1790113935.228,java-order-service,"http_server_requests_seconds{error=""none"",exception=""none"",language=""java"",method=""GET"",outcome=""SUCCESS"",service=""java-order-service"",status=""200"",uri=""/actuator/health"",quanti,}",0.0,0.0
1790113935.228,java-order-service,"http_server_requests_seconds{error=""none"",exception=""none"",language=""java"",method=""GET"",outcome=""SUCCESS"",service=""java-order-service"",status=""200"",uri=""/actuator/health"",}",319.0,0.520379832
1790113940.286,java-user-service,"http_server_requests_seconds{error=""none"",exception=""none"",framework=""spring-boot"",language=""java"",method=""GET"",outcome=""SUCCESS"",service=""java-user-service"",status=""200"",uri=""/actuator/health"",quanti,}",0.0,0.0
1790113940.286,java-user-service,"http_server_requests_seconds{error=""none"",exception=""none"",framework=""spring-boot"",language=""java"",method=""GET"",outcome=""SUCCESS"",service=""java-user-service"",status=""200"",uri=""/actuator/health"",}",325.0,22.875823302
1790113940.286,java-user-service,"http_server_requests_seconds{error=""none"",exception=""none"",framework=""spring-boot"",language=""java"",method=""POST"",outcome=""SUCCESS"",service=""java-user-service"",status=""201"",uri=""/users"",quanti,}",0.0,0.0
1790113940.286,java-user-service,"http_server_requests_seconds{error=""none"",exception=""none"",framework=""spring-boot"",language=""java"",method=""POST"",outcome=""SUCCESS"",service=""java-user-service"",status=""201"",uri=""/users"",}",2462.0,1010.137519055
1790113940.286,java-user-service,"http_server_requests_seconds{error=""none"",exception=""none"",framework=""spring-boot"",language=""java"",method=""GET"",outcome=""SUCCESS"",service=""java-user-service"",status=""200"",uri=""/users"",quanti,}",0.0,0.0
1790113940.286,java-user-service,"http_server_requests_seconds{error=""none"",exception=""none"",framework=""spring-boot"",language=""java"",method=""GET"",outcome=""SUCCESS"",service=""java-user-service"",status=""200"",uri=""/users"",}",3366.0,173.940986665
1790113940.286,java-user-service,"http_server_requests_seconds{error=""none"",exception=""none"",framework=""spring-boot"",language=""java"",method=""GET"",outcome=""SUCCESS"",service=""java-user-service"",status=""200"",uri=""/actuator/prometheus"",quanti,}",0.0,0.0
1790113940.286,java-user-service,"http_server_requests_seconds{error=""none"",exception=""none"",framework=""spring-boot"",language=""java"",method=""GET"",outcome=""SUCCESS"",service=""java-user-service"",status=""200"",uri=""/actuator/prometheus"",}",39.0,0.223698748
1790113940.286,java-product-service,"http_server_requests_seconds{error=""none"",exception=""none"",language=""java"",method=""GET"",outcome=""SUCCESS"",service=""java-product-service"",status=""200"",uri=""/actuator/health"",quanti,}",0.0,0.0
1790113940.286,java-product-service,"http_server_requests_seconds{error=""none"",exception=""none"",language=""java"",method=""GET"",outcome=""SUCCESS"",service=""java-product-service"",status=""200"",uri=""/actuator/health"",}",326.0,0.947330084
1790113940.286,java-product-service,"http_server_requests_seconds{error=""none"",exception=""none"",language=""java"",method=""GET"",outcome=""SUCCESS"",service=""java-product-service"",status=""200"",uri=""/actuator/prometheus"",quanti,}",0.0,0.0
1790113940.286,java-product-service,"http_server_requests_seconds{error=""none"",exception=""none"",language=""java"",method=""GET"",outcome=""SUCCESS"",service=""java-product-service"",status=""200"",uri=""/actuator/prometheus"",}",39.0,0.179812078
1790113940.286,java-product-service,"http_server_requests_seconds{error=""none"",exception=""none"",language=""java"",method=""POST"",outcome=""SUCCESS"",service=""java-product-service"",status=""201"",uri=""/products"",quanti,}",0.0,0.0
1790113940.286,java-product-service,"http_server_requests_seconds{error=""none"",exception=""none"",language=""java"",method=""POST"",outcome=""SUCCESS"",service=""java-product-service"",status=""201"",uri=""/products"",}",10.0,0.093330292
1790113940.286,java-product-service,"http_server_requests_seconds{error=""none"",exception=""none"",language=""java"",method=""GET"",outcome=""SUCCESS"",service=""java-product-service"",status=""200"",uri=""/products"",quanti,}",0.0,0.0
1790113940.286,java-product-service,"http_server_requests_seconds{error=""none"",exception=""none"",language=""java"",method=""GET"",outcome=""SUCCESS"",service=""java-product-service"",status=""200"",uri=""/products"",}",3356.0,5.965284577
1790113940.286,java-product-service,"http_server_requests_seconds{error=""none"",exception=""none"",language=""java"",method=""GET"",outcome=""SUCCESS"",service=""java-product-service"",status=""200"",uri=""/products/{id}"",quanti,}",0.0,0.0
1790113940.286,java-product-service,"http_server_requests_seconds{error=""none"",exception=""none"",language=""java"",method=""GET"",outcome=""SUCCESS"",service=""java-product-service"",status=""200"",uri=""/products/{id}"",}",2340.0,3.471737343
1790113940.286,java-order-service,"http_server_requests_seconds{error=""none"",exception=""none"",language=""java"",method=""POST"",outcome=""SUCCESS"",service=""java-order-service"",status=""201"",uri=""/orders"",quanti,}",0.0,0.0
1790113940.286,java-order-service,"http_server_requests_seconds{error=""none"",exception=""none"",language=""java"",method=""POST"",outcome=""SUCCESS"",service=""java-order-service"",status=""201"",uri=""/orders"",}",2340.0,21.20852439
1790113940.286,java-order-service,"http_server_requests_seconds{error=""none"",exception=""none"",language=""java"",method=""GET"",outcome=""SUCCESS"",service=""java-order-service"",status=""200"",uri=""/actuator/prometheus"",quanti,}",0.0,0.0
1790113940.286,java-order-service,"http_server_requests_seconds{error=""none"",exception=""none"",language=""java"",method=""GET"",outcome=""SUCCESS"",service=""java-order-service"",status=""200"",uri=""/actuator/prometheus"",}",39.0,0.151022669
1790113940.286,java-order-service,"http_server_requests_seconds{error=""none"",exception=""none"",language=""java"",method=""GET"",outcome=""SUCCESS"",service=""java-order-service"",status=""200"",uri=""/actuator/health"",quanti,}",0.0,0.0
1790113940.286,java-order-service,"http_server_requests_seconds{error=""none"",exception=""none"",language=""java"",method=""GET"",outcome=""SUCCESS"",service=""java-order-service"",status=""200"",uri=""/actuator/health"",}",326.0,0.525733375
1790113945.327,java-user-service,"http_server_requests_seconds{error=""none"",exception=""none"",framework=""spring-boot"",language=""java"",method=""GET"",outcome=""SUCCESS"",service=""java-user-service"",status=""200"",uri=""/actuator/health"",quanti,}",0.0,0.0
1790113945.327,java-user-service,"http_server_requests_seconds{error=""none"",exception=""none"",framework=""spring-boot"",language=""java"",method=""GET"",outcome=""SUCCESS"",service=""java-user-service"",status=""200"",uri=""/actuator/health"",}",335.0,22.916690177
1790113945.327,java-user-service,"http_server_requests_seconds{error=""none"",exception=""none"",framework=""spring-boot"",language=""java"",method=""POST"",outcome=""SUCCESS"",service=""java-user-service"",status=""201"",uri=""/users"",quanti,}",0.0,0.0
1790113945.327,java-user-service,"http_server_requests_seconds{error=""none"",exception=""none"",framework=""spring-boot"",language=""java"",method=""POST"",outcome=""SUCCESS"",service=""java-user-service"",status=""201"",uri=""/users"",}",2536.0,1022.55370485
1790113945.327,java-user-service,"http_server_requests_seconds{error=""none"",exception=""none"",framework=""spring-boot"",language=""java"",method=""GET"",outcome=""SUCCESS"",service=""java-user-service"",status=""200"",uri=""/users"",quanti,}",0.0,0.0
1790113945.327,java-user-service,"http_server_requests_seconds{error=""none"",exception=""none"",framework=""spring-boot"",language=""java"",method=""GET"",outcome=""SUCCESS"",service=""java-user-service"",status=""200"",uri=""/users"",}",3443.0,174.114524957
1790113945.327,java-user-service,"http_server_requests_seconds{error=""none"",exception=""none"",framework=""spring-boot"",language=""java"",method=""GET"",outcome=""SUCCESS"",service=""java-user-service"",status=""200"",uri=""/actuator/prometheus"",quanti,}",0.0,0.0
1790113945.327,java-user-service,"http_server_requests_seconds{error=""none"",exception=""none"",framework=""spring-boot"",language=""java"",method=""GET"",outcome=""SUCCESS"",service=""java-user-service"",status=""200"",uri=""/actuator/prometheus"",}",40.0,0.228494457
1790113945.327,java-product-service,"http_server_requests_seconds{error=""none"",exception=""none"",language=""java"",method=""GET"",outcome=""SUCCESS"",service=""java-product-service"",status=""200"",uri=""/actuator/health"",quanti,}",0.0,0.0
1790113945.327,java-product-service,"http_server_requests_seconds{error=""none"",exception=""none"",language=""java"",method=""GET"",outcome=""SUCCESS"",service=""java-product-service"",status=""200"",uri=""/actuator/health"",}",336.0,0.965724833
1790113945.327,java-product-service,"http_server_requests_seconds{error=""none"",exception=""none"",language=""java"",method=""GET"",outcome=""SUCCESS"",service=""java-product-service"",status=""200"",uri=""/actuator/prometheus"",quanti,}",0.0,0.0
1790113945.327,java-product-service,"http_server_requests_seconds{error=""none"",exception=""none"",language=""java"",method=""GET"",outcome=""SUCCESS"",service=""java-product-service"",status=""200"",uri=""/actuator/prometheus"",}",40.0,0.184147787
1790113945.327,java-product-service,"http_server_requests_seconds{error=""none"",exception=""none"",language=""java"",method=""POST"",outcome=""SUCCESS"",service=""java-product-service"",status=""201"",uri=""/products"",quanti,}",0.0,0.0
1790113945.327,java-product-service,"http_server_requests_seconds{error=""none"",exception=""none"",language=""java"",method=""POST"",outcome=""SUCCESS"",service=""java-product-service"",status=""201"",uri=""/products"",}",10.0,0.093330292
1790113945.327,java-product-service,"http_server_requests_seconds{error=""none"",exception=""none"",language=""java"",method=""GET"",outcome=""SUCCESS"",service=""java-product-service"",status=""200"",uri=""/products"",quanti,}",0.0,0.0
1790113945.327,java-product-service,"http_server_requests_seconds{error=""none"",exception=""none"",language=""java"",method=""GET"",outcome=""SUCCESS"",service=""java-product-service"",status=""200"",uri=""/products"",}",3434.0,6.022132124
1790113945.327,java-product-service,"http_server_requests_seconds{error=""none"",exception=""none"",language=""java"",method=""GET"",outcome=""SUCCESS"",service=""java-product-service"",status=""200"",uri=""/products/{id}"",quanti,}",0.0,0.0
1790113945.327,java-product-service,"http_server_requests_seconds{error=""none"",exception=""none"",language=""java"",method=""GET"",outcome=""SUCCESS"",service=""java-product-service"",status=""200"",uri=""/products/{id}"",}",2417.0,3.539771049
1790113945.327,java-order-service,"http_server_requests_seconds{error=""none"",exception=""none"",language=""java"",method=""POST"",outcome=""SUCCESS"",service=""java-order-service"",status=""201"",uri=""/orders"",quanti,}",0.0,0.0
1790113945.327,java-order-service,"http_server_requests_seconds{error=""none"",exception=""none"",language=""java"",method=""POST"",outcome=""SUCCESS"",service=""java-order-service"",status=""201"",uri=""/orders"",}",2417.0,21.568726932
1790113945.327,java-order-service,"http_server_requests_seconds{error=""none"",exception=""none"",language=""java"",method=""GET"",outcome=""SUCCESS"",service=""java-order-service"",status=""200"",uri=""/actuator/prometheus"",quanti,}",0.0,0.0
1790113945.327,java-order-service,"http_server_requests_seconds{error=""none"",exception=""none"",language=""java"",method=""GET"",outcome=""SUCCESS"",service=""java-order-service"",status=""200"",uri=""/actuator/prometheus"",}",40.0,0.153846253
1790113945.327,java-order-service,"http_server_requests_seconds{error=""none"",exception=""none"",language=""java"",method=""GET"",outcome=""SUCCESS"",service=""java-order-service"",status=""200"",uri=""/actuator/health"",quanti,}",0.0,0.0
1790113945.327,java-order-service,"http_server_requests_seconds{error=""none"",exception=""none"",language=""java"",method=""GET"",outcome=""SUCCESS"",service=""java-order-service"",status=""200"",uri=""/actuator/health"",}",336.0,0.532278041
1790113950.365,java-user-service,"http_server_requests_seconds{error=""none"",exception=""none"",framework=""spring-boot"",language=""java"",method=""GET"",outcome=""SUCCESS"",service=""java-user-service"",status=""200"",uri=""/actuator/health"",quanti,}",0.0,0.0
1790113950.365,java-user-service,"http_server_requests_seconds{error=""none"",exception=""none"",framework=""spring-boot"",language=""java"",method=""GET"",outcome=""SUCCESS"",service=""java-user-service"",status=""200"",uri=""/actuator/health"",}",344.0,22.929626887
1790113950.365,java-user-service,"http_server_requests_seconds{error=""none"",exception=""none"",framework=""spring-boot"",language=""java"",method=""POST"",outcome=""SUCCESS"",service=""java-user-service"",status=""201"",uri=""/users"",quanti,}",0.0,0.0
1790113950.365,java-user-service,"http_server_requests_seconds{error=""none"",exception=""none"",framework=""spring-boot"",language=""java"",method=""POST"",outcome=""SUCCESS"",service=""java-user-service"",status=""201"",uri=""/users"",}",2590.0,1028.153548846
1790113950.365,java-user-service,"http_server_requests_seconds{error=""none"",exception=""none"",framework=""spring-boot"",language=""java"",method=""GET"",outcome=""SUCCESS"",service=""java-user-service"",status=""200"",uri=""/users"",quanti,}",0.0,0.0
1790113950.365,java-user-service,"http_server_requests_seconds{error=""none"",exception=""none"",framework=""spring-boot"",language=""java"",method=""GET"",outcome=""SUCCESS"",service=""java-user-service"",status=""200"",uri=""/users"",}",3486.0,174.414489005
1790113950.365,java-user-service,"http_server_requests_seconds{error=""none"",exception=""none"",framework=""spring-boot"",language=""java"",method=""GET"",outcome=""SUCCESS"",service=""java-user-service"",status=""200"",uri=""/actuator/prometheus"",quanti,}",0.0,0.0
1790113950.365,java-user-service,"http_server_requests_seconds{error=""none"",exception=""none"",framework=""spring-boot"",language=""java"",method=""GET"",outcome=""SUCCESS"",service=""java-user-service"",status=""200"",uri=""/actuator/prometheus"",}",41.0,0.231550915
1790113950.365,java-product-service,"http_server_requests_seconds{error=""none"",exception=""none"",language=""java"",method=""GET"",outcome=""SUCCESS"",service=""java-product-service"",status=""200"",uri=""/actuator/health"",quanti,}",0.0,0.0
1790113950.365,java-product-service,"http_server_requests_seconds{error=""none"",exception=""none"",language=""java"",method=""GET"",outcome=""SUCCESS"",service=""java-product-service"",status=""200"",uri=""/actuator/health"",}",345.0,0.978174249
1790113950.365,java-product-service,"http_server_requests_seconds{error=""none"",exception=""none"",language=""java"",method=""GET"",outcome=""SUCCESS"",service=""java-product-service"",status=""200"",uri=""/actuator/prometheus"",quanti,}",0.0,0.0
1790113950.365,java-product-service,"http_server_requests_seconds{error=""none"",exception=""none"",language=""java"",method=""GET"",outcome=""SUCCESS"",service=""java-product-service"",status=""200"",uri=""/actuator/prometheus"",}",41.0,0.186475162
1790113950.365,java-product-service,"http_server_requests_seconds{error=""none"",exception=""none"",language=""java"",method=""POST"",outcome=""SUCCESS"",service=""java-product-service"",status=""201"",uri=""/products"",quanti,}",0.0,0.0
1790113950.365,java-product-service,"http_server_requests_seconds{error=""none"",exception=""none"",language=""java"",method=""POST"",outcome=""SUCCESS"",service=""java-product-service"",status=""201"",uri=""/products"",}",10.0,0.093330292
1790113950.365,java-product-service,"http_server_requests_seconds{error=""none"",exception=""none"",language=""java"",method=""GET"",outcome=""SUCCESS"",service=""java-product-service"",status=""200"",uri=""/products"",quanti,}",0.0,0.0
1790113950.365,java-product-service,"http_server_requests_seconds{error=""none"",exception=""none"",language=""java"",method=""GET"",outcome=""SUCCESS"",service=""java-product-service"",status=""200"",uri=""/products"",}",3485.0,6.052703124
1790113950.365,java-product-service,"http_server_requests_seconds{error=""none"",exception=""none"",language=""java"",method=""GET"",outcome=""SUCCESS"",service=""java-product-service"",status=""200"",uri=""/products/{id}"",quanti,}",0.0,0.0
1790113950.365,java-product-service,"http_server_requests_seconds{error=""none"",exception=""none"",language=""java"",method=""GET"",outcome=""SUCCESS"",service=""java-product-service"",status=""200"",uri=""/products/{id}"",}",2476.0,3.574223094
1790113950.365,java-order-service,"http_server_requests_seconds{error=""none"",exception=""none"",language=""java"",method=""POST"",outcome=""SUCCESS"",service=""java-order-service"",status=""201"",uri=""/orders"",quanti,}",0.0,0.0
1790113950.365,java-order-service,"http_server_requests_seconds{error=""none"",exception=""none"",language=""java"",method=""POST"",outcome=""SUCCESS"",service=""java-order-service"",status=""201"",uri=""/orders"",}",2476.0,21.791135515
1790113950.365,java-order-service,"http_server_requests_seconds{error=""none"",exception=""none"",language=""java"",method=""GET"",outcome=""SUCCESS"",service=""java-order-service"",status=""200"",uri=""/actuator/prometheus"",quanti,}",0.0,0.0
1790113950.365,java-order-service,"http_server_requests_seconds{error=""none"",exception=""none"",language=""java"",method=""GET"",outcome=""SUCCESS"",service=""java-order-service"",status=""200"",uri=""/actuator/prometheus"",}",41.0,0.156008961
1790113950.365,java-order-service,"http_server_requests_seconds{error=""none"",exception=""none"",language=""java"",method=""GET"",outcome=""SUCCESS"",service=""java-order-service"",status=""200"",uri=""/actuator/health"",quanti,}",0.0,0.0
1790113950.365,java-order-service,"http_server_requests_seconds{error=""none"",exception=""none"",language=""java"",method=""GET"",outcome=""SUCCESS"",service=""java-order-service"",status=""200"",uri=""/actuator/health"",}",345.0,0.540191749
1790113955.422,java-user-service,"http_server_requests_seconds{error=""none"",exception=""none"",framework=""spring-boot"",language=""java"",method=""GET"",outcome=""SUCCESS"",service=""java-user-service"",status=""200"",uri=""/actuator/health"",quanti,}",0.0,0.0
1790113955.422,java-user-service,"http_server_requests_seconds{error=""none"",exception=""none"",framework=""spring-boot"",language=""java"",method=""GET"",outcome=""SUCCESS"",service=""java-user-service"",status=""200"",uri=""/actuator/health"",}",355.0,22.946531927
1790113955.422,java-user-service,"http_server_requests_seconds{error=""none"",exception=""none"",framework=""spring-boot"",language=""java"",method=""POST"",outcome=""SUCCESS"",service=""java-user-service"",status=""201"",uri=""/users"",quanti,}",0.0,0.0
1790113955.422,java-user-service,"http_server_requests_seconds{error=""none"",exception=""none"",framework=""spring-boot"",language=""java"",method=""POST"",outcome=""SUCCESS"",service=""java-user-service"",status=""201"",uri=""/users"",}",2622.0,1030.570590475
1790113955.422,java-user-service,"http_server_requests_seconds{error=""none"",exception=""none"",framework=""spring-boot"",language=""java"",method=""GET"",outcome=""SUCCESS"",service=""java-user-service"",status=""200"",uri=""/users"",quanti,}",0.0,0.0
1790113955.422,java-user-service,"http_server_requests_seconds{error=""none"",exception=""none"",framework=""spring-boot"",language=""java"",method=""GET"",outcome=""SUCCESS"",service=""java-user-service"",status=""200"",uri=""/users"",}",3514.0,174.461979381
1790113955.422,java-user-service,"http_server_requests_seconds{error=""none"",exception=""none"",framework=""spring-boot"",language=""java"",method=""GET"",outcome=""SUCCESS"",service=""java-user-service"",status=""200"",uri=""/actuator/prometheus"",quanti,}",0.0,0.0
1790113955.422,java-user-service,"http_server_requests_seconds{error=""none"",exception=""none"",framework=""spring-boot"",language=""java"",method=""GET"",outcome=""SUCCESS"",service=""java-user-service"",status=""200"",uri=""/actuator/prometheus"",}",42.0,0.239449623
1790113955.422,java-product-service,"http_server_requests_seconds{error=""none"",exception=""none"",language=""java"",method=""GET"",outcome=""SUCCESS"",service=""java-product-service"",status=""200"",uri=""/actuator/health"",quanti,}",0.0,0.0
1790113955.422,java-product-service,"http_server_requests_seconds{error=""none"",exception=""none"",language=""java"",method=""GET"",outcome=""SUCCESS"",service=""java-product-service"",status=""200"",uri=""/actuator/health"",}",356.0,0.996458708
1790113955.422,java-product-service,"http_server_requests_seconds{error=""none"",exception=""none"",language=""java"",method=""GET"",outcome=""SUCCESS"",service=""java-product-service"",status=""200"",uri=""/actuator/prometheus"",quanti,}",0.0,0.0
1790113955.422,java-product-service,"http_server_requests_seconds{error=""none"",exception=""none"",language=""java"",method=""GET"",outcome=""SUCCESS"",service=""java-product-service"",status=""200"",uri=""/actuator/prometheus"",}",42.0,0.194161704
1790113955.422,java-product-service,"http_server_requests_seconds{error=""none"",exception=""none"",language=""java"",method=""POST"",outcome=""SUCCESS"",service=""java-product-service"",status=""201"",uri=""/products"",quanti,}",0.0,0.0
1790113955.422,java-product-service,"http_server_requests_seconds{error=""none"",exception=""none"",language=""java"",method=""POST"",outcome=""SUCCESS"",service=""java-product-service"",status=""201"",uri=""/products"",}",10.0,0.093330292
1790113955.422,java-product-service,"http_server_requests_seconds{error=""none"",exception=""none"",language=""java"",method=""GET"",outcome=""SUCCESS"",service=""java-product-service"",status=""200"",uri=""/products"",quanti,}",0.0,0.0
1790113955.422,java-product-service,"http_server_requests_seconds{error=""none"",exception=""none"",language=""java"",method=""GET"",outcome=""SUCCESS"",service=""java-product-service"",status=""200"",uri=""/products"",}",3513.0,6.085764831
1790113955.422,java-product-service,"http_server_requests_seconds{error=""none"",exception=""none"",language=""java"",method=""GET"",outcome=""SUCCESS"",service=""java-product-service"",status=""200"",uri=""/products/{id}"",quanti,}",0.0,0.0
1790113955.422,java-product-service,"http_server_requests_seconds{error=""none"",exception=""none"",language=""java"",method=""GET"",outcome=""SUCCESS"",service=""java-product-service"",status=""200"",uri=""/products/{id}"",}",2506.0,3.598959508
1790113955.422,java-order-service,"http_server_requests_seconds{error=""none"",exception=""none"",language=""java"",method=""POST"",outcome=""SUCCESS"",service=""java-order-service"",status=""201"",uri=""/orders"",quanti,}",0.0,0.0
1790113955.422,java-order-service,"http_server_requests_seconds{error=""none"",exception=""none"",language=""java"",method=""POST"",outcome=""SUCCESS"",service=""java-order-service"",status=""201"",uri=""/orders"",}",2506.0,21.935588681
1790113955.422,java-order-service,"http_server_requests_seconds{error=""none"",exception=""none"",language=""java"",method=""GET"",outcome=""SUCCESS"",service=""java-order-service"",status=""200"",uri=""/actuator/prometheus"",quanti,}",0.0,0.0
1790113955.422,java-order-service,"http_server_requests_seconds{error=""none"",exception=""none"",language=""java"",method=""GET"",outcome=""SUCCESS"",service=""java-order-service"",status=""200"",uri=""/actuator/prometheus"",}",42.0,0.161279419
1790113955.422,java-order-service,"http_server_requests_seconds{error=""none"",exception=""none"",language=""java"",method=""GET"",outcome=""SUCCESS"",service=""java-order-service"",status=""200"",uri=""/actuator/health"",quanti,}",0.0,0.0
1790113955.422,java-order-service,"http_server_requests_seconds{error=""none"",exception=""none"",language=""java"",method=""GET"",outcome=""SUCCESS"",service=""java-order-service"",status=""200"",uri=""/actuator/health"",}",356.0,0.550259875
1790113960.481,java-user-service,"http_server_requests_seconds{error=""none"",exception=""none"",framework=""spring-boot"",language=""java"",method=""GET"",outcome=""SUCCESS"",service=""java-user-service"",status=""200"",uri=""/actuator/health"",quanti,}",0.0,0.0
1790113960.481,java-user-service,"http_server_requests_seconds{error=""none"",exception=""none"",framework=""spring-boot"",language=""java"",method=""GET"",outcome=""SUCCESS"",service=""java-user-service"",status=""200"",uri=""/actuator/health"",}",365.0,22.977611551
1790113960.481,java-user-service,"http_server_requests_seconds{error=""none"",exception=""none"",framework=""spring-boot"",language=""java"",method=""POST"",outcome=""SUCCESS"",service=""java-user-service"",status=""201"",uri=""/users"",quanti,}",0.0,0.0
1790113960.481,java-user-service,"http_server_requests_seconds{error=""none"",exception=""none"",framework=""spring-boot"",language=""java"",method=""POST"",outcome=""SUCCESS"",service=""java-user-service"",status=""201"",uri=""/users"",}",2628.0,1031.027728349
1790113960.481,java-user-service,"http_server_requests_seconds{error=""none"",exception=""none"",framework=""spring-boot"",language=""java"",method=""GET"",outcome=""SUCCESS"",service=""java-user-service"",status=""200"",uri=""/users"",quanti,}",0.0,0.0
1790113960.481,java-user-service,"http_server_requests_seconds{error=""none"",exception=""none"",framework=""spring-boot"",language=""java"",method=""GET"",outcome=""SUCCESS"",service=""java-user-service"",status=""200"",uri=""/users"",}",3516.0,174.469930923
1790113960.481,java-user-service,"http_server_requests_seconds{error=""none"",exception=""none"",framework=""spring-boot"",language=""java"",method=""GET"",outcome=""SUCCESS"",service=""java-user-service"",status=""200"",uri=""/actuator/prometheus"",quanti,}",0.0,0.0
1790113960.481,java-user-service,"http_server_requests_seconds{error=""none"",exception=""none"",framework=""spring-boot"",language=""java"",method=""GET"",outcome=""SUCCESS"",service=""java-user-service"",status=""200"",uri=""/actuator/prometheus"",}",43.0,0.245652123
1790113960.481,java-product-service,"http_server_requests_seconds{error=""none"",exception=""none"",language=""java"",method=""GET"",outcome=""SUCCESS"",service=""java-product-service"",status=""200"",uri=""/actuator/health"",quanti,}",0.0,0.0
1790113960.481,java-product-service,"http_server_requests_seconds{error=""none"",exception=""none"",language=""java"",method=""GET"",outcome=""SUCCESS"",service=""java-product-service"",status=""200"",uri=""/actuator/health"",}",366.0,1.022629958
1790113960.481,java-product-service,"http_server_requests_seconds{error=""none"",exception=""none"",language=""java"",method=""GET"",outcome=""SUCCESS"",service=""java-product-service"",status=""200"",uri=""/actuator/prometheus"",quanti,}",0.0,0.0
1790113960.481,java-product-service,"http_server_requests_seconds{error=""none"",exception=""none"",language=""java"",method=""GET"",outcome=""SUCCESS"",service=""java-product-service"",status=""200"",uri=""/actuator/prometheus"",}",43.0,0.199539787
1790113960.481,java-product-service,"http_server_requests_seconds{error=""none"",exception=""none"",language=""java"",method=""POST"",outcome=""SUCCESS"",service=""java-product-service"",status=""201"",uri=""/products"",quanti,}",0.0,0.0
1790113960.481,java-product-service,"http_server_requests_seconds{error=""none"",exception=""none"",language=""java"",method=""POST"",outcome=""SUCCESS"",service=""java-product-service"",status=""201"",uri=""/products"",}",10.0,0.093330292
1790113960.481,java-product-service,"http_server_requests_seconds{error=""none"",exception=""none"",language=""java"",method=""GET"",outcome=""SUCCESS"",service=""java-product-service"",status=""200"",uri=""/products"",quanti,}",0.0,0.0
1790113960.481,java-product-service,"http_server_requests_seconds{error=""none"",exception=""none"",language=""java"",method=""GET"",outcome=""SUCCESS"",service=""java-product-service"",status=""200"",uri=""/products"",}",3516.0,6.091204497
1790113960.481,java-product-service,"http_server_requests_seconds{error=""none"",exception=""none"",language=""java"",method=""GET"",outcome=""SUCCESS"",service=""java-product-service"",status=""200"",uri=""/products/{id}"",quanti,}",0.0,0.0
1790113960.481,java-product-service,"http_server_requests_seconds{error=""none"",exception=""none"",language=""java"",method=""GET"",outcome=""SUCCESS"",service=""java-product-service"",status=""200"",uri=""/products/{id}"",}",2516.0,3.611200424
1790113960.481,java-order-service,"http_server_requests_seconds{error=""none"",exception=""none"",language=""java"",method=""POST"",outcome=""SUCCESS"",service=""java-order-service"",status=""201"",uri=""/orders"",quanti,}",0.0,0.0
1790113960.481,java-order-service,"http_server_requests_seconds{error=""none"",exception=""none"",language=""java"",method=""POST"",outcome=""SUCCESS"",service=""java-order-service"",status=""201"",uri=""/orders"",}",2516.0,22.004453346
1790113960.481,java-order-service,"http_server_requests_seconds{error=""none"",exception=""none"",language=""java"",method=""GET"",outcome=""SUCCESS"",service=""java-order-service"",status=""200"",uri=""/actuator/prometheus"",quanti,}",0.0,0.0
1790113960.481,java-order-service,"http_server_requests_seconds{error=""none"",exception=""none"",language=""java"",method=""GET"",outcome=""SUCCESS"",service=""java-order-service"",status=""200"",uri=""/actuator/prometheus"",}",43.0,0.166512627
1790113960.481,java-order-service,"http_server_requests_seconds{error=""none"",exception=""none"",language=""java"",method=""GET"",outcome=""SUCCESS"",service=""java-order-service"",status=""200"",uri=""/actuator/health"",quanti,}",0.0,0.0
1790113960.481,java-order-service,"http_server_requests_seconds{error=""none"",exception=""none"",language=""java"",method=""GET"",outcome=""SUCCESS"",service=""java-order-service"",status=""200"",uri=""/actuator/health"",}",366.0,0.564893874
