t,service,series,cumulative_count,cumulative_sum_seconds
1790103862.581,java-user-service,"http_server_requests_seconds{error=""none"",exception=""none"",framework=""spring-boot"",language=""java"",method=""GET"",outcome=""SUCCESS"",service=""java-user-service"",status=""200"",uri=""/actuator/health"",quanti,}",0.0,0.0
1790103862.581,java-user-service,"http_server_requests_seconds{error=""none"",exception=""none"",framework=""spring-boot"",language=""java"",method=""GET"",outcome=""SUCCESS"",service=""java-user-service"",status=""200"",uri=""/actuator/health"",}",4.0,0.242164918
1790103862.581,java-user-service,"http_server_requests_seconds{error=""none"",exception=""none"",framework=""spring-boot"",language=""java"",method=""POST"",outcome=""SUCCESS"",service=""java-user-service"",status=""201"",uri=""/users"",quanti,}",0.0,0.0
1790103862.581,java-user-service,"http_server_requests_seconds{error=""none"",exception=""none"",framework=""spring-boot"",language=""java"",method=""POST"",outcome=""SUCCESS"",service=""java-user-service"",status=""201"",uri=""/users"",}",106.0,20.779703377
1790103862.581,java-user-service,"http_server_requests_seconds{error=""none"",exception=""none"",framework=""spring-boot"",language=""java"",method=""GET"",outcome=""SUCCESS"",service=""java-user-service"",status=""200"",uri=""/users"",quanti,}",0.0,0.0
1790103862.581,java-user-service,"http_server_requests_seconds{error=""none"",exception=""none"",framework=""spring-boot"",language=""java"",method=""GET"",outcome=""SUCCESS"",service=""java-user-service"",status=""200"",uri=""/users"",}",1000.0,7.153388617
1790103862.581,java-user-service,"http_server_requests_seconds{error=""none"",exception=""none"",framework=""spring-boot"",language=""java"",method=""GET"",outcome=""SUCCESS"",service=""java-user-service"",status=""200"",uri=""/actuator/prometheus"",quanti,}",0.0,0.0
1790103862.581,java-user-service,"http_server_requests_seconds{error=""none"",exception=""none"",framework=""spring-boot"",language=""java"",method=""GET"",outcome=""SUCCESS"",service=""java-user-service"",status=""200"",uri=""/actuator/prometheus"",}",1.0,0.034729333
1790103862.581,java-product-service,"http_server_requests_seconds{error=""none"",exception=""none"",language=""java"",method=""GET"",outcome=""SUCCESS"",service=""java-product-service"",status=""200"",uri=""/actuator/health"",quanti,}",0.0,0.0
1790103862.581,java-product-service,"http_server_requests_seconds{error=""none"",exception=""none"",language=""java"",method=""GET"",outcome=""SUCCESS"",service=""java-product-service"",status=""200"",uri=""/actuator/health"",}",4.0,0.234443625
1790103862.581,java-product-service,"http_server_requests_seconds{error=""none"",exception=""none"",language=""java"",method=""GET"",outcome=""SUCCESS"",service=""java-product-service"",status=""200"",uri=""/actuator/prometheus"",quanti,}",0.0,0.0
1790103862.581,java-product-service,"http_server_requests_seconds{error=""none"",exception=""none"",language=""java"",method=""GET"",outcome=""SUCCESS"",service=""java-product-service"",status=""200"",uri=""/actuator/prometheus"",}",1.0,0.0167795
1790103862.581,java-product-service,"http_server_requests_seconds{error=""none"",exception=""none"",language=""java"",method=""POST"",outcome=""SUCCESS"",service=""java-product-service"",status=""201"",uri=""/products"",quanti,}",0.0,0.0
1790103862.581,java-product-service,"http_server_requests_seconds{error=""none"",exception=""none"",language=""java"",method=""POST"",outcome=""SUCCESS"",service=""java-product-service"",status=""201"",uri=""/products"",}",5.0,0.097602375
1790103862.581,java-product-service,"http_server_requests_seconds{error=""none"",exception=""none"",language=""java"",method=""GET"",outcome=""SUCCESS"",service=""java-product-service"",status=""200"",uri=""/products"",quanti,}",0.0,0.0
1790103862.581,java-product-service,"http_server_requests_seconds{error=""none"",exception=""none"",language=""java"",method=""GET"",outcome=""SUCCESS"",service=""java-product-service"",status=""200"",uri=""/products"",}",1000.0,1.685783302
1790103862.581,java-order-service,"http_server_requests_seconds{error=""none"",exception=""none"",language=""java"",method=""GET"",outcome=""SUCCESS"",service=""java-order-service"",status=""200"",uri=""/actuator/prometheus"",quanti,}",0.0,0.0
1790103862.581,java-order-service,"http_server_requests_seconds{error=""none"",exception=""none"",language=""java"",method=""GET"",outcome=""SUCCESS"",service=""java-order-service"",status=""200"",uri=""/actuator/prometheus"",}",1.0,0.019249208
1790103862.581,java-order-service,"http_server_requests_seconds{error=""none"",exception=""none"",language=""java"",method=""GET"",outcome=""SUCCESS"",service=""java-order-service"",status=""200"",uri=""/actuator/health"",quanti,}",0.0,0.0
1790103862.581,java-order-service,"http_server_requests_seconds{error=""none"",exception=""none"",language=""java"",method=""GET"",outcome=""SUCCESS"",service=""java-order-service"",status=""200"",uri=""/actuator/health"",}",5.0,0.063544374
1790103867.625,java-user-service,"http_server_requests_seconds{error=""none"",exception=""none"",framework=""spring-boot"",language=""java"",method=""GET"",outcome=""SUCCESS"",service=""java-user-service"",status=""200"",uri=""/actuator/health"",quanti,}",0.0,0.0
1790103867.625,java-user-service,"http_server_requests_seconds{error=""none"",exception=""none"",framework=""spring-boot"",language=""java"",method=""GET"",outcome=""SUCCESS"",service=""java-user-service"",status=""200"",uri=""/actuator/health"",}",14.0,0.292442294
1790103867.625,java-user-service,"http_server_requests_seconds{error=""none"",exception=""none"",framework=""spring-boot"",language=""java"",method=""POST"",outcome=""SUCCESS"",service=""java-user-service"",status=""201"",uri=""/users"",quanti,}",0.0,0.0
1790103867.625,java-user-service,"http_server_requests_seconds{error=""none"",exception=""none"",framework=""spring-boot"",language=""java"",method=""POST"",outcome=""SUCCESS"",service=""java-user-service"",status=""201"",uri=""/users"",}",114.0,21.302567545
1790103867.625,java-user-service,"http_server_requests_seconds{error=""none"",exception=""none"",framework=""spring-boot"",language=""java"",method=""GET"",outcome=""SUCCESS"",service=""java-user-service"",status=""200"",uri=""/users"",quanti,}",0.0,0.0
1790103867.625,java-user-service,"http_server_requests_seconds{error=""none"",exception=""none"",framework=""spring-boot"",language=""java"",method=""GET"",outcome=""SUCCESS"",service=""java-user-service"",status=""200"",uri=""/users"",}",1000.0,7.153388617
1790103867.625,java-user-service,"http_server_requests_seconds{error=""none"",exception=""none"",framework=""spring-boot"",language=""java"",method=""GET"",outcome=""SUCCESS"",service=""java-user-service"",status=""200"",uri=""/actuator/prometheus"",quanti,}",0.0,0.0
1790103867.625,java-user-service,"http_server_requests_seconds{error=""none"",exception=""none"",framework=""spring-boot"",language=""java"",method=""GET"",outcome=""SUCCESS"",service=""java-user-service"",status=""200"",uri=""/actuator/prometheus"",}",2.0,0.040463083
1790103867.625,java-product-service,"http_server_requests_seconds{error=""none"",exception=""none"",language=""java"",method=""GET"",outcome=""SUCCESS"",service=""java-product-service"",status=""200"",uri=""/actuator/health"",quanti,}",0.0,0.0
1790103867.625,java-product-service,"http_server_requests_seconds{error=""none"",exception=""none"",language=""java"",method=""GET"",outcome=""SUCCESS"",service=""java-product-service"",status=""200"",uri=""/actuator/health"",}",14.0,0.272385333
1790103867.625,java-product-service,"http_server_requests_seconds{error=""none"",exception=""none"",language=""java"",method=""GET"",outcome=""SUCCESS"",service=""java-product-service"",status=""200"",uri=""/actuator/prometheus"",quanti,}",0.0,0.0
1790103867.625,java-product-service,"http_server_requests_seconds{error=""none"",exception=""none"",language=""java"",method=""GET"",outcome=""SUCCESS"",service=""java-product-service"",status=""200"",uri=""/actuator/prometheus"",}",2.0,0.025623167
1790103867.625,java-product-service,"http_server_requests_seconds{error=""none"",exception=""none"",language=""java"",method=""POST"",outcome=""SUCCESS"",service=""java-product-service"",status=""201"",uri=""/products"",quanti,}",0.0,0.0
1790103867.625,java-product-service,"http_server_requests_seconds{error=""none"",exception=""none"",language=""java"",method=""POST"",outcome=""SUCCESS"",service=""java-product-service"",status=""201"",uri=""/products"",}",10.0,0.112075376
1790103867.625,java-product-service,"http_server_requests_seconds{error=""none"",exception=""none"",language=""java"",method=""GET"",outcome=""SUCCESS"",service=""java-product-service"",status=""200"",uri=""/products"",quanti,}",0.0,0.0
1790103867.625,java-product-service,"http_server_requests_seconds{error=""none"",exception=""none"",language=""java"",method=""GET"",outcome=""SUCCESS"",service=""java-product-service"",status=""200"",uri=""/products"",}",1003.0,1.692627886
1790103867.625,java-order-service,"http_server_requests_seconds{error=""none"",exception=""none"",language=""java"",method=""GET"",outcome=""SUCCESS"",service=""java-order-service"",status=""200"",uri=""/actuator/prometheus"",quanti,}",0.0,0.0
1790103867.625,java-order-service,"http_server_requests_seconds{error=""none"",exception=""none"",language=""java"",method=""GET"",outcome=""SUCCESS"",service=""java-order-service"",status=""200"",uri=""/actuator/prometheus"",}",2.0,0.024452624
1790103867.625,java-order-service,"http_server_requests_seconds{error=""none"",exception=""none"",language=""java"",method=""GET"",outcome=""SUCCESS"",service=""java-order-service"",status=""200"",uri=""/actuator/health"",quanti,}",0.0,0.0
1790103867.625,java-order-service,"http_server_requests_seconds{error=""none"",exception=""none"",language=""java"",method=""GET"",outcome=""SUCCESS"",service=""java-order-service"",status=""200"",uri=""/actuator/health"",}",14.0,0.08978375
1790103872.680,java-user-service,"http_server_requests_seconds{error=""none"",exception=""none"",framework=""spring-boot"",language=""java"",method=""GET"",outcome=""SUCCESS"",service=""java-user-service"",status=""200"",uri=""/actuator/health"",quanti,}",0.0,0.0
1790103872.680,java-user-service,"http_server_requests_seconds{error=""none"",exception=""none"",framework=""spring-boot"",language=""java"",method=""GET"",outcome=""SUCCESS"",service=""java-user-service"",status=""200"",uri=""/actuator/health"",}",24.0,0.332927128
1790103872.680,java-user-service,"http_server_requests_seconds{error=""none"",exception=""none"",framework=""spring-boot"",language=""java"",method=""POST"",outcome=""SUCCESS"",service=""java-user-service"",status=""201"",uri=""/users"",quanti,}",0.0,0.0
1790103872.680,java-user-service,"http_server_requests_seconds{error=""none"",exception=""none"",framework=""spring-boot"",language=""java"",method=""POST"",outcome=""SUCCESS"",service=""java-user-service"",status=""201"",uri=""/users"",}",122.0,21.889880587
1790103872.680,java-user-service,"http_server_requests_seconds{error=""none"",exception=""none"",framework=""spring-boot"",language=""java"",method=""GET"",outcome=""SUCCESS"",service=""java-user-service"",status=""200"",uri=""/users"",quanti,}",0.0,0.0
1790103872.680,java-user-service,"http_server_requests_seconds{error=""none"",exception=""none"",framework=""spring-boot"",language=""java"",method=""GET"",outcome=""SUCCESS"",service=""java-user-service"",status=""200"",uri=""/users"",}",1000.0,7.153388617
1790103872.680,java-user-service,"http_server_requests_seconds{error=""none"",exception=""none"",framework=""spring-boot"",language=""java"",method=""GET"",outcome=""SUCCESS"",service=""java-user-service"",status=""200"",uri=""/actuator/prometheus"",quanti,}",0.0,0.0
1790103872.680,java-user-service,"http_server_requests_seconds{error=""none"",exception=""none"",framework=""spring-boot"",language=""java"",method=""GET"",outcome=""SUCCESS"",service=""java-user-service"",status=""200"",uri=""/actuator/prometheus"",}",3.0,0.055087833
1790103872.680,java-product-service,"http_server_requests_seconds{error=""none"",exception=""none"",language=""java"",method=""GET"",outcome=""SUCCESS"",service=""java-product-service"",status=""200"",uri=""/actuator/health"",quanti,}",0.0,0.0
1790103872.680,java-product-service,"http_server_requests_seconds{error=""none"",exception=""none"",language=""java"",method=""GET"",outcome=""SUCCESS"",service=""java-product-service"",status=""200"",uri=""/actuator/health"",}",24.0,0.301825877
1790103872.680,java-product-service,"http_server_requests_seconds{error=""none"",exception=""none"",language=""java"",method=""GET"",outcome=""SUCCESS"",service=""java-product-service"",status=""200"",uri=""/actuator/prometheus"",quanti,}",0.0,0.0
1790103872.680,java-product-service,"http_server_requests_seconds{error=""none"",exception=""none"",language=""java"",method=""GET"",outcome=""SUCCESS"",service=""java-product-service"",status=""200"",uri=""/actuator/prometheus"",}",3.0,0.035287875
1790103872.680,java-product-service,"http_server_requests_seconds{error=""none"",exception=""none"",language=""java"",method=""POST"",outcome=""SUCCESS"",service=""java-product-service"",status=""201"",uri=""/products"",quanti,}",0.0,0.0
1790103872.680,java-product-service,"http_server_requests_seconds{error=""none"",exception=""none"",language=""java"",method=""POST"",outcome=""SUCCESS"",service=""java-product-service"",status=""201"",uri=""/products"",}",10.0,0.112075376
1790103872.680,java-product-service,"http_server_requests_seconds{error=""none"",exception=""none"",language=""java"",method=""GET"",outcome=""SUCCESS"",service=""java-product-service"",status=""200"",uri=""/products"",quanti,}",0.0,0.0
1790103872.680,java-product-service,"http_server_requests_seconds{error=""none"",exception=""none"",language=""java"",method=""GET"",outcome=""SUCCESS"",service=""java-product-service"",status=""200"",uri=""/products"",}",1025.0,1.715429511
1790103872.680,java-order-service,"http_server_requests_seconds{error=""none"",exception=""none"",language=""java"",method=""GET"",outcome=""SUCCESS"",service=""java-order-service"",status=""200"",uri=""/actuator/prometheus"",quanti,}",0.0,0.0
1790103872.680,java-order-service,"http_server_requests_seconds{error=""none"",exception=""none"",language=""java"",method=""GET"",outcome=""SUCCESS"",service=""java-order-service"",status=""200"",uri=""/actuator/prometheus"",}",3.0,0.031098916
1790103872.680,java-order-service,"http_server_requests_seconds{error=""none"",exception=""none"",language=""java"",method=""GET"",outcome=""SUCCESS"",service=""java-order-service"",status=""200"",uri=""/actuator/health"",quanti,}",0.0,0.0
1790103872.680,java-order-service,"http_server_requests_seconds{error=""none"",exception=""none"",language=""java"",method=""GET"",outcome=""SUCCESS"",service=""java-order-service"",status=""200"",uri=""/actuator/health"",}",25.0,0.115047127
1790103877.732,java-user-service,"http_server_requests_seconds{error=""none"",exception=""none"",framework=""spring-boot"",language=""java"",method=""GET"",outcome=""SUCCESS"",service=""java-user-service"",status=""200"",uri=""/actuator/health"",quanti,}",0.0,0.0
1790103877.732,java-user-service,"http_server_requests_seconds{error=""none"",exception=""none"",framework=""spring-boot"",language=""java"",method=""GET"",outcome=""SUCCESS"",service=""java-user-service"",status=""200"",uri=""/actuator/health"",}",34.0,0.361996378
1790103877.732,java-user-service,"http_server_requests_seconds{error=""none"",exception=""none"",framework=""spring-boot"",language=""java"",method=""POST"",outcome=""SUCCESS"",service=""java-user-service"",status=""201"",uri=""/users"",quanti,}",0.0,0.0
1790103877.732,java-user-service,"http_server_requests_seconds{error=""none"",exception=""none"",framework=""spring-boot"",language=""java"",method=""POST"",outcome=""SUCCESS"",service=""java-user-service"",status=""201"",uri=""/users"",}",135.0,22.826984878
1790103877.732,java-user-service,"http_server_requests_seconds{error=""none"",exception=""none"",framework=""spring-boot"",language=""java"",method=""GET"",outcome=""SUCCESS"",service=""java-user-service"",status=""200"",uri=""/users"",quanti,}",0.0,0.0
1790103877.732,java-user-service,"http_server_requests_seconds{error=""none"",exception=""none"",framework=""spring-boot"",language=""java"",method=""GET"",outcome=""SUCCESS"",service=""java-user-service"",status=""200"",uri=""/users"",}",1000.0,7.153388617
1790103877.732,java-user-service,"http_server_requests_seconds{error=""none"",exception=""none"",framework=""spring-boot"",language=""java"",method=""GET"",outcome=""SUCCESS"",service=""java-user-service"",status=""200"",uri=""/actuator/prometheus"",quanti,}",0.0,0.0
1790103877.732,java-user-service,"http_server_requests_seconds{error=""none"",exception=""none"",framework=""spring-boot"",language=""java"",method=""GET"",outcome=""SUCCESS"",service=""java-user-service"",status=""200"",uri=""/actuator/prometheus"",}",4.0,0.0681355
1790103877.732,java-product-service,"http_server_requests_seconds{error=""none"",exception=""none"",language=""java"",method=""GET"",outcome=""SUCCESS"",service=""java-product-service"",status=""200"",uri=""/actuator/health"",quanti,}",0.0,0.0
1790103877.732,java-product-service,"http_server_requests_seconds{error=""none"",exception=""none"",language=""java"",method=""GET"",outcome=""SUCCESS"",service=""java-product-service"",status=""200"",uri=""/actuator/health"",}",34.0,0.328111377
1790103877.732,java-product-service,"http_server_requests_seconds{error=""none"",exception=""none"",language=""java"",method=""GET"",outcome=""SUCCESS"",service=""java-product-service"",status=""200"",uri=""/actuator/prometheus"",quanti,}",0.0,0.0
1790103877.732,java-product-service,"http_server_requests_seconds{error=""none"",exception=""none"",language=""java"",method=""GET"",outcome=""SUCCESS"",service=""java-product-service"",status=""200"",uri=""/actuator/prometheus"",}",4.0,0.043017084
1790103877.732,java-product-service,"http_server_requests_seconds{error=""none"",exception=""none"",language=""java"",method=""POST"",outcome=""SUCCESS"",service=""java-product-service"",status=""201"",uri=""/products"",quanti,}",0.0,0.0
1790103877.732,java-product-service,"http_server_requests_seconds{error=""none"",exception=""none"",language=""java"",method=""POST"",outcome=""SUCCESS"",service=""java-product-service"",status=""201"",uri=""/products"",}",10.0,0.112075376
1790103877.732,java-product-service,"http_server_requests_seconds{error=""none"",exception=""none"",language=""java"",method=""GET"",outcome=""SUCCESS"",service=""java-product-service"",status=""200"",uri=""/products"",quanti,}",0.0,0.0
1790103877.732,java-product-service,"http_server_requests_seconds{error=""none"",exception=""none"",language=""java"",method=""GET"",outcome=""SUCCESS"",service=""java-product-service"",status=""200"",uri=""/products"",}",1067.0,1.759639181
1790103877.732,java-order-service,"http_server_requests_seconds{error=""none"",exception=""none"",language=""java"",method=""GET"",outcome=""SUCCESS"",service=""java-order-service"",status=""200"",uri=""/actuator/prometheus"",quanti,}",0.0,0.0
1790103877.732,java-order-service,"http_server_requests_seconds{error=""none"",exception=""none"",language=""java"",method=""GET"",outcome=""SUCCESS"",service=""java-order-service"",status=""200"",uri=""/actuator/prometheus"",}",4.0,0.036435957
1790103877.732,java-order-service,"http_server_requests_seconds{error=""none"",exception=""none"",language=""java"",method=""GET"",outcome=""SUCCESS"",service=""java-order-service"",status=""200"",uri=""/actuator/health"",quanti,}",0.0,0.0
1790103877.732,java-order-service,"http_server_requests_seconds{error=""none"",exception=""none"",language=""java"",method=""GET"",outcome=""SUCCESS"",service=""java-order-service"",status=""200"",uri=""/actuator/health"",}",34.0,0.135631419
1790103882.794,java-user-service,"http_server_requests_seconds{error=""none"",exception=""none"",framework=""spring-boot"",language=""java"",method=""GET"",outcome=""SUCCESS"",service=""java-user-service"",status=""200"",uri=""/actuator/health"",quanti,}",0.0,0.0
1790103882.794,java-user-service,"http_server_requests_seconds{error=""none"",exception=""none"",framework=""spring-boot"",language=""java"",method=""GET"",outcome=""SUCCESS"",service=""java-user-service"",status=""200"",uri=""/actuator/health"",}",44.0,0.39455917
1790103882.794,java-user-service,"http_server_requests_seconds{error=""none"",exception=""none"",framework=""spring-boot"",language=""java"",method=""POST"",outcome=""SUCCESS"",service=""java-user-service"",status=""201"",uri=""/users"",quanti,}",0.0,0.0
1790103882.794,java-user-service,"http_server_requests_seconds{error=""none"",exception=""none"",framework=""spring-boot"",language=""java"",method=""POST"",outcome=""SUCCESS"",service=""java-user-service"",status=""201"",uri=""/users"",}",153.0,24.100476168
1790103882.794,java-user-service,"http_server_requests_seconds{error=""none"",exception=""none"",framework=""spring-boot"",language=""java"",method=""GET"",outcome=""SUCCESS"",service=""java-user-service"",status=""200"",uri=""/users"",quanti,}",0.0,0.0
1790103882.794,java-user-service,"http_server_requests_seconds{error=""none"",exception=""none"",framework=""spring-boot"",language=""java"",method=""GET"",outcome=""SUCCESS"",service=""java-user-service"",status=""200"",uri=""/users"",}",1000.0,7.153388617
1790103882.794,java-user-service,"http_server_requests_seconds{error=""none"",exception=""none"",framework=""spring-boot"",language=""java"",method=""GET"",outcome=""SUCCESS"",service=""java-user-service"",status=""200"",uri=""/actuator/prometheus"",quanti,}",0.0,0.0
1790103882.794,java-user-service,"http_server_requests_seconds{error=""none"",exception=""none"",framework=""spring-boot"",language=""java"",method=""GET"",outcome=""SUCCESS"",service=""java-user-service"",status=""200"",uri=""/actuator/prometheus"",}",5.0,0.080476083
1790103882.794,java-product-service,"http_server_requests_seconds{error=""none"",exception=""none"",language=""java"",method=""GET"",outcome=""SUCCESS"",service=""java-product-service"",status=""200"",uri=""/actuator/health"",quanti,}",0.0,0.0
1790103882.794,java-product-service,"http_server_requests_seconds{error=""none"",exception=""none"",language=""java"",method=""GET"",outcome=""SUCCESS"",service=""java-product-service"",status=""200"",uri=""/actuator/health"",}",44.0,0.355242085
1790103882.794,java-product-service,"http_server_requests_seconds{error=""none"",exception=""none"",language=""java"",method=""GET"",outcome=""SUCCESS"",service=""java-product-service"",status=""200"",uri=""/actuator/prometheus"",quanti,}",0.0,0.0
1790103882.794,java-product-service,"http_server_requests_seconds{error=""none"",exception=""none"",language=""java"",method=""GET"",outcome=""SUCCESS"",service=""java-product-service"",status=""200"",uri=""/actuator/prometheus"",}",5.0,0.051492376
1790103882.794,java-product-service,"http_server_requests_seconds{error=""none"",exception=""none"",language=""java"",method=""POST"",outcome=""SUCCESS"",service=""java-product-service"",status=""201"",uri=""/products"",quanti,}",0.0,0.0
1790103882.794,java-product-service,"http_server_requests_seconds{error=""none"",exception=""none"",language=""java"",method=""POST"",outcome=""SUCCESS"",service=""java-product-service"",status=""201"",uri=""/products"",}",10.0,0.112075376
1790103882.794,java-product-service,"http_server_requests_seconds{error=""none"",exception=""none"",language=""java"",method=""GET"",outcome=""SUCCESS"",service=""java-product-service"",status=""200"",uri=""/products"",quanti,}",0.0,0.0
1790103882.794,java-product-service,"http_server_requests_seconds{error=""none"",exception=""none"",language=""java"",method=""GET"",outcome=""SUCCESS"",service=""java-product-service"",status=""200"",uri=""/products"",}",1129.0,1.812665683
1790103882.794,java-order-service,"http_server_requests_seconds{error=""none"",exception=""none"",language=""java"",method=""GET"",outcome=""SUCCESS"",service=""java-order-service"",status=""200"",uri=""/actuator/prometheus"",quanti,}",0.0,0.0
1790103882.794,java-order-service,"http_server_requests_seconds{error=""none"",exception=""none"",language=""java"",method=""GET"",outcome=""SUCCESS"",service=""java-order-service"",status=""200"",uri=""/actuator/prometheus"",}",5.0,0.043612498
1790103882.794,java-order-service,"http_server_requests_seconds{error=""none"",exception=""none"",language=""java"",method=""GET"",outcome=""SUCCESS"",service=""java-order-service"",status=""200"",uri=""/actuator/health"",quanti,}",0.0,0.0
1790103882.794,java-order-service,"http_server_requests_seconds{error=""none"",exception=""none"",language=""java"",method=""GET"",outcome=""SUCCESS"",service=""java-order-service"",status=""200"",uri=""/actuator/health"",}",45.0,0.156757962
1790103887.846,java-user-service,"http_server_requests_seconds{error=""none"",exception=""none"",framework=""spring-boot"",language=""java"",method=""GET"",outcome=""SUCCESS"",service=""java-user-service"",status=""200"",uri=""/actuator/health"",quanti,}",0.0,0.0
1790103887.846,java-user-service,"http_server_requests_seconds{error=""none"",exception=""none"",framework=""spring-boot"",language=""java"",method=""GET"",outcome=""SUCCESS"",service=""java-user-service"",status=""200"",uri=""/actuator/health"",}",55.0,0.431041963
1790103887.846,java-user-service,"http_server_requests_seconds{error=""none"",exception=""none"",framework=""spring-boot"",language=""java"",method=""POST"",outcome=""SUCCESS"",service=""java-user-service"",status=""201"",uri=""/users"",quanti,}",0.0,0.0
1790103887.846,java-user-service,"http_server_requests_seconds{error=""none"",exception=""none"",framework=""spring-boot"",language=""java"",method=""POST"",outcome=""SUCCESS"",service=""java-user-service"",status=""201"",uri=""/users"",}",176.0,25.77327821
1790103887.846,java-user-service,"http_server_requests_seconds{error=""none"",exception=""none"",framework=""spring-boot"",language=""java"",method=""GET"",outcome=""SUCCESS"",service=""java-user-service"",status=""200"",uri=""/users"",quanti,}",0.0,0.0
1790103887.846,java-user-service,"http_server_requests_seconds{error=""none"",exception=""none"",framework=""spring-boot"",language=""java"",method=""GET"",outcome=""SUCCESS"",service=""java-user-service"",status=""200"",uri=""/users"",}",1000.0,7.153388617
1790103887.846,java-user-service,"http_server_requests_seconds{error=""none"",exception=""none"",framework=""spring-boot"",language=""java"",method=""GET"",outcome=""SUCCESS"",service=""java-user-service"",status=""200"",uri=""/actuator/prometheus"",quanti,}",0.0,0.0
1790103887.846,java-user-service,"http_server_requests_seconds{error=""none"",exception=""none"",framework=""spring-boot"",language=""java"",method=""GET"",outcome=""SUCCESS"",service=""java-user-service"",status=""200"",uri=""/actuator/prometheus"",}",6.0,0.093054083
1790103887.846,java-product-service,"http_server_requests_seconds{error=""none"",exception=""none"",language=""java"",method=""GET"",outcome=""SUCCESS"",service=""java-product-service"",status=""200"",uri=""/actuator/health"",quanti,}",0.0,0.0
1790103887.846,java-product-service,"http_server_requests_seconds{error=""none"",exception=""none"",language=""java"",method=""GET"",outcome=""SUCCESS"",service=""java-product-service"",status=""200"",uri=""/actuator/health"",}",55.0,0.389648793
1790103887.846,java-product-service,"http_server_requests_seconds{error=""none"",exception=""none"",language=""java"",method=""GET"",outcome=""SUCCESS"",service=""java-product-service"",status=""200"",uri=""/actuator/prometheus"",quanti,}",0.0,0.0
1790103887.846,java-product-service,"http_server_requests_seconds{error=""none"",exception=""none"",language=""java"",method=""GET"",outcome=""SUCCESS"",service=""java-product-service"",status=""200"",uri=""/actuator/prometheus"",}",6.0,0.058561376
1790103887.846,java-product-service,"http_server_requests_seconds{error=""none"",exception=""none"",language=""java"",method=""POST"",outcome=""SUCCESS"",service=""java-product-service"",status=""201"",uri=""/products"",quanti,}",0.0,0.0
1790103887.846,java-product-service,"http_server_requests_seconds{error=""none"",exception=""none"",language=""java"",method=""POST"",outcome=""SUCCESS"",service=""java-product-service"",status=""201"",uri=""/products"",}",10.0,0.112075376
1790103887.846,java-product-service,"http_server_requests_seconds{error=""none"",exception=""none"",language=""java"",method=""GET"",outcome=""SUCCESS"",service=""java-product-service"",status=""200"",uri=""/products"",quanti,}",0.0,0.0
1790103887.846,java-product-service,"http_server_requests_seconds{error=""none"",exception=""none"",language=""java"",method=""GET"",outcome=""SUCCESS"",service=""java-product-service"",status=""200"",uri=""/products"",}",1211.0,1.857934767
1790103887.846,java-order-service,"http_server_requests_seconds{error=""none"",exception=""none"",language=""java"",method=""GET"",outcome=""SUCCESS"",service=""java-order-service"",status=""200"",uri=""/actuator/prometheus"",quanti,}",0.0,0.0
1790103887.846,java-order-service,"http_server_requests_seconds{error=""none"",exception=""none"",language=""java"",method=""GET"",outcome=""SUCCESS"",service=""java-order-service"",status=""200"",uri=""/actuator/prometheus"",}",6.0,0.04867804
1790103887.846,java-order-service,"http_server_requests_seconds{error=""none"",exception=""none"",language=""java"",method=""GET"",outcome=""SUCCESS"",service=""java-order-service"",status=""200"",uri=""/actuator/health"",quanti,}",0.0,0.0
1790103887.846,java-order-service,"http_server_requests_seconds{error=""none"",exception=""none"",language=""java"",method=""GET"",outcome=""SUCCESS"",service=""java-order-service"",status=""200"",uri=""/actuator/health"",}",55.0,0.181652464
1790103892.893,java-user-service,"http_server_requests_seconds{error=""none"",exception=""none"",framework=""spring-boot"",language=""java"",method=""GET"",outcome=""SUCCESS"",service=""java-user-service"",status=""200"",uri=""/actuator/health"",quanti,}",0.0,0.0
1790103892.893,java-user-service,"http_server_requests_seconds{error=""none"",exception=""none"",framework=""spring-boot"",language=""java"",method=""GET"",outcome=""SUCCESS"",service=""java-user-service"",status=""200"",uri=""/actuator/health"",}",64.0,0.457721381
1790103892.893,java-user-service,"http_server_requests_seconds{error=""none"",exception=""none"",framework=""spring-boot"",language=""java"",method=""POST"",outcome=""SUCCESS"",service=""java-user-service"",status=""201"",uri=""/users"",quanti,}",0.0,0.0
1790103892.893,java-user-service,"http_server_requests_seconds{error=""none"",exception=""none"",framework=""spring-boot"",language=""java"",method=""POST"",outcome=""SUCCESS"",service=""java-user-service"",status=""201"",uri=""/users"",}",204.0,28.000943251
1790103892.893,java-user-service,"http_server_requests_seconds{error=""none"",exception=""none"",framework=""spring-boot"",language=""java"",method=""GET"",outcome=""SUCCESS"",service=""java-user-service"",status=""200"",uri=""/users"",quanti,}",0.0,0.0
1790103892.893,java-user-service,"http_server_requests_seconds{error=""none"",exception=""none"",framework=""spring-boot"",language=""java"",method=""GET"",outcome=""SUCCESS"",service=""java-user-service"",status=""200"",uri=""/users"",}",1000.0,7.153388617
1790103892.893,java-user-service,"http_server_requests_seconds{error=""none"",exception=""none"",framework=""spring-boot"",language=""java"",method=""GET"",outcome=""SUCCESS"",service=""java-user-service"",status=""200"",uri=""/actuator/prometheus"",quanti,}",0.0,0.0
1790103892.893,java-user-service,"http_server_requests_seconds{error=""none"",exception=""none"",framework=""spring-boot"",language=""java"",method=""GET"",outcome=""SUCCESS"",service=""java-user-service"",status=""200"",uri=""/actuator/prometheus"",}",7.0,0.104937
1790103892.893,java-product-service,"http_server_requests_seconds{error=""none"",exception=""none"",language=""java"",method=""GET"",outcome=""SUCCESS"",service=""java-product-service"",status=""200"",uri=""/actuator/health"",quanti,}",0.0,0.0
1790103892.893,java-product-service,"http_server_requests_seconds{error=""none"",exception=""none"",language=""java"",method=""GET"",outcome=""SUCCESS"",service=""java-product-service"",status=""200"",uri=""/actuator/health"",}",64.0,0.413030918
1790103892.893,java-product-service,"http_server_requests_seconds{error=""none"",exception=""none"",language=""java"",method=""GET"",outcome=""SUCCESS"",service=""java-product-service"",status=""200"",uri=""/actuator/prometheus"",quanti,}",0.0,0.0
1790103892.893,java-product-service,"http_server_requests_seconds{error=""none"",exception=""none"",language=""java"",method=""GET"",outcome=""SUCCESS"",service=""java-product-service"",status=""200"",uri=""/actuator/prometheus"",}",7.0,0.064500167
1790103892.893,java-product-service,"http_server_requests_seconds{error=""none"",exception=""none"",language=""java"",method=""POST"",outcome=""SUCCESS"",service=""java-product-service"",status=""201"",uri=""/products"",quanti,}",0.0,0.0
1790103892.893,java-product-service,"http_server_requests_seconds{error=""none"",exception=""none"",language=""java"",method=""POST"",outcome=""SUCCESS"",service=""java-product-service"",status=""201"",uri=""/products"",}",10.0,0.112075376
1790103892.893,java-product-service,"http_server_requests_seconds{error=""none"",exception=""none"",language=""java"",method=""GET"",outcome=""SUCCESS"",service=""java-product-service"",status=""200"",uri=""/products"",quanti,}",0.0,0.0
1790103892.893,java-product-service,"http_server_requests_seconds{error=""none"",exception=""none"",language=""java"",method=""GET"",outcome=""SUCCESS"",service=""java-product-service"",status=""200"",uri=""/products"",}",1313.0,1.926032384
1790103892.893,java-order-service,"http_server_requests_seconds{error=""none"",exception=""none"",language=""java"",method=""GET"",outcome=""SUCCESS"",service=""java-order-service"",status=""200"",uri=""/actuator/prometheus"",quanti,}",0.0,0.0
1790103892.893,java-order-service,"http_server_requests_seconds{error=""none"",exception=""none"",language=""java"",method=""GET"",outcome=""SUCCESS"",service=""java-order-service"",status=""200"",uri=""/actuator/prometheus"",}",7.0,0.052358915
1790103892.893,java-order-service,"http_server_requests_seconds{error=""none"",exception=""none"",language=""java"",method=""GET"",outcome=""SUCCESS"",service=""java-order-service"",status=""200"",uri=""/actuator/health"",quanti,}",0.0,0.0
1790103892.893,java-order-service,"http_server_requests_seconds{error=""none"",exception=""none"",language=""java"",method=""GET"",outcome=""SUCCESS"",service=""java-order-service"",status=""200"",uri=""/actuator/health"",}",65.0,0.203809298
1790103897.935,java-user-service,"http_server_requests_seconds{error=""none"",exception=""none"",framework=""spring-boot"",language=""java"",method=""GET"",outcome=""SUCCESS"",service=""java-user-service"",status=""200"",uri=""/actuator/health"",quanti,}",0.0,0.0
1790103897.935,java-user-service,"http_server_requests_seconds{error=""none"",exception=""none"",framework=""spring-boot"",language=""java"",method=""GET"",outcome=""SUCCESS"",service=""java-user-service"",status=""200"",uri=""/actuator/health"",}",75.0,0.532085258
1790103897.935,java-user-service,"http_server_requests_seconds{error=""none"",exception=""none"",framework=""spring-boot"",language=""java"",method=""POST"",outcome=""SUCCESS"",service=""java-user-service"",status=""201"",uri=""/users"",quanti,}",0.0,0.0
1790103897.935,java-user-service,"http_server_requests_seconds{error=""none"",exception=""none"",framework=""spring-boot"",language=""java"",method=""POST"",outcome=""SUCCESS"",service=""java-user-service"",status=""201"",uri=""/users"",}",234.0,30.320215796
1790103897.935,java-user-service,"http_server_requests_seconds{error=""none"",exception=""none"",framework=""spring-boot"",language=""java"",method=""GET"",outcome=""SUCCESS"",service=""java-user-service"",status=""200"",uri=""/users"",quanti,}",0.0,0.0
1790103897.935,java-user-service,"http_server_requests_seconds{error=""none"",exception=""none"",framework=""spring-boot"",language=""java"",method=""GET"",outcome=""SUCCESS"",service=""java-user-service"",status=""200"",uri=""/users"",}",1000.0,7.153388617
1790103897.935,java-user-service,"http_server_requests_seconds{error=""none"",exception=""none"",framework=""spring-boot"",language=""java"",method=""GET"",outcome=""SUCCESS"",service=""java-user-service"",status=""200"",uri=""/actuator/prometheus"",quanti,}",0.0,0.0
1790103897.935,java-user-service,"http_server_requests_seconds{error=""none"",exception=""none"",framework=""spring-boot"",language=""java"",method=""GET"",outcome=""SUCCESS"",service=""java-user-service"",status=""200"",uri=""/actuator/prometheus"",}",8.0,0.110586792
1790103897.935,java-product-service,"http_server_requests_seconds{error=""none"",exception=""none"",language=""java"",method=""GET"",outcome=""SUCCESS"",service=""java-product-service"",status=""200"",uri=""/actuator/health"",quanti,}",0.0,0.0
1790103897.935,java-product-service,"http_server_requests_seconds{error=""none"",exception=""none"",language=""java"",method=""GET"",outcome=""SUCCESS"",service=""java-product-service"",status=""200"",uri=""/actuator/health"",}",75.0,0.437360418
1790103897.935,java-product-service,"http_server_requests_seconds{error=""none"",exception=""none"",language=""java"",method=""GET"",outcome=""SUCCESS"",service=""java-product-service"",status=""200"",uri=""/actuator/prometheus"",quanti,}",0.0,0.0
1790103897.935,java-product-service,"http_server_requests_seconds{error=""none"",exception=""none"",language=""java"",method=""GET"",outcome=""SUCCESS"",service=""java-product-service"",status=""200"",uri=""/actuator/prometheus"",}",8.0,0.068597042
1790103897.935,java-product-service,"http_server_requests_seconds{error=""none"",exception=""none"",language=""java"",method=""POST"",outcome=""SUCCESS"",service=""java-product-service"",status=""201"",uri=""/products"",quanti,}",0.0,0.0
1790103897.935,java-product-service,"http_server_requests_seconds{error=""none"",exception=""none"",language=""java"",method=""POST"",outcome=""SUCCESS"",service=""java-product-service"",status=""201"",uri=""/products"",}",10.0,0.112075376
1790103897.935,java-product-service,"http_server_requests_seconds{error=""none"",exception=""none"",language=""java"",method=""GET"",outcome=""SUCCESS"",service=""java-product-service"",status=""200"",uri=""/products"",quanti,}",0.0,0.0
1790103897.935,java-product-service,"http_server_requests_seconds{error=""none"",exception=""none"",language=""java"",method=""GET"",outcome=""SUCCESS"",service=""java-product-service"",status=""200"",uri=""/products"",}",1432.0,2.032661637
1790103897.935,java-order-service,"http_server_requests_seconds{error=""none"",exception=""none"",language=""java"",method=""GET"",outcome=""SUCCESS"",service=""java-order-service"",status=""200"",uri=""/actuator/prometheus"",quanti,}",0.0,0.0
1790103897.935,java-order-service,"http_server_requests_seconds{error=""none"",exception=""none"",language=""java"",method=""GET"",outcome=""SUCCESS"",service=""java-order-service"",status=""200"",uri=""/actuator/prometheus"",}",8.0,0.056314498
1790103897.935,java-order-service,"http_server_requests_seconds{error=""none"",exception=""none"",language=""java"",method=""GET"",outcome=""SUCCESS"",service=""java-order-service"",status=""200"",uri=""/actuator/health"",quanti,}",0.0,0.0
1790103897.935,java-order-service,"http_server_requests_seconds{error=""none"",exception=""none"",language=""java"",method=""GET"",outcome=""SUCCESS"",service=""java-order-service"",status=""200"",uri=""/actuator/health"",}",75.0,0.224675755
1790103902.971,java-user-service,"http_server_requests_seconds{error=""none"",exception=""none"",framework=""spring-boot"",language=""java"",method=""GET"",outcome=""SUCCESS"",service=""java-user-service"",status=""200"",uri=""/actuator/health"",quanti,}",0.0,0.0
1790103902.971,java-user-service,"http_server_requests_seconds{error=""none"",exception=""none"",framework=""spring-boot"",language=""java"",method=""GET"",outcome=""SUCCESS"",service=""java-user-service"",status=""200"",uri=""/actuator/health"",}",85.0,0.564470255
1790103902.971,java-user-service,"http_server_requests_seconds{error=""none"",exception=""none"",framework=""spring-boot"",language=""java"",method=""POST"",outcome=""SUCCESS"",service=""java-user-service"",status=""201"",uri=""/users"",quanti,}",0.0,0.0
1790103902.971,java-user-service,"http_server_requests_seconds{error=""none"",exception=""none"",framework=""spring-boot"",language=""java"",method=""POST"",outcome=""SUCCESS"",service=""java-user-service"",status=""201"",uri=""/users"",}",264.0,32.945772339
1790103902.971,java-user-service,"http_server_requests_seconds{error=""none"",exception=""none"",framework=""spring-boot"",language=""java"",method=""GET"",outcome=""SUCCESS"",service=""java-user-service"",status=""200"",uri=""/users"",quanti,}",0.0,0.0
1790103902.971,java-user-service,"http_server_requests_seconds{error=""none"",exception=""none"",framework=""spring-boot"",language=""java"",method=""GET"",outcome=""SUCCESS"",service=""java-user-service"",status=""200"",uri=""/users"",}",1000.0,7.153388617
1790103902.971,java-user-service,"http_server_requests_seconds{error=""none"",exception=""none"",framework=""spring-boot"",language=""java"",method=""GET"",outcome=""SUCCESS"",service=""java-user-service"",status=""200"",uri=""/actuator/prometheus"",quanti,}",0.0,0.0
1790103902.971,java-user-service,"http_server_requests_seconds{error=""none"",exception=""none"",framework=""spring-boot"",language=""java"",method=""GET"",outcome=""SUCCESS"",service=""java-user-service"",status=""200"",uri=""/actuator/prometheus"",}",9.0,0.115245876
1790103902.971,java-product-service,"http_server_requests_seconds{error=""none"",exception=""none"",language=""java"",method=""GET"",outcome=""SUCCESS"",service=""java-product-service"",status=""200"",uri=""/actuator/health"",quanti,}",0.0,0.0
1790103902.971,java-product-service,"http_server_requests_seconds{error=""none"",exception=""none"",language=""java"",method=""GET"",outcome=""SUCCESS"",service=""java-product-service"",status=""200"",uri=""/actuator/health"",}",85.0,0.465682918
1790103902.971,java-product-service,"http_server_requests_seconds{error=""none"",exception=""none"",language=""java"",method=""GET"",outcome=""SUCCESS"",service=""java-product-service"",status=""200"",uri=""/actuator/prometheus"",quanti,}",0.0,0.0
1790103902.971,java-product-service,"http_server_requests_seconds{error=""none"",exception=""none"",language=""java"",method=""GET"",outcome=""SUCCESS"",service=""java-product-service"",status=""200"",uri=""/actuator/prometheus"",}",9.0,0.072362084
1790103902.971,java-product-service,"http_server_requests_seconds{error=""none"",exception=""none"",language=""java"",method=""POST"",outcome=""SUCCESS"",service=""java-product-service"",status=""201"",uri=""/products"",quanti,}",0.0,0.0
1790103902.971,java-product-service,"http_server_requests_seconds{error=""none"",exception=""none"",language=""java"",method=""POST"",outcome=""SUCCESS"",service=""java-product-service"",status=""201"",uri=""/products"",}",10.0,0.112075376
1790103902.971,java-product-service,"http_server_requests_seconds{error=""none"",exception=""none"",language=""java"",method=""GET"",outcome=""SUCCESS"",service=""java-product-service"",status=""200"",uri=""/products"",quanti,}",0.0,0.0
1790103902.971,java-product-service,"http_server_requests_seconds{error=""none"",exception=""none"",language=""java"",method=""GET"",outcome=""SUCCESS"",service=""java-product-service"",status=""200"",uri=""/products"",}",1552.0,2.130593678
1790103902.971,java-order-service,"http_server_requests_seconds{error=""none"",exception=""none"",language=""java"",method=""GET"",outcome=""SUCCESS"",service=""java-order-service"",status=""200"",uri=""/actuator/prometheus"",quanti,}",0.0,0.0
1790103902.971,java-order-service,"http_server_requests_seconds{error=""none"",exception=""none"",language=""java"",method=""GET"",outcome=""SUCCESS"",service=""java-order-service"",status=""200"",uri=""/actuator/prometheus"",}",9.0,0.059982248
1790103902.971,java-order-service,"http_server_requests_seconds{error=""none"",exception=""none"",language=""java"",method=""GET"",outcome=""SUCCESS"",service=""java-order-service"",status=""200"",uri=""/actuator/health"",quanti,}",0.0,0.0
1790103902.971,java-order-service,"http_server_requests_seconds{error=""none"",exception=""none"",language=""java"",method=""GET"",outcome=""SUCCESS"",service=""java-order-service"",status=""200"",uri=""/actuator/health"",}",86.0,0.252302172
1790103908.000,java-user-service,"http_server_requests_seconds{error=""none"",exception=""none"",framework=""spring-boot"",language=""java"",method=""GET"",outcome=""SUCCESS"",service=""java-user-service"",status=""200"",uri=""/actuator/health"",quanti,}",0.0,0.0
1790103908.000,java-user-service,"http_server_requests_seconds{error=""none"",exception=""none"",framework=""spring-boot"",language=""java"",method=""GET"",outcome=""SUCCESS"",service=""java-user-service"",status=""200"",uri=""/actuator/health"",}",95.0,0.597402674
1790103908.000,java-user-service,"http_server_requests_seconds{error=""none"",exception=""none"",framework=""spring-boot"",language=""java"",method=""POST"",outcome=""SUCCESS"",service=""java-user-service"",status=""201"",uri=""/users"",quanti,}",0.0,0.0
1790103908.000,java-user-service,"http_server_requests_seconds{error=""none"",exception=""none"",framework=""spring-boot"",language=""java"",method=""POST"",outcome=""SUCCESS"",service=""java-user-service"",status=""201"",uri=""/users"",}",293.0,36.003139588
1790103908.000,java-user-service,"http_server_requests_seconds{error=""none"",exception=""none"",framework=""spring-boot"",language=""java"",method=""GET"",outcome=""SUCCESS"",service=""java-user-service"",status=""200"",uri=""/users"",quanti,}",0.0,0.0
1790103908.000,java-user-service,"http_server_requests_seconds{error=""none"",exception=""none"",framework=""spring-boot"",language=""java"",method=""GET"",outcome=""SUCCESS"",service=""java-user-service"",status=""200"",uri=""/users"",}",1000.0,7.153388617
1790103908.000,java-user-service,"http_server_requests_seconds{error=""none"",exception=""none"",framework=""spring-boot"",language=""java"",method=""GET"",outcome=""SUCCESS"",service=""java-user-service"",status=""200"",uri=""/actuator/prometheus"",quanti,}",0.0,0.0
1790103908.000,java-user-service,"http_server_requests_seconds{error=""none"",exception=""none"",framework=""spring-boot"",language=""java"",method=""GET"",outcome=""SUCCESS"",service=""java-user-service"",status=""200"",uri=""/actuator/prometheus"",}",10.0,0.118856626
1790103908.000,java-product-service,"http_server_requests_seconds{error=""none"",exception=""none"",language=""java"",method=""GET"",outcome=""SUCCESS"",service=""java-product-service"",status=""200"",uri=""/actuator/health"",quanti,}",0.0,0.0
1790103908.000,java-product-service,"http_server_requests_seconds{error=""none"",exception=""none"",language=""java"",method=""GET"",outcome=""SUCCESS"",service=""java-product-service"",status=""200"",uri=""/actuator/health"",}",95.0,0.494612168
1790103908.000,java-product-service,"http_server_requests_seconds{error=""none"",exception=""none"",language=""java"",method=""GET"",outcome=""SUCCESS"",service=""java-product-service"",status=""200"",uri=""/actuator/prometheus"",quanti,}",0.0,0.0
1790103908.000,java-product-service,"http_server_requests_seconds{error=""none"",exception=""none"",language=""java"",method=""GET"",outcome=""SUCCESS"",service=""java-product-service"",status=""200"",uri=""/actuator/prometheus"",}",10.0,0.075337875
1790103908.000,java-product-service,"http_server_requests_seconds{error=""none"",exception=""none"",language=""java"",method=""POST"",outcome=""SUCCESS"",service=""java-product-service"",status=""201"",uri=""/products"",quanti,}",0.0,0.0
1790103908.000,java-product-service,"http_server_requests_seconds{error=""none"",exception=""none"",language=""java"",method=""POST"",outcome=""SUCCESS"",service=""java-product-service"",status=""201"",uri=""/products"",}",10.0,0.112075376
1790103908.000,java-product-service,"http_server_requests_seconds{error=""none"",exception=""none"",language=""java"",method=""GET"",outcome=""SUCCESS"",service=""java-product-service"",status=""200"",uri=""/products"",quanti,}",0.0,0.0
1790103908.000,java-product-service,"http_server_requests_seconds{error=""none"",exception=""none"",language=""java"",method=""GET"",outcome=""SUCCESS"",service=""java-product-service"",status=""200"",uri=""/products"",}",1671.0,2.237010053
1790103908.000,java-order-service,"http_server_requests_seconds{error=""none"",exception=""none"",language=""java"",method=""GET"",outcome=""SUCCESS"",service=""java-order-service"",status=""200"",uri=""/actuator/prometheus"",quanti,}",0.0,0.0
1790103908.000,java-order-service,"http_server_requests_seconds{error=""none"",exception=""none"",language=""java"",method=""GET"",outcome=""SUCCESS"",service=""java-order-service"",status=""200"",uri=""/actuator/prometheus"",}",10.0,0.063143289
1790103908.000,java-order-service,"http_server_requests_seconds{error=""none"",exception=""none"",language=""java"",method=""GET"",outcome=""SUCCESS"",service=""java-order-service"",status=""200"",uri=""/actuator/health"",quanti,}",0.0,0.0
1790103908.000,java-order-service,"http_server_requests_seconds{error=""none"",exception=""none"",language=""java"",method=""GET"",outcome=""SUCCESS"",service=""java-order-service"",status=""200"",uri=""/actuator/health"",}",95.0,0.272349172
1790103913.031,java-user-service,"http_server_requests_seconds{error=""none"",exception=""none"",framework=""spring-boot"",language=""java"",method=""GET"",outcome=""SUCCESS"",service=""java-user-service"",status=""200"",uri=""/actuator/health"",quanti,}",0.0,0.0
1790103913.031,java-user-service,"http_server_requests_seconds{error=""none"",exception=""none"",framework=""spring-boot"",language=""java"",method=""GET"",outcome=""SUCCESS"",service=""java-user-service"",status=""200"",uri=""/actuator/health"",}",105.0,0.640299965
1790103913.031,java-user-service,"http_server_requests_seconds{error=""none"",exception=""none"",framework=""spring-boot"",language=""java"",method=""POST"",outcome=""SUCCESS"",service=""java-user-service"",status=""201"",uri=""/users"",quanti,}",0.0,0.0
1790103913.031,java-user-service,"http_server_requests_seconds{error=""none"",exception=""none"",framework=""spring-boot"",language=""java"",method=""POST"",outcome=""SUCCESS"",service=""java-user-service"",status=""201"",uri=""/users"",}",318.0,39.792515925
1790103913.031,java-user-service,"http_server_requests_seconds{error=""none"",exception=""none"",framework=""spring-boot"",language=""java"",method=""GET"",outcome=""SUCCESS"",service=""java-user-service"",status=""200"",uri=""/users"",quanti,}",0.0,0.0
1790103913.031,java-user-service,"http_server_requests_seconds{error=""none"",exception=""none"",framework=""spring-boot"",language=""java"",method=""GET"",outcome=""SUCCESS"",service=""java-user-service"",status=""200"",uri=""/users"",}",1000.0,7.153388617
1790103913.031,java-user-service,"http_server_requests_seconds{error=""none"",exception=""none"",framework=""spring-boot"",language=""java"",method=""GET"",outcome=""SUCCESS"",service=""java-user-service"",status=""200"",uri=""/actuator/prometheus"",quanti,}",0.0,0.0
1790103913.031,java-user-service,"http_server_requests_seconds{error=""none"",exception=""none"",framework=""spring-boot"",language=""java"",method=""GET"",outcome=""SUCCESS"",service=""java-user-service"",status=""200"",uri=""/actuator/prometheus"",}",11.0,0.122354292
1790103913.031,java-product-service,"http_server_requests_seconds{error=""none"",exception=""none"",language=""java"",method=""GET"",outcome=""SUCCESS"",service=""java-product-service"",status=""200"",uri=""/actuator/health"",quanti,}",0.0,0.0
1790103913.031,java-product-service,"http_server_requests_seconds{error=""none"",exception=""none"",language=""java"",method=""GET"",outcome=""SUCCESS"",service=""java-product-service"",status=""200"",uri=""/actuator/health"",}",105.0,0.531683959
1790103913.031,java-product-service,"http_server_requests_seconds{error=""none"",exception=""none"",language=""java"",method=""GET"",outcome=""SUCCESS"",service=""java-product-service"",status=""200"",uri=""/actuator/prometheus"",quanti,}",0.0,0.0
1790103913.031,java-product-service,"http_server_requests_seconds{error=""none"",exception=""none"",language=""java"",method=""GET"",outcome=""SUCCESS"",service=""java-product-service"",status=""200"",uri=""/actuator/prometheus"",}",11.0,0.078421334
1790103913.031,java-product-service,"http_server_requests_seconds{error=""none"",exception=""none"",language=""java"",method=""POST"",outcome=""SUCCESS"",service=""java-product-service"",status=""201"",uri=""/products"",quanti,}",0.0,0.0
1790103913.031,java-product-service,"http_server_requests_seconds{error=""none"",exception=""none"",language=""java"",method=""POST"",outcome=""SUCCESS"",service=""java-product-service"",status=""201"",uri=""/products"",}",10.0,0.112075376
1790103913.031,java-product-service,"http_server_requests_seconds{error=""none"",exception=""none"",language=""java"",method=""GET"",outcome=""SUCCESS"",service=""java-product-service"",status=""200"",uri=""/products"",quanti,}",0.0,0.0
1790103913.031,java-product-service,"http_server_requests_seconds{error=""none"",exception=""none"",language=""java"",method=""GET"",outcome=""SUCCESS"",service=""java-product-service"",status=""200"",uri=""/products"",}",1788.0,2.335996007
1790103913.031,java-order-service,"http_server_requests_seconds{error=""none"",exception=""none"",language=""java"",method=""GET"",outcome=""SUCCESS"",service=""java-order-service"",status=""200"",uri=""/actuator/prometheus"",quanti,}",0.0,0.0
1790103913.031,java-order-service,"http_server_requests_seconds{error=""none"",exception=""none"",language=""java"",method=""GET"",outcome=""SUCCESS"",service=""java-order-service"",status=""200"",uri=""/actuator/prometheus"",}",11.0,0.06620008
1790103913.031,java-order-service,"http_server_requests_seconds{error=""none"",exception=""none"",language=""java"",method=""GET"",outcome=""SUCCESS"",service=""java-order-service"",status=""200"",uri=""/actuator/health"",quanti,}",0.0,0.0
1790103913.031,java-order-service,"http_server_requests_seconds{error=""none"",exception=""none"",language=""java"",method=""GET"",outcome=""SUCCESS"",service=""java-order-service"",status=""200"",uri=""/actuator/health"",}",106.0,0.302503631
1790103918.121,java-user-service,"http_server_requests_seconds{error=""none"",exception=""none"",framework=""spring-boot"",language=""java"",method=""GET"",outcome=""SUCCESS"",service=""java-user-service"",status=""200"",uri=""/actuator/health"",quanti,}",0.0,0.0
1790103918.121,java-user-service,"http_server_requests_seconds{error=""none"",exception=""none"",framework=""spring-boot"",language=""java"",method=""GET"",outcome=""SUCCESS"",service=""java-user-service"",status=""200"",uri=""/actuator/health"",}",115.0,0.673506464
1790103918.121,java-user-service,"http_server_requests_seconds{error=""none"",exception=""none"",framework=""spring-boot"",language=""java"",method=""POST"",outcome=""SUCCESS"",service=""java-user-service"",status=""201"",uri=""/users"",quanti,}",0.0,0.0
1790103918.121,java-user-service,"http_server_requests_seconds{error=""none"",exception=""none"",framework=""spring-boot"",language=""java"",method=""POST"",outcome=""SUCCESS"",service=""java-user-service"",status=""201"",uri=""/users"",}",348.0,43.967880343
1790103918.121,java-user-service,"http_server_requests_seconds{error=""none"",exception=""none"",framework=""spring-boot"",language=""java"",method=""GET"",outcome=""SUCCESS"",service=""java-user-service"",status=""200"",uri=""/users"",quanti,}",0.0,0.0
1790103918.121,java-user-service,"http_server_requests_seconds{error=""none"",exception=""none"",framework=""spring-boot"",language=""java"",method=""GET"",outcome=""SUCCESS"",service=""java-user-service"",status=""200"",uri=""/users"",}",1000.0,7.153388617
1790103918.121,java-user-service,"http_server_requests_seconds{error=""none"",exception=""none"",framework=""spring-boot"",language=""java"",method=""GET"",outcome=""SUCCESS"",service=""java-user-service"",status=""200"",uri=""/actuator/prometheus"",quanti,}",0.0,0.0
1790103918.121,java-user-service,"http_server_requests_seconds{error=""none"",exception=""none"",framework=""spring-boot"",language=""java"",method=""GET"",outcome=""SUCCESS"",service=""java-user-service"",status=""200"",uri=""/actuator/prometheus"",}",12.0,0.12710975
1790103918.121,java-product-service,"http_server_requests_seconds{error=""none"",exception=""none"",language=""java"",method=""GET"",outcome=""SUCCESS"",service=""java-product-service"",status=""200"",uri=""/actuator/health"",quanti,}",0.0,0.0
1790103918.121,java-product-service,"http_server_requests_seconds{error=""none"",exception=""none"",language=""java"",method=""GET"",outcome=""SUCCESS"",service=""java-product-service"",status=""200"",uri=""/actuator/health"",}",115.0,0.562209334
1790103918.121,java-product-service,"http_server_requests_seconds{error=""none"",exception=""none"",language=""java"",method=""GET"",outcome=""SUCCESS"",service=""java-product-service"",status=""200"",uri=""/actuator/prometheus"",quanti,}",0.0,0.0
1790103918.121,java-product-service,"http_server_requests_seconds{error=""none"",exception=""none"",language=""java"",method=""GET"",outcome=""SUCCESS"",service=""java-product-service"",status=""200"",uri=""/actuator/prometheus"",}",12.0,0.081665001
1790103918.121,java-product-service,"http_server_requests_seconds{error=""none"",exception=""none"",language=""java"",method=""POST"",outcome=""SUCCESS"",service=""java-product-service"",status=""201"",uri=""/products"",quanti,}",0.0,0.0
1790103918.121,java-product-service,"http_server_requests_seconds{error=""none"",exception=""none"",language=""java"",method=""POST"",outcome=""SUCCESS"",service=""java-product-service"",status=""201"",uri=""/products"",}",10.0,0.112075376
1790103918.121,java-product-service,"http_server_requests_seconds{error=""none"",exception=""none"",language=""java"",method=""GET"",outcome=""SUCCESS"",service=""java-product-service"",status=""200"",uri=""/products"",quanti,}",0.0,0.0
1790103918.121,java-product-service,"http_server_requests_seconds{error=""none"",exception=""none"",language=""java"",method=""GET"",outcome=""SUCCESS"",service=""java-product-service"",status=""200"",uri=""/products"",}",1900.0,2.456937549
1790103918.121,java-order-service,"http_server_requests_seconds{error=""none"",exception=""none"",language=""java"",method=""GET"",outcome=""SUCCESS"",service=""java-order-service"",status=""200"",uri=""/actuator/prometheus"",quanti,}",0.0,0.0
1790103918.121,java-order-service,"http_server_requests_seconds{error=""none"",exception=""none"",language=""java"",method=""GET"",outcome=""SUCCESS"",service=""java-order-service"",status=""200"",uri=""/actuator/prometheus"",}",12.0,0.069417205
1790103918.121,java-order-service,"http_server_requests_seconds{error=""none"",exception=""none"",language=""java"",method=""GET"",outcome=""SUCCESS"",service=""java-order-service"",status=""200"",uri=""/actuator/health"",quanti,}",0.0,0.0
1790103918.121,java-order-service,"http_server_requests_seconds{error=""none"",exception=""none"",language=""java"",method=""GET"",outcome=""SUCCESS"",service=""java-order-service"",status=""200"",uri=""/actuator/health"",}",115.0,0.328400172
1790103923.186,java-user-service,"http_server_requests_seconds{error=""none"",exception=""none"",framework=""spring-boot"",language=""java"",method=""GET"",outcome=""SUCCESS"",service=""java-user-service"",status=""200"",uri=""/actuator/health"",quanti,}",0.0,0.0
1790103923.186,java-user-service,"http_server_requests_seconds{error=""none"",exception=""none"",framework=""spring-boot"",language=""java"",method=""GET"",outcome=""SUCCESS"",service=""java-user-service"",status=""200"",uri=""/actuator/health"",}",125.0,0.74397238
1790103923.186,java-user-service,"http_server_requests_seconds{error=""none"",exception=""none"",framework=""spring-boot"",language=""java"",method=""POST"",outcome=""SUCCESS"",service=""java-user-service"",status=""201"",uri=""/users"",quanti,}",0.0,0.0
1790103923.186,java-user-service,"http_server_requests_seconds{error=""none"",exception=""none"",framework=""spring-boot"",language=""java"",method=""POST"",outcome=""SUCCESS"",service=""java-user-service"",status=""201"",uri=""/users"",}",378.0,48.371432386
1790103923.186,java-user-service,"http_server_requests_seconds{error=""none"",exception=""none"",framework=""spring-boot"",language=""java"",method=""GET"",outcome=""SUCCESS"",service=""java-user-service"",status=""200"",uri=""/users"",quanti,}",0.0,0.0
1790103923.186,java-user-service,"http_server_requests_seconds{error=""none"",exception=""none"",framework=""spring-boot"",language=""java"",method=""GET"",outcome=""SUCCESS"",service=""java-user-service"",status=""200"",uri=""/users"",}",1000.0,7.153388617
1790103923.186,java-user-service,"http_server_requests_seconds{error=""none"",exception=""none"",framework=""spring-boot"",language=""java"",method=""GET"",outcome=""SUCCESS"",service=""java-user-service"",status=""200"",uri=""/actuator/prometheus"",quanti,}",0.0,0.0
1790103923.186,java-user-service,"http_server_requests_seconds{error=""none"",exception=""none"",framework=""spring-boot"",language=""java"",method=""GET"",outcome=""SUCCESS"",service=""java-user-service"",status=""200"",uri=""/actuator/prometheus"",}",13.0,0.138345459
1790103923.186,java-product-service,"http_server_requests_seconds{error=""none"",exception=""none"",language=""java"",method=""GET"",outcome=""SUCCESS"",service=""java-product-service"",status=""200"",uri=""/actuator/health"",quanti,}",0.0,0.0
1790103923.186,java-product-service,"http_server_requests_seconds{error=""none"",exception=""none"",language=""java"",method=""GET"",outcome=""SUCCESS"",service=""java-product-service"",status=""200"",uri=""/actuator/health"",}",125.0,0.588453419
1790103923.186,java-product-service,"http_server_requests_seconds{error=""none"",exception=""none"",language=""java"",method=""GET"",outcome=""SUCCESS"",service=""java-product-service"",status=""200"",uri=""/actuator/prometheus"",quanti,}",0.0,0.0
1790103923.186,java-product-service,"http_server_requests_seconds{error=""none"",exception=""none"",language=""java"",method=""GET"",outcome=""SUCCESS"",service=""java-product-service"",status=""200"",uri=""/actuator/prometheus"",}",13.0,0.091452917
1790103923.186,java-product-service,"http_server_requests_seconds{error=""none"",exception=""none"",language=""java"",method=""POST"",outcome=""SUCCESS"",service=""java-product-service"",status=""201"",uri=""/products"",quanti,}",0.0,0.0
1790103923.186,java-product-service,"http_server_requests_seconds{error=""none"",exception=""none"",language=""java"",method=""POST"",outcome=""SUCCESS"",service=""java-product-service"",status=""201"",uri=""/products"",}",10.0,0.112075376
1790103923.186,java-product-service,"http_server_requests_seconds{error=""none"",exception=""none"",language=""java"",method=""GET"",outcome=""SUCCESS"",service=""java-product-service"",status=""200"",uri=""/products"",quanti,}",0.0,0.0
1790103923.186,java-product-service,"http_server_requests_seconds{error=""none"",exception=""none"",language=""java"",method=""GET"",outcome=""SUCCESS"",service=""java-product-service"",status=""200"",uri=""/products"",}",2013.0,2.563256463
1790103923.186,java-order-service,"http_server_requests_seconds{error=""none"",exception=""none"",language=""java"",method=""GET"",outcome=""SUCCESS"",service=""java-order-service"",status=""200"",uri=""/actuator/prometheus"",quanti,}",0.0,0.0
1790103923.186,java-order-service,"http_server_requests_seconds{error=""none"",exception=""none"",language=""java"",method=""GET"",outcome=""SUCCESS"",service=""java-order-service"",status=""200"",uri=""/actuator/prometheus"",}",13.0,0.083957746
1790103923.186,java-order-service,"http_server_requests_seconds{error=""none"",exception=""none"",language=""java"",method=""GET"",outcome=""SUCCESS"",service=""java-order-service"",status=""200"",uri=""/actuator/health"",quanti,}",0.0,0.0
1790103923.186,java-order-service,"http_server_requests_seconds{error=""none"",exception=""none"",language=""java"",method=""GET"",outcome=""SUCCESS"",service=""java-order-service"",status=""200"",uri=""/actuator/health"",}",126.0,0.354892587
1790103928.235,java-user-service,"http_server_requests_seconds{error=""none"",exception=""none"",framework=""spring-boot"",language=""java"",method=""GET"",outcome=""SUCCESS"",service=""java-user-service"",status=""200"",uri=""/actuator/health"",quanti,}",0.0,0.0
1790103928.235,java-user-service,"http_server_requests_seconds{error=""none"",exception=""none"",framework=""spring-boot"",language=""java"",method=""GET"",outcome=""SUCCESS"",service=""java-user-service"",status=""200"",uri=""/actuator/health"",}",135.0,0.778504421
1790103928.235,java-user-service,"http_server_requests_seconds{error=""none"",exception=""none"",framework=""spring-boot"",language=""java"",method=""POST"",outcome=""SUCCESS"",service=""java-user-service"",status=""201"",uri=""/users"",quanti,}",0.0,0.0
1790103928.235,java-user-service,"http_server_requests_seconds{error=""none"",exception=""none"",framework=""spring-boot"",language=""java"",method=""POST"",outcome=""SUCCESS"",service=""java-user-service"",status=""201"",uri=""/users"",}",408.0,52.648875974
1790103928.235,java-user-service,"http_server_requests_seconds{error=""none"",exception=""none"",framework=""spring-boot"",language=""java"",method=""GET"",outcome=""SUCCESS"",service=""java-user-service"",status=""200"",uri=""/users"",quanti,}",0.0,0.0
1790103928.235,java-user-service,"http_server_requests_seconds{error=""none"",exception=""none"",framework=""spring-boot"",language=""java"",method=""GET"",outcome=""SUCCESS"",service=""java-user-service"",status=""200"",uri=""/users"",}",1000.0,7.153388617
1790103928.235,java-user-service,"http_server_requests_seconds{error=""none"",exception=""none"",framework=""spring-boot"",language=""java"",method=""GET"",outcome=""SUCCESS"",service=""java-user-service"",status=""200"",uri=""/actuator/prometheus"",quanti,}",0.0,0.0
1790103928.235,java-user-service,"http_server_requests_seconds{error=""none"",exception=""none"",framework=""spring-boot"",language=""java"",method=""GET"",outcome=""SUCCESS"",service=""java-user-service"",status=""200"",uri=""/actuator/prometheus"",}",14.0,0.149083459
1790103928.235,java-product-service,"http_server_requests_seconds{error=""none"",exception=""none"",language=""java"",method=""GET"",outcome=""SUCCESS"",service=""java-product-service"",status=""200"",uri=""/actuator/health"",quanti,}",0.0,0.0
1790103928.235,java-product-service,"http_server_requests_seconds{error=""none"",exception=""none"",language=""java"",method=""GET"",outcome=""SUCCESS"",service=""java-product-service"",status=""200"",uri=""/actuator/health"",}",135.0,0.616526587
1790103928.235,java-product-service,"http_server_requests_seconds{error=""none"",exception=""none"",language=""java"",method=""GET"",outcome=""SUCCESS"",service=""java-product-service"",status=""200"",uri=""/actuator/prometheus"",quanti,}",0.0,0.0
1790103928.235,java-product-service,"http_server_requests_seconds{error=""none"",exception=""none"",language=""java"",method=""GET"",outcome=""SUCCESS"",service=""java-product-service"",status=""200"",uri=""/actuator/prometheus"",}",14.0,0.099508209
1790103928.235,java-product-service,"http_server_requests_seconds{error=""none"",exception=""none"",language=""java"",method=""POST"",outcome=""SUCCESS"",service=""java-product-service"",status=""201"",uri=""/products"",quanti,}",0.0,0.0
1790103928.235,java-product-service,"http_server_requests_seconds{error=""none"",exception=""none"",language=""java"",method=""POST"",outcome=""SUCCESS"",service=""java-product-service"",status=""201"",uri=""/products"",}",10.0,0.112075376
1790103928.235,java-product-service,"http_server_requests_seconds{error=""none"",exception=""none"",language=""java"",method=""GET"",outcome=""SUCCESS"",service=""java-product-service"",status=""200"",uri=""/products"",quanti,}",0.0,0.0
1790103928.235,java-product-service,"http_server_requests_seconds{error=""none"",exception=""none"",language=""java"",method=""GET"",outcome=""SUCCESS"",service=""java-product-service"",status=""200"",uri=""/products"",}",2128.0,2.721755586
1790103928.235,java-order-service,"http_server_requests_seconds{error=""none"",exception=""none"",language=""java"",method=""GET"",outcome=""SUCCESS"",service=""java-order-service"",status=""200"",uri=""/actuator/prometheus"",quanti,}",0.0,0.0
1790103928.235,java-order-service,"http_server_requests_seconds{error=""none"",exception=""none"",language=""java"",method=""GET"",outcome=""SUCCESS"",service=""java-order-service"",status=""200"",uri=""/actuator/prometheus"",}",14.0,0.08823208
1790103928.235,java-order-service,"http_server_requests_seconds{error=""none"",exception=""none"",language=""java"",method=""GET"",outcome=""SUCCESS"",service=""java-order-service"",status=""200"",uri=""/actuator/health"",quanti,}",0.0,0.0
1790103928.235,java-order-service,"http_server_requests_seconds{error=""none"",exception=""none"",language=""java"",method=""GET"",outcome=""SUCCESS"",service=""java-order-service"",status=""200"",uri=""/actuator/health"",}",136.0,0.381027838
1790103933.288,java-user-service,"http_server_requests_seconds{error=""none"",exception=""none"",framework=""spring-boot"",language=""java"",method=""GET"",outcome=""SUCCESS"",service=""java-user-service"",status=""200"",uri=""/actuator/health"",quanti,}",0.0,0.0
1790103933.288,java-user-service,"http_server_requests_seconds{error=""none"",exception=""none"",framework=""spring-boot"",language=""java"",method=""GET"",outcome=""SUCCESS"",service=""java-user-service"",status=""200"",uri=""/actuator/health"",}",145.0,0.819704795
1790103933.288,java-user-service,"http_server_requests_seconds{error=""none"",exception=""none"",framework=""spring-boot"",language=""java"",method=""POST"",outcome=""SUCCESS"",service=""java-user-service"",status=""201"",uri=""/users"",quanti,}",0.0,0.0
1790103933.288,java-user-service,"http_server_requests_seconds{error=""none"",exception=""none"",framework=""spring-boot"",language=""java"",method=""POST"",outcome=""SUCCESS"",service=""java-user-service"",status=""201"",uri=""/users"",}",438.0,55.893136476
1790103933.288,java-user-service,"http_server_requests_seconds{error=""none"",exception=""none"",framework=""spring-boot"",language=""java"",method=""GET"",outcome=""SUCCESS"",service=""java-user-service"",status=""200"",uri=""/users"",quanti,}",0.0,0.0
1790103933.288,java-user-service,"http_server_requests_seconds{error=""none"",exception=""none"",framework=""spring-boot"",language=""java"",method=""GET"",outcome=""SUCCESS"",service=""java-user-service"",status=""200"",uri=""/users"",}",1000.0,7.153388617
1790103933.288,java-user-service,"http_server_requests_seconds{error=""none"",exception=""none"",framework=""spring-boot"",language=""java"",method=""GET"",outcome=""SUCCESS"",service=""java-user-service"",status=""200"",uri=""/actuator/prometheus"",quanti,}",0.0,0.0
1790103933.288,java-user-service,"http_server_requests_seconds{error=""none"",exception=""none"",framework=""spring-boot"",language=""java"",method=""GET"",outcome=""SUCCESS"",service=""java-user-service"",status=""200"",uri=""/actuator/prometheus"",}",15.0,0.160673542
1790103933.288,java-product-service,"http_server_requests_seconds{error=""none"",exception=""none"",language=""java"",method=""GET"",outcome=""SUCCESS"",service=""java-product-service"",status=""200"",uri=""/actuator/health"",quanti,}",0.0,0.0
1790103933.288,java-product-service,"http_server_requests_seconds{error=""none"",exception=""none"",language=""java"",method=""GET"",outcome=""SUCCESS"",service=""java-product-service"",status=""200"",uri=""/actuator/health"",}",145.0,0.649194255
1790103933.288,java-product-service,"http_server_requests_seconds{error=""none"",exception=""none"",language=""java"",method=""GET"",outcome=""SUCCESS"",service=""java-product-service"",status=""200"",uri=""/actuator/prometheus"",quanti,}",0.0,0.0
1790103933.288,java-product-service,"http_server_requests_seconds{error=""none"",exception=""none"",language=""java"",method=""GET"",outcome=""SUCCESS"",service=""java-product-service"",status=""200"",uri=""/actuator/prometheus"",}",15.0,0.106983542
1790103933.288,java-product-service,"http_server_requests_seconds{error=""none"",exception=""none"",language=""java"",method=""POST"",outcome=""SUCCESS"",service=""java-product-service"",status=""201"",uri=""/products"",quanti,}",0.0,0.0
1790103933.288,java-product-service,"http_server_requests_seconds{error=""none"",exception=""none"",language=""java"",method=""POST"",outcome=""SUCCESS"",service=""java-product-service"",status=""201"",uri=""/products"",}",10.0,0.112075376
1790103933.288,java-product-service,"http_server_requests_seconds{error=""none"",exception=""none"",language=""java"",method=""GET"",outcome=""SUCCESS"",service=""java-product-service"",status=""200"",uri=""/products"",quanti,}",0.0,0.0
1790103933.288,java-product-service,"http_server_requests_seconds{error=""none"",exception=""none"",language=""java"",method=""GET"",outcome=""SUCCESS"",service=""java-product-service"",status=""200"",uri=""/products"",}",2248.0,2.8595565
1790103933.288,java-order-service,"http_server_requests_seconds{error=""none"",exception=""none"",language=""java"",method=""GET"",outcome=""SUCCESS"",service=""java-order-service"",status=""200"",uri=""/actuator/prometheus"",quanti,}",0.0,0.0
1790103933.288,java-order-service,"http_server_requests_seconds{error=""none"",exception=""none"",language=""java"",method=""GET"",outcome=""SUCCESS"",service=""java-order-service"",status=""200"",uri=""/actuator/prometheus"",}",15.0,0.092929538
1790103933.288,java-order-service,"http_server_requests_seconds{error=""none"",exception=""none"",language=""java"",method=""GET"",outcome=""SUCCESS"",service=""java-order-service"",status=""200"",uri=""/actuator/health"",quanti,}",0.0,0.0
1790103933.288,java-order-service,"http_server_requests_seconds{error=""none"",exception=""none"",language=""java"",method=""GET"",outcome=""SUCCESS"",service=""java-order-service"",status=""200"",uri=""/actuator/health"",}",146.0,0.412960505
1790103938.347,java-user-service,"http_server_requests_seconds{error=""none"",exception=""none"",framework=""spring-boot"",language=""java"",method=""GET"",outcome=""SUCCESS"",service=""java-user-service"",status=""200"",uri=""/actuator/health"",quanti,}",0.0,0.0
1790103938.347,java-user-service,"http_server_requests_seconds{error=""none"",exception=""none"",framework=""spring-boot"",language=""java"",method=""GET"",outcome=""SUCCESS"",service=""java-user-service"",status=""200"",uri=""/actuator/health"",}",156.0,0.901668879
1790103938.347,java-user-service,"http_server_requests_seconds{error=""none"",exception=""none"",framework=""spring-boot"",language=""java"",method=""POST"",outcome=""SUCCESS"",service=""java-user-service"",status=""201"",uri=""/users"",quanti,}",0.0,0.0
1790103938.347,java-user-service,"http_server_requests_seconds{error=""none"",exception=""none"",framework=""spring-boot"",language=""java"",method=""POST"",outcome=""SUCCESS"",service=""java-user-service"",status=""201"",uri=""/users"",}",468.0,59.002162478
1790103938.347,java-user-service,"http_server_requests_seconds{error=""none"",exception=""none"",framework=""spring-boot"",language=""java"",method=""GET"",outcome=""SUCCESS"",service=""java-user-service"",status=""200"",uri=""/users"",quanti,}",0.0,0.0
1790103938.347,java-user-service,"http_server_requests_seconds{error=""none"",exception=""none"",framework=""spring-boot"",language=""java"",method=""GET"",outcome=""SUCCESS"",service=""java-user-service"",status=""200"",uri=""/users"",}",1000.0,7.153388617
1790103938.347,java-user-service,"http_server_requests_seconds{error=""none"",exception=""none"",framework=""spring-boot"",language=""java"",method=""GET"",outcome=""SUCCESS"",service=""java-user-service"",status=""200"",uri=""/actuator/prometheus"",quanti,}",0.0,0.0
1790103938.347,java-user-service,"http_server_requests_seconds{error=""none"",exception=""none"",framework=""spring-boot"",language=""java"",method=""GET"",outcome=""SUCCESS"",service=""java-user-service"",status=""200"",uri=""/actuator/prometheus"",}",16.0,0.170421959
1790103938.347,java-product-service,"http_server_requests_seconds{error=""none"",exception=""none"",language=""java"",method=""GET"",outcome=""SUCCESS"",service=""java-product-service"",status=""200"",uri=""/actuator/health"",quanti,}",0.0,0.0
1790103938.347,java-product-service,"http_server_requests_seconds{error=""none"",exception=""none"",language=""java"",method=""GET"",outcome=""SUCCESS"",service=""java-product-service"",status=""200"",uri=""/actuator/health"",}",156.0,0.678722256
1790103938.347,java-product-service,"http_server_requests_seconds{error=""none"",exception=""none"",language=""java"",method=""GET"",outcome=""SUCCESS"",service=""java-product-service"",status=""200"",uri=""/actuator/prometheus"",quanti,}",0.0,0.0
1790103938.347,java-product-service,"http_server_requests_seconds{error=""none"",exception=""none"",language=""java"",method=""GET"",outcome=""SUCCESS"",service=""java-product-service"",status=""200"",uri=""/actuator/prometheus"",}",16.0,0.115533125
1790103938.347,java-product-service,"http_server_requests_seconds{error=""none"",exception=""none"",language=""java"",method=""POST"",outcome=""SUCCESS"",service=""java-product-service"",status=""201"",uri=""/products"",quanti,}",0.0,0.0
1790103938.347,java-product-service,"http_server_requests_seconds{error=""none"",exception=""none"",language=""java"",method=""POST"",outcome=""SUCCESS"",service=""java-product-service"",status=""201"",uri=""/products"",}",10.0,0.112075376
1790103938.347,java-product-service,"http_server_requests_seconds{error=""none"",exception=""none"",language=""java"",method=""GET"",outcome=""SUCCESS"",service=""java-product-service"",status=""200"",uri=""/products"",quanti,}",0.0,0.0
1790103938.347,java-product-service,"http_server_requests_seconds{error=""none"",exception=""none"",language=""java"",method=""GET"",outcome=""SUCCESS"",service=""java-product-service"",status=""200"",uri=""/products"",}",2368.0,3.021784917
1790103938.347,java-order-service,"http_server_requests_seconds{error=""none"",exception=""none"",language=""java"",method=""GET"",outcome=""SUCCESS"",service=""java-order-service"",status=""200"",uri=""/actuator/prometheus"",quanti,}",0.0,0.0
1790103938.347,java-order-service,"http_server_requests_seconds{error=""none"",exception=""none"",language=""java"",method=""GET"",outcome=""SUCCESS"",service=""java-order-service"",status=""200"",uri=""/actuator/prometheus"",}",16.0,0.099362246
1790103938.347,java-order-service,"http_server_requests_seconds{error=""none"",exception=""none"",language=""java"",method=""GET"",outcome=""SUCCESS"",service=""java-order-service"",status=""200"",uri=""/actuator/health"",quanti,}",0.0,0.0
1790103938.347,java-order-service,"http_server_requests_seconds{error=""none"",exception=""none"",language=""java"",method=""GET"",outcome=""SUCCESS"",service=""java-order-service"",status=""200"",uri=""/actuator/health"",}",156.0,0.438283173
1790103943.395,java-user-service,"http_server_requests_seconds{error=""none"",exception=""none"",framework=""spring-boot"",language=""java"",method=""GET"",outcome=""SUCCESS"",service=""java-user-service"",status=""200"",uri=""/actuator/health"",quanti,}",0.0,0.0
1790103943.395,java-user-service,"http_server_requests_seconds{error=""none"",exception=""none"",framework=""spring-boot"",language=""java"",method=""GET"",outcome=""SUCCESS"",service=""java-user-service"",status=""200"",uri=""/actuator/health"",}",165.0,0.932836129
1790103943.395,java-user-service,"http_server_requests_seconds{error=""none"",exception=""none"",framework=""spring-boot"",language=""java"",method=""POST"",outcome=""SUCCESS"",service=""java-user-service"",status=""201"",uri=""/users"",quanti,}",0.0,0.0
1790103943.395,java-user-service,"http_server_requests_seconds{error=""none"",exception=""none"",framework=""spring-boot"",language=""java"",method=""POST"",outcome=""SUCCESS"",service=""java-user-service"",status=""201"",uri=""/users"",}",498.0,61.456581061
1790103943.395,java-user-service,"http_server_requests_seconds{error=""none"",exception=""none"",framework=""spring-boot"",language=""java"",method=""GET"",outcome=""SUCCESS"",service=""java-user-service"",status=""200"",uri=""/users"",quanti,}",0.0,0.0
1790103943.395,java-user-service,"http_server_requests_seconds{error=""none"",exception=""none"",framework=""spring-boot"",language=""java"",method=""GET"",outcome=""SUCCESS"",service=""java-user-service"",status=""200"",uri=""/users"",}",1000.0,7.153388617
1790103943.395,java-user-service,"http_server_requests_seconds{error=""none"",exception=""none"",framework=""spring-boot"",language=""java"",method=""GET"",outcome=""SUCCESS"",service=""java-user-service"",status=""200"",uri=""/actuator/prometheus"",quanti,}",0.0,0.0
1790103943.395,java-user-service,"http_server_requests_seconds{error=""none"",exception=""none"",framework=""spring-boot"",language=""java"",method=""GET"",outcome=""SUCCESS"",service=""java-user-service"",status=""200"",uri=""/actuator/prometheus"",}",17.0,0.180234917
1790103943.395,java-product-service,"http_server_requests_seconds{error=""none"",exception=""none"",language=""java"",method=""GET"",outcome=""SUCCESS"",service=""java-product-service"",status=""200"",uri=""/actuator/health"",quanti,}",0.0,0.0
1790103943.395,java-product-service,"http_server_requests_seconds{error=""none"",exception=""none"",language=""java"",method=""GET"",outcome=""SUCCESS"",service=""java-product-service"",status=""200"",uri=""/actuator/health"",}",166.0,0.704972424
1790103943.395,java-product-service,"http_server_requests_seconds{error=""none"",exception=""none"",language=""java"",method=""GET"",outcome=""SUCCESS"",service=""java-product-service"",status=""200"",uri=""/actuator/prometheus"",quanti,}",0.0,0.0
1790103943.395,java-product-service,"http_server_requests_seconds{error=""none"",exception=""none"",language=""java"",method=""GET"",outcome=""SUCCESS"",service=""java-product-service"",status=""200"",uri=""/actuator/prometheus"",}",17.0,0.123430916
1790103943.395,java-product-service,"http_server_requests_seconds{error=""none"",exception=""none"",language=""java"",method=""POST"",outcome=""SUCCESS"",service=""java-product-service"",status=""201"",uri=""/products"",quanti,}",0.0,0.0
1790103943.395,java-product-service,"http_server_requests_seconds{error=""none"",exception=""none"",language=""java"",method=""POST"",outcome=""SUCCESS"",service=""java-product-service"",status=""201"",uri=""/products"",}",10.0,0.112075376
1790103943.395,java-product-service,"http_server_requests_seconds{error=""none"",exception=""none"",language=""java"",method=""GET"",outcome=""SUCCESS"",service=""java-product-service"",status=""200"",uri=""/products"",quanti,}",0.0,0.0
1790103943.395,java-product-service,"http_server_requests_seconds{error=""none"",exception=""none"",language=""java"",method=""GET"",outcome=""SUCCESS"",service=""java-product-service"",status=""200"",uri=""/products"",}",2488.0,3.176438792
1790103943.395,java-order-service,"http_server_requests_seconds{error=""none"",exception=""none"",language=""java"",method=""GET"",outcome=""SUCCESS"",service=""java-order-service"",status=""200"",uri=""/actuator/prometheus"",quanti,}",0.0,0.0
1790103943.395,java-order-service,"http_server_requests_seconds{error=""none"",exception=""none"",language=""java"",method=""GET"",outcome=""SUCCESS"",service=""java-order-service"",status=""200"",uri=""/actuator/prometheus"",}",17.0,0.104461746
1790103943.395,java-order-service,"http_server_requests_seconds{error=""none"",exception=""none"",language=""java"",method=""GET"",outcome=""SUCCESS"",service=""java-order-service"",status=""200"",uri=""/actuator/health"",quanti,}",0.0,0.0
1790103943.395,java-order-service,"http_server_requests_seconds{error=""none"",exception=""none"",language=""java"",method=""GET"",outcome=""SUCCESS"",service=""java-order-service"",status=""200"",uri=""/actuator/health"",}",166.0,0.460988715
1790103948.332,java-user-service,"http_server_requests_seconds{error=""none"",exception=""none"",framework=""spring-boot"",language=""java"",method=""GET"",outcome=""SUCCESS"",service=""java-user-service"",status=""200"",uri=""/actuator/health"",quanti,}",0.0,0.0
1790103948.332,java-user-service,"http_server_requests_seconds{error=""none"",exception=""none"",framework=""spring-boot"",language=""java"",method=""GET"",outcome=""SUCCESS"",service=""java-user-service"",status=""200"",uri=""/actuator/health"",}",176.0,1.016635588
1790103948.332,java-user-service,"http_server_requests_seconds{error=""none"",exception=""none"",framework=""spring-boot"",language=""java"",method=""POST"",outcome=""SUCCESS"",service=""java-user-service"",status=""201"",uri=""/users"",quanti,}",0.0,0.0
1790103948.332,java-user-service,"http_server_requests_seconds{error=""none"",exception=""none"",framework=""spring-boot"",language=""java"",method=""POST"",outcome=""SUCCESS"",service=""java-user-service"",status=""201"",uri=""/users"",}",528.0,64.346839687
1790103948.332,java-user-service,"http_server_requests_seconds{error=""none"",exception=""none"",framework=""spring-boot"",language=""java"",method=""GET"",outcome=""SUCCESS"",service=""java-user-service"",status=""200"",uri=""/users"",quanti,}",0.0,0.0
1790103948.332,java-user-service,"http_server_requests_seconds{error=""none"",exception=""none"",framework=""spring-boot"",language=""java"",method=""GET"",outcome=""SUCCESS"",service=""java-user-service"",status=""200"",uri=""/users"",}",1000.0,7.153388617
1790103948.332,java-user-service,"http_server_requests_seconds{error=""none"",exception=""none"",framework=""spring-boot"",language=""java"",method=""GET"",outcome=""SUCCESS"",service=""java-user-service"",status=""200"",uri=""/actuator/prometheus"",quanti,}",0.0,0.0
1790103948.332,java-user-service,"http_server_requests_seconds{error=""none"",exception=""none"",framework=""spring-boot"",language=""java"",method=""GET"",outcome=""SUCCESS"",service=""java-user-service"",status=""200"",uri=""/actuator/prometheus"",}",18.0,0.184363042
1790103948.332,java-product-service,"http_server_requests_seconds{error=""none"",exception=""none"",language=""java"",method=""GET"",outcome=""SUCCESS"",service=""java-product-service"",status=""200"",uri=""/actuator/health"",quanti,}",0.0,0.0
1790103948.332,java-product-service,"http_server_requests_seconds{error=""none"",exception=""none"",language=""java"",method=""GET"",outcome=""SUCCESS"",service=""java-product-service"",status=""200"",uri=""/actuator/health"",}",176.0,0.739702466
1790103948.332,java-product-service,"http_server_requests_seconds{error=""none"",exception=""none"",language=""java"",method=""GET"",outcome=""SUCCESS"",service=""java-product-service"",status=""200"",uri=""/actuator/prometheus"",quanti,}",0.0,0.0
1790103948.332,java-product-service,"http_server_requests_seconds{error=""none"",exception=""none"",language=""java"",method=""GET"",outcome=""SUCCESS"",service=""java-product-service"",status=""200"",uri=""/actuator/prometheus"",}",18.0,0.126737791
1790103948.332,java-product-service,"http_server_requests_seconds{error=""none"",exception=""none"",language=""java"",method=""POST"",outcome=""SUCCESS"",service=""java-product-service"",status=""201"",uri=""/products"",quanti,}",0.0,0.0
1790103948.332,java-product-service,"http_server_requests_seconds{error=""none"",exception=""none"",language=""java"",method=""POST"",outcome=""SUCCESS"",service=""java-product-service"",status=""201"",uri=""/products"",}",10.0,0.112075376
1790103948.332,java-product-service,"http_server_requests_seconds{error=""none"",exception=""none"",language=""java"",method=""GET"",outcome=""SUCCESS"",service=""java-product-service"",status=""200"",uri=""/products"",quanti,}",0.0,0.0
1790103948.332,java-product-service,"http_server_requests_seconds{error=""none"",exception=""none"",language=""java"",method=""GET"",outcome=""SUCCESS"",service=""java-product-service"",status=""200"",uri=""/products"",}",2608.0,3.345621008
1790103948.332,java-order-service,"http_server_requests_seconds{error=""none"",exception=""none"",language=""java"",method=""GET"",outcome=""SUCCESS"",service=""java-order-service"",status=""200"",uri=""/actuator/prometheus"",quanti,}",0.0,0.0
1790103948.332,java-order-service,"http_server_requests_seconds{error=""none"",exception=""none"",language=""java"",method=""GET"",outcome=""SUCCESS"",service=""java-order-service"",status=""200"",uri=""/actuator/prometheus"",}",18.0,0.10769508
1790103948.332,java-order-service,"http_server_requests_seconds{error=""none"",exception=""none"",language=""java"",method=""GET"",outcome=""SUCCESS"",service=""java-order-service"",status=""200"",uri=""/actuator/health"",quanti,}",0.0,0.0
1790103948.332,java-order-service,"http_server_requests_seconds{error=""none"",exception=""none"",language=""java"",method=""GET"",outcome=""SUCCESS"",service=""java-order-service"",status=""200"",uri=""/actuator/health"",}",176.0,0.485271215
1790103953.382,java-user-service,"http_server_requests_seconds{error=""none"",exception=""none"",framework=""spring-boot"",language=""java"",method=""GET"",outcome=""SUCCESS"",service=""java-user-service"",status=""200"",uri=""/actuator/health"",quanti,}",0.0,0.0
1790103953.382,java-user-service,"http_server_requests_seconds{error=""none"",exception=""none"",framework=""spring-boot"",language=""java"",method=""GET"",outcome=""SUCCESS"",service=""java-user-service"",status=""200"",uri=""/actuator/health"",}",186.0,1.076991214
1790103953.382,java-user-service,"http_server_requests_seconds{error=""none"",exception=""none"",framework=""spring-boot"",language=""java"",method=""POST"",outcome=""SUCCESS"",service=""java-user-service"",status=""201"",uri=""/users"",quanti,}",0.0,0.0
1790103953.382,java-user-service,"http_server_requests_seconds{error=""none"",exception=""none"",framework=""spring-boot"",language=""java"",method=""POST"",outcome=""SUCCESS"",service=""java-user-service"",status=""201"",uri=""/users"",}",558.0,67.164176357
1790103953.382,java-user-service,"http_server_requests_seconds{error=""none"",exception=""none"",framework=""spring-boot"",language=""java"",method=""GET"",outcome=""SUCCESS"",service=""java-user-service"",status=""200"",uri=""/users"",quanti,}",0.0,0.0
1790103953.382,java-user-service,"http_server_requests_seconds{error=""none"",exception=""none"",framework=""spring-boot"",language=""java"",method=""GET"",outcome=""SUCCESS"",service=""java-user-service"",status=""200"",uri=""/users"",}",1000.0,7.153388617
1790103953.382,java-user-service,"http_server_requests_seconds{error=""none"",exception=""none"",framework=""spring-boot"",language=""java"",method=""GET"",outcome=""SUCCESS"",service=""java-user-service"",status=""200"",uri=""/actuator/prometheus"",quanti,}",0.0,0.0
1790103953.382,java-user-service,"http_server_requests_seconds{error=""none"",exception=""none"",framework=""spring-boot"",language=""java"",method=""GET"",outcome=""SUCCESS"",service=""java-user-service"",status=""200"",uri=""/actuator/prometheus"",}",19.0,0.196949208
1790103953.382,java-product-service,"http_server_requests_seconds{error=""none"",exception=""none"",language=""java"",method=""GET"",outcome=""SUCCESS"",service=""java-product-service"",status=""200"",uri=""/actuator/health"",quanti,}",0.0,0.0
1790103953.382,java-product-service,"http_server_requests_seconds{error=""none"",exception=""none"",language=""java"",method=""GET"",outcome=""SUCCESS"",service=""java-product-service"",status=""200"",uri=""/actuator/health"",}",186.0,0.769351133
1790103953.382,java-product-service,"http_server_requests_seconds{error=""none"",exception=""none"",language=""java"",method=""GET"",outcome=""SUCCESS"",service=""java-product-service"",status=""200"",uri=""/actuator/prometheus"",quanti,}",0.0,0.0
1790103953.382,java-product-service,"http_server_requests_seconds{error=""none"",exception=""none"",language=""java"",method=""GET"",outcome=""SUCCESS"",service=""java-product-service"",status=""200"",uri=""/actuator/prometheus"",}",19.0,0.131425124
1790103953.382,java-product-service,"http_server_requests_seconds{error=""none"",exception=""none"",language=""java"",method=""POST"",outcome=""SUCCESS"",service=""java-product-service"",status=""201"",uri=""/products"",quanti,}",0.0,0.0
1790103953.382,java-product-service,"http_server_requests_seconds{error=""none"",exception=""none"",language=""java"",method=""POST"",outcome=""SUCCESS"",service=""java-product-service"",status=""201"",uri=""/products"",}",10.0,0.112075376
1790103953.382,java-product-service,"http_server_requests_seconds{error=""none"",exception=""none"",language=""java"",method=""GET"",outcome=""SUCCESS"",service=""java-product-service"",status=""200"",uri=""/products"",quanti,}",0.0,0.0
1790103953.382,java-product-service,"http_server_requests_seconds{error=""none"",exception=""none"",language=""java"",method=""GET"",outcome=""SUCCESS"",service=""java-product-service"",status=""200"",uri=""/products"",}",2726.0,3.518419259
1790103953.382,java-order-service,"http_server_requests_seconds{error=""none"",exception=""none"",language=""java"",method=""GET"",outcome=""SUCCESS"",service=""java-order-service"",status=""200"",uri=""/actuator/prometheus"",quanti,}",0.0,0.0
1790103953.382,java-order-service,"http_server_requests_seconds{error=""none"",exception=""none"",language=""java"",method=""GET"",outcome=""SUCCESS"",service=""java-order-service"",status=""200"",uri=""/actuator/prometheus"",}",19.0,0.11191333
1790103953.382,java-order-service,"http_server_requests_seconds{error=""none"",exception=""none"",language=""java"",method=""GET"",outcome=""SUCCESS"",service=""java-order-service"",status=""200"",uri=""/actuator/health"",quanti,}",0.0,0.0
1790103953.382,java-order-service,"http_server_requests_seconds{error=""none"",exception=""none"",language=""java"",method=""GET"",outcome=""SUCCESS"",service=""java-order-service"",status=""200"",uri=""/actuator/health"",}",186.0,0.510033047
1790103958.418,java-user-service,"http_server_requests_seconds{error=""none"",exception=""none"",framework=""spring-boot"",language=""java"",method=""GET"",outcome=""SUCCESS"",service=""java-user-service"",status=""200"",uri=""/actuator/health"",quanti,}",0.0,0.0
1790103958.418,java-user-service,"http_server_requests_seconds{error=""none"",exception=""none"",framework=""spring-boot"",language=""java"",method=""GET"",outcome=""SUCCESS"",service=""java-user-service"",status=""200"",uri=""/actuator/health"",}",196.0,1.134345462
1790103958.418,java-user-service,"http_server_requests_seconds{error=""none"",exception=""none"",framework=""spring-boot"",language=""java"",method=""POST"",outcome=""SUCCESS"",service=""java-user-service"",status=""201"",uri=""/users"",quanti,}",0.0,0.0
1790103958.418,java-user-service,"http_server_requests_seconds{error=""none"",exception=""none"",framework=""spring-boot"",language=""java"",method=""POST"",outcome=""SUCCESS"",service=""java-user-service"",status=""201"",uri=""/users"",}",588.0,70.840964942
1790103958.418,java-user-service,"http_server_requests_seconds{error=""none"",exception=""none"",framework=""spring-boot"",language=""java"",method=""GET"",outcome=""SUCCESS"",service=""java-user-service"",status=""200"",uri=""/users"",quanti,}",0.0,0.0
1790103958.418,java-user-service,"http_server_requests_seconds{error=""none"",exception=""none"",framework=""spring-boot"",language=""java"",method=""GET"",outcome=""SUCCESS"",service=""java-user-service"",status=""200"",uri=""/users"",}",1000.0,7.153388617
1790103958.418,java-user-service,"http_server_requests_seconds{error=""none"",exception=""none"",framework=""spring-boot"",language=""java"",method=""GET"",outcome=""SUCCESS"",service=""java-user-service"",status=""200"",uri=""/actuator/prometheus"",quanti,}",0.0,0.0
1790103958.418,java-user-service,"http_server_requests_seconds{error=""none"",exception=""none"",framework=""spring-boot"",language=""java"",method=""GET"",outcome=""SUCCESS"",service=""java-user-service"",status=""200"",uri=""/actuator/prometheus"",}",20.0,0.202797375
1790103958.418,java-product-service,"http_server_requests_seconds{error=""none"",exception=""none"",language=""java"",method=""GET"",outcome=""SUCCESS"",service=""java-product-service"",status=""200"",uri=""/actuator/health"",quanti,}",0.0,0.0
1790103958.418,java-product-service,"http_server_requests_seconds{error=""none"",exception=""none"",language=""java"",method=""GET"",outcome=""SUCCESS"",service=""java-product-service"",status=""200"",uri=""/actuator/health"",}",196.0,0.794421673
1790103958.418,java-product-service,"http_server_requests_seconds{error=""none"",exception=""none"",language=""java"",method=""GET"",outcome=""SUCCESS"",service=""java-product-service"",status=""200"",uri=""/actuator/prometheus"",quanti,}",0.0,0.0
1790103958.418,java-product-service,"http_server_requests_seconds{error=""none"",exception=""none"",language=""java"",method=""GET"",outcome=""SUCCESS"",service=""java-product-service"",status=""200"",uri=""/actuator/prometheus"",}",20.0,0.136094333
1790103958.418,java-product-service,"http_server_requests_seconds{error=""none"",exception=""none"",language=""java"",method=""POST"",outcome=""SUCCESS"",service=""java-product-service"",status=""201"",uri=""/products"",quanti,}",0.0,0.0
1790103958.418,java-product-service,"http_server_requests_seconds{error=""none"",exception=""none"",language=""java"",method=""POST"",outcome=""SUCCESS"",service=""java-product-service"",status=""201"",uri=""/products"",}",10.0,0.112075376
1790103958.418,java-product-service,"http_server_requests_seconds{error=""none"",exception=""none"",language=""java"",method=""GET"",outcome=""SUCCESS"",service=""java-product-service"",status=""200"",uri=""/products"",quanti,}",0.0,0.0
1790103958.418,java-product-service,"http_server_requests_seconds{error=""none"",exception=""none"",language=""java"",method=""GET"",outcome=""SUCCESS"",service=""java-product-service"",status=""200"",uri=""/products"",}",2846.0,3.775639383
1790103958.418,java-order-service,"http_server_requests_seconds{error=""none"",exception=""none"",language=""java"",method=""GET"",outcome=""SUCCESS"",service=""java-order-service"",status=""200"",uri=""/actuator/prometheus"",quanti,}",0.0,0.0
1790103958.418,java-order-service,"http_server_requests_seconds{error=""none"",exception=""none"",language=""java"",method=""GET"",outcome=""SUCCESS"",service=""java-order-service"",status=""200"",uri=""/actuator/prometheus"",}",20.0,0.116344205
1790103958.418,java-order-service,"http_server_requests_seconds{error=""none"",exception=""none"",language=""java"",method=""GET"",outcome=""SUCCESS"",service=""java-order-service"",status=""200"",uri=""/actuator/health"",quanti,}",0.0,0.0
1790103958.418,java-order-service,"http_server_requests_seconds{error=""none"",exception=""none"",language=""java"",method=""GET"",outcome=""SUCCESS"",service=""java-order-service"",status=""200"",uri=""/actuator/health"",}",196.0,0.531780714
1790103963.472,java-user-service,"http_server_requests_seconds{error=""none"",exception=""none"",framework=""spring-boot"",language=""java"",method=""GET"",outcome=""SUCCESS"",service=""java-user-service"",status=""200"",uri=""/actuator/health"",quanti,}",0.0,0.0
1790103963.472,java-user-service,"http_server_requests_seconds{error=""none"",exception=""none"",framework=""spring-boot"",language=""java"",method=""GET"",outcome=""SUCCESS"",service=""java-user-service"",status=""200"",uri=""/actuator/health"",}",206.0,1.171241002
1790103963.472,java-user-service,"http_server_requests_seconds{error=""none"",exception=""none"",framework=""spring-boot"",language=""java"",method=""POST"",outcome=""SUCCESS"",service=""java-user-service"",status=""201"",uri=""/users"",quanti,}",0.0,0.0
1790103963.472,java-user-service,"http_server_requests_seconds{error=""none"",exception=""none"",framework=""spring-boot"",language=""java"",method=""POST"",outcome=""SUCCESS"",service=""java-user-service"",status=""201"",uri=""/users"",}",618.0,73.989988525
1790103963.472,java-user-service,"http_server_requests_seconds{error=""none"",exception=""none"",framework=""spring-boot"",language=""java"",method=""GET"",outcome=""SUCCESS"",service=""java-user-service"",status=""200"",uri=""/users"",quanti,}",0.0,0.0
1790103963.472,java-user-service,"http_server_requests_seconds{error=""none"",exception=""none"",framework=""spring-boot"",language=""java"",method=""GET"",outcome=""SUCCESS"",service=""java-user-service"",status=""200"",uri=""/users"",}",1000.0,7.153388617
1790103963.472,java-user-service,"http_server_requests_seconds{error=""none"",exception=""none"",framework=""spring-boot"",language=""java"",method=""GET"",outcome=""SUCCESS"",service=""java-user-service"",status=""200"",uri=""/actuator/prometheus"",quanti,}",0.0,0.0
1790103963.472,java-user-service,"http_server_requests_seconds{error=""none"",exception=""none"",framework=""spring-boot"",language=""java"",method=""GET"",outcome=""SUCCESS"",service=""java-user-service"",status=""200"",uri=""/actuator/prometheus"",}",21.0,0.21313725
1790103963.472,java-product-service,"http_server_requests_seconds{error=""none"",exception=""none"",language=""java"",method=""GET"",outcome=""SUCCESS"",service=""java-product-service"",status=""200"",uri=""/actuator/health"",quanti,}",0.0,0.0
1790103963.472,java-product-service,"http_server_requests_seconds{error=""none"",exception=""none"",language=""java"",method=""GET"",outcome=""SUCCESS"",service=""java-product-service"",status=""200"",uri=""/actuator/health"",}",207.0,0.825791005
1790103963.472,java-product-service,"http_server_requests_seconds{error=""none"",exception=""none"",language=""java"",method=""GET"",outcome=""SUCCESS"",service=""java-product-service"",status=""200"",uri=""/actuator/prometheus"",quanti,}",0.0,0.0
1790103963.472,java-product-service,"http_server_requests_seconds{error=""none"",exception=""none"",language=""java"",method=""GET"",outcome=""SUCCESS"",service=""java-product-service"",status=""200"",uri=""/actuator/prometheus"",}",21.0,0.1418085
1790103963.472,java-product-service,"http_server_requests_seconds{error=""none"",exception=""none"",language=""java"",method=""POST"",outcome=""SUCCESS"",service=""java-product-service"",status=""201"",uri=""/products"",quanti,}",0.0,0.0
1790103963.472,java-product-service,"http_server_requests_seconds{error=""none"",exception=""none"",language=""java"",method=""POST"",outcome=""SUCCESS"",service=""java-product-service"",status=""201"",uri=""/products"",}",10.0,0.112075376
1790103963.472,java-product-service,"http_server_requests_seconds{error=""none"",exception=""none"",language=""java"",method=""GET"",outcome=""SUCCESS"",service=""java-product-service"",status=""200"",uri=""/products"",quanti,}",0.0,0.0
1790103963.472,java-product-service,"http_server_requests_seconds{error=""none"",exception=""none"",language=""java"",method=""GET"",outcome=""SUCCESS"",service=""java-product-service"",status=""200"",uri=""/products"",}",2963.0,3.928560591
1790103963.472,java-order-service,"http_server_requests_seconds{error=""none"",exception=""none"",language=""java"",method=""GET"",outcome=""SUCCESS"",service=""java-order-service"",status=""200"",uri=""/actuator/prometheus"",quanti,}",0.0,0.0
1790103963.472,java-order-service,"http_server_requests_seconds{error=""none"",exception=""none"",language=""java"",method=""GET"",outcome=""SUCCESS"",service=""java-order-service"",status=""200"",uri=""/actuator/prometheus"",}",21.0,0.120524538
1790103963.472,java-order-service,"http_server_requests_seconds{error=""none"",exception=""none"",language=""java"",method=""GET"",outcome=""SUCCESS"",service=""java-order-service"",status=""200"",uri=""/actuator/health"",quanti,}",0.0,0.0
1790103963.472,java-order-service,"http_server_requests_seconds{error=""none"",exception=""none"",language=""java"",method=""GET"",outcome=""SUCCESS"",service=""java-order-service"",status=""200"",uri=""/actuator/health"",}",207.0,0.561364466
1790103968.509,java-user-service,"http_server_requests_seconds{error=""none"",exception=""none"",framework=""spring-boot"",language=""java"",method=""GET"",outcome=""SUCCESS"",service=""java-user-service"",status=""200"",uri=""/actuator/health"",quanti,}",0.0,0.0
1790103968.509,java-user-service,"http_server_requests_seconds{error=""none"",exception=""none"",framework=""spring-boot"",language=""java"",method=""GET"",outcome=""SUCCESS"",service=""java-user-service"",status=""200"",uri=""/actuator/health"",}",216.0,1.215592545
1790103968.509,java-user-service,"http_server_requests_seconds{error=""none"",exception=""none"",framework=""spring-boot"",language=""java"",method=""POST"",outcome=""SUCCESS"",service=""java-user-service"",status=""201"",uri=""/users"",quanti,}",0.0,0.0
1790103968.509,java-user-service,"http_server_requests_seconds{error=""none"",exception=""none"",framework=""spring-boot"",language=""java"",method=""POST"",outcome=""SUCCESS"",service=""java-user-service"",status=""201"",uri=""/users"",}",648.0,76.765176903
1790103968.509,java-user-service,"http_server_requests_seconds{error=""none"",exception=""none"",framework=""spring-boot"",language=""java"",method=""GET"",outcome=""SUCCESS"",service=""java-user-service"",status=""200"",uri=""/users"",quanti,}",0.0,0.0
1790103968.509,java-user-service,"http_server_requests_seconds{error=""none"",exception=""none"",framework=""spring-boot"",language=""java"",method=""GET"",outcome=""SUCCESS"",service=""java-user-service"",status=""200"",uri=""/users"",}",1000.0,7.153388617
1790103968.509,java-user-service,"http_server_requests_seconds{error=""none"",exception=""none"",framework=""spring-boot"",language=""java"",method=""GET"",outcome=""SUCCESS"",service=""java-user-service"",status=""200"",uri=""/actuator/prometheus"",quanti,}",0.0,0.0
1790103968.509,java-user-service,"http_server_requests_seconds{error=""none"",exception=""none"",framework=""spring-boot"",language=""java"",method=""GET"",outcome=""SUCCESS"",service=""java-user-service"",status=""200"",uri=""/actuator/prometheus"",}",22.0,0.218569084
1790103968.509,java-product-service,"http_server_requests_seconds{error=""none"",exception=""none"",language=""java"",method=""GET"",outcome=""SUCCESS"",service=""java-product-service"",status=""200"",uri=""/actuator/health"",quanti,}",0.0,0.0
1790103968.509,java-product-service,"http_server_requests_seconds{error=""none"",exception=""none"",language=""java"",method=""GET"",outcome=""SUCCESS"",service=""java-product-service"",status=""200"",uri=""/actuator/health"",}",216.0,0.850735632
1790103968.509,java-product-service,"http_server_requests_seconds{error=""none"",exception=""none"",language=""java"",method=""GET"",outcome=""SUCCESS"",service=""java-product-service"",status=""200"",uri=""/actuator/prometheus"",quanti,}",0.0,0.0
1790103968.509,java-product-service,"http_server_requests_seconds{error=""none"",exception=""none"",language=""java"",method=""GET"",outcome=""SUCCESS"",service=""java-product-service"",status=""200"",uri=""/actuator/prometheus"",}",22.0,0.145871791
1790103968.509,java-product-service,"http_server_requests_seconds{error=""none"",exception=""none"",language=""java"",method=""POST"",outcome=""SUCCESS"",service=""java-product-service"",status=""201"",uri=""/products"",quanti,}",0.0,0.0
1790103968.509,java-product-service,"http_server_requests_seconds{error=""none"",exception=""none"",language=""java"",method=""POST"",outcome=""SUCCESS"",service=""java-product-service"",status=""201"",uri=""/products"",}",10.0,0.112075376
1790103968.509,java-product-service,"http_server_requests_seconds{error=""none"",exception=""none"",language=""java"",method=""GET"",outcome=""SUCCESS"",service=""java-product-service"",status=""200"",uri=""/products"",quanti,}",0.0,0.0
1790103968.509,java-product-service,"http_server_requests_seconds{error=""none"",exception=""none"",language=""java"",method=""GET"",outcome=""SUCCESS"",service=""java-product-service"",status=""200"",uri=""/products"",}",3083.0,4.062450794
1790103968.509,java-order-service,"http_server_requests_seconds{error=""none"",exception=""none"",language=""java"",method=""GET"",outcome=""SUCCESS"",service=""java-order-service"",status=""200"",uri=""/actuator/prometheus"",quanti,}",0.0,0.0
1790103968.509,java-order-service,"http_server_requests_seconds{error=""none"",exception=""none"",language=""java"",method=""GET"",outcome=""SUCCESS"",service=""java-order-service"",status=""200"",uri=""/actuator/prometheus"",}",22.0,0.124731413
1790103968.509,java-order-service,"http_server_requests_seconds{error=""none"",exception=""none"",language=""java"",method=""GET"",outcome=""SUCCESS"",service=""java-order-service"",status=""200"",uri=""/actuator/health"",quanti,}",0.0,0.0
1790103968.509,java-order-service,"http_server_requests_seconds{error=""none"",exception=""none"",language=""java"",method=""GET"",outcome=""SUCCESS"",service=""java-order-service"",status=""200"",uri=""/actuator/health"",}",216.0,0.582412422
1790103973.545,java-user-service,"http_server_requests_seconds{error=""none"",exception=""none"",framework=""spring-boot"",language=""java"",method=""GET"",outcome=""SUCCESS"",service=""java-user-service"",status=""200"",uri=""/actuator/health"",quanti,}",0.0,0.0
1790103973.545,java-user-service,"http_server_requests_seconds{error=""none"",exception=""none"",framework=""spring-boot"",language=""java"",method=""GET"",outcome=""SUCCESS"",service=""java-user-service"",status=""200"",uri=""/actuator/health"",}",227.0,1.245560294
1790103973.545,java-user-service,"http_server_requests_seconds{error=""none"",exception=""none"",framework=""spring-boot"",language=""java"",method=""POST"",outcome=""SUCCESS"",service=""java-user-service"",status=""201"",uri=""/users"",quanti,}",0.0,0.0
1790103973.545,java-user-service,"http_server_requests_seconds{error=""none"",exception=""none"",framework=""spring-boot"",language=""java"",method=""POST"",outcome=""SUCCESS"",service=""java-user-service"",status=""201"",uri=""/users"",}",676.0,79.399525071
1790103973.545,java-user-service,"http_server_requests_seconds{error=""none"",exception=""none"",framework=""spring-boot"",language=""java"",method=""GET"",outcome=""SUCCESS"",service=""java-user-service"",status=""200"",uri=""/users"",quanti,}",0.0,0.0
1790103973.545,java-user-service,"http_server_requests_seconds{error=""none"",exception=""none"",framework=""spring-boot"",language=""java"",method=""GET"",outcome=""SUCCESS"",service=""java-user-service"",status=""200"",uri=""/users"",}",1000.0,7.153388617
1790103973.545,java-user-service,"http_server_requests_seconds{error=""none"",exception=""none"",framework=""spring-boot"",language=""java"",method=""GET"",outcome=""SUCCESS"",service=""java-user-service"",status=""200"",uri=""/actuator/prometheus"",quanti,}",0.0,0.0
1790103973.545,java-user-service,"http_server_requests_seconds{error=""none"",exception=""none"",framework=""spring-boot"",language=""java"",method=""GET"",outcome=""SUCCESS"",service=""java-user-service"",status=""200"",uri=""/actuator/prometheus"",}",23.0,0.222162209
1790103973.545,java-product-service,"http_server_requests_seconds{error=""none"",exception=""none"",language=""java"",method=""GET"",outcome=""SUCCESS"",service=""java-product-service"",status=""200"",uri=""/actuator/health"",quanti,}",0.0,0.0
1790103973.545,java-product-service,"http_server_requests_seconds{error=""none"",exception=""none"",language=""java"",method=""GET"",outcome=""SUCCESS"",service=""java-product-service"",status=""200"",uri=""/actuator/health"",}",227.0,0.87234984
1790103973.545,java-product-service,"http_server_requests_seconds{error=""none"",exception=""none"",language=""java"",method=""GET"",outcome=""SUCCESS"",service=""java-product-service"",status=""200"",uri=""/actuator/prometheus"",quanti,}",0.0,0.0
1790103973.545,java-product-service,"http_server_requests_seconds{error=""none"",exception=""none"",language=""java"",method=""GET"",outcome=""SUCCESS"",service=""java-product-service"",status=""200"",uri=""/actuator/prometheus"",}",23.0,0.148868874
1790103973.545,java-product-service,"http_server_requests_seconds{error=""none"",exception=""none"",language=""java"",method=""POST"",outcome=""SUCCESS"",service=""java-product-service"",status=""201"",uri=""/products"",quanti,}",0.0,0.0
1790103973.545,java-product-service,"http_server_requests_seconds{error=""none"",exception=""none"",language=""java"",method=""POST"",outcome=""SUCCESS"",service=""java-product-service"",status=""201"",uri=""/products"",}",10.0,0.112075376
1790103973.545,java-product-service,"http_server_requests_seconds{error=""none"",exception=""none"",language=""java"",method=""GET"",outcome=""SUCCESS"",service=""java-product-service"",status=""200"",uri=""/products"",quanti,}",0.0,0.0
1790103973.545,java-product-service,"http_server_requests_seconds{error=""none"",exception=""none"",language=""java"",method=""GET"",outcome=""SUCCESS"",service=""java-product-service"",status=""200"",uri=""/products"",}",3203.0,4.191984335
1790103973.545,java-order-service,"http_server_requests_seconds{error=""none"",exception=""none"",language=""java"",method=""GET"",outcome=""SUCCESS"",service=""java-order-service"",status=""200"",uri=""/actuator/prometheus"",quanti,}",0.0,0.0
1790103973.545,java-order-service,"http_server_requests_seconds{error=""none"",exception=""none"",language=""java"",method=""GET"",outcome=""SUCCESS"",service=""java-order-service"",status=""200"",uri=""/actuator/prometheus"",}",23.0,0.127979913
1790103973.545,java-order-service,"http_server_requests_seconds{error=""none"",exception=""none"",language=""java"",method=""GET"",outcome=""SUCCESS"",service=""java-order-service"",status=""200"",uri=""/actuator/health"",quanti,}",0.0,0.0
1790103973.545,java-order-service,"http_server_requests_seconds{error=""none"",exception=""none"",language=""java"",method=""GET"",outcome=""SUCCESS"",service=""java-order-service"",status=""200"",uri=""/actuator/health"",}",227.0,0.601297462
1790103978.574,java-user-service,"http_server_requests_seconds{error=""none"",exception=""none"",framework=""spring-boot"",language=""java"",method=""GET"",outcome=""SUCCESS"",service=""java-user-service"",status=""200"",uri=""/actuator/health"",quanti,}",0.0,0.0
1790103978.574,java-user-service,"http_server_requests_seconds{error=""none"",exception=""none"",framework=""spring-boot"",language=""java"",method=""GET"",outcome=""SUCCESS"",service=""java-user-service"",status=""200"",uri=""/actuator/health"",}",236.0,1.278465086
1790103978.574,java-user-service,"http_server_requests_seconds{error=""none"",exception=""none"",framework=""spring-boot"",language=""java"",method=""POST"",outcome=""SUCCESS"",service=""java-user-service"",status=""201"",uri=""/users"",quanti,}",0.0,0.0
1790103978.574,java-user-service,"http_server_requests_seconds{error=""none"",exception=""none"",framework=""spring-boot"",language=""java"",method=""POST"",outcome=""SUCCESS"",service=""java-user-service"",status=""201"",uri=""/users"",}",705.0,82.830161444
1790103978.574,java-user-service,"http_server_requests_seconds{error=""none"",exception=""none"",framework=""spring-boot"",language=""java"",method=""GET"",outcome=""SUCCESS"",service=""java-user-service"",status=""200"",uri=""/users"",quanti,}",0.0,0.0
1790103978.574,java-user-service,"http_server_requests_seconds{error=""none"",exception=""none"",framework=""spring-boot"",language=""java"",method=""GET"",outcome=""SUCCESS"",service=""java-user-service"",status=""200"",uri=""/users"",}",1000.0,7.153388617
1790103978.574,java-user-service,"http_server_requests_seconds{error=""none"",exception=""none"",framework=""spring-boot"",language=""java"",method=""GET"",outcome=""SUCCESS"",service=""java-user-service"",status=""200"",uri=""/actuator/prometheus"",quanti,}",0.0,0.0
1790103978.574,java-user-service,"http_server_requests_seconds{error=""none"",exception=""none"",framework=""spring-boot"",language=""java"",method=""GET"",outcome=""SUCCESS"",service=""java-user-service"",status=""200"",uri=""/actuator/prometheus"",}",24.0,0.225028168
1790103978.574,java-product-service,"http_server_requests_seconds{error=""none"",exception=""none"",language=""java"",method=""GET"",outcome=""SUCCESS"",service=""java-product-service"",status=""200"",uri=""/actuator/health"",quanti,}",0.0,0.0
1790103978.574,java-product-service,"http_server_requests_seconds{error=""none"",exception=""none"",language=""java"",method=""GET"",outcome=""SUCCESS"",service=""java-product-service"",status=""200"",uri=""/actuator/health"",}",236.0,0.896434007
1790103978.574,java-product-service,"http_server_requests_seconds{error=""none"",exception=""none"",language=""java"",method=""GET"",outcome=""SUCCESS"",service=""java-product-service"",status=""200"",uri=""/actuator/prometheus"",quanti,}",0.0,0.0
1790103978.574,java-product-service,"http_server_requests_seconds{error=""none"",exception=""none"",language=""java"",method=""GET"",outcome=""SUCCESS"",service=""java-product-service"",status=""200"",uri=""/actuator/prometheus"",}",24.0,0.151189791
1790103978.574,java-product-service,"http_server_requests_seconds{error=""none"",exception=""none"",language=""java"",method=""POST"",outcome=""SUCCESS"",service=""java-product-service"",status=""201"",uri=""/products"",quanti,}",0.0,0.0
1790103978.574,java-product-service,"http_server_requests_seconds{error=""none"",exception=""none"",language=""java"",method=""POST"",outcome=""SUCCESS"",service=""java-product-service"",status=""201"",uri=""/products"",}",10.0,0.112075376
1790103978.574,java-product-service,"http_server_requests_seconds{error=""none"",exception=""none"",language=""java"",method=""GET"",outcome=""SUCCESS"",service=""java-product-service"",status=""200"",uri=""/products"",quanti,}",0.0,0.0
1790103978.574,java-product-service,"http_server_requests_seconds{error=""none"",exception=""none"",language=""java"",method=""GET"",outcome=""SUCCESS"",service=""java-product-service"",status=""200"",uri=""/products"",}",3317.0,4.300665584
1790103978.574,java-order-service,"http_server_requests_seconds{error=""none"",exception=""none"",language=""java"",method=""GET"",outcome=""SUCCESS"",service=""java-order-service"",status=""200"",uri=""/actuator/prometheus"",quanti,}",0.0,0.0
1790103978.574,java-order-service,"http_server_requests_seconds{error=""none"",exception=""none"",language=""java"",method=""GET"",outcome=""SUCCESS"",service=""java-order-service"",status=""200"",uri=""/actuator/prometheus"",}",24.0,0.130537246
1790103978.574,java-order-service,"http_server_requests_seconds{error=""none"",exception=""none"",language=""java"",method=""GET"",outcome=""SUCCESS"",service=""java-order-service"",status=""200"",uri=""/actuator/health"",quanti,}",0.0,0.0
1790103978.574,java-order-service,"http_server_requests_seconds{error=""none"",exception=""none"",language=""java"",method=""GET"",outcome=""SUCCESS"",service=""java-order-service"",status=""200"",uri=""/actuator/health"",}",236.0,0.622797461
1790103983.602,java-user-service,"http_server_requests_seconds{error=""none"",exception=""none"",framework=""spring-boot"",language=""java"",method=""GET"",outcome=""SUCCESS"",service=""java-user-service"",status=""200"",uri=""/actuator/health"",quanti,}",0.0,0.0
1790103983.602,java-user-service,"http_server_requests_seconds{error=""none"",exception=""none"",framework=""spring-boot"",language=""java"",method=""GET"",outcome=""SUCCESS"",service=""java-user-service"",status=""200"",uri=""/actuator/health"",}",247.0,1.310896879
1790103983.602,java-user-service,"http_server_requests_seconds{error=""none"",exception=""none"",framework=""spring-boot"",language=""java"",method=""POST"",outcome=""SUCCESS"",service=""java-user-service"",status=""201"",uri=""/users"",quanti,}",0.0,0.0
1790103983.602,java-user-service,"http_server_requests_seconds{error=""none"",exception=""none"",framework=""spring-boot"",language=""java"",method=""POST"",outcome=""SUCCESS"",service=""java-user-service"",status=""201"",uri=""/users"",}",734.0,85.729868743
1790103983.602,java-user-service,"http_server_requests_seconds{error=""none"",exception=""none"",framework=""spring-boot"",language=""java"",method=""GET"",outcome=""SUCCESS"",service=""java-user-service"",status=""200"",uri=""/users"",quanti,}",0.0,0.0
1790103983.602,java-user-service,"http_server_requests_seconds{error=""none"",exception=""none"",framework=""spring-boot"",language=""java"",method=""GET"",outcome=""SUCCESS"",service=""java-user-service"",status=""200"",uri=""/users"",}",1000.0,7.153388617
1790103983.602,java-user-service,"http_server_requests_seconds{error=""none"",exception=""none"",framework=""spring-boot"",language=""java"",method=""GET"",outcome=""SUCCESS"",service=""java-user-service"",status=""200"",uri=""/actuator/prometheus"",quanti,}",0.0,0.0
1790103983.602,java-user-service,"http_server_requests_seconds{error=""none"",exception=""none"",framework=""spring-boot"",language=""java"",method=""GET"",outcome=""SUCCESS"",service=""java-user-service"",status=""200"",uri=""/actuator/prometheus"",}",25.0,0.227639876
1790103983.602,java-product-service,"http_server_requests_seconds{error=""none"",exception=""none"",language=""java"",method=""GET"",outcome=""SUCCESS"",service=""java-product-service"",status=""200"",uri=""/actuator/health"",quanti,}",0.0,0.0
1790103983.602,java-product-service,"http_server_requests_seconds{error=""none"",exception=""none"",language=""java"",method=""GET"",outcome=""SUCCESS"",service=""java-product-service"",status=""200"",uri=""/actuator/health"",}",247.0,0.923701383
1790103983.602,java-product-service,"http_server_requests_seconds{error=""none"",exception=""none"",language=""java"",method=""GET"",outcome=""SUCCESS"",service=""java-product-service"",status=""200"",uri=""/actuator/prometheus"",quanti,}",0.0,0.0
1790103983.602,java-product-service,"http_server_requests_seconds{error=""none"",exception=""none"",language=""java"",method=""GET"",outcome=""SUCCESS"",service=""java-product-service"",status=""200"",uri=""/actuator/prometheus"",}",25.0,0.154400541
1790103983.602,java-product-service,"http_server_requests_seconds{error=""none"",exception=""none"",language=""java"",method=""POST"",outcome=""SUCCESS"",service=""java-product-service"",status=""201"",uri=""/products"",quanti,}",0.0,0.0
1790103983.602,java-product-service,"http_server_requests_seconds{error=""none"",exception=""none"",language=""java"",method=""POST"",outcome=""SUCCESS"",service=""java-product-service"",status=""201"",uri=""/products"",}",10.0,0.112075376
1790103983.602,java-product-service,"http_server_requests_seconds{error=""none"",exception=""none"",language=""java"",method=""GET"",outcome=""SUCCESS"",service=""java-product-service"",status=""200"",uri=""/products"",quanti,}",0.0,0.0
1790103983.602,java-product-service,"http_server_requests_seconds{error=""none"",exception=""none"",language=""java"",method=""GET"",outcome=""SUCCESS"",service=""java-product-service"",status=""200"",uri=""/products"",}",3433.0,4.398382423
1790103983.602,java-order-service,"http_server_requests_seconds{error=""none"",exception=""none"",language=""java"",method=""GET"",outcome=""SUCCESS"",service=""java-order-service"",status=""200"",uri=""/actuator/prometheus"",quanti,}",0.0,0.0
1790103983.602,java-order-service,"http_server_requests_seconds{error=""none"",exception=""none"",language=""java"",method=""GET"",outcome=""SUCCESS"",service=""java-order-service"",status=""200"",uri=""/actuator/prometheus"",}",25.0,0.133712538
1790103983.602,java-order-service,"http_server_requests_seconds{error=""none"",exception=""none"",language=""java"",method=""GET"",outcome=""SUCCESS"",service=""java-order-service"",status=""200"",uri=""/actuator/health"",quanti,}",0.0,0.0
1790103983.602,java-order-service,"http_server_requests_seconds{error=""none"",exception=""none"",language=""java"",method=""GET"",outcome=""SUCCESS"",service=""java-order-service"",status=""200"",uri=""/actuator/health"",}",247.0,0.64581438
1790103988.626,java-user-service,"http_server_requests_seconds{error=""none"",exception=""none"",framework=""spring-boot"",language=""java"",method=""GET"",outcome=""SUCCESS"",service=""java-user-service"",status=""200"",uri=""/actuator/health"",quanti,}",0.0,0.0
1790103988.626,java-user-service,"http_server_requests_seconds{error=""none"",exception=""none"",framework=""spring-boot"",language=""java"",method=""GET"",outcome=""SUCCESS"",service=""java-user-service"",status=""200"",uri=""/actuator/health"",}",256.0,1.347752423
1790103988.626,java-user-service,"http_server_requests_seconds{error=""none"",exception=""none"",framework=""spring-boot"",language=""java"",method=""POST"",outcome=""SUCCESS"",service=""java-user-service"",status=""201"",uri=""/users"",quanti,}",0.0,0.0
1790103988.626,java-user-service,"http_server_requests_seconds{error=""none"",exception=""none"",framework=""spring-boot"",language=""java"",method=""POST"",outcome=""SUCCESS"",service=""java-user-service"",status=""201"",uri=""/users"",}",762.0,88.552434247
1790103988.626,java-user-service,"http_server_requests_seconds{error=""none"",exception=""none"",framework=""spring-boot"",language=""java"",method=""GET"",outcome=""SUCCESS"",service=""java-user-service"",status=""200"",uri=""/users"",quanti,}",0.0,0.0
1790103988.626,java-user-service,"http_server_requests_seconds{error=""none"",exception=""none"",framework=""spring-boot"",language=""java"",method=""GET"",outcome=""SUCCESS"",service=""java-user-service"",status=""200"",uri=""/users"",}",1000.0,7.153388617
1790103988.626,java-user-service,"http_server_requests_seconds{error=""none"",exception=""none"",framework=""spring-boot"",language=""java"",method=""GET"",outcome=""SUCCESS"",service=""java-user-service"",status=""200"",uri=""/actuator/prometheus"",quanti,}",0.0,0.0
1790103988.626,java-user-service,"http_server_requests_seconds{error=""none"",exception=""none"",framework=""spring-boot"",language=""java"",method=""GET"",outcome=""SUCCESS"",service=""java-user-service"",status=""200"",uri=""/actuator/prometheus"",}",26.0,0.230141626
1790103988.626,java-product-service,"http_server_requests_seconds{error=""none"",exception=""none"",language=""java"",method=""GET"",outcome=""SUCCESS"",service=""java-product-service"",status=""200"",uri=""/actuator/health"",quanti,}",0.0,0.0
1790103988.626,java-product-service,"http_server_requests_seconds{error=""none"",exception=""none"",language=""java"",method=""GET"",outcome=""SUCCESS"",service=""java-product-service"",status=""200"",uri=""/actuator/health"",}",256.0,0.951970342
1790103988.626,java-product-service,"http_server_requests_seconds{error=""none"",exception=""none"",language=""java"",method=""GET"",outcome=""SUCCESS"",service=""java-product-service"",status=""200"",uri=""/actuator/prometheus"",quanti,}",0.0,0.0
1790103988.626,java-product-service,"http_server_requests_seconds{error=""none"",exception=""none"",language=""java"",method=""GET"",outcome=""SUCCESS"",service=""java-product-service"",status=""200"",uri=""/actuator/prometheus"",}",26.0,0.157039874
1790103988.626,java-product-service,"http_server_requests_seconds{error=""none"",exception=""none"",language=""java"",method=""POST"",outcome=""SUCCESS"",service=""java-product-service"",status=""201"",uri=""/products"",quanti,}",0.0,0.0
1790103988.626,java-product-service,"http_server_requests_seconds{error=""none"",exception=""none"",language=""java"",method=""POST"",outcome=""SUCCESS"",service=""java-product-service"",status=""201"",uri=""/products"",}",10.0,0.112075376
1790103988.626,java-product-service,"http_server_requests_seconds{error=""none"",exception=""none"",language=""java"",method=""GET"",outcome=""SUCCESS"",service=""java-product-service"",status=""200"",uri=""/products"",quanti,}",0.0,0.0
1790103988.626,java-product-service,"http_server_requests_seconds{error=""none"",exception=""none"",language=""java"",method=""GET"",outcome=""SUCCESS"",service=""java-product-service"",status=""200"",uri=""/products"",}",3547.0,4.522355217
1790103988.626,java-order-service,"http_server_requests_seconds{error=""none"",exception=""none"",language=""java"",method=""GET"",outcome=""SUCCESS"",service=""java-order-service"",status=""200"",uri=""/actuator/prometheus"",quanti,}",0.0,0.0
1790103988.626,java-order-service,"http_server_requests_seconds{error=""none"",exception=""none"",language=""java"",method=""GET"",outcome=""SUCCESS"",service=""java-order-service"",status=""200"",uri=""/actuator/prometheus"",}",26.0,0.136492163
1790103988.626,java-order-service,"http_server_requests_seconds{error=""none"",exception=""none"",language=""java"",method=""GET"",outcome=""SUCCESS"",service=""java-order-service"",status=""200"",uri=""/actuator/health"",quanti,}",0.0,0.0
1790103988.626,java-order-service,"http_server_requests_seconds{error=""none"",exception=""none"",language=""java"",method=""GET"",outcome=""SUCCESS"",service=""java-order-service"",status=""200"",uri=""/actuator/health"",}",257.0,0.672421421
1790103993.658,java-user-service,"http_server_requests_seconds{error=""none"",exception=""none"",framework=""spring-boot"",language=""java"",method=""GET"",outcome=""SUCCESS"",service=""java-user-service"",status=""200"",uri=""/actuator/health"",quanti,}",0.0,0.0
1790103993.658,java-user-service,"http_server_requests_seconds{error=""none"",exception=""none"",framework=""spring-boot"",language=""java"",method=""GET"",outcome=""SUCCESS"",service=""java-user-service"",status=""200"",uri=""/actuator/health"",}",267.0,1.381100506
1790103993.658,java-user-service,"http_server_requests_seconds{error=""none"",exception=""none"",framework=""spring-boot"",language=""java"",method=""POST"",outcome=""SUCCESS"",service=""java-user-service"",status=""201"",uri=""/users"",quanti,}",0.0,0.0
1790103993.658,java-user-service,"http_server_requests_seconds{error=""none"",exception=""none"",framework=""spring-boot"",language=""java"",method=""POST"",outcome=""SUCCESS"",service=""java-user-service"",status=""201"",uri=""/users"",}",792.0,91.381762749
1790103993.658,java-user-service,"http_server_requests_seconds{error=""none"",exception=""none"",framework=""spring-boot"",language=""java"",method=""GET"",outcome=""SUCCESS"",service=""java-user-service"",status=""200"",uri=""/users"",quanti,}",0.0,0.0
1790103993.658,java-user-service,"http_server_requests_seconds{error=""none"",exception=""none"",framework=""spring-boot"",language=""java"",method=""GET"",outcome=""SUCCESS"",service=""java-user-service"",status=""200"",uri=""/users"",}",1000.0,7.153388617
1790103993.658,java-user-service,"http_server_requests_seconds{error=""none"",exception=""none"",framework=""spring-boot"",language=""java"",method=""GET"",outcome=""SUCCESS"",service=""java-user-service"",status=""200"",uri=""/actuator/prometheus"",quanti,}",0.0,0.0
1790103993.658,java-user-service,"http_server_requests_seconds{error=""none"",exception=""none"",framework=""spring-boot"",language=""java"",method=""GET"",outcome=""SUCCESS"",service=""java-user-service"",status=""200"",uri=""/actuator/prometheus"",}",27.0,0.236256918
1790103993.658,java-product-service,"http_server_requests_seconds{error=""none"",exception=""none"",language=""java"",method=""GET"",outcome=""SUCCESS"",service=""java-product-service"",status=""200"",uri=""/actuator/health"",quanti,}",0.0,0.0
1790103993.658,java-product-service,"http_server_requests_seconds{error=""none"",exception=""none"",language=""java"",method=""GET"",outcome=""SUCCESS"",service=""java-product-service"",status=""200"",uri=""/actuator/health"",}",267.0,0.976520842
1790103993.658,java-product-service,"http_server_requests_seconds{error=""none"",exception=""none"",language=""java"",method=""GET"",outcome=""SUCCESS"",service=""java-product-service"",status=""200"",uri=""/actuator/prometheus"",quanti,}",0.0,0.0
1790103993.658,java-product-service,"http_server_requests_seconds{error=""none"",exception=""none"",language=""java"",method=""GET"",outcome=""SUCCESS"",service=""java-product-service"",status=""200"",uri=""/actuator/prometheus"",}",27.0,0.160263541
1790103993.658,java-product-service,"http_server_requests_seconds{error=""none"",exception=""none"",language=""java"",method=""POST"",outcome=""SUCCESS"",service=""java-product-service"",status=""201"",uri=""/products"",quanti,}",0.0,0.0
1790103993.658,java-product-service,"http_server_requests_seconds{error=""none"",exception=""none"",language=""java"",method=""POST"",outcome=""SUCCESS"",service=""java-product-service"",status=""201"",uri=""/products"",}",10.0,0.112075376
1790103993.658,java-product-service,"http_server_requests_seconds{error=""none"",exception=""none"",language=""java"",method=""GET"",outcome=""SUCCESS"",service=""java-product-service"",status=""200"",uri=""/products"",quanti,}",0.0,0.0
1790103993.658,java-product-service,"http_server_requests_seconds{error=""none"",exception=""none"",language=""java"",method=""GET"",outcome=""SUCCESS"",service=""java-product-service"",status=""200"",uri=""/products"",}",3664.0,4.613718599
1790103993.658,java-order-service,"http_server_requests_seconds{error=""none"",exception=""none"",language=""java"",method=""GET"",outcome=""SUCCESS"",service=""java-order-service"",status=""200"",uri=""/actuator/prometheus"",quanti,}",0.0,0.0
1790103993.658,java-order-service,"http_server_requests_seconds{error=""none"",exception=""none"",language=""java"",method=""GET"",outcome=""SUCCESS"",service=""java-order-service"",status=""200"",uri=""/actuator/prometheus"",}",27.0,0.139924038
1790103993.658,java-order-service,"http_server_requests_seconds{error=""none"",exception=""none"",language=""java"",method=""GET"",outcome=""SUCCESS"",service=""java-order-service"",status=""200"",uri=""/actuator/health"",quanti,}",0.0,0.0
1790103993.658,java-order-service,"http_server_requests_seconds{error=""none"",exception=""none"",language=""java"",method=""GET"",outcome=""SUCCESS"",service=""java-order-service"",status=""200"",uri=""/actuator/health"",}",267.0,0.694524797
1790103998.707,java-user-service,"http_server_requests_seconds{error=""none"",exception=""none"",framework=""spring-boot"",language=""java"",method=""GET"",outcome=""SUCCESS"",service=""java-user-service"",status=""200"",uri=""/actuator/health"",quanti,}",0.0,0.0
1790103998.707,java-user-service,"http_server_requests_seconds{error=""none"",exception=""none"",framework=""spring-boot"",language=""java"",method=""GET"",outcome=""SUCCESS"",service=""java-user-service"",status=""200"",uri=""/actuator/health"",}",277.0,1.412168422
1790103998.707,java-user-service,"http_server_requests_seconds{error=""none"",exception=""none"",framework=""spring-boot"",language=""java"",method=""POST"",outcome=""SUCCESS"",service=""java-user-service"",status=""201"",uri=""/users"",quanti,}",0.0,0.0
1790103998.707,java-user-service,"http_server_requests_seconds{error=""none"",exception=""none"",framework=""spring-boot"",language=""java"",method=""POST"",outcome=""SUCCESS"",service=""java-user-service"",status=""201"",uri=""/users"",}",822.0,94.158468126
1790103998.707,java-user-service,"http_server_requests_seconds{error=""none"",exception=""none"",framework=""spring-boot"",language=""java"",method=""GET"",outcome=""SUCCESS"",service=""java-user-service"",status=""200"",uri=""/users"",quanti,}",0.0,0.0
1790103998.707,java-user-service,"http_server_requests_seconds{error=""none"",exception=""none"",framework=""spring-boot"",language=""java"",method=""GET"",outcome=""SUCCESS"",service=""java-user-service"",status=""200"",uri=""/users"",}",1000.0,7.153388617
1790103998.707,java-user-service,"http_server_requests_seconds{error=""none"",exception=""none"",framework=""spring-boot"",language=""java"",method=""GET"",outcome=""SUCCESS"",service=""java-user-service"",status=""200"",uri=""/actuator/prometheus"",quanti,}",0.0,0.0
1790103998.707,java-user-service,"http_server_requests_seconds{error=""none"",exception=""none"",framework=""spring-boot"",language=""java"",method=""GET"",outcome=""SUCCESS"",service=""java-user-service"",status=""200"",uri=""/actuator/prometheus"",}",28.0,0.246241543
1790103998.707,java-product-service,"http_server_requests_seconds{error=""none"",exception=""none"",language=""java"",method=""GET"",outcome=""SUCCESS"",service=""java-product-service"",status=""200"",uri=""/actuator/health"",quanti,}",0.0,0.0
1790103998.707,java-product-service,"http_server_requests_seconds{error=""none"",exception=""none"",language=""java"",method=""GET"",outcome=""SUCCESS"",service=""java-product-service"",status=""200"",uri=""/actuator/health"",}",277.0,0.999164552
1790103998.707,java-product-service,"http_server_requests_seconds{error=""none"",exception=""none"",language=""java"",method=""GET"",outcome=""SUCCESS"",service=""java-product-service"",status=""200"",uri=""/actuator/prometheus"",quanti,}",0.0,0.0
1790103998.707,java-product-service,"http_server_requests_seconds{error=""none"",exception=""none"",language=""java"",method=""GET"",outcome=""SUCCESS"",service=""java-product-service"",status=""200"",uri=""/actuator/prometheus"",}",28.0,0.166664124
1790103998.707,java-product-service,"http_server_requests_seconds{error=""none"",exception=""none"",language=""java"",method=""POST"",outcome=""SUCCESS"",service=""java-product-service"",status=""201"",uri=""/products"",quanti,}",0.0,0.0
1790103998.707,java-product-service,"http_server_requests_seconds{error=""none"",exception=""none"",language=""java"",method=""POST"",outcome=""SUCCESS"",service=""java-product-service"",status=""201"",uri=""/products"",}",10.0,0.112075376
1790103998.707,java-product-service,"http_server_requests_seconds{error=""none"",exception=""none"",language=""java"",method=""GET"",outcome=""SUCCESS"",service=""java-product-service"",status=""200"",uri=""/products"",quanti,}",0.0,0.0
1790103998.707,java-product-service,"http_server_requests_seconds{error=""none"",exception=""none"",language=""java"",method=""GET"",outcome=""SUCCESS"",service=""java-product-service"",status=""200"",uri=""/products"",}",3784.0,4.724443309
1790103998.707,java-order-service,"http_server_requests_seconds{error=""none"",exception=""none"",language=""java"",method=""GET"",outcome=""SUCCESS"",service=""java-order-service"",status=""200"",uri=""/actuator/prometheus"",quanti,}",0.0,0.0
1790103998.707,java-order-service,"http_server_requests_seconds{error=""none"",exception=""none"",language=""java"",method=""GET"",outcome=""SUCCESS"",service=""java-order-service"",status=""200"",uri=""/actuator/prometheus"",}",28.0,0.145852246
1790103998.707,java-order-service,"http_server_requests_seconds{error=""none"",exception=""none"",language=""java"",method=""GET"",outcome=""SUCCESS"",service=""java-order-service"",status=""200"",uri=""/actuator/health"",quanti,}",0.0,0.0
1790103998.707,java-order-service,"http_server_requests_seconds{error=""none"",exception=""none"",language=""java"",method=""GET"",outcome=""SUCCESS"",service=""java-order-service"",status=""200"",uri=""/actuator/health"",}",278.0,0.720757296
1790104003.751,java-user-service,"http_server_requests_seconds{error=""none"",exception=""none"",framework=""spring-boot"",language=""java"",method=""GET"",outcome=""SUCCESS"",service=""java-user-service"",status=""200"",uri=""/actuator/health"",quanti,}",0.0,0.0
1790104003.751,java-user-service,"http_server_requests_seconds{error=""none"",exception=""none"",framework=""spring-boot"",language=""java"",method=""GET"",outcome=""SUCCESS"",service=""java-user-service"",status=""200"",uri=""/actuator/health"",}",287.0,1.44289488
1790104003.751,java-user-service,"http_server_requests_seconds{error=""none"",exception=""none"",framework=""spring-boot"",language=""java"",method=""POST"",outcome=""SUCCESS"",service=""java-user-service"",status=""201"",uri=""/users"",quanti,}",0.0,0.0
1790104003.751,java-user-service,"http_server_requests_seconds{error=""none"",exception=""none"",framework=""spring-boot"",language=""java"",method=""POST"",outcome=""SUCCESS"",service=""java-user-service"",status=""201"",uri=""/users"",}",852.0,96.880389248
1790104003.751,java-user-service,"http_server_requests_seconds{error=""none"",exception=""none"",framework=""spring-boot"",language=""java"",method=""GET"",outcome=""SUCCESS"",service=""java-user-service"",status=""200"",uri=""/users"",quanti,}",0.0,0.0
1790104003.751,java-user-service,"http_server_requests_seconds{error=""none"",exception=""none"",framework=""spring-boot"",language=""java"",method=""GET"",outcome=""SUCCESS"",service=""java-user-service"",status=""200"",uri=""/users"",}",1000.0,7.153388617
1790104003.751,java-user-service,"http_server_requests_seconds{error=""none"",exception=""none"",framework=""spring-boot"",language=""java"",method=""GET"",outcome=""SUCCESS"",service=""java-user-service"",status=""200"",uri=""/actuator/prometheus"",quanti,}",0.0,0.0
1790104003.751,java-user-service,"http_server_requests_seconds{error=""none"",exception=""none"",framework=""spring-boot"",language=""java"",method=""GET"",outcome=""SUCCESS"",service=""java-user-service"",status=""200"",uri=""/actuator/prometheus"",}",29.0,0.251775584
1790104003.751,java-product-service,"http_server_requests_seconds{error=""none"",exception=""none"",language=""java"",method=""GET"",outcome=""SUCCESS"",service=""java-product-service"",status=""200"",uri=""/actuator/health"",quanti,}",0.0,0.0
1790104003.751,java-product-service,"http_server_requests_seconds{error=""none"",exception=""none"",language=""java"",method=""GET"",outcome=""SUCCESS"",service=""java-product-service"",status=""200"",uri=""/actuator/health"",}",287.0,1.022489551
1790104003.751,java-product-service,"http_server_requests_seconds{error=""none"",exception=""none"",language=""java"",method=""GET"",outcome=""SUCCESS"",service=""java-product-service"",status=""200"",uri=""/actuator/prometheus"",quanti,}",0.0,0.0
1790104003.751,java-product-service,"http_server_requests_seconds{error=""none"",exception=""none"",language=""java"",method=""GET"",outcome=""SUCCESS"",service=""java-product-service"",status=""200"",uri=""/actuator/prometheus"",}",29.0,0.175210583
1790104003.751,java-product-service,"http_server_requests_seconds{error=""none"",exception=""none"",language=""java"",method=""POST"",outcome=""SUCCESS"",service=""java-product-service"",status=""201"",uri=""/products"",quanti,}",0.0,0.0
1790104003.751,java-product-service,"http_server_requests_seconds{error=""none"",exception=""none"",language=""java"",method=""POST"",outcome=""SUCCESS"",service=""java-product-service"",status=""201"",uri=""/products"",}",10.0,0.112075376
1790104003.751,java-product-service,"http_server_requests_seconds{error=""none"",exception=""none"",language=""java"",method=""GET"",outcome=""SUCCESS"",service=""java-product-service"",status=""200"",uri=""/products"",quanti,}",0.0,0.0
1790104003.751,java-product-service,"http_server_requests_seconds{error=""none"",exception=""none"",language=""java"",method=""GET"",outcome=""SUCCESS"",service=""java-product-service"",status=""200"",uri=""/products"",}",3904.0,4.828318113
1790104003.751,java-order-service,"http_server_requests_seconds{error=""none"",exception=""none"",language=""java"",method=""GET"",outcome=""SUCCESS"",service=""java-order-service"",status=""200"",uri=""/actuator/prometheus"",quanti,}",0.0,0.0
1790104003.751,java-order-service,"http_server_requests_seconds{error=""none"",exception=""none"",language=""java"",method=""GET"",outcome=""SUCCESS"",service=""java-order-service"",status=""200"",uri=""/actuator/prometheus"",}",29.0,0.149323996
1790104003.751,java-order-service,"http_server_requests_seconds{error=""none"",exception=""none"",language=""java"",method=""GET"",outcome=""SUCCESS"",service=""java-order-service"",status=""200"",uri=""/actuator/health"",quanti,}",0.0,0.0
1790104003.751,java-order-service,"http_server_requests_seconds{error=""none"",exception=""none"",language=""java"",method=""GET"",outcome=""SUCCESS"",service=""java-order-service"",status=""200"",uri=""/actuator/health"",}",287.0,0.739882129
1790104008.812,java-user-service,"http_server_requests_seconds{error=""none"",exception=""none"",framework=""spring-boot"",language=""java"",method=""GET"",outcome=""SUCCESS"",service=""java-user-service"",status=""200"",uri=""/actuator/health"",quanti,}",0.0,0.0
1790104008.812,java-user-service,"http_server_requests_seconds{error=""none"",exception=""none"",framework=""spring-boot"",language=""java"",method=""GET"",outcome=""SUCCESS"",service=""java-user-service"",status=""200"",uri=""/actuator/health"",}",297.0,1.488780961
1790104008.812,java-user-service,"http_server_requests_seconds{error=""none"",exception=""none"",framework=""spring-boot"",language=""java"",method=""POST"",outcome=""SUCCESS"",service=""java-user-service"",status=""201"",uri=""/users"",quanti,}",0.0,0.0
1790104008.812,java-user-service,"http_server_requests_seconds{error=""none"",exception=""none"",framework=""spring-boot"",language=""java"",method=""POST"",outcome=""SUCCESS"",service=""java-user-service"",status=""201"",uri=""/users"",}",882.0,99.545104501
1790104008.812,java-user-service,"http_server_requests_seconds{error=""none"",exception=""none"",framework=""spring-boot"",language=""java"",method=""GET"",outcome=""SUCCESS"",service=""java-user-service"",status=""200"",uri=""/users"",quanti,}",0.0,0.0
1790104008.812,java-user-service,"http_server_requests_seconds{error=""none"",exception=""none"",framework=""spring-boot"",language=""java"",method=""GET"",outcome=""SUCCESS"",service=""java-user-service"",status=""200"",uri=""/users"",}",1000.0,7.153388617
1790104008.812,java-user-service,"http_server_requests_seconds{error=""none"",exception=""none"",framework=""spring-boot"",language=""java"",method=""GET"",outcome=""SUCCESS"",service=""java-user-service"",status=""200"",uri=""/actuator/prometheus"",quanti,}",0.0,0.0
1790104008.812,java-user-service,"http_server_requests_seconds{error=""none"",exception=""none"",framework=""spring-boot"",language=""java"",method=""GET"",outcome=""SUCCESS"",service=""java-user-service"",status=""200"",uri=""/actuator/prometheus"",}",30.0,0.262257042
1790104008.812,java-product-service,"http_server_requests_seconds{error=""none"",exception=""none"",language=""java"",method=""GET"",outcome=""SUCCESS"",service=""java-product-service"",status=""200"",uri=""/actuator/health"",quanti,}",0.0,0.0
1790104008.812,java-product-service,"http_server_requests_seconds{error=""none"",exception=""none"",language=""java"",method=""GET"",outcome=""SUCCESS"",service=""java-product-service"",status=""200"",uri=""/actuator/health"",}",297.0,1.056394842
1790104008.812,java-product-service,"http_server_requests_seconds{error=""none"",exception=""none"",language=""java"",method=""GET"",outcome=""SUCCESS"",service=""java-product-service"",status=""200"",uri=""/actuator/prometheus"",quanti,}",0.0,0.0
1790104008.812,java-product-service,"http_server_requests_seconds{error=""none"",exception=""none"",language=""java"",method=""GET"",outcome=""SUCCESS"",service=""java-product-service"",status=""200"",uri=""/actuator/prometheus"",}",30.0,0.183548458
1790104008.812,java-product-service,"http_server_requests_seconds{error=""none"",exception=""none"",language=""java"",method=""POST"",outcome=""SUCCESS"",service=""java-product-service"",status=""201"",uri=""/products"",quanti,}",0.0,0.0
1790104008.812,java-product-service,"http_server_requests_seconds{error=""none"",exception=""none"",language=""java"",method=""POST"",outcome=""SUCCESS"",service=""java-product-service"",status=""201"",uri=""/products"",}",10.0,0.112075376
1790104008.812,java-product-service,"http_server_requests_seconds{error=""none"",exception=""none"",language=""java"",method=""GET"",outcome=""SUCCESS"",service=""java-product-service"",status=""200"",uri=""/products"",quanti,}",0.0,0.0
1790104008.812,java-product-service,"http_server_requests_seconds{error=""none"",exception=""none"",language=""java"",method=""GET"",outcome=""SUCCESS"",service=""java-product-service"",status=""200"",uri=""/products"",}",4024.0,4.933881068
1790104008.812,java-order-service,"http_server_requests_seconds{error=""none"",exception=""none"",language=""java"",method=""GET"",outcome=""SUCCESS"",service=""java-order-service"",status=""200"",uri=""/actuator/prometheus"",quanti,}",0.0,0.0
1790104008.812,java-order-service,"http_server_requests_seconds{error=""none"",exception=""none"",language=""java"",method=""GET"",outcome=""SUCCESS"",service=""java-order-service"",status=""200"",uri=""/actuator/prometheus"",}",30.0,0.155876705
1790104008.812,java-order-service,"http_server_requests_seconds{error=""none"",exception=""none"",language=""java"",method=""GET"",outcome=""SUCCESS"",service=""java-order-service"",status=""200"",uri=""/actuator/health"",quanti,}",0.0,0.0
1790104008.812,java-order-service,"http_server_requests_seconds{error=""none"",exception=""none"",language=""java"",method=""GET"",outcome=""SUCCESS"",service=""java-order-service"",status=""200"",uri=""/actuator/health"",}",298.0,0.771869754
1790104013.856,java-user-service,"http_server_requests_seconds{error=""none"",exception=""none"",framework=""spring-boot"",language=""java"",method=""GET"",outcome=""SUCCESS"",service=""java-user-service"",status=""200"",uri=""/actuator/health"",quanti,}",0.0,0.0
1790104013.856,java-user-service,"http_server_requests_seconds{error=""none"",exception=""none"",framework=""spring-boot"",language=""java"",method=""GET"",outcome=""SUCCESS"",service=""java-user-service"",status=""200"",uri=""/actuator/health"",}",307.0,1.61137492
1790104013.856,java-user-service,"http_server_requests_seconds{error=""none"",exception=""none"",framework=""spring-boot"",language=""java"",method=""POST"",outcome=""SUCCESS"",service=""java-user-service"",status=""201"",uri=""/users"",quanti,}",0.0,0.0
1790104013.856,java-user-service,"http_server_requests_seconds{error=""none"",exception=""none"",framework=""spring-boot"",language=""java"",method=""POST"",outcome=""SUCCESS"",service=""java-user-service"",status=""201"",uri=""/users"",}",912.0,103.254340459
1790104013.856,java-user-service,"http_server_requests_seconds{error=""none"",exception=""none"",framework=""spring-boot"",language=""java"",method=""GET"",outcome=""SUCCESS"",service=""java-user-service"",status=""200"",uri=""/users"",quanti,}",0.0,0.0
1790104013.856,java-user-service,"http_server_requests_seconds{error=""none"",exception=""none"",framework=""spring-boot"",language=""java"",method=""GET"",outcome=""SUCCESS"",service=""java-user-service"",status=""200"",uri=""/users"",}",1000.0,7.153388617
1790104013.856,java-user-service,"http_server_requests_seconds{error=""none"",exception=""none"",framework=""spring-boot"",language=""java"",method=""GET"",outcome=""SUCCESS"",service=""java-user-service"",status=""200"",uri=""/actuator/prometheus"",quanti,}",0.0,0.0
1790104013.856,java-user-service,"http_server_requests_seconds{error=""none"",exception=""none"",framework=""spring-boot"",language=""java"",method=""GET"",outcome=""SUCCESS"",service=""java-user-service"",status=""200"",uri=""/actuator/prometheus"",}",31.0,0.269073334
1790104013.856,java-product-service,"http_server_requests_seconds{error=""none"",exception=""none"",language=""java"",method=""GET"",outcome=""SUCCESS"",service=""java-product-service"",status=""200"",uri=""/actuator/health"",quanti,}",0.0,0.0
1790104013.856,java-product-service,"http_server_requests_seconds{error=""none"",exception=""none"",language=""java"",method=""GET"",outcome=""SUCCESS"",service=""java-product-service"",status=""200"",uri=""/actuator/health"",}",307.0,1.080127425
1790104013.856,java-product-service,"http_server_requests_seconds{error=""none"",exception=""none"",language=""java"",method=""GET"",outcome=""SUCCESS"",service=""java-product-service"",status=""200"",uri=""/actuator/prometheus"",quanti,}",0.0,0.0
1790104013.856,java-product-service,"http_server_requests_seconds{error=""none"",exception=""none"",language=""java"",method=""GET"",outcome=""SUCCESS"",service=""java-product-service"",status=""200"",uri=""/actuator/prometheus"",}",31.0,0.189190458
1790104013.856,java-product-service,"http_server_requests_seconds{error=""none"",exception=""none"",language=""java"",method=""POST"",outcome=""SUCCESS"",service=""java-product-service"",status=""201"",uri=""/products"",quanti,}",0.0,0.0
1790104013.856,java-product-service,"http_server_requests_seconds{error=""none"",exception=""none"",language=""java"",method=""POST"",outcome=""SUCCESS"",service=""java-product-service"",status=""201"",uri=""/products"",}",10.0,0.112075376
1790104013.856,java-product-service,"http_server_requests_seconds{error=""none"",exception=""none"",language=""java"",method=""GET"",outcome=""SUCCESS"",service=""java-product-service"",status=""200"",uri=""/products"",quanti,}",0.0,0.0
1790104013.856,java-product-service,"http_server_requests_seconds{error=""none"",exception=""none"",language=""java"",method=""GET"",outcome=""SUCCESS"",service=""java-product-service"",status=""200"",uri=""/products"",}",4144.0,5.062380441
1790104013.856,java-order-service,"http_server_requests_seconds{error=""none"",exception=""none"",language=""java"",method=""GET"",outcome=""SUCCESS"",service=""java-order-service"",status=""200"",uri=""/actuator/prometheus"",quanti,}",0.0,0.0
1790104013.856,java-order-service,"http_server_requests_seconds{error=""none"",exception=""none"",language=""java"",method=""GET"",outcome=""SUCCESS"",service=""java-order-service"",status=""200"",uri=""/actuator/prometheus"",}",31.0,0.160607871
1790104013.856,java-order-service,"http_server_requests_seconds{error=""none"",exception=""none"",language=""java"",method=""GET"",outcome=""SUCCESS"",service=""java-order-service"",status=""200"",uri=""/actuator/health"",quanti,}",0.0,0.0
1790104013.856,java-order-service,"http_server_requests_seconds{error=""none"",exception=""none"",language=""java"",method=""GET"",outcome=""SUCCESS"",service=""java-order-service"",status=""200"",uri=""/actuator/health"",}",307.0,0.798156128
1790104018.898,java-user-service,"http_server_requests_seconds{error=""none"",exception=""none"",framework=""spring-boot"",language=""java"",method=""GET"",outcome=""SUCCESS"",service=""java-user-service"",status=""200"",uri=""/actuator/health"",quanti,}",0.0,0.0
1790104018.898,java-user-service,"http_server_requests_seconds{error=""none"",exception=""none"",framework=""spring-boot"",language=""java"",method=""GET"",outcome=""SUCCESS"",service=""java-user-service"",status=""200"",uri=""/actuator/health"",}",317.0,1.640414128
1790104018.898,java-user-service,"http_server_requests_seconds{error=""none"",exception=""none"",framework=""spring-boot"",language=""java"",method=""POST"",outcome=""SUCCESS"",service=""java-user-service"",status=""201"",uri=""/users"",quanti,}",0.0,0.0
1790104018.898,java-user-service,"http_server_requests_seconds{error=""none"",exception=""none"",framework=""spring-boot"",language=""java"",method=""POST"",outcome=""SUCCESS"",service=""java-user-service"",status=""201"",uri=""/users"",}",942.0,106.56856788
1790104018.898,java-user-service,"http_server_requests_seconds{error=""none"",exception=""none"",framework=""spring-boot"",language=""java"",method=""GET"",outcome=""SUCCESS"",service=""java-user-service"",status=""200"",uri=""/users"",quanti,}",0.0,0.0
1790104018.898,java-user-service,"http_server_requests_seconds{error=""none"",exception=""none"",framework=""spring-boot"",language=""java"",method=""GET"",outcome=""SUCCESS"",service=""java-user-service"",status=""200"",uri=""/users"",}",1000.0,7.153388617
1790104018.898,java-user-service,"http_server_requests_seconds{error=""none"",exception=""none"",framework=""spring-boot"",language=""java"",method=""GET"",outcome=""SUCCESS"",service=""java-user-service"",status=""200"",uri=""/actuator/prometheus"",quanti,}",0.0,0.0
1790104018.898,java-user-service,"http_server_requests_seconds{error=""none"",exception=""none"",framework=""spring-boot"",language=""java"",method=""GET"",outcome=""SUCCESS"",service=""java-user-service"",status=""200"",uri=""/actuator/prometheus"",}",32.0,0.278902667
1790104018.898,java-product-service,"http_server_requests_seconds{error=""none"",exception=""none"",language=""java"",method=""GET"",outcome=""SUCCESS"",service=""java-product-service"",status=""200"",uri=""/actuator/health"",quanti,}",0.0,0.0
1790104018.898,java-product-service,"http_server_requests_seconds{error=""none"",exception=""none"",language=""java"",method=""GET"",outcome=""SUCCESS"",service=""java-product-service"",status=""200"",uri=""/actuator/health"",}",317.0,1.102853966
1790104018.898,java-product-service,"http_server_requests_seconds{error=""none"",exception=""none"",language=""java"",method=""GET"",outcome=""SUCCESS"",service=""java-product-service"",status=""200"",uri=""/actuator/prometheus"",quanti,}",0.0,0.0
1790104018.898,java-product-service,"http_server_requests_seconds{error=""none"",exception=""none"",language=""java"",method=""GET"",outcome=""SUCCESS"",service=""java-product-service"",status=""200"",uri=""/actuator/prometheus"",}",32.0,0.194832125
1790104018.898,java-product-service,"http_server_requests_seconds{error=""none"",exception=""none"",language=""java"",method=""POST"",outcome=""SUCCESS"",service=""java-product-service"",status=""201"",uri=""/products"",quanti,}",0.0,0.0
1790104018.898,java-product-service,"http_server_requests_seconds{error=""none"",exception=""none"",language=""java"",method=""POST"",outcome=""SUCCESS"",service=""java-product-service"",status=""201"",uri=""/products"",}",10.0,0.112075376
1790104018.898,java-product-service,"http_server_requests_seconds{error=""none"",exception=""none"",language=""java"",method=""GET"",outcome=""SUCCESS"",service=""java-product-service"",status=""200"",uri=""/products"",quanti,}",0.0,0.0
1790104018.898,java-product-service,"http_server_requests_seconds{error=""none"",exception=""none"",language=""java"",method=""GET"",outcome=""SUCCESS"",service=""java-product-service"",status=""200"",uri=""/products"",}",4264.0,5.178491519
1790104018.898,java-order-service,"http_server_requests_seconds{error=""none"",exception=""none"",language=""java"",method=""GET"",outcome=""SUCCESS"",service=""java-order-service"",status=""200"",uri=""/actuator/prometheus"",quanti,}",0.0,0.0
1790104018.898,java-order-service,"http_server_requests_seconds{error=""none"",exception=""none"",language=""java"",method=""GET"",outcome=""SUCCESS"",service=""java-order-service"",status=""200"",uri=""/actuator/prometheus"",}",32.0,0.164950913
1790104018.898,java-order-service,"http_server_requests_seconds{error=""none"",exception=""none"",language=""java"",method=""GET"",outcome=""SUCCESS"",service=""java-order-service"",status=""200"",uri=""/actuator/health"",quanti,}",0.0,0.0
1790104018.898,java-order-service,"http_server_requests_seconds{error=""none"",exception=""none"",language=""java"",method=""GET"",outcome=""SUCCESS"",service=""java-order-service"",status=""200"",uri=""/actuator/health"",}",318.0,0.819010711
1790104023.932,java-user-service,"http_server_requests_seconds{error=""none"",exception=""none"",framework=""spring-boot"",language=""java"",method=""GET"",outcome=""SUCCESS"",service=""java-user-service"",status=""200"",uri=""/actuator/health"",quanti,}",0.0,0.0
1790104023.932,java-user-service,"http_server_requests_seconds{error=""none"",exception=""none"",framework=""spring-boot"",language=""java"",method=""GET"",outcome=""SUCCESS"",service=""java-user-service"",status=""200"",uri=""/actuator/health"",}",328.0,1.681083421
1790104023.932,java-user-service,"http_server_requests_seconds{error=""none"",exception=""none"",framework=""spring-boot"",language=""java"",method=""POST"",outcome=""SUCCESS"",service=""java-user-service"",status=""201"",uri=""/users"",quanti,}",0.0,0.0
1790104023.932,java-user-service,"http_server_requests_seconds{error=""none"",exception=""none"",framework=""spring-boot"",language=""java"",method=""POST"",outcome=""SUCCESS"",service=""java-user-service"",status=""201"",uri=""/users"",}",972.0,110.093924171
1790104023.932,java-user-service,"http_server_requests_seconds{error=""none"",exception=""none"",framework=""spring-boot"",language=""java"",method=""GET"",outcome=""SUCCESS"",service=""java-user-service"",status=""200"",uri=""/users"",quanti,}",0.0,0.0
1790104023.932,java-user-service,"http_server_requests_seconds{error=""none"",exception=""none"",framework=""spring-boot"",language=""java"",method=""GET"",outcome=""SUCCESS"",service=""java-user-service"",status=""200"",uri=""/users"",}",1000.0,7.153388617
1790104023.932,java-user-service,"http_server_requests_seconds{error=""none"",exception=""none"",framework=""spring-boot"",language=""java"",method=""GET"",outcome=""SUCCESS"",service=""java-user-service"",status=""200"",uri=""/actuator/prometheus"",quanti,}",0.0,0.0
1790104023.932,java-user-service,"http_server_requests_seconds{error=""none"",exception=""none"",framework=""spring-boot"",language=""java"",method=""GET"",outcome=""SUCCESS"",service=""java-user-service"",status=""200"",uri=""/actuator/prometheus"",}",33.0,0.284713875
1790104023.932,java-product-service,"http_server_requests_seconds{error=""none"",exception=""none"",language=""java"",method=""GET"",outcome=""SUCCESS"",service=""java-product-service"",status=""200"",uri=""/actuator/health"",quanti,}",0.0,0.0
1790104023.932,java-product-service,"http_server_requests_seconds{error=""none"",exception=""none"",language=""java"",method=""GET"",outcome=""SUCCESS"",service=""java-product-service"",status=""200"",uri=""/actuator/health"",}",328.0,1.130994464
1790104023.932,java-product-service,"http_server_requests_seconds{error=""none"",exception=""none"",language=""java"",method=""GET"",outcome=""SUCCESS"",service=""java-product-service"",status=""200"",uri=""/actuator/prometheus"",quanti,}",0.0,0.0
1790104023.932,java-product-service,"http_server_requests_seconds{error=""none"",exception=""none"",language=""java"",method=""GET"",outcome=""SUCCESS"",service=""java-product-service"",status=""200"",uri=""/actuator/prometheus"",}",33.0,0.201112
1790104023.932,java-product-service,"http_server_requests_seconds{error=""none"",exception=""none"",language=""java"",method=""POST"",outcome=""SUCCESS"",service=""java-product-service"",status=""201"",uri=""/products"",quanti,}",0.0,0.0
1790104023.932,java-product-service,"http_server_requests_seconds{error=""none"",exception=""none"",language=""java"",method=""POST"",outcome=""SUCCESS"",service=""java-product-service"",status=""201"",uri=""/products"",}",10.0,0.112075376
1790104023.932,java-product-service,"http_server_requests_seconds{error=""none"",exception=""none"",language=""java"",method=""GET"",outcome=""SUCCESS"",service=""java-product-service"",status=""200"",uri=""/products"",quanti,}",0.0,0.0
1790104023.932,java-product-service,"http_server_requests_seconds{error=""none"",exception=""none"",language=""java"",method=""GET"",outcome=""SUCCESS"",service=""java-product-service"",status=""200"",uri=""/products"",}",4384.0,5.252124634
1790104023.932,java-order-service,"http_server_requests_seconds{error=""none"",exception=""none"",language=""java"",method=""GET"",outcome=""SUCCESS"",service=""java-order-service"",status=""200"",uri=""/actuator/prometheus"",quanti,}",0.0,0.0
1790104023.932,java-order-service,"http_server_requests_seconds{error=""none"",exception=""none"",language=""java"",method=""GET"",outcome=""SUCCESS"",service=""java-order-service"",status=""200"",uri=""/actuator/prometheus"",}",33.0,0.168815788
1790104023.932,java-order-service,"http_server_requests_seconds{error=""none"",exception=""none"",language=""java"",method=""GET"",outcome=""SUCCESS"",service=""java-order-service"",status=""200"",uri=""/actuator/health"",quanti,}",0.0,0.0
1790104023.932,java-order-service,"http_server_requests_seconds{error=""none"",exception=""none"",language=""java"",method=""GET"",outcome=""SUCCESS"",service=""java-order-service"",status=""200"",uri=""/actuator/health"",}",328.0,0.841701836
1790104028.968,java-user-service,"http_server_requests_seconds{error=""none"",exception=""none"",framework=""spring-boot"",language=""java"",method=""GET"",outcome=""SUCCESS"",service=""java-user-service"",status=""200"",uri=""/actuator/health"",quanti,}",0.0,0.0
1790104028.968,java-user-service,"http_server_requests_seconds{error=""none"",exception=""none"",framework=""spring-boot"",language=""java"",method=""GET"",outcome=""SUCCESS"",service=""java-user-service"",status=""200"",uri=""/actuator/health"",}",337.0,1.730409673
1790104028.968,java-user-service,"http_server_requests_seconds{error=""none"",exception=""none"",framework=""spring-boot"",language=""java"",method=""POST"",outcome=""SUCCESS"",service=""java-user-service"",status=""201"",uri=""/users"",quanti,}",0.0,0.0
1790104028.968,java-user-service,"http_server_requests_seconds{error=""none"",exception=""none"",framework=""spring-boot"",language=""java"",method=""POST"",outcome=""SUCCESS"",service=""java-user-service"",status=""201"",uri=""/users"",}",1002.0,113.922610464
1790104028.968,java-user-service,"http_server_requests_seconds{error=""none"",exception=""none"",framework=""spring-boot"",language=""java"",method=""GET"",outcome=""SUCCESS"",service=""java-user-service"",status=""200"",uri=""/users"",quanti,}",0.0,0.0
1790104028.968,java-user-service,"http_server_requests_seconds{error=""none"",exception=""none"",framework=""spring-boot"",language=""java"",method=""GET"",outcome=""SUCCESS"",service=""java-user-service"",status=""200"",uri=""/users"",}",1000.0,7.153388617
1790104028.968,java-user-service,"http_server_requests_seconds{error=""none"",exception=""none"",framework=""spring-boot"",language=""java"",method=""GET"",outcome=""SUCCESS"",service=""java-user-service"",status=""200"",uri=""/actuator/prometheus"",quanti,}",0.0,0.0
1790104028.968,java-user-service,"http_server_requests_seconds{error=""none"",exception=""none"",framework=""spring-boot"",language=""java"",method=""GET"",outcome=""SUCCESS"",service=""java-user-service"",status=""200"",uri=""/actuator/prometheus"",}",34.0,0.289103333
1790104028.968,java-product-service,"http_server_requests_seconds{error=""none"",exception=""none"",language=""java"",method=""GET"",outcome=""SUCCESS"",service=""java-product-service"",status=""200"",uri=""/actuator/health"",quanti,}",0.0,0.0
1790104028.968,java-product-service,"http_server_requests_seconds{error=""none"",exception=""none"",language=""java"",method=""GET"",outcome=""SUCCESS"",service=""java-product-service"",status=""200"",uri=""/actuator/health"",}",337.0,1.157696298
1790104028.968,java-product-service,"http_server_requests_seconds{error=""none"",exception=""none"",language=""java"",method=""GET"",outcome=""SUCCESS"",service=""java-product-service"",status=""200"",uri=""/actuator/prometheus"",quanti,}",0.0,0.0
1790104028.968,java-product-service,"http_server_requests_seconds{error=""none"",exception=""none"",language=""java"",method=""GET"",outcome=""SUCCESS"",service=""java-product-service"",status=""200"",uri=""/actuator/prometheus"",}",34.0,0.203903417
1790104028.968,java-product-service,"http_server_requests_seconds{error=""none"",exception=""none"",language=""java"",method=""POST"",outcome=""SUCCESS"",service=""java-product-service"",status=""201"",uri=""/products"",quanti,}",0.0,0.0
1790104028.968,java-product-service,"http_server_requests_seconds{error=""none"",exception=""none"",language=""java"",method=""POST"",outcome=""SUCCESS"",service=""java-product-service"",status=""201"",uri=""/products"",}",10.0,0.112075376
1790104028.968,java-product-service,"http_server_requests_seconds{error=""none"",exception=""none"",language=""java"",method=""GET"",outcome=""SUCCESS"",service=""java-product-service"",status=""200"",uri=""/products"",quanti,}",0.0,0.0
1790104028.968,java-product-service,"http_server_requests_seconds{error=""none"",exception=""none"",language=""java"",method=""GET"",outcome=""SUCCESS"",service=""java-product-service"",status=""200"",uri=""/products"",}",4504.0,5.343471924
1790104028.968,java-order-service,"http_server_requests_seconds{error=""none"",exception=""none"",language=""java"",method=""GET"",outcome=""SUCCESS"",service=""java-order-service"",status=""200"",uri=""/actuator/prometheus"",quanti,}",0.0,0.0
1790104028.968,java-order-service,"http_server_requests_seconds{error=""none"",exception=""none"",language=""java"",method=""GET"",outcome=""SUCCESS"",service=""java-order-service"",status=""200"",uri=""/actuator/prometheus"",}",34.0,0.171725746
1790104028.968,java-order-service,"http_server_requests_seconds{error=""none"",exception=""none"",language=""java"",method=""GET"",outcome=""SUCCESS"",service=""java-order-service"",status=""200"",uri=""/actuator/health"",quanti,}",0.0,0.0
1790104028.968,java-order-service,"http_server_requests_seconds{error=""none"",exception=""none"",language=""java"",method=""GET"",outcome=""SUCCESS"",service=""java-order-service"",status=""200"",uri=""/actuator/health"",}",338.0,0.866542462
1790104034.007,java-user-service,"http_server_requests_seconds{error=""none"",exception=""none"",framework=""spring-boot"",language=""java"",method=""GET"",outcome=""SUCCESS"",service=""java-user-service"",status=""200"",uri=""/actuator/health"",quanti,}",0.0,0.0
1790104034.007,java-user-service,"http_server_requests_seconds{error=""none"",exception=""none"",framework=""spring-boot"",language=""java"",method=""GET"",outcome=""SUCCESS"",service=""java-user-service"",status=""200"",uri=""/actuator/health"",}",348.0,1.764954922
1790104034.007,java-user-service,"http_server_requests_seconds{error=""none"",exception=""none"",framework=""spring-boot"",language=""java"",method=""POST"",outcome=""SUCCESS"",service=""java-user-service"",status=""201"",uri=""/users"",quanti,}",0.0,0.0
1790104034.007,java-user-service,"http_server_requests_seconds{error=""none"",exception=""none"",framework=""spring-boot"",language=""java"",method=""POST"",outcome=""SUCCESS"",service=""java-user-service"",status=""201"",uri=""/users"",}",1030.0,117.435940883
1790104034.007,java-user-service,"http_server_requests_seconds{error=""none"",exception=""none"",framework=""spring-boot"",language=""java"",method=""GET"",outcome=""SUCCESS"",service=""java-user-service"",status=""200"",uri=""/users"",quanti,}",0.0,0.0
1790104034.007,java-user-service,"http_server_requests_seconds{error=""none"",exception=""none"",framework=""spring-boot"",language=""java"",method=""GET"",outcome=""SUCCESS"",service=""java-user-service"",status=""200"",uri=""/users"",}",1000.0,7.153388617
1790104034.007,java-user-service,"http_server_requests_seconds{error=""none"",exception=""none"",framework=""spring-boot"",language=""java"",method=""GET"",outcome=""SUCCESS"",service=""java-user-service"",status=""200"",uri=""/actuator/prometheus"",quanti,}",0.0,0.0
1790104034.007,java-user-service,"http_server_requests_seconds{error=""none"",exception=""none"",framework=""spring-boot"",language=""java"",method=""GET"",outcome=""SUCCESS"",service=""java-user-service"",status=""200"",uri=""/actuator/prometheus"",}",35.0,0.292458916
1790104034.007,java-product-service,"http_server_requests_seconds{error=""none"",exception=""none"",language=""java"",method=""GET"",outcome=""SUCCESS"",service=""java-product-service"",status=""200"",uri=""/actuator/health"",quanti,}",0.0,0.0
1790104034.007,java-product-service,"http_server_requests_seconds{error=""none"",exception=""none"",language=""java"",method=""GET"",outcome=""SUCCESS"",service=""java-product-service"",status=""200"",uri=""/actuator/health"",}",348.0,1.18551984
1790104034.007,java-product-service,"http_server_requests_seconds{error=""none"",exception=""none"",language=""java"",method=""GET"",outcome=""SUCCESS"",service=""java-product-service"",status=""200"",uri=""/actuator/prometheus"",quanti,}",0.0,0.0
1790104034.007,java-product-service,"http_server_requests_seconds{error=""none"",exception=""none"",language=""java"",method=""GET"",outcome=""SUCCESS"",service=""java-product-service"",status=""200"",uri=""/actuator/prometheus"",}",35.0,0.206614042
1790104034.007,java-product-service,"http_server_requests_seconds{error=""none"",exception=""none"",language=""java"",method=""POST"",outcome=""SUCCESS"",service=""java-product-service"",status=""201"",uri=""/products"",quanti,}",0.0,0.0
1790104034.007,java-product-service,"http_server_requests_seconds{error=""none"",exception=""none"",language=""java"",method=""POST"",outcome=""SUCCESS"",service=""java-product-service"",status=""201"",uri=""/products"",}",10.0,0.112075376
1790104034.007,java-product-service,"http_server_requests_seconds{error=""none"",exception=""none"",language=""java"",method=""GET"",outcome=""SUCCESS"",service=""java-product-service"",status=""200"",uri=""/products"",quanti,}",0.0,0.0
1790104034.007,java-product-service,"http_server_requests_seconds{error=""none"",exception=""none"",language=""java"",method=""GET"",outcome=""SUCCESS"",service=""java-product-service"",status=""200"",uri=""/products"",}",4621.0,5.451885173
1790104034.007,java-order-service,"http_server_requests_seconds{error=""none"",exception=""none"",language=""java"",method=""GET"",outcome=""SUCCESS"",service=""java-order-service"",status=""200"",uri=""/actuator/prometheus"",quanti,}",0.0,0.0
1790104034.007,java-order-service,"http_server_requests_seconds{error=""none"",exception=""none"",language=""java"",method=""GET"",outcome=""SUCCESS"",service=""java-order-service"",status=""200"",uri=""/actuator/prometheus"",}",35.0,0.174905204
1790104034.007,java-order-service,"http_server_requests_seconds{error=""none"",exception=""none"",language=""java"",method=""GET"",outcome=""SUCCESS"",service=""java-order-service"",status=""200"",uri=""/actuator/health"",quanti,}",0.0,0.0
1790104034.007,java-order-service,"http_server_requests_seconds{error=""none"",exception=""none"",language=""java"",method=""GET"",outcome=""SUCCESS"",service=""java-order-service"",status=""200"",uri=""/actuator/health"",}",348.0,0.889895545
1790104039.044,java-user-service,"http_server_requests_seconds{error=""none"",exception=""none"",framework=""spring-boot"",language=""java"",method=""GET"",outcome=""SUCCESS"",service=""java-user-service"",status=""200"",uri=""/actuator/health"",quanti,}",0.0,0.0
1790104039.044,java-user-service,"http_server_requests_seconds{error=""none"",exception=""none"",framework=""spring-boot"",language=""java"",method=""GET"",outcome=""SUCCESS"",service=""java-user-service"",status=""200"",uri=""/actuator/health"",}",357.0,1.794536213
1790104039.044,java-user-service,"http_server_requests_seconds{error=""none"",exception=""none"",framework=""spring-boot"",language=""java"",method=""POST"",outcome=""SUCCESS"",service=""java-user-service"",status=""201"",uri=""/users"",quanti,}",0.0,0.0
1790104039.044,java-user-service,"http_server_requests_seconds{error=""none"",exception=""none"",framework=""spring-boot"",language=""java"",method=""POST"",outcome=""SUCCESS"",service=""java-user-service"",status=""201"",uri=""/users"",}",1060.0,120.844757343
1790104039.044,java-user-service,"http_server_requests_seconds{error=""none"",exception=""none"",framework=""spring-boot"",language=""java"",method=""GET"",outcome=""SUCCESS"",service=""java-user-service"",status=""200"",uri=""/users"",quanti,}",0.0,0.0
1790104039.044,java-user-service,"http_server_requests_seconds{error=""none"",exception=""none"",framework=""spring-boot"",language=""java"",method=""GET"",outcome=""SUCCESS"",service=""java-user-service"",status=""200"",uri=""/users"",}",1000.0,7.153388617
1790104039.044,java-user-service,"http_server_requests_seconds{error=""none"",exception=""none"",framework=""spring-boot"",language=""java"",method=""GET"",outcome=""SUCCESS"",service=""java-user-service"",status=""200"",uri=""/actuator/prometheus"",quanti,}",0.0,0.0
1790104039.044,java-user-service,"http_server_requests_seconds{error=""none"",exception=""none"",framework=""spring-boot"",language=""java"",method=""GET"",outcome=""SUCCESS"",service=""java-user-service"",status=""200"",uri=""/actuator/prometheus"",}",36.0,0.296767791
1790104039.044,java-product-service,"http_server_requests_seconds{error=""none"",exception=""none"",language=""java"",method=""GET"",outcome=""SUCCESS"",service=""java-product-service"",status=""200"",uri=""/actuator/health"",quanti,}",0.0,0.0
1790104039.044,java-product-service,"http_server_requests_seconds{error=""none"",exception=""none"",language=""java"",method=""GET"",outcome=""SUCCESS"",service=""java-product-service"",status=""200"",uri=""/actuator/health"",}",357.0,1.205933048
1790104039.044,java-product-service,"http_server_requests_seconds{error=""none"",exception=""none"",language=""java"",method=""GET"",outcome=""SUCCESS"",service=""java-product-service"",status=""200"",uri=""/actuator/prometheus"",quanti,}",0.0,0.0
1790104039.044,java-product-service,"http_server_requests_seconds{error=""none"",exception=""none"",language=""java"",method=""GET"",outcome=""SUCCESS"",service=""java-product-service"",status=""200"",uri=""/actuator/prometheus"",}",36.0,0.209266917
1790104039.044,java-product-service,"http_server_requests_seconds{error=""none"",exception=""none"",language=""java"",method=""POST"",outcome=""SUCCESS"",service=""java-product-service"",status=""201"",uri=""/products"",quanti,}",0.0,0.0
1790104039.044,java-product-service,"http_server_requests_seconds{error=""none"",exception=""none"",language=""java"",method=""POST"",outcome=""SUCCESS"",service=""java-product-service"",status=""201"",uri=""/products"",}",10.0,0.112075376
1790104039.044,java-product-service,"http_server_requests_seconds{error=""none"",exception=""none"",language=""java"",method=""GET"",outcome=""SUCCESS"",service=""java-product-service"",status=""200"",uri=""/products"",quanti,}",0.0,0.0
1790104039.044,java-product-service,"http_server_requests_seconds{error=""none"",exception=""none"",language=""java"",method=""GET"",outcome=""SUCCESS"",service=""java-product-service"",status=""200"",uri=""/products"",}",4737.0,5.556451508
1790104039.044,java-order-service,"http_server_requests_seconds{error=""none"",exception=""none"",language=""java"",method=""GET"",outcome=""SUCCESS"",service=""java-order-service"",status=""200"",uri=""/actuator/prometheus"",quanti,}",0.0,0.0
1790104039.044,java-order-service,"http_server_requests_seconds{error=""none"",exception=""none"",language=""java"",method=""GET"",outcome=""SUCCESS"",service=""java-order-service"",status=""200"",uri=""/actuator/prometheus"",}",36.0,0.17767037
1790104039.044,java-order-service,"http_server_requests_seconds{error=""none"",exception=""none"",language=""java"",method=""GET"",outcome=""SUCCESS"",service=""java-order-service"",status=""200"",uri=""/actuator/health"",quanti,}",0.0,0.0
1790104039.044,java-order-service,"http_server_requests_seconds{error=""none"",exception=""none"",language=""java"",method=""GET"",outcome=""SUCCESS"",service=""java-order-service"",status=""200"",uri=""/actuator/health"",}",358.0,0.91142388
1790104044.078,java-user-service,"http_server_requests_seconds{error=""none"",exception=""none"",framework=""spring-boot"",language=""java"",method=""GET"",outcome=""SUCCESS"",service=""java-user-service"",status=""200"",uri=""/actuator/health"",quanti,}",0.0,0.0
1790104044.078,java-user-service,"http_server_requests_seconds{error=""none"",exception=""none"",framework=""spring-boot"",language=""java"",method=""GET"",outcome=""SUCCESS"",service=""java-user-service"",status=""200"",uri=""/actuator/health"",}",368.0,1.829836048
1790104044.078,java-user-service,"http_server_requests_seconds{error=""none"",exception=""none"",framework=""spring-boot"",language=""java"",method=""POST"",outcome=""SUCCESS"",service=""java-user-service"",status=""201"",uri=""/users"",quanti,}",0.0,0.0
1790104044.078,java-user-service,"http_server_requests_seconds{error=""none"",exception=""none"",framework=""spring-boot"",language=""java"",method=""POST"",outcome=""SUCCESS"",service=""java-user-service"",status=""201"",uri=""/users"",}",1087.0,123.586568887
1790104044.078,java-user-service,"http_server_requests_seconds{error=""none"",exception=""none"",framework=""spring-boot"",language=""java"",method=""GET"",outcome=""SUCCESS"",service=""java-user-service"",status=""200"",uri=""/users"",quanti,}",0.0,0.0
1790104044.078,java-user-service,"http_server_requests_seconds{error=""none"",exception=""none"",framework=""spring-boot"",language=""java"",method=""GET"",outcome=""SUCCESS"",service=""java-user-service"",status=""200"",uri=""/users"",}",1000.0,7.153388617
1790104044.078,java-user-service,"http_server_requests_seconds{error=""none"",exception=""none"",framework=""spring-boot"",language=""java"",method=""GET"",outcome=""SUCCESS"",service=""java-user-service"",status=""200"",uri=""/actuator/prometheus"",quanti,}",0.0,0.0
1790104044.078,java-user-service,"http_server_requests_seconds{error=""none"",exception=""none"",framework=""spring-boot"",language=""java"",method=""GET"",outcome=""SUCCESS"",service=""java-user-service"",status=""200"",uri=""/actuator/prometheus"",}",37.0,0.299531708
1790104044.078,java-product-service,"http_server_requests_seconds{error=""none"",exception=""none"",language=""java"",method=""GET"",outcome=""SUCCESS"",service=""java-product-service"",status=""200"",uri=""/actuator/health"",quanti,}",0.0,0.0
1790104044.078,java-product-service,"http_server_requests_seconds{error=""none"",exception=""none"",language=""java"",method=""GET"",outcome=""SUCCESS"",service=""java-product-service"",status=""200"",uri=""/actuator/health"",}",368.0,1.230687258
1790104044.078,java-product-service,"http_server_requests_seconds{error=""none"",exception=""none"",language=""java"",method=""GET"",outcome=""SUCCESS"",service=""java-product-service"",status=""200"",uri=""/actuator/prometheus"",quanti,}",0.0,0.0
1790104044.078,java-product-service,"http_server_requests_seconds{error=""none"",exception=""none"",language=""java"",method=""GET"",outcome=""SUCCESS"",service=""java-product-service"",status=""200"",uri=""/actuator/prometheus"",}",37.0,0.2115945
1790104044.078,java-product-service,"http_server_requests_seconds{error=""none"",exception=""none"",language=""java"",method=""POST"",outcome=""SUCCESS"",service=""java-product-service"",status=""201"",uri=""/products"",quanti,}",0.0,0.0
1790104044.078,java-product-service,"http_server_requests_seconds{error=""none"",exception=""none"",language=""java"",method=""POST"",outcome=""SUCCESS"",service=""java-product-service"",status=""201"",uri=""/products"",}",10.0,0.112075376
1790104044.078,java-product-service,"http_server_requests_seconds{error=""none"",exception=""none"",language=""java"",method=""GET"",outcome=""SUCCESS"",service=""java-product-service"",status=""200"",uri=""/products"",quanti,}",0.0,0.0
1790104044.078,java-product-service,"http_server_requests_seconds{error=""none"",exception=""none"",language=""java"",method=""GET"",outcome=""SUCCESS"",service=""java-product-service"",status=""200"",uri=""/products"",}",4846.0,5.659028009
1790104044.078,java-order-service,"http_server_requests_seconds{error=""none"",exception=""none"",language=""java"",method=""GET"",outcome=""SUCCESS"",service=""java-order-service"",status=""200"",uri=""/actuator/prometheus"",quanti,}",0.0,0.0
1790104044.078,java-order-service,"http_server_requests_seconds{error=""none"",exception=""none"",language=""java"",method=""GET"",outcome=""SUCCESS"",service=""java-order-service"",status=""200"",uri=""/actuator/prometheus"",}",37.0,0.18011112
1790104044.078,java-order-service,"http_server_requests_seconds{error=""none"",exception=""none"",language=""java"",method=""GET"",outcome=""SUCCESS"",service=""java-order-service"",status=""200"",uri=""/actuator/health"",quanti,}",0.0,0.0
1790104044.078,java-order-service,"http_server_requests_seconds{error=""none"",exception=""none"",language=""java"",method=""GET"",outcome=""SUCCESS"",service=""java-order-service"",status=""200"",uri=""/actuator/health"",}",368.0,0.935106174
1790104049.130,java-user-service,"http_server_requests_seconds{error=""none"",exception=""none"",framework=""spring-boot"",language=""java"",method=""GET"",outcome=""SUCCESS"",service=""java-user-service"",status=""200"",uri=""/actuator/health"",quanti,}",0.0,0.0
1790104049.130,java-user-service,"http_server_requests_seconds{error=""none"",exception=""none"",framework=""spring-boot"",language=""java"",method=""GET"",outcome=""SUCCESS"",service=""java-user-service"",status=""200"",uri=""/actuator/health"",}",378.0,1.866465756
1790104049.130,java-user-service,"http_server_requests_seconds{error=""none"",exception=""none"",framework=""spring-boot"",language=""java"",method=""POST"",outcome=""SUCCESS"",service=""java-user-service"",status=""201"",uri=""/users"",quanti,}",0.0,0.0
1790104049.130,java-user-service,"http_server_requests_seconds{error=""none"",exception=""none"",framework=""spring-boot"",language=""java"",method=""POST"",outcome=""SUCCESS"",service=""java-user-service"",status=""201"",uri=""/users"",}",1117.0,126.275177554
1790104049.130,java-user-service,"http_server_requests_seconds{error=""none"",exception=""none"",framework=""spring-boot"",language=""java"",method=""GET"",outcome=""SUCCESS"",service=""java-user-service"",status=""200"",uri=""/users"",quanti,}",0.0,0.0
1790104049.130,java-user-service,"http_server_requests_seconds{error=""none"",exception=""none"",framework=""spring-boot"",language=""java"",method=""GET"",outcome=""SUCCESS"",service=""java-user-service"",status=""200"",uri=""/users"",}",1000.0,7.153388617
1790104049.130,java-user-service,"http_server_requests_seconds{error=""none"",exception=""none"",framework=""spring-boot"",language=""java"",method=""GET"",outcome=""SUCCESS"",service=""java-user-service"",status=""200"",uri=""/actuator/prometheus"",quanti,}",0.0,0.0
1790104049.130,java-user-service,"http_server_requests_seconds{error=""none"",exception=""none"",framework=""spring-boot"",language=""java"",method=""GET"",outcome=""SUCCESS"",service=""java-user-service"",status=""200"",uri=""/actuator/prometheus"",}",38.0,0.3022785
1790104049.130,java-product-service,"http_server_requests_seconds{error=""none"",exception=""none"",language=""java"",method=""GET"",outcome=""SUCCESS"",service=""java-product-service"",status=""200"",uri=""/actuator/health"",quanti,}",0.0,0.0
1790104049.130,java-product-service,"http_server_requests_seconds{error=""none"",exception=""none"",language=""java"",method=""GET"",outcome=""SUCCESS"",service=""java-product-service"",status=""200"",uri=""/actuator/health"",}",378.0,1.253464216
1790104049.130,java-product-service,"http_server_requests_seconds{error=""none"",exception=""none"",language=""java"",method=""GET"",outcome=""SUCCESS"",service=""java-product-service"",status=""200"",uri=""/actuator/prometheus"",quanti,}",0.0,0.0
1790104049.130,java-product-service,"http_server_requests_seconds{error=""none"",exception=""none"",language=""java"",method=""GET"",outcome=""SUCCESS"",service=""java-product-service"",status=""200"",uri=""/actuator/prometheus"",}",38.0,0.215620917
1790104049.130,java-product-service,"http_server_requests_seconds{error=""none"",exception=""none"",language=""java"",method=""POST"",outcome=""SUCCESS"",service=""java-product-service"",status=""201"",uri=""/products"",quanti,}",0.0,0.0
1790104049.130,java-product-service,"http_server_requests_seconds{error=""none"",exception=""none"",language=""java"",method=""POST"",outcome=""SUCCESS"",service=""java-product-service"",status=""201"",uri=""/products"",}",10.0,0.112075376
1790104049.130,java-product-service,"http_server_requests_seconds{error=""none"",exception=""none"",language=""java"",method=""GET"",outcome=""SUCCESS"",service=""java-product-service"",status=""200"",uri=""/products"",quanti,}",0.0,0.0
1790104049.130,java-product-service,"http_server_requests_seconds{error=""none"",exception=""none"",language=""java"",method=""GET"",outcome=""SUCCESS"",service=""java-product-service"",status=""200"",uri=""/products"",}",4966.0,5.777211712
1790104049.130,java-order-service,"http_server_requests_seconds{error=""none"",exception=""none"",language=""java"",method=""GET"",outcome=""SUCCESS"",service=""java-order-service"",status=""200"",uri=""/actuator/prometheus"",quanti,}",0.0,0.0
1790104049.130,java-order-service,"http_server_requests_seconds{error=""none"",exception=""none"",language=""java"",method=""GET"",outcome=""SUCCESS"",service=""java-order-service"",status=""200"",uri=""/actuator/prometheus"",}",38.0,0.183192495
1790104049.130,java-order-service,"http_server_requests_seconds{error=""none"",exception=""none"",language=""java"",method=""GET"",outcome=""SUCCESS"",service=""java-order-service"",status=""200"",uri=""/actuator/health"",quanti,}",0.0,0.0
1790104049.130,java-order-service,"http_server_requests_seconds{error=""none"",exception=""none"",language=""java"",method=""GET"",outcome=""SUCCESS"",service=""java-order-service"",status=""200"",uri=""/actuator/health"",}",379.0,0.958246506
1790104054.156,java-user-service,"http_server_requests_seconds{error=""none"",exception=""none"",framework=""spring-boot"",language=""java"",method=""GET"",outcome=""SUCCESS"",service=""java-user-service"",status=""200"",uri=""/actuator/health"",quanti,}",0.0,0.0
1790104054.156,java-user-service,"http_server_requests_seconds{error=""none"",exception=""none"",framework=""spring-boot"",language=""java"",method=""GET"",outcome=""SUCCESS"",service=""java-user-service"",status=""200"",uri=""/actuator/health"",}",388.0,1.894584674
1790104054.156,java-user-service,"http_server_requests_seconds{error=""none"",exception=""none"",framework=""spring-boot"",language=""java"",method=""POST"",outcome=""SUCCESS"",service=""java-user-service"",status=""201"",uri=""/users"",quanti,}",0.0,0.0
1790104054.156,java-user-service,"http_server_requests_seconds{error=""none"",exception=""none"",framework=""spring-boot"",language=""java"",method=""POST"",outcome=""SUCCESS"",service=""java-user-service"",status=""201"",uri=""/users"",}",1146.0,128.692690888
1790104054.156,java-user-service,"http_server_requests_seconds{error=""none"",exception=""none"",framework=""spring-boot"",language=""java"",method=""GET"",outcome=""SUCCESS"",service=""java-user-service"",status=""200"",uri=""/users"",quanti,}",0.0,0.0
1790104054.156,java-user-service,"http_server_requests_seconds{error=""none"",exception=""none"",framework=""spring-boot"",language=""java"",method=""GET"",outcome=""SUCCESS"",service=""java-user-service"",status=""200"",uri=""/users"",}",1000.0,7.153388617
1790104054.156,java-user-service,"http_server_requests_seconds{error=""none"",exception=""none"",framework=""spring-boot"",language=""java"",method=""GET"",outcome=""SUCCESS"",service=""java-user-service"",status=""200"",uri=""/actuator/prometheus"",quanti,}",0.0,0.0
1790104054.156,java-user-service,"http_server_requests_seconds{error=""none"",exception=""none"",framework=""spring-boot"",language=""java"",method=""GET"",outcome=""SUCCESS"",service=""java-user-service"",status=""200"",uri=""/actuator/prometheus"",}",39.0,0.3050635
1790104054.156,java-product-service,"http_server_requests_seconds{error=""none"",exception=""none"",language=""java"",method=""GET"",outcome=""SUCCESS"",service=""java-product-service"",status=""200"",uri=""/actuator/health"",quanti,}",0.0,0.0
1790104054.156,java-product-service,"http_server_requests_seconds{error=""none"",exception=""none"",language=""java"",method=""GET"",outcome=""SUCCESS"",service=""java-product-service"",status=""200"",uri=""/actuator/health"",}",388.0,1.274155798
1790104054.156,java-product-service,"http_server_requests_seconds{error=""none"",exception=""none"",language=""java"",method=""GET"",outcome=""SUCCESS"",service=""java-product-service"",status=""200"",uri=""/actuator/prometheus"",quanti,}",0.0,0.0
1790104054.156,java-product-service,"http_server_requests_seconds{error=""none"",exception=""none"",language=""java"",method=""GET"",outcome=""SUCCESS"",service=""java-product-service"",status=""200"",uri=""/actuator/prometheus"",}",39.0,0.217944042
1790104054.156,java-product-service,"http_server_requests_seconds{error=""none"",exception=""none"",language=""java"",method=""POST"",outcome=""SUCCESS"",service=""java-product-service"",status=""201"",uri=""/products"",quanti,}",0.0,0.0
1790104054.156,java-product-service,"http_server_requests_seconds{error=""none"",exception=""none"",language=""java"",method=""POST"",outcome=""SUCCESS"",service=""java-product-service"",status=""201"",uri=""/products"",}",10.0,0.112075376
1790104054.156,java-product-service,"http_server_requests_seconds{error=""none"",exception=""none"",language=""java"",method=""GET"",outcome=""SUCCESS"",service=""java-product-service"",status=""200"",uri=""/products"",quanti,}",0.0,0.0
1790104054.156,java-product-service,"http_server_requests_seconds{error=""none"",exception=""none"",language=""java"",method=""GET"",outcome=""SUCCESS"",service=""java-product-service"",status=""200"",uri=""/products"",}",5082.0,5.868199253
1790104054.156,java-order-service,"http_server_requests_seconds{error=""none"",exception=""none"",language=""java"",method=""GET"",outcome=""SUCCESS"",service=""java-order-service"",status=""200"",uri=""/actuator/prometheus"",quanti,}",0.0,0.0
1790104054.156,java-order-service,"http_server_requests_seconds{error=""none"",exception=""none"",language=""java"",method=""GET"",outcome=""SUCCESS"",service=""java-order-service"",status=""200"",uri=""/actuator/prometheus"",}",39.0,0.18585037
1790104054.156,java-order-service,"http_server_requests_seconds{error=""none"",exception=""none"",language=""java"",method=""GET"",outcome=""SUCCESS"",service=""java-order-service"",status=""200"",uri=""/actuator/health"",quanti,}",0.0,0.0
1790104054.156,java-order-service,"http_server_requests_seconds{error=""none"",exception=""none"",language=""java"",method=""GET"",outcome=""SUCCESS"",service=""java-order-service"",status=""200"",uri=""/actuator/health"",}",388.0,0.975910048
1790104059.190,java-user-service,"http_server_requests_seconds{error=""none"",exception=""none"",framework=""spring-boot"",language=""java"",method=""GET"",outcome=""SUCCESS"",service=""java-user-service"",status=""200"",uri=""/actuator/health"",quanti,}",0.0,0.0
1790104059.190,java-user-service,"http_server_requests_seconds{error=""none"",exception=""none"",framework=""spring-boot"",language=""java"",method=""GET"",outcome=""SUCCESS"",service=""java-user-service"",status=""200"",uri=""/actuator/health"",}",398.0,1.976132549
1790104059.190,java-user-service,"http_server_requests_seconds{error=""none"",exception=""none"",framework=""spring-boot"",language=""java"",method=""POST"",outcome=""SUCCESS"",service=""java-user-service"",status=""201"",uri=""/users"",quanti,}",0.0,0.0
1790104059.190,java-user-service,"http_server_requests_seconds{error=""none"",exception=""none"",framework=""spring-boot"",language=""java"",method=""POST"",outcome=""SUCCESS"",service=""java-user-service"",status=""201"",uri=""/users"",}",1176.0,131.87828293
1790104059.190,java-user-service,"http_server_requests_seconds{error=""none"",exception=""none"",framework=""spring-boot"",language=""java"",method=""GET"",outcome=""SUCCESS"",service=""java-user-service"",status=""200"",uri=""/users"",quanti,}",0.0,0.0
1790104059.190,java-user-service,"http_server_requests_seconds{error=""none"",exception=""none"",framework=""spring-boot"",language=""java"",method=""GET"",outcome=""SUCCESS"",service=""java-user-service"",status=""200"",uri=""/users"",}",1000.0,7.153388617
1790104059.190,java-user-service,"http_server_requests_seconds{error=""none"",exception=""none"",framework=""spring-boot"",language=""java"",method=""GET"",outcome=""SUCCESS"",service=""java-user-service"",status=""200"",uri=""/actuator/prometheus"",quanti,}",0.0,0.0
1790104059.190,java-user-service,"http_server_requests_seconds{error=""none"",exception=""none"",framework=""spring-boot"",language=""java"",method=""GET"",outcome=""SUCCESS"",service=""java-user-service"",status=""200"",uri=""/actuator/prometheus"",}",40.0,0.3083305
1790104059.190,java-product-service,"http_server_requests_seconds{error=""none"",exception=""none"",language=""java"",method=""GET"",outcome=""SUCCESS"",service=""java-product-service"",status=""200"",uri=""/actuator/health"",quanti,}",0.0,0.0
1790104059.190,java-product-service,"http_server_requests_seconds{error=""none"",exception=""none"",language=""java"",method=""GET"",outcome=""SUCCESS"",service=""java-product-service"",status=""200"",uri=""/actuator/health"",}",398.0,1.294217217
1790104059.190,java-product-service,"http_server_requests_seconds{error=""none"",exception=""none"",language=""java"",method=""GET"",outcome=""SUCCESS"",service=""java-product-service"",status=""200"",uri=""/actuator/prometheus"",quanti,}",0.0,0.0
1790104059.190,java-product-service,"http_server_requests_seconds{error=""none"",exception=""none"",language=""java"",method=""GET"",outcome=""SUCCESS"",service=""java-product-service"",status=""200"",uri=""/actuator/prometheus"",}",40.0,0.219976792
1790104059.190,java-product-service,"http_server_requests_seconds{error=""none"",exception=""none"",language=""java"",method=""POST"",outcome=""SUCCESS"",service=""java-product-service"",status=""201"",uri=""/products"",quanti,}",0.0,0.0
1790104059.190,java-product-service,"http_server_requests_seconds{error=""none"",exception=""none"",language=""java"",method=""POST"",outcome=""SUCCESS"",service=""java-product-service"",status=""201"",uri=""/products"",}",10.0,0.112075376
1790104059.190,java-product-service,"http_server_requests_seconds{error=""none"",exception=""none"",language=""java"",method=""GET"",outcome=""SUCCESS"",service=""java-product-service"",status=""200"",uri=""/products"",quanti,}",0.0,0.0
1790104059.190,java-product-service,"http_server_requests_seconds{error=""none"",exception=""none"",language=""java"",method=""GET"",outcome=""SUCCESS"",service=""java-product-service"",status=""200"",uri=""/products"",}",5200.0,5.959358289
1790104059.190,java-order-service,"http_server_requests_seconds{error=""none"",exception=""none"",language=""java"",method=""GET"",outcome=""SUCCESS"",service=""java-order-service"",status=""200"",uri=""/actuator/prometheus"",quanti,}",0.0,0.0
1790104059.190,java-order-service,"http_server_requests_seconds{error=""none"",exception=""none"",language=""java"",method=""GET"",outcome=""SUCCESS"",service=""java-order-service"",status=""200"",uri=""/actuator/prometheus"",}",40.0,0.188313911
1790104059.190,java-order-service,"http_server_requests_seconds{error=""none"",exception=""none"",language=""java"",method=""GET"",outcome=""SUCCESS"",service=""java-order-service"",status=""200"",uri=""/actuator/health"",quanti,}",0.0,0.0
1790104059.190,java-order-service,"http_server_requests_seconds{error=""none"",exception=""none"",language=""java"",method=""GET"",outcome=""SUCCESS"",service=""java-order-service"",status=""200"",uri=""/actuator/health"",}",399.0,0.996416881
1790104064.231,java-user-service,"http_server_requests_seconds{error=""none"",exception=""none"",framework=""spring-boot"",language=""java"",method=""GET"",outcome=""SUCCESS"",service=""java-user-service"",status=""200"",uri=""/actuator/health"",quanti,}",0.0,0.0
1790104064.231,java-user-service,"http_server_requests_seconds{error=""none"",exception=""none"",framework=""spring-boot"",language=""java"",method=""GET"",outcome=""SUCCESS"",service=""java-user-service"",status=""200"",uri=""/actuator/health"",}",408.0,2.001934508
1790104064.231,java-user-service,"http_server_requests_seconds{error=""none"",exception=""none"",framework=""spring-boot"",language=""java"",method=""POST"",outcome=""SUCCESS"",service=""java-user-service"",status=""201"",uri=""/users"",quanti,}",0.0,0.0
1790104064.231,java-user-service,"http_server_requests_seconds{error=""none"",exception=""none"",framework=""spring-boot"",language=""java"",method=""POST"",outcome=""SUCCESS"",service=""java-user-service"",status=""201"",uri=""/users"",}",1206.0,134.568156056
1790104064.231,java-user-service,"http_server_requests_seconds{error=""none"",exception=""none"",framework=""spring-boot"",language=""java"",method=""GET"",outcome=""SUCCESS"",service=""java-user-service"",status=""200"",uri=""/users"",quanti,}",0.0,0.0
1790104064.231,java-user-service,"http_server_requests_seconds{error=""none"",exception=""none"",framework=""spring-boot"",language=""java"",method=""GET"",outcome=""SUCCESS"",service=""java-user-service"",status=""200"",uri=""/users"",}",1000.0,7.153388617
1790104064.231,java-user-service,"http_server_requests_seconds{error=""none"",exception=""none"",framework=""spring-boot"",language=""java"",method=""GET"",outcome=""SUCCESS"",service=""java-user-service"",status=""200"",uri=""/actuator/prometheus"",quanti,}",0.0,0.0
1790104064.231,java-user-service,"http_server_requests_seconds{error=""none"",exception=""none"",framework=""spring-boot"",language=""java"",method=""GET"",outcome=""SUCCESS"",service=""java-user-service"",status=""200"",uri=""/actuator/prometheus"",}",41.0,0.31703125
1790104064.231,java-product-service,"http_server_requests_seconds{error=""none"",exception=""none"",language=""java"",method=""GET"",outcome=""SUCCESS"",service=""java-product-service"",status=""200"",uri=""/actuator/health"",quanti,}",0.0,0.0
1790104064.231,java-product-service,"http_server_requests_seconds{error=""none"",exception=""none"",language=""java"",method=""GET"",outcome=""SUCCESS"",service=""java-product-service"",status=""200"",uri=""/actuator/health"",}",408.0,1.311804965
1790104064.231,java-product-service,"http_server_requests_seconds{error=""none"",exception=""none"",language=""java"",method=""GET"",outcome=""SUCCESS"",service=""java-product-service"",status=""200"",uri=""/actuator/prometheus"",quanti,}",0.0,0.0
1790104064.231,java-product-service,"http_server_requests_seconds{error=""none"",exception=""none"",language=""java"",method=""GET"",outcome=""SUCCESS"",service=""java-product-service"",status=""200"",uri=""/actuator/prometheus"",}",41.0,0.224460667
1790104064.231,java-product-service,"http_server_requests_seconds{error=""none"",exception=""none"",language=""java"",method=""POST"",outcome=""SUCCESS"",service=""java-product-service"",status=""201"",uri=""/products"",quanti,}",0.0,0.0
1790104064.231,java-product-service,"http_server_requests_seconds{error=""none"",exception=""none"",language=""java"",method=""POST"",outcome=""SUCCESS"",service=""java-product-service"",status=""201"",uri=""/products"",}",10.0,0.112075376
1790104064.231,java-product-service,"http_server_requests_seconds{error=""none"",exception=""none"",language=""java"",method=""GET"",outcome=""SUCCESS"",service=""java-product-service"",status=""200"",uri=""/products"",quanti,}",0.0,0.0
1790104064.231,java-product-service,"http_server_requests_seconds{error=""none"",exception=""none"",language=""java"",method=""GET"",outcome=""SUCCESS"",service=""java-product-service"",status=""200"",uri=""/products"",}",5320.0,6.030421083
1790104064.231,java-order-service,"http_server_requests_seconds{error=""none"",exception=""none"",language=""java"",method=""GET"",outcome=""SUCCESS"",service=""java-order-service"",status=""200"",uri=""/actuator/prometheus"",quanti,}",0.0,0.0
1790104064.231,java-order-service,"http_server_requests_seconds{error=""none"",exception=""none"",language=""java"",method=""GET"",outcome=""SUCCESS"",service=""java-order-service"",status=""200"",uri=""/actuator/prometheus"",}",41.0,0.192438203
1790104064.231,java-order-service,"http_server_requests_seconds{error=""none"",exception=""none"",language=""java"",method=""GET"",outcome=""SUCCESS"",service=""java-order-service"",status=""200"",uri=""/actuator/health"",quanti,}",0.0,0.0
1790104064.231,java-order-service,"http_server_requests_seconds{error=""none"",exception=""none"",language=""java"",method=""GET"",outcome=""SUCCESS"",service=""java-order-service"",status=""200"",uri=""/actuator/health"",}",409.0,1.015149006
1790104069.276,java-user-service,"http_server_requests_seconds{error=""none"",exception=""none"",framework=""spring-boot"",language=""java"",method=""GET"",outcome=""SUCCESS"",service=""java-user-service"",status=""200"",uri=""/actuator/health"",quanti,}",0.0,0.0
1790104069.276,java-user-service,"http_server_requests_seconds{error=""none"",exception=""none"",framework=""spring-boot"",language=""java"",method=""GET"",outcome=""SUCCESS"",service=""java-user-service"",status=""200"",uri=""/actuator/health"",}",418.0,2.032191301
1790104069.276,java-user-service,"http_server_requests_seconds{error=""none"",exception=""none"",framework=""spring-boot"",language=""java"",method=""POST"",outcome=""SUCCESS"",service=""java-user-service"",status=""201"",uri=""/users"",quanti,}",0.0,0.0
1790104069.276,java-user-service,"http_server_requests_seconds{error=""none"",exception=""none"",framework=""spring-boot"",language=""java"",method=""POST"",outcome=""SUCCESS"",service=""java-user-service"",status=""201"",uri=""/users"",}",1236.0,137.042754266
1790104069.276,java-user-service,"http_server_requests_seconds{error=""none"",exception=""none"",framework=""spring-boot"",language=""java"",method=""GET"",outcome=""SUCCESS"",service=""java-user-service"",status=""200"",uri=""/users"",quanti,}",0.0,0.0
1790104069.276,java-user-service,"http_server_requests_seconds{error=""none"",exception=""none"",framework=""spring-boot"",language=""java"",method=""GET"",outcome=""SUCCESS"",service=""java-user-service"",status=""200"",uri=""/users"",}",1000.0,7.153388617
1790104069.276,java-user-service,"http_server_requests_seconds{error=""none"",exception=""none"",framework=""spring-boot"",language=""java"",method=""GET"",outcome=""SUCCESS"",service=""java-user-service"",status=""200"",uri=""/actuator/prometheus"",quanti,}",0.0,0.0
1790104069.276,java-user-service,"http_server_requests_seconds{error=""none"",exception=""none"",framework=""spring-boot"",language=""java"",method=""GET"",outcome=""SUCCESS"",service=""java-user-service"",status=""200"",uri=""/actuator/prometheus"",}",42.0,0.326540209
1790104069.276,java-product-service,"http_server_requests_seconds{error=""none"",exception=""none"",language=""java"",method=""GET"",outcome=""SUCCESS"",service=""java-product-service"",status=""200"",uri=""/actuator/health"",quanti,}",0.0,0.0
1790104069.276,java-product-service,"http_server_requests_seconds{error=""none"",exception=""none"",language=""java"",method=""GET"",outcome=""SUCCESS"",service=""java-product-service"",status=""200"",uri=""/actuator/health"",}",418.0,1.332236591
1790104069.276,java-product-service,"http_server_requests_seconds{error=""none"",exception=""none"",language=""java"",method=""GET"",outcome=""SUCCESS"",service=""java-product-service"",status=""200"",uri=""/actuator/prometheus"",quanti,}",0.0,0.0
1790104069.276,java-product-service,"http_server_requests_seconds{error=""none"",exception=""none"",language=""java"",method=""GET"",outcome=""SUCCESS"",service=""java-product-service"",status=""200"",uri=""/actuator/prometheus"",}",42.0,0.228778834
1790104069.276,java-product-service,"http_server_requests_seconds{error=""none"",exception=""none"",language=""java"",method=""POST"",outcome=""SUCCESS"",service=""java-product-service"",status=""201"",uri=""/products"",quanti,}",0.0,0.0
1790104069.276,java-product-service,"http_server_requests_seconds{error=""none"",exception=""none"",language=""java"",method=""POST"",outcome=""SUCCESS"",service=""java-product-service"",status=""201"",uri=""/products"",}",10.0,0.112075376
1790104069.276,java-product-service,"http_server_requests_seconds{error=""none"",exception=""none"",language=""java"",method=""GET"",outcome=""SUCCESS"",service=""java-product-service"",status=""200"",uri=""/products"",quanti,}",0.0,0.0
1790104069.276,java-product-service,"http_server_requests_seconds{error=""none"",exception=""none"",language=""java"",method=""GET"",outcome=""SUCCESS"",service=""java-product-service"",status=""200"",uri=""/products"",}",5440.0,6.106778126
1790104069.276,java-order-service,"http_server_requests_seconds{error=""none"",exception=""none"",language=""java"",method=""GET"",outcome=""SUCCESS"",service=""java-order-service"",status=""200"",uri=""/actuator/prometheus"",quanti,}",0.0,0.0
1790104069.276,java-order-service,"http_server_requests_seconds{error=""none"",exception=""none"",language=""java"",method=""GET"",outcome=""SUCCESS"",service=""java-order-service"",status=""200"",uri=""/actuator/prometheus"",}",42.0,0.19662537
1790104069.276,java-order-service,"http_server_requests_seconds{error=""none"",exception=""none"",language=""java"",method=""GET"",outcome=""SUCCESS"",service=""java-order-service"",status=""200"",uri=""/actuator/health"",quanti,}",0.0,0.0
1790104069.276,java-order-service,"http_server_requests_seconds{error=""none"",exception=""none"",language=""java"",method=""GET"",outcome=""SUCCESS"",service=""java-order-service"",status=""200"",uri=""/actuator/health"",}",419.0,1.037119007
1790104074.328,java-user-service,"http_server_requests_seconds{error=""none"",exception=""none"",framework=""spring-boot"",language=""java"",method=""GET"",outcome=""SUCCESS"",service=""java-user-service"",status=""200"",uri=""/actuator/health"",quanti,}",0.0,0.0
1790104074.328,java-user-service,"http_server_requests_seconds{error=""none"",exception=""none"",framework=""spring-boot"",language=""java"",method=""GET"",outcome=""SUCCESS"",service=""java-user-service"",status=""200"",uri=""/actuator/health"",}",429.0,2.064761424
1790104074.328,java-user-service,"http_server_requests_seconds{error=""none"",exception=""none"",framework=""spring-boot"",language=""java"",method=""POST"",outcome=""SUCCESS"",service=""java-user-service"",status=""201"",uri=""/users"",quanti,}",0.0,0.0
1790104074.328,java-user-service,"http_server_requests_seconds{error=""none"",exception=""none"",framework=""spring-boot"",language=""java"",method=""POST"",outcome=""SUCCESS"",service=""java-user-service"",status=""201"",uri=""/users"",}",1266.0,139.606280732
1790104074.328,java-user-service,"http_server_requests_seconds{error=""none"",exception=""none"",framework=""spring-boot"",language=""java"",method=""GET"",outcome=""SUCCESS"",service=""java-user-service"",status=""200"",uri=""/users"",quanti,}",0.0,0.0
1790104074.328,java-user-service,"http_server_requests_seconds{error=""none"",exception=""none"",framework=""spring-boot"",language=""java"",method=""GET"",outcome=""SUCCESS"",service=""java-user-service"",status=""200"",uri=""/users"",}",1000.0,7.153388617
1790104074.328,java-user-service,"http_server_requests_seconds{error=""none"",exception=""none"",framework=""spring-boot"",language=""java"",method=""GET"",outcome=""SUCCESS"",service=""java-user-service"",status=""200"",uri=""/actuator/prometheus"",quanti,}",0.0,0.0
1790104074.328,java-user-service,"http_server_requests_seconds{error=""none"",exception=""none"",framework=""spring-boot"",language=""java"",method=""GET"",outcome=""SUCCESS"",service=""java-user-service"",status=""200"",uri=""/actuator/prometheus"",}",43.0,0.335172709
1790104074.328,java-product-service,"http_server_requests_seconds{error=""none"",exception=""none"",language=""java"",method=""GET"",outcome=""SUCCESS"",service=""java-product-service"",status=""200"",uri=""/actuator/health"",quanti,}",0.0,0.0
1790104074.328,java-product-service,"http_server_requests_seconds{error=""none"",exception=""none"",language=""java"",method=""GET"",outcome=""SUCCESS"",service=""java-product-service"",status=""200"",uri=""/actuator/health"",}",429.0,1.35397705
1790104074.328,java-product-service,"http_server_requests_seconds{error=""none"",exception=""none"",language=""java"",method=""GET"",outcome=""SUCCESS"",service=""java-product-service"",status=""200"",uri=""/actuator/prometheus"",quanti,}",0.0,0.0
1790104074.328,java-product-service,"http_server_requests_seconds{error=""none"",exception=""none"",language=""java"",method=""GET"",outcome=""SUCCESS"",service=""java-product-service"",status=""200"",uri=""/actuator/prometheus"",}",43.0,0.234738834
1790104074.328,java-product-service,"http_server_requests_seconds{error=""none"",exception=""none"",language=""java"",method=""POST"",outcome=""SUCCESS"",service=""java-product-service"",status=""201"",uri=""/products"",quanti,}",0.0,0.0
1790104074.328,java-product-service,"http_server_requests_seconds{error=""none"",exception=""none"",language=""java"",method=""POST"",outcome=""SUCCESS"",service=""java-product-service"",status=""201"",uri=""/products"",}",10.0,0.112075376
1790104074.328,java-product-service,"http_server_requests_seconds{error=""none"",exception=""none"",language=""java"",method=""GET"",outcome=""SUCCESS"",service=""java-product-service"",status=""200"",uri=""/products"",quanti,}",0.0,0.0
1790104074.328,java-product-service,"http_server_requests_seconds{error=""none"",exception=""none"",language=""java"",method=""GET"",outcome=""SUCCESS"",service=""java-product-service"",status=""200"",uri=""/products"",}",5560.0,6.174363717
1790104074.328,java-order-service,"http_server_requests_seconds{error=""none"",exception=""none"",language=""java"",method=""GET"",outcome=""SUCCESS"",service=""java-order-service"",status=""200"",uri=""/actuator/prometheus"",quanti,}",0.0,0.0
1790104074.328,java-order-service,"http_server_requests_seconds{error=""none"",exception=""none"",language=""java"",method=""GET"",outcome=""SUCCESS"",service=""java-order-service"",status=""200"",uri=""/actuator/prometheus"",}",43.0,0.212075536
1790104074.328,java-order-service,"http_server_requests_seconds{error=""none"",exception=""none"",language=""java"",method=""GET"",outcome=""SUCCESS"",service=""java-order-service"",status=""200"",uri=""/actuator/health"",quanti,}",0.0,0.0
1790104074.328,java-order-service,"http_server_requests_seconds{error=""none"",exception=""none"",language=""java"",method=""GET"",outcome=""SUCCESS"",service=""java-order-service"",status=""200"",uri=""/actuator/health"",}",429.0,1.057802297
1790104079.386,java-user-service,"http_server_requests_seconds{error=""none"",exception=""none"",framework=""spring-boot"",language=""java"",method=""GET"",outcome=""SUCCESS"",service=""java-user-service"",status=""200"",uri=""/actuator/health"",quanti,}",0.0,0.0
1790104079.386,java-user-service,"http_server_requests_seconds{error=""none"",exception=""none"",framework=""spring-boot"",language=""java"",method=""GET"",outcome=""SUCCESS"",service=""java-user-service"",status=""200"",uri=""/actuator/health"",}",439.0,2.0925908
1790104079.386,java-user-service,"http_server_requests_seconds{error=""none"",exception=""none"",framework=""spring-boot"",language=""java"",method=""POST"",outcome=""SUCCESS"",service=""java-user-service"",status=""201"",uri=""/users"",quanti,}",0.0,0.0
1790104079.386,java-user-service,"http_server_requests_seconds{error=""none"",exception=""none"",framework=""spring-boot"",language=""java"",method=""POST"",outcome=""SUCCESS"",service=""java-user-service"",status=""201"",uri=""/users"",}",1294.0,141.972082232
1790104079.386,java-user-service,"http_server_requests_seconds{error=""none"",exception=""none"",framework=""spring-boot"",language=""java"",method=""GET"",outcome=""SUCCESS"",service=""java-user-service"",status=""200"",uri=""/users"",quanti,}",0.0,0.0
1790104079.386,java-user-service,"http_server_requests_seconds{error=""none"",exception=""none"",framework=""spring-boot"",language=""java"",method=""GET"",outcome=""SUCCESS"",service=""java-user-service"",status=""200"",uri=""/users"",}",1000.0,7.153388617
1790104079.386,java-user-service,"http_server_requests_seconds{error=""none"",exception=""none"",framework=""spring-boot"",language=""java"",method=""GET"",outcome=""SUCCESS"",service=""java-user-service"",status=""200"",uri=""/actuator/prometheus"",quanti,}",0.0,0.0
1790104079.386,java-user-service,"http_server_requests_seconds{error=""none"",exception=""none"",framework=""spring-boot"",language=""java"",method=""GET"",outcome=""SUCCESS"",service=""java-user-service"",status=""200"",uri=""/actuator/prometheus"",}",44.0,0.344407501
1790104079.386,java-product-service,"http_server_requests_seconds{error=""none"",exception=""none"",language=""java"",method=""GET"",outcome=""SUCCESS"",service=""java-product-service"",status=""200"",uri=""/actuator/health"",quanti,}",0.0,0.0
1790104079.386,java-product-service,"http_server_requests_seconds{error=""none"",exception=""none"",language=""java"",method=""GET"",outcome=""SUCCESS"",service=""java-product-service"",status=""200"",uri=""/actuator/health"",}",439.0,1.372167468
1790104079.386,java-product-service,"http_server_requests_seconds{error=""none"",exception=""none"",language=""java"",method=""GET"",outcome=""SUCCESS"",service=""java-product-service"",status=""200"",uri=""/actuator/prometheus"",quanti,}",0.0,0.0
1790104079.386,java-product-service,"http_server_requests_seconds{error=""none"",exception=""none"",language=""java"",method=""GET"",outcome=""SUCCESS"",service=""java-product-service"",status=""200"",uri=""/actuator/prometheus"",}",44.0,0.241163625
1790104079.386,java-product-service,"http_server_requests_seconds{error=""none"",exception=""none"",language=""java"",method=""POST"",outcome=""SUCCESS"",service=""java-product-service"",status=""201"",uri=""/products"",quanti,}",0.0,0.0
1790104079.386,java-product-service,"http_server_requests_seconds{error=""none"",exception=""none"",language=""java"",method=""POST"",outcome=""SUCCESS"",service=""java-product-service"",status=""201"",uri=""/products"",}",10.0,0.112075376
1790104079.386,java-product-service,"http_server_requests_seconds{error=""none"",exception=""none"",language=""java"",method=""GET"",outcome=""SUCCESS"",service=""java-product-service"",status=""200"",uri=""/products"",quanti,}",0.0,0.0
1790104079.386,java-product-service,"http_server_requests_seconds{error=""none"",exception=""none"",language=""java"",method=""GET"",outcome=""SUCCESS"",service=""java-product-service"",status=""200"",uri=""/products"",}",5672.0,6.261053463
1790104079.386,java-order-service,"http_server_requests_seconds{error=""none"",exception=""none"",language=""java"",method=""GET"",outcome=""SUCCESS"",service=""java-order-service"",status=""200"",uri=""/actuator/prometheus"",quanti,}",0.0,0.0
1790104079.386,java-order-service,"http_server_requests_seconds{error=""none"",exception=""none"",language=""java"",method=""GET"",outcome=""SUCCESS"",service=""java-order-service"",status=""200"",uri=""/actuator/prometheus"",}",44.0,0.21872787
1790104079.386,java-order-service,"http_server_requests_seconds{error=""none"",exception=""none"",language=""java"",method=""GET"",outcome=""SUCCESS"",service=""java-order-service"",status=""200"",uri=""/actuator/health"",quanti,}",0.0,0.0
1790104079.386,java-order-service,"http_server_requests_seconds{error=""none"",exception=""none"",language=""java"",method=""GET"",outcome=""SUCCESS"",service=""java-order-service"",status=""200"",uri=""/actuator/health"",}",440.0,1.078878589
1790104084.422,java-user-service,"http_server_requests_seconds{error=""none"",exception=""none"",framework=""spring-boot"",language=""java"",method=""GET"",outcome=""SUCCESS"",service=""java-user-service"",status=""200"",uri=""/actuator/health"",quanti,}",0.0,0.0
1790104084.422,java-user-service,"http_server_requests_seconds{error=""none"",exception=""none"",framework=""spring-boot"",language=""java"",method=""GET"",outcome=""SUCCESS"",service=""java-user-service"",status=""200"",uri=""/actuator/health"",}",449.0,2.120091008
1790104084.422,java-user-service,"http_server_requests_seconds{error=""none"",exception=""none"",framework=""spring-boot"",language=""java"",method=""POST"",outcome=""SUCCESS"",service=""java-user-service"",status=""201"",uri=""/users"",quanti,}",0.0,0.0
1790104084.422,java-user-service,"http_server_requests_seconds{error=""none"",exception=""none"",framework=""spring-boot"",language=""java"",method=""POST"",outcome=""SUCCESS"",service=""java-user-service"",status=""201"",uri=""/users"",}",1317.0,144.085154569
1790104084.422,java-user-service,"http_server_requests_seconds{error=""none"",exception=""none"",framework=""spring-boot"",language=""java"",method=""GET"",outcome=""SUCCESS"",service=""java-user-service"",status=""200"",uri=""/users"",quanti,}",0.0,0.0
1790104084.422,java-user-service,"http_server_requests_seconds{error=""none"",exception=""none"",framework=""spring-boot"",language=""java"",method=""GET"",outcome=""SUCCESS"",service=""java-user-service"",status=""200"",uri=""/users"",}",1000.0,7.153388617
1790104084.422,java-user-service,"http_server_requests_seconds{error=""none"",exception=""none"",framework=""spring-boot"",language=""java"",method=""GET"",outcome=""SUCCESS"",service=""java-user-service"",status=""200"",uri=""/actuator/prometheus"",quanti,}",0.0,0.0
1790104084.422,java-user-service,"http_server_requests_seconds{error=""none"",exception=""none"",framework=""spring-boot"",language=""java"",method=""GET"",outcome=""SUCCESS"",service=""java-user-service"",status=""200"",uri=""/actuator/prometheus"",}",45.0,0.348354668
1790104084.422,java-product-service,"http_server_requests_seconds{error=""none"",exception=""none"",language=""java"",method=""GET"",outcome=""SUCCESS"",service=""java-product-service"",status=""200"",uri=""/actuator/health"",quanti,}",0.0,0.0
1790104084.422,java-product-service,"http_server_requests_seconds{error=""none"",exception=""none"",language=""java"",method=""GET"",outcome=""SUCCESS"",service=""java-product-service"",status=""200"",uri=""/actuator/health"",}",449.0,1.390602637
1790104084.422,java-product-service,"http_server_requests_seconds{error=""none"",exception=""none"",language=""java"",method=""GET"",outcome=""SUCCESS"",service=""java-product-service"",status=""200"",uri=""/actuator/prometheus"",quanti,}",0.0,0.0
1790104084.422,java-product-service,"http_server_requests_seconds{error=""none"",exception=""none"",language=""java"",method=""GET"",outcome=""SUCCESS"",service=""java-product-service"",status=""200"",uri=""/actuator/prometheus"",}",45.0,0.244029209
1790104084.422,java-product-service,"http_server_requests_seconds{error=""none"",exception=""none"",language=""java"",method=""POST"",outcome=""SUCCESS"",service=""java-product-service"",status=""201"",uri=""/products"",quanti,}",0.0,0.0
1790104084.422,java-product-service,"http_server_requests_seconds{error=""none"",exception=""none"",language=""java"",method=""POST"",outcome=""SUCCESS"",service=""java-product-service"",status=""201"",uri=""/products"",}",10.0,0.112075376
1790104084.422,java-product-service,"http_server_requests_seconds{error=""none"",exception=""none"",language=""java"",method=""GET"",outcome=""SUCCESS"",service=""java-product-service"",status=""200"",uri=""/products"",quanti,}",0.0,0.0
1790104084.422,java-product-service,"http_server_requests_seconds{error=""none"",exception=""none"",language=""java"",method=""GET"",outcome=""SUCCESS"",service=""java-product-service"",status=""200"",uri=""/products"",}",5764.0,6.328300805
1790104084.422,java-order-service,"http_server_requests_seconds{error=""none"",exception=""none"",language=""java"",method=""GET"",outcome=""SUCCESS"",service=""java-order-service"",status=""200"",uri=""/actuator/prometheus"",quanti,}",0.0,0.0
1790104084.422,java-order-service,"http_server_requests_seconds{error=""none"",exception=""none"",language=""java"",method=""GET"",outcome=""SUCCESS"",service=""java-order-service"",status=""200"",uri=""/actuator/prometheus"",}",45.0,0.221830245
1790104084.422,java-order-service,"http_server_requests_seconds{error=""none"",exception=""none"",language=""java"",method=""GET"",outcome=""SUCCESS"",service=""java-order-service"",status=""200"",uri=""/actuator/health"",quanti,}",0.0,0.0
1790104084.422,java-order-service,"http_server_requests_seconds{error=""none"",exception=""none"",language=""java"",method=""GET"",outcome=""SUCCESS"",service=""java-order-service"",status=""200"",uri=""/actuator/health"",}",449.0,1.096335587
1790104089.479,java-user-service,"http_server_requests_seconds{error=""none"",exception=""none"",framework=""spring-boot"",language=""java"",method=""GET"",outcome=""SUCCESS"",service=""java-user-service"",status=""200"",uri=""/actuator/health"",quanti,}",0.0,0.0
1790104089.479,java-user-service,"http_server_requests_seconds{error=""none"",exception=""none"",framework=""spring-boot"",language=""java"",method=""GET"",outcome=""SUCCESS"",service=""java-user-service"",status=""200"",uri=""/actuator/health"",}",459.0,2.158670175
1790104089.479,java-user-service,"http_server_requests_seconds{error=""none"",exception=""none"",framework=""spring-boot"",language=""java"",method=""POST"",outcome=""SUCCESS"",service=""java-user-service"",status=""201"",uri=""/users"",quanti,}",0.0,0.0
1790104089.479,java-user-service,"http_server_requests_seconds{error=""none"",exception=""none"",framework=""spring-boot"",language=""java"",method=""POST"",outcome=""SUCCESS"",service=""java-user-service"",status=""201"",uri=""/users"",}",1335.0,145.553931694
1790104089.479,java-user-service,"http_server_requests_seconds{error=""none"",exception=""none"",framework=""spring-boot"",language=""java"",method=""GET"",outcome=""SUCCESS"",service=""java-user-service"",status=""200"",uri=""/users"",quanti,}",0.0,0.0
1790104089.479,java-user-service,"http_server_requests_seconds{error=""none"",exception=""none"",framework=""spring-boot"",language=""java"",method=""GET"",outcome=""SUCCESS"",service=""java-user-service"",status=""200"",uri=""/users"",}",1000.0,7.153388617
1790104089.479,java-user-service,"http_server_requests_seconds{error=""none"",exception=""none"",framework=""spring-boot"",language=""java"",method=""GET"",outcome=""SUCCESS"",service=""java-user-service"",status=""200"",uri=""/actuator/prometheus"",quanti,}",0.0,0.0
1790104089.479,java-user-service,"http_server_requests_seconds{error=""none"",exception=""none"",framework=""spring-boot"",language=""java"",method=""GET"",outcome=""SUCCESS"",service=""java-user-service"",status=""200"",uri=""/actuator/prometheus"",}",46.0,0.358274251
1790104089.479,java-product-service,"http_server_requests_seconds{error=""none"",exception=""none"",language=""java"",method=""GET"",outcome=""SUCCESS"",service=""java-product-service"",status=""200"",uri=""/actuator/health"",quanti,}",0.0,0.0
1790104089.479,java-product-service,"http_server_requests_seconds{error=""none"",exception=""none"",language=""java"",method=""GET"",outcome=""SUCCESS"",service=""java-product-service"",status=""200"",uri=""/actuator/health"",}",459.0,1.416979387
1790104089.479,java-product-service,"http_server_requests_seconds{error=""none"",exception=""none"",language=""java"",method=""GET"",outcome=""SUCCESS"",service=""java-product-service"",status=""200"",uri=""/actuator/prometheus"",quanti,}",0.0,0.0
1790104089.479,java-product-service,"http_server_requests_seconds{error=""none"",exception=""none"",language=""java"",method=""GET"",outcome=""SUCCESS"",service=""java-product-service"",status=""200"",uri=""/actuator/prometheus"",}",46.0,0.250503542
1790104089.479,java-product-service,"http_server_requests_seconds{error=""none"",exception=""none"",language=""java"",method=""POST"",outcome=""SUCCESS"",service=""java-product-service"",status=""201"",uri=""/products"",quanti,}",0.0,0.0
1790104089.479,java-product-service,"http_server_requests_seconds{error=""none"",exception=""none"",language=""java"",method=""POST"",outcome=""SUCCESS"",service=""java-product-service"",status=""201"",uri=""/products"",}",10.0,0.112075376
1790104089.479,java-product-service,"http_server_requests_seconds{error=""none"",exception=""none"",language=""java"",method=""GET"",outcome=""SUCCESS"",service=""java-product-service"",status=""200"",uri=""/products"",quanti,}",0.0,0.0
1790104089.479,java-product-service,"http_server_requests_seconds{error=""none"",exception=""none"",language=""java"",method=""GET"",outcome=""SUCCESS"",service=""java-product-service"",status=""200"",uri=""/products"",}",5836.0,6.401358474
1790104089.479,java-order-service,"http_server_requests_seconds{error=""none"",exception=""none"",language=""java"",method=""GET"",outcome=""SUCCESS"",service=""java-order-service"",status=""200"",uri=""/actuator/prometheus"",quanti,}",0.0,0.0
1790104089.479,java-order-service,"http_server_requests_seconds{error=""none"",exception=""none"",language=""java"",method=""GET"",outcome=""SUCCESS"",service=""java-order-service"",status=""200"",uri=""/actuator/prometheus"",}",46.0,0.228837454
1790104089.479,java-order-service,"http_server_requests_seconds{error=""none"",exception=""none"",language=""java"",method=""GET"",outcome=""SUCCESS"",service=""java-order-service"",status=""200"",uri=""/actuator/health"",quanti,}",0.0,0.0
1790104089.479,java-order-service,"http_server_requests_seconds{error=""none"",exception=""none"",language=""java"",method=""GET"",outcome=""SUCCESS"",service=""java-order-service"",status=""200"",uri=""/actuator/health"",}",460.0,1.12305517
1790104094.523,java-user-service,"http_server_requests_seconds{error=""none"",exception=""none"",framework=""spring-boot"",language=""java"",method=""GET"",outcome=""SUCCESS"",service=""java-user-service"",status=""200"",uri=""/actuator/health"",quanti,}",0.0,0.0
1790104094.523,java-user-service,"http_server_requests_seconds{error=""none"",exception=""none"",framework=""spring-boot"",language=""java"",method=""GET"",outcome=""SUCCESS"",service=""java-user-service"",status=""200"",uri=""/actuator/health"",}",469.0,2.196636758
1790104094.523,java-user-service,"http_server_requests_seconds{error=""none"",exception=""none"",framework=""spring-boot"",language=""java"",method=""POST"",outcome=""SUCCESS"",service=""java-user-service"",status=""201"",uri=""/users"",quanti,}",0.0,0.0
1790104094.523,java-user-service,"http_server_requests_seconds{error=""none"",exception=""none"",framework=""spring-boot"",language=""java"",method=""POST"",outcome=""SUCCESS"",service=""java-user-service"",status=""201"",uri=""/users"",}",1348.0,146.55127886
1790104094.523,java-user-service,"http_server_requests_seconds{error=""none"",exception=""none"",framework=""spring-boot"",language=""java"",method=""GET"",outcome=""SUCCESS"",service=""java-user-service"",status=""200"",uri=""/users"",quanti,}",0.0,0.0
1790104094.523,java-user-service,"http_server_requests_seconds{error=""none"",exception=""none"",framework=""spring-boot"",language=""java"",method=""GET"",outcome=""SUCCESS"",service=""java-user-service"",status=""200"",uri=""/users"",}",1000.0,7.153388617
1790104094.523,java-user-service,"http_server_requests_seconds{error=""none"",exception=""none"",framework=""spring-boot"",language=""java"",method=""GET"",outcome=""SUCCESS"",service=""java-user-service"",status=""200"",uri=""/actuator/prometheus"",quanti,}",0.0,0.0
1790104094.523,java-user-service,"http_server_requests_seconds{error=""none"",exception=""none"",framework=""spring-boot"",language=""java"",method=""GET"",outcome=""SUCCESS"",service=""java-user-service"",status=""200"",uri=""/actuator/prometheus"",}",47.0,0.366118959
1790104094.523,java-product-service,"http_server_requests_seconds{error=""none"",exception=""none"",language=""java"",method=""GET"",outcome=""SUCCESS"",service=""java-product-service"",status=""200"",uri=""/actuator/health"",quanti,}",0.0,0.0
1790104094.523,java-product-service,"http_server_requests_seconds{error=""none"",exception=""none"",language=""java"",method=""GET"",outcome=""SUCCESS"",service=""java-product-service"",status=""200"",uri=""/actuator/health"",}",469.0,1.44043193
1790104094.523,java-product-service,"http_server_requests_seconds{error=""none"",exception=""none"",language=""java"",method=""GET"",outcome=""SUCCESS"",service=""java-product-service"",status=""200"",uri=""/actuator/prometheus"",quanti,}",0.0,0.0
1790104094.523,java-product-service,"http_server_requests_seconds{error=""none"",exception=""none"",language=""java"",method=""GET"",outcome=""SUCCESS"",service=""java-product-service"",status=""200"",uri=""/actuator/prometheus"",}",47.0,0.254254584
1790104094.523,java-product-service,"http_server_requests_seconds{error=""none"",exception=""none"",language=""java"",method=""POST"",outcome=""SUCCESS"",service=""java-product-service"",status=""201"",uri=""/products"",quanti,}",0.0,0.0
1790104094.523,java-product-service,"http_server_requests_seconds{error=""none"",exception=""none"",language=""java"",method=""POST"",outcome=""SUCCESS"",service=""java-product-service"",status=""201"",uri=""/products"",}",10.0,0.112075376
1790104094.523,java-product-service,"http_server_requests_seconds{error=""none"",exception=""none"",language=""java"",method=""GET"",outcome=""SUCCESS"",service=""java-product-service"",status=""200"",uri=""/products"",quanti,}",0.0,0.0
1790104094.523,java-product-service,"http_server_requests_seconds{error=""none"",exception=""none"",language=""java"",method=""GET"",outcome=""SUCCESS"",service=""java-product-service"",status=""200"",uri=""/products"",}",5888.0,6.456420598
1790104094.523,java-order-service,"http_server_requests_seconds{error=""none"",exception=""none"",language=""java"",method=""GET"",outcome=""SUCCESS"",service=""java-order-service"",status=""200"",uri=""/actuator/prometheus"",quanti,}",0.0,0.0
1790104094.523,java-order-service,"http_server_requests_seconds{error=""none"",exception=""none"",language=""java"",method=""GET"",outcome=""SUCCESS"",service=""java-order-service"",status=""200"",uri=""/actuator/prometheus"",}",47.0,0.234003288
1790104094.523,java-order-service,"http_server_requests_seconds{error=""none"",exception=""none"",language=""java"",method=""GET"",outcome=""SUCCESS"",service=""java-order-service"",status=""200"",uri=""/actuator/health"",quanti,}",0.0,0.0
1790104094.523,java-order-service,"http_server_requests_seconds{error=""none"",exception=""none"",language=""java"",method=""GET"",outcome=""SUCCESS"",service=""java-order-service"",status=""200"",uri=""/actuator/health"",}",469.0,1.147746252
1790104099.572,java-user-service,"http_server_requests_seconds{error=""none"",exception=""none"",framework=""spring-boot"",language=""java"",method=""GET"",outcome=""SUCCESS"",service=""java-user-service"",status=""200"",uri=""/actuator/health"",quanti,}",0.0,0.0
1790104099.572,java-user-service,"http_server_requests_seconds{error=""none"",exception=""none"",framework=""spring-boot"",language=""java"",method=""GET"",outcome=""SUCCESS"",service=""java-user-service"",status=""200"",uri=""/actuator/health"",}",479.0,2.237881674
1790104099.572,java-user-service,"http_server_requests_seconds{error=""none"",exception=""none"",framework=""spring-boot"",language=""java"",method=""POST"",outcome=""SUCCESS"",service=""java-user-service"",status=""201"",uri=""/users"",quanti,}",0.0,0.0
1790104099.572,java-user-service,"http_server_requests_seconds{error=""none"",exception=""none"",framework=""spring-boot"",language=""java"",method=""POST"",outcome=""SUCCESS"",service=""java-user-service"",status=""201"",uri=""/users"",}",1356.0,147.257531985
1790104099.572,java-user-service,"http_server_requests_seconds{error=""none"",exception=""none"",framework=""spring-boot"",language=""java"",method=""GET"",outcome=""SUCCESS"",service=""java-user-service"",status=""200"",uri=""/users"",quanti,}",0.0,0.0
1790104099.572,java-user-service,"http_server_requests_seconds{error=""none"",exception=""none"",framework=""spring-boot"",language=""java"",method=""GET"",outcome=""SUCCESS"",service=""java-user-service"",status=""200"",uri=""/users"",}",1000.0,7.153388617
1790104099.572,java-user-service,"http_server_requests_seconds{error=""none"",exception=""none"",framework=""spring-boot"",language=""java"",method=""GET"",outcome=""SUCCESS"",service=""java-user-service"",status=""200"",uri=""/actuator/prometheus"",quanti,}",0.0,0.0
1790104099.572,java-user-service,"http_server_requests_seconds{error=""none"",exception=""none"",framework=""spring-boot"",language=""java"",method=""GET"",outcome=""SUCCESS"",service=""java-user-service"",status=""200"",uri=""/actuator/prometheus"",}",48.0,0.374263959
1790104099.572,java-product-service,"http_server_requests_seconds{error=""none"",exception=""none"",language=""java"",method=""GET"",outcome=""SUCCESS"",service=""java-product-service"",status=""200"",uri=""/actuator/health"",quanti,}",0.0,0.0
1790104099.572,java-product-service,"http_server_requests_seconds{error=""none"",exception=""none"",language=""java"",method=""GET"",outcome=""SUCCESS"",service=""java-product-service"",status=""200"",uri=""/actuator/health"",}",479.0,1.460768471
1790104099.572,java-product-service,"http_server_requests_seconds{error=""none"",exception=""none"",language=""java"",method=""GET"",outcome=""SUCCESS"",service=""java-product-service"",status=""200"",uri=""/actuator/prometheus"",quanti,}",0.0,0.0
1790104099.572,java-product-service,"http_server_requests_seconds{error=""none"",exception=""none"",language=""java"",method=""GET"",outcome=""SUCCESS"",service=""java-product-service"",status=""200"",uri=""/actuator/prometheus"",}",48.0,0.260175293
1790104099.572,java-product-service,"http_server_requests_seconds{error=""none"",exception=""none"",language=""java"",method=""POST"",outcome=""SUCCESS"",service=""java-product-service"",status=""201"",uri=""/products"",quanti,}",0.0,0.0
1790104099.572,java-product-service,"http_server_requests_seconds{error=""none"",exception=""none"",language=""java"",method=""POST"",outcome=""SUCCESS"",service=""java-product-service"",status=""201"",uri=""/products"",}",10.0,0.112075376
1790104099.572,java-product-service,"http_server_requests_seconds{error=""none"",exception=""none"",language=""java"",method=""GET"",outcome=""SUCCESS"",service=""java-product-service"",status=""200"",uri=""/products"",quanti,}",0.0,0.0
1790104099.572,java-product-service,"http_server_requests_seconds{error=""none"",exception=""none"",language=""java"",method=""GET"",outcome=""SUCCESS"",service=""java-product-service"",status=""200"",uri=""/products"",}",5920.0,6.478122887
1790104099.572,java-order-service,"http_server_requests_seconds{error=""none"",exception=""none"",language=""java"",method=""GET"",outcome=""SUCCESS"",service=""java-order-service"",status=""200"",uri=""/actuator/prometheus"",quanti,}",0.0,0.0
1790104099.572,java-order-service,"http_server_requests_seconds{error=""none"",exception=""none"",language=""java"",method=""GET"",outcome=""SUCCESS"",service=""java-order-service"",status=""200"",uri=""/actuator/prometheus"",}",48.0,0.240295954
1790104099.572,java-order-service,"http_server_requests_seconds{error=""none"",exception=""none"",language=""java"",method=""GET"",outcome=""SUCCESS"",service=""java-order-service"",status=""200"",uri=""/actuator/health"",quanti,}",0.0,0.0
1790104099.572,java-order-service,"http_server_requests_seconds{error=""none"",exception=""none"",language=""java"",method=""GET"",outcome=""SUCCESS"",service=""java-order-service"",status=""200"",uri=""/actuator/health"",}",480.0,1.168017792
1790104104.625,java-user-service,"http_server_requests_seconds{error=""none"",exception=""none"",framework=""spring-boot"",language=""java"",method=""GET"",outcome=""SUCCESS"",service=""java-user-service"",status=""200"",uri=""/actuator/health"",quanti,}",0.0,0.0
1790104104.625,java-user-service,"http_server_requests_seconds{error=""none"",exception=""none"",framework=""spring-boot"",language=""java"",method=""GET"",outcome=""SUCCESS"",service=""java-user-service"",status=""200"",uri=""/actuator/health"",}",490.0,2.277483425
1790104104.625,java-user-service,"http_server_requests_seconds{error=""none"",exception=""none"",framework=""spring-boot"",language=""java"",method=""POST"",outcome=""SUCCESS"",service=""java-user-service"",status=""201"",uri=""/users"",quanti,}",0.0,0.0
1790104104.625,java-user-service,"http_server_requests_seconds{error=""none"",exception=""none"",framework=""spring-boot"",language=""java"",method=""POST"",outcome=""SUCCESS"",service=""java-user-service"",status=""201"",uri=""/users"",}",1359.0,147.519007319
1790104104.625,java-user-service,"http_server_requests_seconds{error=""none"",exception=""none"",framework=""spring-boot"",language=""java"",method=""GET"",outcome=""SUCCESS"",service=""java-user-service"",status=""200"",uri=""/users"",quanti,}",0.0,0.0
1790104104.625,java-user-service,"http_server_requests_seconds{error=""none"",exception=""none"",framework=""spring-boot"",language=""java"",method=""GET"",outcome=""SUCCESS"",service=""java-user-service"",status=""200"",uri=""/users"",}",1000.0,7.153388617
1790104104.625,java-user-service,"http_server_requests_seconds{error=""none"",exception=""none"",framework=""spring-boot"",language=""java"",method=""GET"",outcome=""SUCCESS"",service=""java-user-service"",status=""200"",uri=""/actuator/prometheus"",quanti,}",0.0,0.0
1790104104.625,java-user-service,"http_server_requests_seconds{error=""none"",exception=""none"",framework=""spring-boot"",language=""java"",method=""GET"",outcome=""SUCCESS"",service=""java-user-service"",status=""200"",uri=""/actuator/prometheus"",}",49.0,0.382853168
1790104104.625,java-product-service,"http_server_requests_seconds{error=""none"",exception=""none"",language=""java"",method=""GET"",outcome=""SUCCESS"",service=""java-product-service"",status=""200"",uri=""/actuator/health"",quanti,}",0.0,0.0
1790104104.625,java-product-service,"http_server_requests_seconds{error=""none"",exception=""none"",language=""java"",method=""GET"",outcome=""SUCCESS"",service=""java-product-service"",status=""200"",uri=""/actuator/health"",}",490.0,1.485607303
1790104104.625,java-product-service,"http_server_requests_seconds{error=""none"",exception=""none"",language=""java"",method=""GET"",outcome=""SUCCESS"",service=""java-product-service"",status=""200"",uri=""/actuator/prometheus"",quanti,}",0.0,0.0
1790104104.625,java-product-service,"http_server_requests_seconds{error=""none"",exception=""none"",language=""java"",method=""GET"",outcome=""SUCCESS"",service=""java-product-service"",status=""200"",uri=""/actuator/prometheus"",}",49.0,0.266390668
1790104104.625,java-product-service,"http_server_requests_seconds{error=""none"",exception=""none"",language=""java"",method=""POST"",outcome=""SUCCESS"",service=""java-product-service"",status=""201"",uri=""/products"",quanti,}",0.0,0.0
1790104104.625,java-product-service,"http_server_requests_seconds{error=""none"",exception=""none"",language=""java"",method=""POST"",outcome=""SUCCESS"",service=""java-product-service"",status=""201"",uri=""/products"",}",10.0,0.112075376
1790104104.625,java-product-service,"http_server_requests_seconds{error=""none"",exception=""none"",language=""java"",method=""GET"",outcome=""SUCCESS"",service=""java-product-service"",status=""200"",uri=""/products"",quanti,}",0.0,0.0
1790104104.625,java-product-service,"http_server_requests_seconds{error=""none"",exception=""none"",language=""java"",method=""GET"",outcome=""SUCCESS"",service=""java-product-service"",status=""200"",uri=""/products"",}",5932.0,6.493925802
1790104104.625,java-order-service,"http_server_requests_seconds{error=""none"",exception=""none"",language=""java"",method=""GET"",outcome=""SUCCESS"",service=""java-order-service"",status=""200"",uri=""/actuator/prometheus"",quanti,}",0.0,0.0
1790104104.625,java-order-service,"http_server_requests_seconds{error=""none"",exception=""none"",language=""java"",method=""GET"",outcome=""SUCCESS"",service=""java-order-service"",status=""200"",uri=""/actuator/prometheus"",}",49.0,0.245803413
1790104104.625,java-order-service,"http_server_requests_seconds{error=""none"",exception=""none"",language=""java"",method=""GET"",outcome=""SUCCESS"",service=""java-order-service"",status=""200"",uri=""/actuator/health"",quanti,}",0.0,0.0
1790104104.625,java-order-service,"http_server_requests_seconds{error=""none"",exception=""none"",language=""java"",method=""GET"",outcome=""SUCCESS"",service=""java-order-service"",status=""200"",uri=""/actuator/health"",}",490.0,1.192553626
