t,service,metric,labels,value
1790100803.980,java-user-service,hikaricp_connections_acquire_seconds_count,"{framework=""spring-boot"",language=""java"",pool=""HikariPool-1"",service=""java-user-service"",}",263.0
1790100803.980,java-user-service,hikaricp_connections_acquire_seconds_sum,"{framework=""spring-boot"",language=""java"",pool=""HikariPool-1"",service=""java-user-service"",}",0.003980412
1790100803.980,java-user-service,system_cpu_usage,"{framework=""spring-boot"",language=""java"",service=""java-user-service"",}",0.4208733333333333
1790100803.980,java-user-service,process_cpu_usage,"{framework=""spring-boot"",language=""java"",service=""java-user-service"",}",0.4
1790100803.980,java-user-service,tomcat_threads_busy_threads,"{framework=""spring-boot"",language=""java"",name=""http-nio-9081"",service=""java-user-service"",}",2.0
1790100803.980,java-user-service,tomcat_threads_current_threads,"{framework=""spring-boot"",language=""java"",name=""http-nio-9081"",service=""java-user-service"",}",10.0
1790100803.980,java-user-service,jvm_memory_committed_bytes,"{area=""nonheap"",framework=""spring-boot"",id=""CodeHeap 'non-nmethods'"",language=""java"",service=""java-user-service"",}",2555904.0
1790100803.980,java-user-service,jvm_memory_committed_bytes,"{area=""nonheap"",framework=""spring-boot"",id=""CodeHeap 'non-profiled nmethods'"",language=""java"",service=""java-user-service"",}",7208960.0
1790100803.980,java-user-service,jvm_memory_committed_bytes,"{area=""heap"",framework=""spring-boot"",id=""G1 Survivor Space"",language=""java"",service=""java-user-service"",}",6291456.0
1790100803.980,java-user-service,jvm_memory_committed_bytes,"{area=""heap"",framework=""spring-boot"",id=""G1 Old Gen"",language=""java"",service=""java-user-service"",}",49283072.0
1790100803.980,java-user-service,jvm_memory_committed_bytes,"{area=""nonheap"",framework=""spring-boot"",id=""Metaspace"",language=""java"",service=""java-user-service"",}",102236160.0
1790100803.980,java-user-service,jvm_memory_committed_bytes,"{area=""heap"",framework=""spring-boot"",id=""G1 Eden Space"",language=""java"",service=""java-user-service"",}",77594624.0
1790100803.980,java-user-service,jvm_memory_committed_bytes,"{area=""nonheap"",framework=""spring-boot"",id=""Compressed Class Space"",language=""java"",service=""java-user-service"",}",13828096.0
1790100803.980,java-user-service,jvm_memory_committed_bytes,"{area=""nonheap"",framework=""spring-boot"",id=""CodeHeap 'profiled nmethods'"",language=""java"",service=""java-user-service"",}",26607616.0
1790100803.980,java-user-service,hikaricp_connections_pending,"{framework=""spring-boot"",language=""java"",pool=""HikariPool-1"",service=""java-user-service"",}",0.0
1790100803.980,java-user-service,hikaricp_connections_usage_seconds_count,"{framework=""spring-boot"",language=""java"",pool=""HikariPool-1"",service=""java-user-service"",}",265.0
1790100803.980,java-user-service,hikaricp_connections_usage_seconds_sum,"{framework=""spring-boot"",language=""java"",pool=""HikariPool-1"",service=""java-user-service"",}",21.773
1790100803.980,java-user-service,tomcat_threads_config_max_threads,"{framework=""spring-boot"",language=""java"",name=""http-nio-9081"",service=""java-user-service"",}",64.0
1790100803.980,java-user-service,hikaricp_connections_active,"{framework=""spring-boot"",language=""java"",pool=""HikariPool-1"",service=""java-user-service"",}",0.0
1790100803.980,java-user-service,jvm_memory_used_bytes,"{area=""nonheap"",framework=""spring-boot"",id=""CodeHeap 'non-nmethods'"",language=""java"",service=""java-user-service"",}",1642752.0
1790100803.980,java-user-service,jvm_memory_used_bytes,"{area=""nonheap"",framework=""spring-boot"",id=""CodeHeap 'non-profiled nmethods'"",language=""java"",service=""java-user-service"",}",7203584.0
1790100803.980,java-user-service,jvm_memory_used_bytes,"{area=""heap"",framework=""spring-boot"",id=""G1 Survivor Space"",language=""java"",service=""java-user-service"",}",5735040.0
1790100803.980,java-user-service,jvm_memory_used_bytes,"{area=""heap"",framework=""spring-boot"",id=""G1 Old Gen"",language=""java"",service=""java-user-service"",}",36164088.0
1790100803.980,java-user-service,jvm_memory_used_bytes,"{area=""nonheap"",framework=""spring-boot"",id=""Metaspace"",language=""java"",service=""java-user-service"",}",101301928.0
1790100803.980,java-user-service,jvm_memory_used_bytes,"{area=""heap"",framework=""spring-boot"",id=""G1 Eden Space"",language=""java"",service=""java-user-service"",}",48234496.0
1790100803.980,java-user-service,jvm_memory_used_bytes,"{area=""nonheap"",framework=""spring-boot"",id=""Compressed Class Space"",language=""java"",service=""java-user-service"",}",13407456.0
1790100803.980,java-user-service,jvm_memory_used_bytes,"{area=""nonheap"",framework=""spring-boot"",id=""CodeHeap 'profiled nmethods'"",language=""java"",service=""java-user-service"",}",26575104.0
1790100803.980,java-user-service,jvm_gc_pause_seconds_count,"{action=""end of minor GC"",cause=""G1 Evacuation Pause"",framework=""spring-boot"",gc=""G1 Young Generation"",language=""java"",service=""java-user-service"",}",7.0
1790100803.980,java-user-service,jvm_gc_pause_seconds_sum,"{action=""end of minor GC"",cause=""G1 Evacuation Pause"",framework=""spring-boot"",gc=""G1 Young Generation"",language=""java"",service=""java-user-service"",}",0.039
1790100803.980,java-product-service,hikaricp_connections_active,"{language=""java"",pool=""HikariPool-1"",service=""java-product-service"",}",0.0
1790100803.980,java-product-service,tomcat_threads_busy_threads,"{language=""java"",name=""http-nio-9082"",service=""java-product-service"",}",1.0
1790100803.980,java-product-service,jvm_gc_pause_seconds_count,"{action=""end of minor GC"",cause=""G1 Evacuation Pause"",gc=""G1 Young Generation"",language=""java"",service=""java-product-service"",}",4.0
1790100803.980,java-product-service,jvm_gc_pause_seconds_sum,"{action=""end of minor GC"",cause=""G1 Evacuation Pause"",gc=""G1 Young Generation"",language=""java"",service=""java-product-service"",}",0.022
1790100803.980,java-product-service,tomcat_threads_current_threads,"{language=""java"",name=""http-nio-9082"",service=""java-product-service"",}",10.0
1790100803.980,java-product-service,hikaricp_connections_acquire_seconds_count,"{language=""java"",pool=""HikariPool-1"",service=""java-product-service"",}",17.0
1790100803.980,java-product-service,hikaricp_connections_acquire_seconds_sum,"{language=""java"",pool=""HikariPool-1"",service=""java-product-service"",}",0.002669876
1790100803.980,java-product-service,process_cpu_usage,"{language=""java"",service=""java-product-service"",}",0.0
1790100803.980,java-product-service,system_cpu_usage,"{language=""java"",service=""java-product-service"",}",0.0
1790100803.980,java-product-service,jvm_memory_used_bytes,"{area=""nonheap"",id=""CodeHeap 'non-nmethods'"",language=""java"",service=""java-product-service"",}",1643008.0
1790100803.980,java-product-service,jvm_memory_used_bytes,"{area=""heap"",id=""G1 Eden Space"",language=""java"",service=""java-product-service"",}",11534336.0
1790100803.980,java-product-service,jvm_memory_used_bytes,"{area=""nonheap"",id=""Metaspace"",language=""java"",service=""java-product-service"",}",97372568.0
1790100803.980,java-product-service,jvm_memory_used_bytes,"{area=""heap"",id=""G1 Old Gen"",language=""java"",service=""java-product-service"",}",40869496.0
1790100803.980,java-product-service,jvm_memory_used_bytes,"{area=""nonheap"",id=""Compressed Class Space"",language=""java"",service=""java-product-service"",}",12970576.0
1790100803.980,java-product-service,jvm_memory_used_bytes,"{area=""heap"",id=""G1 Survivor Space"",language=""java"",service=""java-product-service"",}",3670016.0
1790100803.980,java-product-service,jvm_memory_used_bytes,"{area=""nonheap"",id=""CodeHeap 'profiled nmethods'"",language=""java"",service=""java-product-service"",}",24501120.0
1790100803.980,java-product-service,jvm_memory_used_bytes,"{area=""nonheap"",id=""CodeHeap 'non-profiled nmethods'"",language=""java"",service=""java-product-service"",}",6443520.0
1790100803.980,java-product-service,jvm_memory_committed_bytes,"{area=""nonheap"",id=""CodeHeap 'non-nmethods'"",language=""java"",service=""java-product-service"",}",2555904.0
1790100803.980,java-product-service,jvm_memory_committed_bytes,"{area=""heap"",id=""G1 Eden Space"",language=""java"",service=""java-product-service"",}",51380224.0
1790100803.980,java-product-service,jvm_memory_committed_bytes,"{area=""nonheap"",id=""Metaspace"",language=""java"",service=""java-product-service"",}",98304000.0
1790100803.980,java-product-service,jvm_memory_committed_bytes,"{area=""heap"",id=""G1 Old Gen"",language=""java"",service=""java-product-service"",}",45088768.0
1790100803.980,java-product-service,jvm_memory_committed_bytes,"{area=""nonheap"",id=""Compressed Class Space"",language=""java"",service=""java-product-service"",}",13369344.0
1790100803.980,java-product-service,jvm_memory_committed_bytes,"{area=""heap"",id=""G1 Survivor Space"",language=""java"",service=""java-product-service"",}",4194304.0
1790100803.980,java-product-service,jvm_memory_committed_bytes,"{area=""nonheap"",id=""CodeHeap 'profiled nmethods'"",language=""java"",service=""java-product-service"",}",24510464.0
1790100803.980,java-product-service,jvm_memory_committed_bytes,"{area=""nonheap"",id=""CodeHeap 'non-profiled nmethods'"",language=""java"",service=""java-product-service"",}",6488064.0
1790100803.980,java-product-service,tomcat_threads_config_max_threads,"{language=""java"",name=""http-nio-9082"",service=""java-product-service"",}",64.0
1790100803.980,java-product-service,hikaricp_connections_pending,"{language=""java"",pool=""HikariPool-1"",service=""java-product-service"",}",0.0
1790100803.980,java-product-service,hikaricp_connections_usage_seconds_count,"{language=""java"",pool=""HikariPool-1"",service=""java-product-service"",}",17.0
1790100803.980,java-product-service,hikaricp_connections_usage_seconds_sum,"{language=""java"",pool=""HikariPool-1"",service=""java-product-service"",}",0.494
1790100803.980,java-order-service,hikaricp_connections_acquire_seconds_count,"{language=""java"",pool=""HikariPool-1"",service=""java-order-service"",}",10.0
1790100803.980,java-order-service,hikaricp_connections_acquire_seconds_sum,"{language=""java"",pool=""HikariPool-1"",service=""java-order-service"",}",0.001492919
1790100803.980,java-order-service,jvm_gc_pause_seconds_count,"{action=""end of minor GC"",cause=""G1 Evacuation Pause"",gc=""G1 Young Generation"",language=""java"",service=""java-order-service"",}",1.0
1790100803.980,java-order-service,jvm_gc_pause_seconds_sum,"{action=""end of minor GC"",cause=""G1 Evacuation Pause"",gc=""G1 Young Generation"",language=""java"",service=""java-order-service"",}",0.006
1790100803.980,java-order-service,system_cpu_usage,"{language=""java"",service=""java-order-service"",}",0.0
1790100803.980,java-order-service,process_cpu_usage,"{language=""java"",service=""java-order-service"",}",0.0
1790100803.980,java-order-service,tomcat_threads_busy_threads,"{language=""java"",name=""http-nio-9083"",service=""java-order-service"",}",1.0
1790100803.980,java-order-service,tomcat_threads_config_max_threads,"{language=""java"",name=""http-nio-9083"",service=""java-order-service"",}",64.0
1790100803.980,java-order-service,jvm_memory_used_bytes,"{area=""nonheap"",id=""CodeHeap 'non-profiled nmethods'"",language=""java"",service=""java-order-service"",}",3591424.0
1790100803.980,java-order-service,jvm_memory_used_bytes,"{area=""heap"",id=""G1 Eden Space"",language=""java"",service=""java-order-service"",}",16777216.0
1790100803.980,java-order-service,jvm_memory_used_bytes,"{area=""nonheap"",id=""CodeHeap 'profiled nmethods'"",language=""java"",service=""java-order-service"",}",12688640.0
1790100803.980,java-order-service,jvm_memory_used_bytes,"{area=""nonheap"",id=""CodeHeap 'non-nmethods'"",language=""java"",service=""java-order-service"",}",1611264.0
1790100803.980,java-order-service,jvm_memory_used_bytes,"{area=""heap"",id=""G1 Survivor Space"",language=""java"",service=""java-order-service"",}",5193544.0
1790100803.980,java-order-service,jvm_memory_used_bytes,"{area=""nonheap"",id=""Compressed Class Space"",language=""java"",service=""java-order-service"",}",10667368.0
1790100803.980,java-order-service,jvm_memory_used_bytes,"{area=""heap"",id=""G1 Old Gen"",language=""java"",service=""java-order-service"",}",29741112.0
1790100803.980,java-order-service,jvm_memory_used_bytes,"{area=""nonheap"",id=""Metaspace"",language=""java"",service=""java-order-service"",}",77887392.0
1790100803.980,java-order-service,tomcat_threads_current_threads,"{language=""java"",name=""http-nio-9083"",service=""java-order-service"",}",10.0
1790100803.980,java-order-service,hikaricp_connections_usage_seconds_count,"{language=""java"",pool=""HikariPool-1"",service=""java-order-service"",}",10.0
1790100803.980,java-order-service,hikaricp_connections_usage_seconds_sum,"{language=""java"",pool=""HikariPool-1"",service=""java-order-service"",}",0.001
1790100803.980,java-order-service,jvm_memory_committed_bytes,"{area=""nonheap"",id=""CodeHeap 'non-profiled nmethods'"",language=""java"",service=""java-order-service"",}",3735552.0
1790100803.980,java-order-service,jvm_memory_committed_bytes,"{area=""heap"",id=""G1 Eden Space"",language=""java"",service=""java-order-service"",}",57671680.0
1790100803.980,java-order-service,jvm_memory_committed_bytes,"{area=""nonheap"",id=""CodeHeap 'profiled nmethods'"",language=""java"",service=""java-order-service"",}",13434880.0
1790100803.980,java-order-service,jvm_memory_committed_bytes,"{area=""nonheap"",id=""CodeHeap 'non-nmethods'"",language=""java"",service=""java-order-service"",}",2555904.0
1790100803.980,java-order-service,jvm_memory_committed_bytes,"{area=""heap"",id=""G1 Survivor Space"",language=""java"",service=""java-order-service"",}",5242880.0
1790100803.980,java-order-service,jvm_memory_committed_bytes,"{area=""nonheap"",id=""Compressed Class Space"",language=""java"",service=""java-order-service"",}",11010048.0
1790100803.980,java-order-service,jvm_memory_committed_bytes,"{area=""heap"",id=""G1 Old Gen"",language=""java"",service=""java-order-service"",}",36700160.0
1790100803.980,java-order-service,jvm_memory_committed_bytes,"{area=""nonheap"",id=""Metaspace"",language=""java"",service=""java-order-service"",}",78708736.0
1790100803.980,java-order-service,hikaricp_connections_active,"{language=""java"",pool=""HikariPool-1"",service=""java-order-service"",}",0.0
1790100803.980,java-order-service,hikaricp_connections_pending,"{language=""java"",pool=""HikariPool-1"",service=""java-order-service"",}",0.0
1790100809.020,java-user-service,hikaricp_connections_acquire_seconds_count,"{framework=""spring-boot"",language=""java"",pool=""HikariPool-1"",service=""java-user-service"",}",291.0
1790100809.020,java-user-service,hikaricp_connections_acquire_seconds_sum,"{framework=""spring-boot"",language=""java"",pool=""HikariPool-1"",service=""java-user-service"",}",0.009245037
1790100809.020,java-user-service,system_cpu_usage,"{framework=""spring-boot"",language=""java"",service=""java-user-service"",}",0.10910016260162601
1790100809.020,java-user-service,process_cpu_usage,"{framework=""spring-boot"",language=""java"",service=""java-user-service"",}",0.1073170731707317
1790100809.020,java-user-service,tomcat_threads_busy_threads,"{framework=""spring-boot"",language=""java"",name=""http-nio-9081"",service=""java-user-service"",}",1.0
1790100809.020,java-user-service,tomcat_threads_current_threads,"{framework=""spring-boot"",language=""java"",name=""http-nio-9081"",service=""java-user-service"",}",10.0
1790100809.020,java-user-service,jvm_memory_committed_bytes,"{area=""nonheap"",framework=""spring-boot"",id=""CodeHeap 'non-nmethods'"",language=""java"",service=""java-user-service"",}",2555904.0
1790100809.020,java-user-service,jvm_memory_committed_bytes,"{area=""nonheap"",framework=""spring-boot"",id=""CodeHeap 'non-profiled nmethods'"",language=""java"",service=""java-user-service"",}",7340032.0
1790100809.020,java-user-service,jvm_memory_committed_bytes,"{area=""heap"",framework=""spring-boot"",id=""G1 Survivor Space"",language=""java"",service=""java-user-service"",}",6291456.0
1790100809.020,java-user-service,jvm_memory_committed_bytes,"{area=""heap"",framework=""spring-boot"",id=""G1 Old Gen"",language=""java"",service=""java-user-service"",}",49283072.0
1790100809.020,java-user-service,jvm_memory_committed_bytes,"{area=""nonheap"",framework=""spring-boot"",id=""Metaspace"",language=""java"",service=""java-user-service"",}",102301696.0
1790100809.020,java-user-service,jvm_memory_committed_bytes,"{area=""heap"",framework=""spring-boot"",id=""G1 Eden Space"",language=""java"",service=""java-user-service"",}",77594624.0
1790100809.020,java-user-service,jvm_memory_committed_bytes,"{area=""nonheap"",framework=""spring-boot"",id=""Compressed Class Space"",language=""java"",service=""java-user-service"",}",13828096.0
1790100809.020,java-user-service,jvm_memory_committed_bytes,"{area=""nonheap"",framework=""spring-boot"",id=""CodeHeap 'profiled nmethods'"",language=""java"",service=""java-user-service"",}",26869760.0
1790100809.020,java-user-service,hikaricp_connections_pending,"{framework=""spring-boot"",language=""java"",pool=""HikariPool-1"",service=""java-user-service"",}",0.0
1790100809.020,java-user-service,hikaricp_connections_usage_seconds_count,"{framework=""spring-boot"",language=""java"",pool=""HikariPool-1"",service=""java-user-service"",}",291.0
1790100809.020,java-user-service,hikaricp_connections_usage_seconds_sum,"{framework=""spring-boot"",language=""java"",pool=""HikariPool-1"",service=""java-user-service"",}",22.089
1790100809.020,java-user-service,tomcat_threads_config_max_threads,"{framework=""spring-boot"",language=""java"",name=""http-nio-9081"",service=""java-user-service"",}",64.0
1790100809.020,java-user-service,hikaricp_connections_active,"{framework=""spring-boot"",language=""java"",pool=""HikariPool-1"",service=""java-user-service"",}",0.0
1790100809.020,java-user-service,jvm_memory_used_bytes,"{area=""nonheap"",framework=""spring-boot"",id=""CodeHeap 'non-nmethods'"",language=""java"",service=""java-user-service"",}",1642752.0
1790100809.020,java-user-service,jvm_memory_used_bytes,"{area=""nonheap"",framework=""spring-boot"",id=""CodeHeap 'non-profiled nmethods'"",language=""java"",service=""java-user-service"",}",7331712.0
1790100809.020,java-user-service,jvm_memory_used_bytes,"{area=""heap"",framework=""spring-boot"",id=""G1 Survivor Space"",language=""java"",service=""java-user-service"",}",5735040.0
1790100809.020,java-user-service,jvm_memory_used_bytes,"{area=""heap"",framework=""spring-boot"",id=""G1 Old Gen"",language=""java"",service=""java-user-service"",}",36164088.0
1790100809.020,java-user-service,jvm_memory_used_bytes,"{area=""nonheap"",framework=""spring-boot"",id=""Metaspace"",language=""java"",service=""java-user-service"",}",101372912.0
1790100809.020,java-user-service,jvm_memory_used_bytes,"{area=""heap"",framework=""spring-boot"",id=""G1 Eden Space"",language=""java"",service=""java-user-service"",}",63963136.0
1790100809.020,java-user-service,jvm_memory_used_bytes,"{area=""nonheap"",framework=""spring-boot"",id=""Compressed Class Space"",language=""java"",service=""java-user-service"",}",13407456.0
1790100809.020,java-user-service,jvm_memory_used_bytes,"{area=""nonheap"",framework=""spring-boot"",id=""CodeHeap 'profiled nmethods'"",language=""java"",service=""java-user-service"",}",26808704.0
1790100809.020,java-user-service,jvm_gc_pause_seconds_count,"{action=""end of minor GC"",cause=""G1 Evacuation Pause"",framework=""spring-boot"",gc=""G1 Young Generation"",language=""java"",service=""java-user-service"",}",7.0
1790100809.020,java-user-service,jvm_gc_pause_seconds_sum,"{action=""end of minor GC"",cause=""G1 Evacuation Pause"",framework=""spring-boot"",gc=""G1 Young Generation"",language=""java"",service=""java-user-service"",}",0.039
1790100809.020,java-product-service,hikaricp_connections_active,"{language=""java"",pool=""HikariPool-1"",service=""java-product-service"",}",0.0
1790100809.020,java-product-service,tomcat_threads_busy_threads,"{language=""java"",name=""http-nio-9082"",service=""java-product-service"",}",1.0
1790100809.020,java-product-service,jvm_gc_pause_seconds_count,"{action=""end of minor GC"",cause=""G1 Evacuation Pause"",gc=""G1 Young Generation"",language=""java"",service=""java-product-service"",}",4.0
1790100809.020,java-product-service,jvm_gc_pause_seconds_sum,"{action=""end of minor GC"",cause=""G1 Evacuation Pause"",gc=""G1 Young Generation"",language=""java"",service=""java-product-service"",}",0.022
1790100809.020,java-product-service,tomcat_threads_current_threads,"{language=""java"",name=""http-nio-9082"",service=""java-product-service"",}",10.0
1790100809.020,java-product-service,hikaricp_connections_acquire_seconds_count,"{language=""java"",pool=""HikariPool-1"",service=""java-product-service"",}",43.0
1790100809.020,java-product-service,hikaricp_connections_acquire_seconds_sum,"{language=""java"",pool=""HikariPool-1"",service=""java-product-service"",}",0.006734334
1790100809.020,java-product-service,process_cpu_usage,"{language=""java"",service=""java-product-service"",}",0.035897435897435895
1790100809.020,java-product-service,system_cpu_usage,"{language=""java"",service=""java-product-service"",}",0.03947233333333333
1790100809.020,java-product-service,jvm_memory_used_bytes,"{area=""nonheap"",id=""CodeHeap 'non-nmethods'"",language=""java"",service=""java-product-service"",}",1643008.0
1790100809.020,java-product-service,jvm_memory_used_bytes,"{area=""heap"",id=""G1 Eden Space"",language=""java"",service=""java-product-service"",}",13631488.0
1790100809.020,java-product-service,jvm_memory_used_bytes,"{area=""nonheap"",id=""Metaspace"",language=""java"",service=""java-product-service"",}",97426992.0
1790100809.020,java-product-service,jvm_memory_used_bytes,"{area=""heap"",id=""G1 Old Gen"",language=""java"",service=""java-product-service"",}",40869496.0
1790100809.020,java-product-service,jvm_memory_used_bytes,"{area=""nonheap"",id=""Compressed Class Space"",language=""java"",service=""java-product-service"",}",12971120.0
1790100809.020,java-product-service,jvm_memory_used_bytes,"{area=""heap"",id=""G1 Survivor Space"",language=""java"",service=""java-product-service"",}",3670016.0
1790100809.020,java-product-service,jvm_memory_used_bytes,"{area=""nonheap"",id=""CodeHeap 'profiled nmethods'"",language=""java"",service=""java-product-service"",}",24700416.0
1790100809.020,java-product-service,jvm_memory_used_bytes,"{area=""nonheap"",id=""CodeHeap 'non-profiled nmethods'"",language=""java"",service=""java-product-service"",}",6532736.0
1790100809.020,java-product-service,jvm_memory_committed_bytes,"{area=""nonheap"",id=""CodeHeap 'non-nmethods'"",language=""java"",service=""java-product-service"",}",2555904.0
1790100809.020,java-product-service,jvm_memory_committed_bytes,"{area=""heap"",id=""G1 Eden Space"",language=""java"",service=""java-product-service"",}",51380224.0
1790100809.020,java-product-service,jvm_memory_committed_bytes,"{area=""nonheap"",id=""Metaspace"",language=""java"",service=""java-product-service"",}",98369536.0
1790100809.020,java-product-service,jvm_memory_committed_bytes,"{area=""heap"",id=""G1 Old Gen"",language=""java"",service=""java-product-service"",}",45088768.0
1790100809.020,java-product-service,jvm_memory_committed_bytes,"{area=""nonheap"",id=""Compressed Class Space"",language=""java"",service=""java-product-service"",}",13369344.0
1790100809.020,java-product-service,jvm_memory_committed_bytes,"{area=""heap"",id=""G1 Survivor Space"",language=""java"",service=""java-product-service"",}",4194304.0
1790100809.020,java-product-service,jvm_memory_committed_bytes,"{area=""nonheap"",id=""CodeHeap 'profiled nmethods'"",language=""java"",service=""java-product-service"",}",24707072.0
1790100809.020,java-product-service,jvm_memory_committed_bytes,"{area=""nonheap"",id=""CodeHeap 'non-profiled nmethods'"",language=""java"",service=""java-product-service"",}",6553600.0
1790100809.020,java-product-service,tomcat_threads_config_max_threads,"{language=""java"",name=""http-nio-9082"",service=""java-product-service"",}",64.0
1790100809.020,java-product-service,hikaricp_connections_pending,"{language=""java"",pool=""HikariPool-1"",service=""java-product-service"",}",0.0
1790100809.020,java-product-service,hikaricp_connections_usage_seconds_count,"{language=""java"",pool=""HikariPool-1"",service=""java-product-service"",}",43.0
1790100809.020,java-product-service,hikaricp_connections_usage_seconds_sum,"{language=""java"",pool=""HikariPool-1"",service=""java-product-service"",}",0.504
1790100809.020,java-order-service,hikaricp_connections_acquire_seconds_count,"{language=""java"",pool=""HikariPool-1"",service=""java-order-service"",}",28.0
1790100809.020,java-order-service,hikaricp_connections_acquire_seconds_sum,"{language=""java"",pool=""HikariPool-1"",service=""java-order-service"",}",0.004473709
1790100809.020,java-order-service,jvm_gc_pause_seconds_count,"{action=""end of minor GC"",cause=""G1 Evacuation Pause"",gc=""G1 Young Generation"",language=""java"",service=""java-order-service"",}",1.0
1790100809.020,java-order-service,jvm_gc_pause_seconds_sum,"{action=""end of minor GC"",cause=""G1 Evacuation Pause"",gc=""G1 Young Generation"",language=""java"",service=""java-order-service"",}",0.006
1790100809.020,java-order-service,system_cpu_usage,"{language=""java"",service=""java-order-service"",}",0.021692083333333334
1790100809.020,java-order-service,process_cpu_usage,"{language=""java"",service=""java-order-service"",}",0.022916666666666665
1790100809.020,java-order-service,tomcat_threads_busy_threads,"{language=""java"",name=""http-nio-9083"",service=""java-order-service"",}",1.0
1790100809.020,java-order-service,tomcat_threads_config_max_threads,"{language=""java"",name=""http-nio-9083"",service=""java-order-service"",}",64.0
1790100809.020,java-order-service,jvm_memory_used_bytes,"{area=""nonheap"",id=""CodeHeap 'non-profiled nmethods'"",language=""java"",service=""java-order-service"",}",3658368.0
1790100809.020,java-order-service,jvm_memory_used_bytes,"{area=""heap"",id=""G1 Eden Space"",language=""java"",service=""java-order-service"",}",17825792.0
1790100809.020,java-order-service,jvm_memory_used_bytes,"{area=""nonheap"",id=""CodeHeap 'profiled nmethods'"",language=""java"",service=""java-order-service"",}",12909568.0
1790100809.020,java-order-service,jvm_memory_used_bytes,"{area=""nonheap"",id=""CodeHeap 'non-nmethods'"",language=""java"",service=""java-order-service"",}",1611264.0
1790100809.020,java-order-service,jvm_memory_used_bytes,"{area=""heap"",id=""G1 Survivor Space"",language=""java"",service=""java-order-service"",}",5193544.0
1790100809.020,java-order-service,jvm_memory_used_bytes,"{area=""nonheap"",id=""Compressed Class Space"",language=""java"",service=""java-order-service"",}",10667368.0
1790100809.020,java-order-service,jvm_memory_used_bytes,"{area=""heap"",id=""G1 Old Gen"",language=""java"",service=""java-order-service"",}",29741112.0
1790100809.020,java-order-service,jvm_memory_used_bytes,"{area=""nonheap"",id=""Metaspace"",language=""java"",service=""java-order-service"",}",77991360.0
1790100809.020,java-order-service,tomcat_threads_current_threads,"{language=""java"",name=""http-nio-9083"",service=""java-order-service"",}",10.0
1790100809.020,java-order-service,hikaricp_connections_usage_seconds_count,"{language=""java"",pool=""HikariPool-1"",service=""java-order-service"",}",28.0
1790100809.020,java-order-service,hikaricp_connections_usage_seconds_sum,"{language=""java"",pool=""HikariPool-1"",service=""java-order-service"",}",0.001
1790100809.020,java-order-service,jvm_memory_committed_bytes,"{area=""nonheap"",id=""CodeHeap 'non-profiled nmethods'"",language=""java"",service=""java-order-service"",}",3735552.0
1790100809.020,java-order-service,jvm_memory_committed_bytes,"{area=""heap"",id=""G1 Eden Space"",language=""java"",service=""java-order-service"",}",57671680.0
1790100809.020,java-order-service,jvm_memory_committed_bytes,"{area=""nonheap"",id=""CodeHeap 'profiled nmethods'"",language=""java"",service=""java-order-service"",}",13434880.0
1790100809.020,java-order-service,jvm_memory_committed_bytes,"{area=""nonheap"",id=""CodeHeap 'non-nmethods'"",language=""java"",service=""java-order-service"",}",2555904.0
1790100809.020,java-order-service,jvm_memory_committed_bytes,"{area=""heap"",id=""G1 Survivor Space"",language=""java"",service=""java-order-service"",}",5242880.0
1790100809.020,java-order-service,jvm_memory_committed_bytes,"{area=""nonheap"",id=""Compressed Class Space"",language=""java"",service=""java-order-service"",}",11010048.0
1790100809.020,java-order-service,jvm_memory_committed_bytes,"{area=""heap"",id=""G1 Old Gen"",language=""java"",service=""java-order-service"",}",36700160.0
1790100809.020,java-order-service,jvm_memory_committed_bytes,"{area=""nonheap"",id=""Metaspace"",language=""java"",service=""java-order-service"",}",78839808.0
1790100809.020,java-order-service,hikaricp_connections_active,"{language=""java"",pool=""HikariPool-1"",service=""java-order-service"",}",0.0
1790100809.020,java-order-service,hikaricp_connections_pending,"{language=""java"",pool=""HikariPool-1"",service=""java-order-service"",}",0.0
1790100814.082,java-user-service,hikaricp_connections_acquire_seconds_count,"{framework=""spring-boot"",language=""java"",pool=""HikariPool-1"",service=""java-user-service"",}",311.0
1790100814.082,java-user-service,hikaricp_connections_acquire_seconds_sum,"{framework=""spring-boot"",language=""java"",pool=""HikariPool-1"",service=""java-user-service"",}",0.013290706
1790100814.082,java-user-service,system_cpu_usage,"{framework=""spring-boot"",language=""java"",service=""java-user-service"",}",0.08359555555555556
1790100814.082,java-user-service,process_cpu_usage,"{framework=""spring-boot"",language=""java"",service=""java-user-service"",}",0.08366013071895424
1790100814.082,java-user-service,tomcat_threads_busy_threads,"{framework=""spring-boot"",language=""java"",name=""http-nio-9081"",service=""java-user-service"",}",1.0
1790100814.082,java-user-service,tomcat_threads_current_threads,"{framework=""spring-boot"",language=""java"",name=""http-nio-9081"",service=""java-user-service"",}",10.0
1790100814.082,java-user-service,jvm_memory_committed_bytes,"{area=""nonheap"",framework=""spring-boot"",id=""CodeHeap 'non-nmethods'"",language=""java"",service=""java-user-service"",}",2555904.0
1790100814.082,java-user-service,jvm_memory_committed_bytes,"{area=""nonheap"",framework=""spring-boot"",id=""CodeHeap 'non-profiled nmethods'"",language=""java"",service=""java-user-service"",}",7471104.0
1790100814.082,java-user-service,jvm_memory_committed_bytes,"{area=""heap"",framework=""spring-boot"",id=""G1 Survivor Space"",language=""java"",service=""java-user-service"",}",5242880.0
1790100814.082,java-user-service,jvm_memory_committed_bytes,"{area=""heap"",framework=""spring-boot"",id=""G1 Old Gen"",language=""java"",service=""java-user-service"",}",49283072.0
1790100814.082,java-user-service,jvm_memory_committed_bytes,"{area=""nonheap"",framework=""spring-boot"",id=""Metaspace"",language=""java"",service=""java-user-service"",}",102301696.0
1790100814.082,java-user-service,jvm_memory_committed_bytes,"{area=""heap"",framework=""spring-boot"",id=""G1 Eden Space"",language=""java"",service=""java-user-service"",}",78643200.0
1790100814.082,java-user-service,jvm_memory_committed_bytes,"{area=""nonheap"",framework=""spring-boot"",id=""Compressed Class Space"",language=""java"",service=""java-user-service"",}",13828096.0
1790100814.082,java-user-service,jvm_memory_committed_bytes,"{area=""nonheap"",framework=""spring-boot"",id=""CodeHeap 'profiled nmethods'"",language=""java"",service=""java-user-service"",}",27000832.0
1790100814.082,java-user-service,hikaricp_connections_pending,"{framework=""spring-boot"",language=""java"",pool=""HikariPool-1"",service=""java-user-service"",}",0.0
1790100814.082,java-user-service,hikaricp_connections_usage_seconds_count,"{framework=""spring-boot"",language=""java"",pool=""HikariPool-1"",service=""java-user-service"",}",311.0
1790100814.082,java-user-service,hikaricp_connections_usage_seconds_sum,"{framework=""spring-boot"",language=""java"",pool=""HikariPool-1"",service=""java-user-service"",}",22.089
1790100814.082,java-user-service,tomcat_threads_config_max_threads,"{framework=""spring-boot"",language=""java"",name=""http-nio-9081"",service=""java-user-service"",}",64.0
1790100814.082,java-user-service,hikaricp_connections_active,"{framework=""spring-boot"",language=""java"",pool=""HikariPool-1"",service=""java-user-service"",}",0.0
1790100814.082,java-user-service,jvm_memory_used_bytes,"{area=""nonheap"",framework=""spring-boot"",id=""CodeHeap 'non-nmethods'"",language=""java"",service=""java-user-service"",}",1642752.0
1790100814.082,java-user-service,jvm_memory_used_bytes,"{area=""nonheap"",framework=""spring-boot"",id=""CodeHeap 'non-profiled nmethods'"",language=""java"",service=""java-user-service"",}",7170304.0
1790100814.082,java-user-service,jvm_memory_used_bytes,"{area=""heap"",framework=""spring-boot"",id=""G1 Survivor Space"",language=""java"",service=""java-user-service"",}",5242880.0
1790100814.082,java-user-service,jvm_memory_used_bytes,"{area=""heap"",framework=""spring-boot"",id=""G1 Old Gen"",language=""java"",service=""java-user-service"",}",36164088.0
1790100814.082,java-user-service,jvm_memory_used_bytes,"{area=""nonheap"",framework=""spring-boot"",id=""Metaspace"",language=""java"",service=""java-user-service"",}",101410560.0
1790100814.082,java-user-service,jvm_memory_used_bytes,"{area=""heap"",framework=""spring-boot"",id=""G1 Eden Space"",language=""java"",service=""java-user-service"",}",5242880.0
1790100814.082,java-user-service,jvm_memory_used_bytes,"{area=""nonheap"",framework=""spring-boot"",id=""Compressed Class Space"",language=""java"",service=""java-user-service"",}",13407976.0
1790100814.082,java-user-service,jvm_memory_used_bytes,"{area=""nonheap"",framework=""spring-boot"",id=""CodeHeap 'profiled nmethods'"",language=""java"",service=""java-user-service"",}",24686592.0
1790100814.082,java-user-service,jvm_gc_pause_seconds_count,"{action=""end of minor GC"",cause=""G1 Evacuation Pause"",framework=""spring-boot"",gc=""G1 Young Generation"",language=""java"",service=""java-user-service"",}",8.0
1790100814.082,java-user-service,jvm_gc_pause_seconds_sum,"{action=""end of minor GC"",cause=""G1 Evacuation Pause"",framework=""spring-boot"",gc=""G1 Young Generation"",language=""java"",service=""java-user-service"",}",0.053
1790100814.082,java-product-service,hikaricp_connections_active,"{language=""java"",pool=""HikariPool-1"",service=""java-product-service"",}",0.0
1790100814.082,java-product-service,tomcat_threads_busy_threads,"{language=""java"",name=""http-nio-9082"",service=""java-product-service"",}",1.0
1790100814.082,java-product-service,jvm_gc_pause_seconds_count,"{action=""end of minor GC"",cause=""G1 Evacuation Pause"",gc=""G1 Young Generation"",language=""java"",service=""java-product-service"",}",4.0
1790100814.082,java-product-service,jvm_gc_pause_seconds_sum,"{action=""end of minor GC"",cause=""G1 Evacuation Pause"",gc=""G1 Young Generation"",language=""java"",service=""java-product-service"",}",0.022
1790100814.082,java-product-service,tomcat_threads_current_threads,"{language=""java"",name=""http-nio-9082"",service=""java-product-service"",}",10.0
1790100814.082,java-product-service,hikaricp_connections_acquire_seconds_count,"{language=""java"",pool=""HikariPool-1"",service=""java-product-service"",}",63.0
1790100814.082,java-product-service,hikaricp_connections_acquire_seconds_sum,"{language=""java"",pool=""HikariPool-1"",service=""java-product-service"",}",0.010817873
1790100814.082,java-product-service,process_cpu_usage,"{language=""java"",service=""java-product-service"",}",0.04666666666666667
1790100814.082,java-product-service,system_cpu_usage,"{language=""java"",service=""java-product-service"",}",0.04675278911564626
1790100814.082,java-product-service,jvm_memory_used_bytes,"{area=""nonheap"",id=""CodeHeap 'non-nmethods'"",language=""java"",service=""java-product-service"",}",1643008.0
1790100814.082,java-product-service,jvm_memory_used_bytes,"{area=""heap"",id=""G1 Eden Space"",language=""java"",service=""java-product-service"",}",18874368.0
1790100814.082,java-product-service,jvm_memory_used_bytes,"{area=""nonheap"",id=""Metaspace"",language=""java"",service=""java-product-service"",}",97457192.0
1790100814.082,java-product-service,jvm_memory_used_bytes,"{area=""heap"",id=""G1 Old Gen"",language=""java"",service=""java-product-service"",}",40869496.0
1790100814.082,java-product-service,jvm_memory_used_bytes,"{area=""nonheap"",id=""Compressed Class Space"",language=""java"",service=""java-product-service"",}",12971120.0
1790100814.082,java-product-service,jvm_memory_used_bytes,"{area=""heap"",id=""G1 Survivor Space"",language=""java"",service=""java-product-service"",}",3670016.0
1790100814.082,java-product-service,jvm_memory_used_bytes,"{area=""nonheap"",id=""CodeHeap 'profiled nmethods'"",language=""java"",service=""java-product-service"",}",24843776.0
1790100814.082,java-product-service,jvm_memory_used_bytes,"{area=""nonheap"",id=""CodeHeap 'non-profiled nmethods'"",language=""java"",service=""java-product-service"",}",6596736.0
1790100814.082,java-product-service,jvm_memory_committed_bytes,"{area=""nonheap"",id=""CodeHeap 'non-nmethods'"",language=""java"",service=""java-product-service"",}",2555904.0
1790100814.082,java-product-service,jvm_memory_committed_bytes,"{area=""heap"",id=""G1 Eden Space"",language=""java"",service=""java-product-service"",}",51380224.0
1790100814.082,java-product-service,jvm_memory_committed_bytes,"{area=""nonheap"",id=""Metaspace"",language=""java"",service=""java-product-service"",}",98369536.0
1790100814.082,java-product-service,jvm_memory_committed_bytes,"{area=""heap"",id=""G1 Old Gen"",language=""java"",service=""java-product-service"",}",45088768.0
1790100814.082,java-product-service,jvm_memory_committed_bytes,"{area=""nonheap"",id=""Compressed Class Space"",language=""java"",service=""java-product-service"",}",13369344.0
1790100814.082,java-product-service,jvm_memory_committed_bytes,"{area=""heap"",id=""G1 Survivor Space"",language=""java"",service=""java-product-service"",}",4194304.0
1790100814.082,java-product-service,jvm_memory_committed_bytes,"{area=""nonheap"",id=""CodeHeap 'profiled nmethods'"",language=""java"",service=""java-product-service"",}",24903680.0
1790100814.082,java-product-service,jvm_memory_committed_bytes,"{area=""nonheap"",id=""CodeHeap 'non-profiled nmethods'"",language=""java"",service=""java-product-service"",}",6619136.0
1790100814.082,java-product-service,tomcat_threads_config_max_threads,"{language=""java"",name=""http-nio-9082"",service=""java-product-service"",}",64.0
1790100814.082,java-product-service,hikaricp_connections_pending,"{language=""java"",pool=""HikariPool-1"",service=""java-product-service"",}",0.0
1790100814.082,java-product-service,hikaricp_connections_usage_seconds_count,"{language=""java"",pool=""HikariPool-1"",service=""java-product-service"",}",63.0
1790100814.082,java-product-service,hikaricp_connections_usage_seconds_sum,"{language=""java"",pool=""HikariPool-1"",service=""java-product-service"",}",0.504
1790100814.082,java-order-service,hikaricp_connections_acquire_seconds_count,"{language=""java"",pool=""HikariPool-1"",service=""java-order-service"",}",50.0
1790100814.082,java-order-service,hikaricp_connections_acquire_seconds_sum,"{language=""java"",pool=""HikariPool-1"",service=""java-order-service"",}",0.007725667
1790100814.082,java-order-service,jvm_gc_pause_seconds_count,"{action=""end of minor GC"",cause=""G1 Evacuation Pause"",gc=""G1 Young Generation"",language=""java"",service=""java-order-service"",}",1.0
1790100814.082,java-order-service,jvm_gc_pause_seconds_sum,"{action=""end of minor GC"",cause=""G1 Evacuation Pause"",gc=""G1 Young Generation"",language=""java"",service=""java-order-service"",}",0.006
1790100814.082,java-order-service,system_cpu_usage,"{language=""java"",service=""java-order-service"",}",0.03921226666666667
1790100814.082,java-order-service,process_cpu_usage,"{language=""java"",service=""java-order-service"",}",0.032
1790100814.082,java-order-service,tomcat_threads_busy_threads,"{language=""java"",name=""http-nio-9083"",service=""java-order-service"",}",1.0
1790100814.082,java-order-service,tomcat_threads_config_max_threads,"{language=""java"",name=""http-nio-9083"",service=""java-order-service"",}",64.0
1790100814.082,java-order-service,jvm_memory_used_bytes,"{area=""nonheap"",id=""CodeHeap 'non-profiled nmethods'"",language=""java"",service=""java-order-service"",}",3727360.0
1790100814.082,java-order-service,jvm_memory_used_bytes,"{area=""heap"",id=""G1 Eden Space"",language=""java"",service=""java-order-service"",}",18874368.0
1790100814.082,java-order-service,jvm_memory_used_bytes,"{area=""nonheap"",id=""CodeHeap 'profiled nmethods'"",language=""java"",service=""java-order-service"",}",13214592.0
1790100814.082,java-order-service,jvm_memory_used_bytes,"{area=""nonheap"",id=""CodeHeap 'non-nmethods'"",language=""java"",service=""java-order-service"",}",1611264.0
1790100814.082,java-order-service,jvm_memory_used_bytes,"{area=""heap"",id=""G1 Survivor Space"",language=""java"",service=""java-order-service"",}",5193544.0
1790100814.082,java-order-service,jvm_memory_used_bytes,"{area=""nonheap"",id=""Compressed Class Space"",language=""java"",service=""java-order-service"",}",10667368.0
1790100814.082,java-order-service,jvm_memory_used_bytes,"{area=""heap"",id=""G1 Old Gen"",language=""java"",service=""java-order-service"",}",29741112.0
1790100814.082,java-order-service,jvm_memory_used_bytes,"{area=""nonheap"",id=""Metaspace"",language=""java"",service=""java-order-service"",}",78089600.0
1790100814.082,java-order-service,tomcat_threads_current_threads,"{language=""java"",name=""http-nio-9083"",service=""java-order-service"",}",10.0
1790100814.082,java-order-service,hikaricp_connections_usage_seconds_count,"{language=""java"",pool=""HikariPool-1"",service=""java-order-service"",}",50.0
1790100814.082,java-order-service,hikaricp_connections_usage_seconds_sum,"{language=""java"",pool=""HikariPool-1"",service=""java-order-service"",}",0.001
1790100814.082,java-order-service,jvm_memory_committed_bytes,"{area=""nonheap"",id=""CodeHeap 'non-profiled nmethods'"",language=""java"",service=""java-order-service"",}",3735552.0
1790100814.082,java-order-service,jvm_memory_committed_bytes,"{area=""heap"",id=""G1 Eden Space"",language=""java"",service=""java-order-service"",}",57671680.0
1790100814.082,java-order-service,jvm_memory_committed_bytes,"{area=""nonheap"",id=""CodeHeap 'profiled nmethods'"",language=""java"",service=""java-order-service"",}",13434880.0
1790100814.082,java-order-service,jvm_memory_committed_bytes,"{area=""nonheap"",id=""CodeHeap 'non-nmethods'"",language=""java"",service=""java-order-service"",}",2555904.0
1790100814.082,java-order-service,jvm_memory_committed_bytes,"{area=""heap"",id=""G1 Survivor Space"",language=""java"",service=""java-order-service"",}",5242880.0
1790100814.082,java-order-service,jvm_memory_committed_bytes,"{area=""nonheap"",id=""Compressed Class Space"",language=""java"",service=""java-order-service"",}",11010048.0
1790100814.082,java-order-service,jvm_memory_committed_bytes,"{area=""heap"",id=""G1 Old Gen"",language=""java"",service=""java-order-service"",}",36700160.0
1790100814.082,java-order-service,jvm_memory_committed_bytes,"{area=""nonheap"",id=""Metaspace"",language=""java"",service=""java-order-service"",}",78905344.0
1790100814.082,java-order-service,hikaricp_connections_active,"{language=""java"",pool=""HikariPool-1"",service=""java-order-service"",}",0.0
1790100814.082,java-order-service,hikaricp_connections_pending,"{language=""java"",pool=""HikariPool-1"",service=""java-order-service"",}",0.0
1790100819.140,java-user-service,hikaricp_connections_acquire_seconds_count,"{framework=""spring-boot"",language=""java"",pool=""HikariPool-1"",service=""java-user-service"",}",331.0
1790100819.140,java-user-service,hikaricp_connections_acquire_seconds_sum,"{framework=""spring-boot"",language=""java"",pool=""HikariPool-1"",service=""java-user-service"",}",0.017388371
1790100819.140,java-user-service,system_cpu_usage,"{framework=""spring-boot"",language=""java"",service=""java-user-service"",}",0.08654732026143791
1790100819.140,java-user-service,process_cpu_usage,"{framework=""spring-boot"",language=""java"",service=""java-user-service"",}",0.08366013071895424
1790100819.140,java-user-service,tomcat_threads_busy_threads,"{framework=""spring-boot"",language=""java"",name=""http-nio-9081"",service=""java-user-service"",}",1.0
1790100819.140,java-user-service,tomcat_threads_current_threads,"{framework=""spring-boot"",language=""java"",name=""http-nio-9081"",service=""java-user-service"",}",10.0
1790100819.140,java-user-service,jvm_memory_committed_bytes,"{area=""nonheap"",framework=""spring-boot"",id=""CodeHeap 'non-nmethods'"",language=""java"",service=""java-user-service"",}",2555904.0
1790100819.140,java-user-service,jvm_memory_committed_bytes,"{area=""nonheap"",framework=""spring-boot"",id=""CodeHeap 'non-profiled nmethods'"",language=""java"",service=""java-user-service"",}",7536640.0
1790100819.140,java-user-service,jvm_memory_committed_bytes,"{area=""heap"",framework=""spring-boot"",id=""G1 Survivor Space"",language=""java"",service=""java-user-service"",}",5242880.0
1790100819.140,java-user-service,jvm_memory_committed_bytes,"{area=""heap"",framework=""spring-boot"",id=""G1 Old Gen"",language=""java"",service=""java-user-service"",}",49283072.0
1790100819.140,java-user-service,jvm_memory_committed_bytes,"{area=""nonheap"",framework=""spring-boot"",id=""Metaspace"",language=""java"",service=""java-user-service"",}",102432768.0
1790100819.140,java-user-service,jvm_memory_committed_bytes,"{area=""heap"",framework=""spring-boot"",id=""G1 Eden Space"",language=""java"",service=""java-user-service"",}",78643200.0
1790100819.140,java-user-service,jvm_memory_committed_bytes,"{area=""nonheap"",framework=""spring-boot"",id=""Compressed Class Space"",language=""java"",service=""java-user-service"",}",13893632.0
1790100819.140,java-user-service,jvm_memory_committed_bytes,"{area=""nonheap"",framework=""spring-boot"",id=""CodeHeap 'profiled nmethods'"",language=""java"",service=""java-user-service"",}",27000832.0
1790100819.140,java-user-service,hikaricp_connections_pending,"{framework=""spring-boot"",language=""java"",pool=""HikariPool-1"",service=""java-user-service"",}",0.0
1790100819.140,java-user-service,hikaricp_connections_usage_seconds_count,"{framework=""spring-boot"",language=""java"",pool=""HikariPool-1"",service=""java-user-service"",}",331.0
1790100819.140,java-user-service,hikaricp_connections_usage_seconds_sum,"{framework=""spring-boot"",language=""java"",pool=""HikariPool-1"",service=""java-user-service"",}",22.089
1790100819.140,java-user-service,tomcat_threads_config_max_threads,"{framework=""spring-boot"",language=""java"",name=""http-nio-9081"",service=""java-user-service"",}",64.0
1790100819.140,java-user-service,hikaricp_connections_active,"{framework=""spring-boot"",language=""java"",pool=""HikariPool-1"",service=""java-user-service"",}",0.0
1790100819.140,java-user-service,jvm_memory_used_bytes,"{area=""nonheap"",framework=""spring-boot"",id=""CodeHeap 'non-nmethods'"",language=""java"",service=""java-user-service"",}",1642752.0
1790100819.140,java-user-service,jvm_memory_used_bytes,"{area=""nonheap"",framework=""spring-boot"",id=""CodeHeap 'non-profiled nmethods'"",language=""java"",service=""java-user-service"",}",7319040.0
1790100819.140,java-user-service,jvm_memory_used_bytes,"{area=""heap"",framework=""spring-boot"",id=""G1 Survivor Space"",language=""java"",service=""java-user-service"",}",5242880.0
1790100819.140,java-user-service,jvm_memory_used_bytes,"{area=""heap"",framework=""spring-boot"",id=""G1 Old Gen"",language=""java"",service=""java-user-service"",}",36164088.0
1790100819.140,java-user-service,jvm_memory_used_bytes,"{area=""nonheap"",framework=""spring-boot"",id=""Metaspace"",language=""java"",service=""java-user-service"",}",101447992.0
1790100819.140,java-user-service,jvm_memory_used_bytes,"{area=""heap"",framework=""spring-boot"",id=""G1 Eden Space"",language=""java"",service=""java-user-service"",}",24117248.0
1790100819.140,java-user-service,jvm_memory_used_bytes,"{area=""nonheap"",framework=""spring-boot"",id=""Compressed Class Space"",language=""java"",service=""java-user-service"",}",13410056.0
1790100819.140,java-user-service,jvm_memory_used_bytes,"{area=""nonheap"",framework=""spring-boot"",id=""CodeHeap 'profiled nmethods'"",language=""java"",service=""java-user-service"",}",24857600.0
1790100819.140,java-user-service,jvm_gc_pause_seconds_count,"{action=""end of minor GC"",cause=""G1 Evacuation Pause"",framework=""spring-boot"",gc=""G1 Young Generation"",language=""java"",service=""java-user-service"",}",8.0
1790100819.140,java-user-service,jvm_gc_pause_seconds_sum,"{action=""end of minor GC"",cause=""G1 Evacuation Pause"",framework=""spring-boot"",gc=""G1 Young Generation"",language=""java"",service=""java-user-service"",}",0.053
1790100819.140,java-product-service,hikaricp_connections_active,"{language=""java"",pool=""HikariPool-1"",service=""java-product-service"",}",0.0
1790100819.140,java-product-service,tomcat_threads_busy_threads,"{language=""java"",name=""http-nio-9082"",service=""java-product-service"",}",1.0
1790100819.140,java-product-service,jvm_gc_pause_seconds_count,"{action=""end of minor GC"",cause=""G1 Evacuation Pause"",gc=""G1 Young Generation"",language=""java"",service=""java-product-service"",}",4.0
1790100819.140,java-product-service,jvm_gc_pause_seconds_sum,"{action=""end of minor GC"",cause=""G1 Evacuation Pause"",gc=""G1 Young Generation"",language=""java"",service=""java-product-service"",}",0.022
1790100819.140,java-product-service,tomcat_threads_current_threads,"{language=""java"",name=""http-nio-9082"",service=""java-product-service"",}",10.0
1790100819.140,java-product-service,hikaricp_connections_acquire_seconds_count,"{language=""java"",pool=""HikariPool-1"",service=""java-product-service"",}",83.0
1790100819.140,java-product-service,hikaricp_connections_acquire_seconds_sum,"{language=""java"",pool=""HikariPool-1"",service=""java-product-service"",}",0.014888412
1790100819.140,java-product-service,process_cpu_usage,"{language=""java"",service=""java-product-service"",}",0.0784313725490196
1790100819.140,java-product-service,system_cpu_usage,"{language=""java"",service=""java-product-service"",}",0.0807083660130719
1790100819.140,java-product-service,jvm_memory_used_bytes,"{area=""nonheap"",id=""CodeHeap 'non-nmethods'"",language=""java"",service=""java-product-service"",}",1643008.0
1790100819.140,java-product-service,jvm_memory_used_bytes,"{area=""heap"",id=""G1 Eden Space"",language=""java"",service=""java-product-service"",}",26214400.0
1790100819.140,java-product-service,jvm_memory_used_bytes,"{area=""nonheap"",id=""Metaspace"",language=""java"",service=""java-product-service"",}",97513272.0
1790100819.140,java-product-service,jvm_memory_used_bytes,"{area=""heap"",id=""G1 Old Gen"",language=""java"",service=""java-product-service"",}",40869496.0
1790100819.140,java-product-service,jvm_memory_used_bytes,"{area=""nonheap"",id=""Compressed Class Space"",language=""java"",service=""java-product-service"",}",12974312.0
1790100819.140,java-product-service,jvm_memory_used_bytes,"{area=""heap"",id=""G1 Survivor Space"",language=""java"",service=""java-product-service"",}",3670016.0
1790100819.140,java-product-service,jvm_memory_used_bytes,"{area=""nonheap"",id=""CodeHeap 'profiled nmethods'"",language=""java"",service=""java-product-service"",}",25046144.0
1790100819.140,java-product-service,jvm_memory_used_bytes,"{area=""nonheap"",id=""CodeHeap 'non-profiled nmethods'"",language=""java"",service=""java-product-service"",}",6785792.0
1790100819.140,java-product-service,jvm_memory_committed_bytes,"{area=""nonheap"",id=""CodeHeap 'non-nmethods'"",language=""java"",service=""java-product-service"",}",2555904.0
1790100819.140,java-product-service,jvm_memory_committed_bytes,"{area=""heap"",id=""G1 Eden Space"",language=""java"",service=""java-product-service"",}",51380224.0
1790100819.140,java-product-service,jvm_memory_committed_bytes,"{area=""nonheap"",id=""Metaspace"",language=""java"",service=""java-product-service"",}",98369536.0
1790100819.140,java-product-service,jvm_memory_committed_bytes,"{area=""heap"",id=""G1 Old Gen"",language=""java"",service=""java-product-service"",}",45088768.0
1790100819.140,java-product-service,jvm_memory_committed_bytes,"{area=""nonheap"",id=""Compressed Class Space"",language=""java"",service=""java-product-service"",}",13369344.0
1790100819.140,java-product-service,jvm_memory_committed_bytes,"{area=""heap"",id=""G1 Survivor Space"",language=""java"",service=""java-product-service"",}",4194304.0
1790100819.140,java-product-service,jvm_memory_committed_bytes,"{area=""nonheap"",id=""CodeHeap 'profiled nmethods'"",language=""java"",service=""java-product-service"",}",25100288.0
1790100819.140,java-product-service,jvm_memory_committed_bytes,"{area=""nonheap"",id=""CodeHeap 'non-profiled nmethods'"",language=""java"",service=""java-product-service"",}",6815744.0
1790100819.140,java-product-service,tomcat_threads_config_max_threads,"{language=""java"",name=""http-nio-9082"",service=""java-product-service"",}",64.0
1790100819.140,java-product-service,hikaricp_connections_pending,"{language=""java"",pool=""HikariPool-1"",service=""java-product-service"",}",0.0
1790100819.140,java-product-service,hikaricp_connections_usage_seconds_count,"{language=""java"",pool=""HikariPool-1"",service=""java-product-service"",}",83.0
1790100819.140,java-product-service,hikaricp_connections_usage_seconds_sum,"{language=""java"",pool=""HikariPool-1"",service=""java-product-service"",}",0.504
1790100819.140,java-order-service,hikaricp_connections_acquire_seconds_count,"{language=""java"",pool=""HikariPool-1"",service=""java-order-service"",}",68.0
1790100819.140,java-order-service,hikaricp_connections_acquire_seconds_sum,"{language=""java"",pool=""HikariPool-1"",service=""java-order-service"",}",0.010903918
1790100819.140,java-order-service,jvm_gc_pause_seconds_count,"{action=""end of minor GC"",cause=""G1 Evacuation Pause"",gc=""G1 Young Generation"",language=""java"",service=""java-order-service"",}",1.0
1790100819.140,java-order-service,jvm_gc_pause_seconds_sum,"{action=""end of minor GC"",cause=""G1 Evacuation Pause"",gc=""G1 Young Generation"",language=""java"",service=""java-order-service"",}",0.006
1790100819.140,java-order-service,system_cpu_usage,"{language=""java"",service=""java-order-service"",}",0.02418967741935484
1790100819.140,java-order-service,process_cpu_usage,"{language=""java"",service=""java-order-service"",}",0.023655913978494623
1790100819.140,java-order-service,tomcat_threads_busy_threads,"{language=""java"",name=""http-nio-9083"",service=""java-order-service"",}",1.0
1790100819.140,java-order-service,tomcat_threads_config_max_threads,"{language=""java"",name=""http-nio-9083"",service=""java-order-service"",}",64.0
1790100819.140,java-order-service,jvm_memory_used_bytes,"{area=""nonheap"",id=""CodeHeap 'non-profiled nmethods'"",language=""java"",service=""java-order-service"",}",3773184.0
1790100819.140,java-order-service,jvm_memory_used_bytes,"{area=""heap"",id=""G1 Eden Space"",language=""java"",service=""java-order-service"",}",19922944.0
1790100819.140,java-order-service,jvm_memory_used_bytes,"{area=""nonheap"",id=""CodeHeap 'profiled nmethods'"",language=""java"",service=""java-order-service"",}",13438720.0
1790100819.140,java-order-service,jvm_memory_used_bytes,"{area=""nonheap"",id=""CodeHeap 'non-nmethods'"",language=""java"",service=""java-order-service"",}",1611264.0
1790100819.140,java-order-service,jvm_memory_used_bytes,"{area=""heap"",id=""G1 Survivor Space"",language=""java"",service=""java-order-service"",}",5193544.0
1790100819.140,java-order-service,jvm_memory_used_bytes,"{area=""nonheap"",id=""Compressed Class Space"",language=""java"",service=""java-order-service"",}",10667368.0
1790100819.140,java-order-service,jvm_memory_used_bytes,"{area=""heap"",id=""G1 Old Gen"",language=""java"",service=""java-order-service"",}",29741112.0
1790100819.140,java-order-service,jvm_memory_used_bytes,"{area=""nonheap"",id=""Metaspace"",language=""java"",service=""java-order-service"",}",78137368.0
1790100819.140,java-order-service,tomcat_threads_current_threads,"{language=""java"",name=""http-nio-9083"",service=""java-order-service"",}",10.0
1790100819.140,java-order-service,hikaricp_connections_usage_seconds_count,"{language=""java"",pool=""HikariPool-1"",service=""java-order-service"",}",68.0
1790100819.140,java-order-service,hikaricp_connections_usage_seconds_sum,"{language=""java"",pool=""HikariPool-1"",service=""java-order-service"",}",0.001
1790100819.140,java-order-service,jvm_memory_committed_bytes,"{area=""nonheap"",id=""CodeHeap 'non-profiled nmethods'"",language=""java"",service=""java-order-service"",}",3801088.0
1790100819.140,java-order-service,jvm_memory_committed_bytes,"{area=""heap"",id=""G1 Eden Space"",language=""java"",service=""java-order-service"",}",57671680.0
1790100819.140,java-order-service,jvm_memory_committed_bytes,"{area=""nonheap"",id=""CodeHeap 'profiled nmethods'"",language=""java"",service=""java-order-service"",}",13500416.0
1790100819.140,java-order-service,jvm_memory_committed_bytes,"{area=""nonheap"",id=""CodeHeap 'non-nmethods'"",language=""java"",service=""java-order-service"",}",2555904.0
1790100819.140,java-order-service,jvm_memory_committed_bytes,"{area=""heap"",id=""G1 Survivor Space"",language=""java"",service=""java-order-service"",}",5242880.0
1790100819.140,java-order-service,jvm_memory_committed_bytes,"{area=""nonheap"",id=""Compressed Class Space"",language=""java"",service=""java-order-service"",}",11010048.0
1790100819.140,java-order-service,jvm_memory_committed_bytes,"{area=""heap"",id=""G1 Old Gen"",language=""java"",service=""java-order-service"",}",36700160.0
1790100819.140,java-order-service,jvm_memory_committed_bytes,"{area=""nonheap"",id=""Metaspace"",language=""java"",service=""java-order-service"",}",78970880.0
1790100819.140,java-order-service,hikaricp_connections_active,"{language=""java"",pool=""HikariPool-1"",service=""java-order-service"",}",0.0
1790100819.140,java-order-service,hikaricp_connections_pending,"{language=""java"",pool=""HikariPool-1"",service=""java-order-service"",}",0.0
1790100824.198,java-user-service,hikaricp_connections_acquire_seconds_count,"{framework=""spring-boot"",language=""java"",pool=""HikariPool-1"",service=""java-user-service"",}",351.0
1790100824.198,java-user-service,hikaricp_connections_acquire_seconds_sum,"{framework=""spring-boot"",language=""java"",pool=""HikariPool-1"",service=""java-user-service"",}",0.022437788
1790100824.198,java-user-service,system_cpu_usage,"{framework=""spring-boot"",language=""java"",service=""java-user-service"",}",0.10520453333333334
1790100824.198,java-user-service,process_cpu_usage,"{framework=""spring-boot"",language=""java"",service=""java-user-service"",}",0.10533333333333333
1790100824.198,java-user-service,tomcat_threads_busy_threads,"{framework=""spring-boot"",language=""java"",name=""http-nio-9081"",service=""java-user-service"",}",1.0
1790100824.198,java-user-service,tomcat_threads_current_threads,"{framework=""spring-boot"",language=""java"",name=""http-nio-9081"",service=""java-user-service"",}",10.0
1790100824.198,java-user-service,jvm_memory_committed_bytes,"{area=""nonheap"",framework=""spring-boot"",id=""CodeHeap 'non-nmethods'"",language=""java"",service=""java-user-service"",}",2555904.0
1790100824.198,java-user-service,jvm_memory_committed_bytes,"{area=""nonheap"",framework=""spring-boot"",id=""CodeHeap 'non-profiled nmethods'"",language=""java"",service=""java-user-service"",}",7536640.0
1790100824.198,java-user-service,jvm_memory_committed_bytes,"{area=""heap"",framework=""spring-boot"",id=""G1 Survivor Space"",language=""java"",service=""java-user-service"",}",5242880.0
1790100824.198,java-user-service,jvm_memory_committed_bytes,"{area=""heap"",framework=""spring-boot"",id=""G1 Old Gen"",language=""java"",service=""java-user-service"",}",49283072.0
1790100824.198,java-user-service,jvm_memory_committed_bytes,"{area=""nonheap"",framework=""spring-boot"",id=""Metaspace"",language=""java"",service=""java-user-service"",}",102498304.0
1790100824.198,java-user-service,jvm_memory_committed_bytes,"{area=""heap"",framework=""spring-boot"",id=""G1 Eden Space"",language=""java"",service=""java-user-service"",}",78643200.0
1790100824.198,java-user-service,jvm_memory_committed_bytes,"{area=""nonheap"",framework=""spring-boot"",id=""Compressed Class Space"",language=""java"",service=""java-user-service"",}",13893632.0
1790100824.198,java-user-service,jvm_memory_committed_bytes,"{area=""nonheap"",framework=""spring-boot"",id=""CodeHeap 'profiled nmethods'"",language=""java"",service=""java-user-service"",}",27000832.0
1790100824.198,java-user-service,hikaricp_connections_pending,"{framework=""spring-boot"",language=""java"",pool=""HikariPool-1"",service=""java-user-service"",}",0.0
1790100824.198,java-user-service,hikaricp_connections_usage_seconds_count,"{framework=""spring-boot"",language=""java"",pool=""HikariPool-1"",service=""java-user-service"",}",351.0
1790100824.198,java-user-service,hikaricp_connections_usage_seconds_sum,"{framework=""spring-boot"",language=""java"",pool=""HikariPool-1"",service=""java-user-service"",}",22.089
1790100824.198,java-user-service,tomcat_threads_config_max_threads,"{framework=""spring-boot"",language=""java"",name=""http-nio-9081"",service=""java-user-service"",}",64.0
1790100824.198,java-user-service,hikaricp_connections_active,"{framework=""spring-boot"",language=""java"",pool=""HikariPool-1"",service=""java-user-service"",}",0.0
1790100824.198,java-user-service,jvm_memory_used_bytes,"{area=""nonheap"",framework=""spring-boot"",id=""CodeHeap 'non-nmethods'"",language=""java"",service=""java-user-service"",}",1642752.0
1790100824.198,java-user-service,jvm_memory_used_bytes,"{area=""nonheap"",framework=""spring-boot"",id=""CodeHeap 'non-profiled nmethods'"",language=""java"",service=""java-user-service"",}",7443584.0
1790100824.198,java-user-service,jvm_memory_used_bytes,"{area=""heap"",framework=""spring-boot"",id=""G1 Survivor Space"",language=""java"",service=""java-user-service"",}",5242880.0
1790100824.198,java-user-service,jvm_memory_used_bytes,"{area=""heap"",framework=""spring-boot"",id=""G1 Old Gen"",language=""java"",service=""java-user-service"",}",36164088.0
1790100824.198,java-user-service,jvm_memory_used_bytes,"{area=""nonheap"",framework=""spring-boot"",id=""Metaspace"",language=""java"",service=""java-user-service"",}",101502048.0
1790100824.198,java-user-service,jvm_memory_used_bytes,"{area=""heap"",framework=""spring-boot"",id=""G1 Eden Space"",language=""java"",service=""java-user-service"",}",53477376.0
1790100824.198,java-user-service,jvm_memory_used_bytes,"{area=""nonheap"",framework=""spring-boot"",id=""Compressed Class Space"",language=""java"",service=""java-user-service"",}",13410584.0
1790100824.198,java-user-service,jvm_memory_used_bytes,"{area=""nonheap"",framework=""spring-boot"",id=""CodeHeap 'profiled nmethods'"",language=""java"",service=""java-user-service"",}",25010560.0
1790100824.198,java-user-service,jvm_gc_pause_seconds_count,"{action=""end of minor GC"",cause=""G1 Evacuation Pause"",framework=""spring-boot"",gc=""G1 Young Generation"",language=""java"",service=""java-user-service"",}",8.0
1790100824.198,java-user-service,jvm_gc_pause_seconds_sum,"{action=""end of minor GC"",cause=""G1 Evacuation Pause"",framework=""spring-boot"",gc=""G1 Young Generation"",language=""java"",service=""java-user-service"",}",0.053
1790100824.198,java-product-service,hikaricp_connections_active,"{language=""java"",pool=""HikariPool-1"",service=""java-product-service"",}",0.0
1790100824.198,java-product-service,tomcat_threads_busy_threads,"{language=""java"",name=""http-nio-9082"",service=""java-product-service"",}",1.0
1790100824.198,java-product-service,jvm_gc_pause_seconds_count,"{action=""end of minor GC"",cause=""G1 Evacuation Pause"",gc=""G1 Young Generation"",language=""java"",service=""java-product-service"",}",4.0
1790100824.198,java-product-service,jvm_gc_pause_seconds_sum,"{action=""end of minor GC"",cause=""G1 Evacuation Pause"",gc=""G1 Young Generation"",language=""java"",service=""java-product-service"",}",0.022
1790100824.198,java-product-service,tomcat_threads_current_threads,"{language=""java"",name=""http-nio-9082"",service=""java-product-service"",}",10.0
1790100824.198,java-product-service,hikaricp_connections_acquire_seconds_count,"{language=""java"",pool=""HikariPool-1"",service=""java-product-service"",}",103.0
1790100824.198,java-product-service,hikaricp_connections_acquire_seconds_sum,"{language=""java"",pool=""HikariPool-1"",service=""java-product-service"",}",0.019909619
1790100824.198,java-product-service,process_cpu_usage,"{language=""java"",service=""java-product-service"",}",0.08266666666666667
1790100824.198,java-product-service,system_cpu_usage,"{language=""java"",service=""java-product-service"",}",0.08314826666666666
1790100824.198,java-product-service,jvm_memory_used_bytes,"{area=""nonheap"",id=""CodeHeap 'non-nmethods'"",language=""java"",service=""java-product-service"",}",1643008.0
1790100824.198,java-product-service,jvm_memory_used_bytes,"{area=""heap"",id=""G1 Eden Space"",language=""java"",service=""java-product-service"",}",35651584.0
1790100824.198,java-product-service,jvm_memory_used_bytes,"{area=""nonheap"",id=""Metaspace"",language=""java"",service=""java-product-service"",}",97535568.0
1790100824.198,java-product-service,jvm_memory_used_bytes,"{area=""heap"",id=""G1 Old Gen"",language=""java"",service=""java-product-service"",}",40869496.0
1790100824.198,java-product-service,jvm_memory_used_bytes,"{area=""nonheap"",id=""Compressed Class Space"",language=""java"",service=""java-product-service"",}",12974312.0
1790100824.198,java-product-service,jvm_memory_used_bytes,"{area=""heap"",id=""G1 Survivor Space"",language=""java"",service=""java-product-service"",}",3670016.0
1790100824.198,java-product-service,jvm_memory_used_bytes,"{area=""nonheap"",id=""CodeHeap 'profiled nmethods'"",language=""java"",service=""java-product-service"",}",25128960.0
1790100824.198,java-product-service,jvm_memory_used_bytes,"{area=""nonheap"",id=""CodeHeap 'non-profiled nmethods'"",language=""java"",service=""java-product-service"",}",6872832.0
1790100824.198,java-product-service,jvm_memory_committed_bytes,"{area=""nonheap"",id=""CodeHeap 'non-nmethods'"",language=""java"",service=""java-product-service"",}",2555904.0
1790100824.198,java-product-service,jvm_memory_committed_bytes,"{area=""heap"",id=""G1 Eden Space"",language=""java"",service=""java-product-service"",}",51380224.0
1790100824.198,java-product-service,jvm_memory_committed_bytes,"{area=""nonheap"",id=""Metaspace"",language=""java"",service=""java-product-service"",}",98435072.0
1790100824.198,java-product-service,jvm_memory_committed_bytes,"{area=""heap"",id=""G1 Old Gen"",language=""java"",service=""java-product-service"",}",45088768.0
1790100824.198,java-product-service,jvm_memory_committed_bytes,"{area=""nonheap"",id=""Compressed Class Space"",language=""java"",service=""java-product-service"",}",13369344.0
1790100824.198,java-product-service,jvm_memory_committed_bytes,"{area=""heap"",id=""G1 Survivor Space"",language=""java"",service=""java-product-service"",}",4194304.0
1790100824.198,java-product-service,jvm_memory_committed_bytes,"{area=""nonheap"",id=""CodeHeap 'profiled nmethods'"",language=""java"",service=""java-product-service"",}",25165824.0
1790100824.198,java-product-service,jvm_memory_committed_bytes,"{area=""nonheap"",id=""CodeHeap 'non-profiled nmethods'"",language=""java"",service=""java-product-service"",}",6881280.0
1790100824.198,java-product-service,tomcat_threads_config_max_threads,"{language=""java"",name=""http-nio-9082"",service=""java-product-service"",}",64.0
1790100824.198,java-product-service,hikaricp_connections_pending,"{language=""java"",pool=""HikariPool-1"",service=""java-product-service"",}",0.0
1790100824.198,java-product-service,hikaricp_connections_usage_seconds_count,"{language=""java"",pool=""HikariPool-1"",service=""java-product-service"",}",103.0
1790100824.198,java-product-service,hikaricp_connections_usage_seconds_sum,"{language=""java"",pool=""HikariPool-1"",service=""java-product-service"",}",0.504
1790100824.198,java-order-service,hikaricp_connections_acquire_seconds_count,"{language=""java"",pool=""HikariPool-1"",service=""java-order-service"",}",90.0
1790100824.198,java-order-service,hikaricp_connections_acquire_seconds_sum,"{language=""java"",pool=""HikariPool-1"",service=""java-order-service"",}",0.015169666
1790100824.198,java-order-service,jvm_gc_pause_seconds_count,"{action=""end of minor GC"",cause=""G1 Evacuation Pause"",gc=""G1 Young Generation"",language=""java"",service=""java-order-service"",}",1.0
1790100824.198,java-order-service,jvm_gc_pause_seconds_sum,"{action=""end of minor GC"",cause=""G1 Evacuation Pause"",gc=""G1 Young Generation"",language=""java"",service=""java-order-service"",}",0.006
1790100824.198,java-order-service,system_cpu_usage,"{language=""java"",service=""java-order-service"",}",0.027307238095238096
1790100824.198,java-order-service,process_cpu_usage,"{language=""java"",service=""java-order-service"",}",0.022857142857142857
1790100824.198,java-order-service,tomcat_threads_busy_threads,"{language=""java"",name=""http-nio-9083"",service=""java-order-service"",}",1.0
1790100824.198,java-order-service,tomcat_threads_config_max_threads,"{language=""java"",name=""http-nio-9083"",service=""java-order-service"",}",64.0
1790100824.198,java-order-service,jvm_memory_used_bytes,"{area=""nonheap"",id=""CodeHeap 'non-profiled nmethods'"",language=""java"",service=""java-order-service"",}",3819264.0
1790100824.198,java-order-service,jvm_memory_used_bytes,"{area=""heap"",id=""G1 Eden Space"",language=""java"",service=""java-order-service"",}",20971520.0
1790100824.198,java-order-service,jvm_memory_used_bytes,"{area=""nonheap"",id=""CodeHeap 'profiled nmethods'"",language=""java"",service=""java-order-service"",}",13652608.0
1790100824.198,java-order-service,jvm_memory_used_bytes,"{area=""nonheap"",id=""CodeHeap 'non-nmethods'"",language=""java"",service=""java-order-service"",}",1611264.0
1790100824.198,java-order-service,jvm_memory_used_bytes,"{area=""heap"",id=""G1 Survivor Space"",language=""java"",service=""java-order-service"",}",5193544.0
1790100824.198,java-order-service,jvm_memory_used_bytes,"{area=""nonheap"",id=""Compressed Class Space"",language=""java"",service=""java-order-service"",}",10670064.0
1790100824.198,java-order-service,jvm_memory_used_bytes,"{area=""heap"",id=""G1 Old Gen"",language=""java"",service=""java-order-service"",}",29741112.0
1790100824.198,java-order-service,jvm_memory_used_bytes,"{area=""nonheap"",id=""Metaspace"",language=""java"",service=""java-order-service"",}",78216880.0
1790100824.198,java-order-service,tomcat_threads_current_threads,"{language=""java"",name=""http-nio-9083"",service=""java-order-service"",}",10.0
1790100824.198,java-order-service,hikaricp_connections_usage_seconds_count,"{language=""java"",pool=""HikariPool-1"",service=""java-order-service"",}",90.0
1790100824.198,java-order-service,hikaricp_connections_usage_seconds_sum,"{language=""java"",pool=""HikariPool-1"",service=""java-order-service"",}",0.001
1790100824.198,java-order-service,jvm_memory_committed_bytes,"{area=""nonheap"",id=""CodeHeap 'non-profiled nmethods'"",language=""java"",service=""java-order-service"",}",3866624.0
1790100824.198,java-order-service,jvm_memory_committed_bytes,"{area=""heap"",id=""G1 Eden Space"",language=""java"",service=""java-order-service"",}",57671680.0
1790100824.198,java-order-service,jvm_memory_committed_bytes,"{area=""nonheap"",id=""CodeHeap 'profiled nmethods'"",language=""java"",service=""java-order-service"",}",13697024.0
1790100824.198,java-order-service,jvm_memory_committed_bytes,"{area=""nonheap"",id=""CodeHeap 'non-nmethods'"",language=""java"",service=""java-order-service"",}",2555904.0
1790100824.198,java-order-service,jvm_memory_committed_bytes,"{area=""heap"",id=""G1 Survivor Space"",language=""java"",service=""java-order-service"",}",5242880.0
1790100824.198,java-order-service,jvm_memory_committed_bytes,"{area=""nonheap"",id=""Compressed Class Space"",language=""java"",service=""java-order-service"",}",11010048.0
1790100824.198,java-order-service,jvm_memory_committed_bytes,"{area=""heap"",id=""G1 Old Gen"",language=""java"",service=""java-order-service"",}",36700160.0
1790100824.198,java-order-service,jvm_memory_committed_bytes,"{area=""nonheap"",id=""Metaspace"",language=""java"",service=""java-order-service"",}",78970880.0
1790100824.198,java-order-service,hikaricp_connections_active,"{language=""java"",pool=""HikariPool-1"",service=""java-order-service"",}",0.0
1790100824.198,java-order-service,hikaricp_connections_pending,"{language=""java"",pool=""HikariPool-1"",service=""java-order-service"",}",0.0
1790100829.253,java-user-service,hikaricp_connections_acquire_seconds_count,"{framework=""spring-boot"",language=""java"",pool=""HikariPool-1"",service=""java-user-service"",}",371.0
1790100829.253,java-user-service,hikaricp_connections_acquire_seconds_sum,"{framework=""spring-boot"",language=""java"",pool=""HikariPool-1"",service=""java-user-service"",}",0.026012245
1790100829.253,java-user-service,system_cpu_usage,"{framework=""spring-boot"",language=""java"",service=""java-user-service"",}",0.157540522875817
1790100829.253,java-user-service,process_cpu_usage,"{framework=""spring-boot"",language=""java"",service=""java-user-service"",}",0.1542483660130719
1790100829.253,java-user-service,tomcat_threads_busy_threads,"{framework=""spring-boot"",language=""java"",name=""http-nio-9081"",service=""java-user-service"",}",1.0
1790100829.253,java-user-service,tomcat_threads_current_threads,"{framework=""spring-boot"",language=""java"",name=""http-nio-9081"",service=""java-user-service"",}",10.0
1790100829.253,java-user-service,jvm_memory_committed_bytes,"{area=""nonheap"",framework=""spring-boot"",id=""CodeHeap 'non-nmethods'"",language=""java"",service=""java-user-service"",}",2555904.0
1790100829.253,java-user-service,jvm_memory_committed_bytes,"{area=""nonheap"",framework=""spring-boot"",id=""CodeHeap 'non-profiled nmethods'"",language=""java"",service=""java-user-service"",}",7864320.0
1790100829.253,java-user-service,jvm_memory_committed_bytes,"{area=""heap"",framework=""spring-boot"",id=""G1 Survivor Space"",language=""java"",service=""java-user-service"",}",6291456.0
1790100829.253,java-user-service,jvm_memory_committed_bytes,"{area=""heap"",framework=""spring-boot"",id=""G1 Old Gen"",language=""java"",service=""java-user-service"",}",49283072.0
1790100829.253,java-user-service,jvm_memory_committed_bytes,"{area=""nonheap"",framework=""spring-boot"",id=""Metaspace"",language=""java"",service=""java-user-service"",}",102498304.0
1790100829.253,java-user-service,jvm_memory_committed_bytes,"{area=""heap"",framework=""spring-boot"",id=""G1 Eden Space"",language=""java"",service=""java-user-service"",}",77594624.0
1790100829.253,java-user-service,jvm_memory_committed_bytes,"{area=""nonheap"",framework=""spring-boot"",id=""Compressed Class Space"",language=""java"",service=""java-user-service"",}",13893632.0
1790100829.253,java-user-service,jvm_memory_committed_bytes,"{area=""nonheap"",framework=""spring-boot"",id=""CodeHeap 'profiled nmethods'"",language=""java"",service=""java-user-service"",}",27066368.0
1790100829.253,java-user-service,hikaricp_connections_pending,"{framework=""spring-boot"",language=""java"",pool=""HikariPool-1"",service=""java-user-service"",}",0.0
1790100829.253,java-user-service,hikaricp_connections_usage_seconds_count,"{framework=""spring-boot"",language=""java"",pool=""HikariPool-1"",service=""java-user-service"",}",371.0
1790100829.253,java-user-service,hikaricp_connections_usage_seconds_sum,"{framework=""spring-boot"",language=""java"",pool=""HikariPool-1"",service=""java-user-service"",}",22.089
1790100829.253,java-user-service,tomcat_threads_config_max_threads,"{framework=""spring-boot"",language=""java"",name=""http-nio-9081"",service=""java-user-service"",}",64.0
1790100829.253,java-user-service,hikaricp_connections_active,"{framework=""spring-boot"",language=""java"",pool=""HikariPool-1"",service=""java-user-service"",}",0.0
1790100829.253,java-user-service,jvm_memory_used_bytes,"{area=""nonheap"",framework=""spring-boot"",id=""CodeHeap 'non-nmethods'"",language=""java"",service=""java-user-service"",}",1642752.0
1790100829.253,java-user-service,jvm_memory_used_bytes,"{area=""nonheap"",framework=""spring-boot"",id=""CodeHeap 'non-profiled nmethods'"",language=""java"",service=""java-user-service"",}",7851136.0
1790100829.253,java-user-service,jvm_memory_used_bytes,"{area=""heap"",framework=""spring-boot"",id=""G1 Survivor Space"",language=""java"",service=""java-user-service"",}",5767168.0
1790100829.253,java-user-service,jvm_memory_used_bytes,"{area=""heap"",framework=""spring-boot"",id=""G1 Old Gen"",language=""java"",service=""java-user-service"",}",36164088.0
1790100829.253,java-user-service,jvm_memory_used_bytes,"{area=""nonheap"",framework=""spring-boot"",id=""Metaspace"",language=""java"",service=""java-user-service"",}",101533000.0
1790100829.253,java-user-service,jvm_memory_used_bytes,"{area=""heap"",framework=""spring-boot"",id=""G1 Eden Space"",language=""java"",service=""java-user-service"",}",16777216.0
1790100829.253,java-user-service,jvm_memory_used_bytes,"{area=""nonheap"",framework=""spring-boot"",id=""Compressed Class Space"",language=""java"",service=""java-user-service"",}",13411104.0
1790100829.253,java-user-service,jvm_memory_used_bytes,"{area=""nonheap"",framework=""spring-boot"",id=""CodeHeap 'profiled nmethods'"",language=""java"",service=""java-user-service"",}",25203456.0
1790100829.253,java-user-service,jvm_gc_pause_seconds_count,"{action=""end of minor GC"",cause=""G1 Evacuation Pause"",framework=""spring-boot"",gc=""G1 Young Generation"",language=""java"",service=""java-user-service"",}",9.0
1790100829.253,java-user-service,jvm_gc_pause_seconds_sum,"{action=""end of minor GC"",cause=""G1 Evacuation Pause"",framework=""spring-boot"",gc=""G1 Young Generation"",language=""java"",service=""java-user-service"",}",0.068
1790100829.253,java-product-service,hikaricp_connections_active,"{language=""java"",pool=""HikariPool-1"",service=""java-product-service"",}",0.0
1790100829.253,java-product-service,tomcat_threads_busy_threads,"{language=""java"",name=""http-nio-9082"",service=""java-product-service"",}",1.0
1790100829.253,java-product-service,jvm_gc_pause_seconds_count,"{action=""end of minor GC"",cause=""G1 Evacuation Pause"",gc=""G1 Young Generation"",language=""java"",service=""java-product-service"",}",4.0
1790100829.253,java-product-service,jvm_gc_pause_seconds_sum,"{action=""end of minor GC"",cause=""G1 Evacuation Pause"",gc=""G1 Young Generation"",language=""java"",service=""java-product-service"",}",0.022
1790100829.253,java-product-service,tomcat_threads_current_threads,"{language=""java"",name=""http-nio-9082"",service=""java-product-service"",}",10.0
1790100829.253,java-product-service,hikaricp_connections_acquire_seconds_count,"{language=""java"",pool=""HikariPool-1"",service=""java-product-service"",}",123.0
1790100829.253,java-product-service,hikaricp_connections_acquire_seconds_sum,"{language=""java"",pool=""HikariPool-1"",service=""java-product-service"",}",0.024291828
1790100829.253,java-product-service,process_cpu_usage,"{language=""java"",service=""java-product-service"",}",0.09019607843137255
1790100829.253,java-product-service,system_cpu_usage,"{language=""java"",service=""java-product-service"",}",0.09264156862745097
1790100829.253,java-product-service,jvm_memory_used_bytes,"{area=""nonheap"",id=""CodeHeap 'non-nmethods'"",language=""java"",service=""java-product-service"",}",1643008.0
1790100829.253,java-product-service,jvm_memory_used_bytes,"{area=""heap"",id=""G1 Eden Space"",language=""java"",service=""java-product-service"",}",0.0
1790100829.253,java-product-service,jvm_memory_used_bytes,"{area=""nonheap"",id=""Metaspace"",language=""java"",service=""java-product-service"",}",97583776.0
1790100829.253,java-product-service,jvm_memory_used_bytes,"{area=""heap"",id=""G1 Old Gen"",language=""java"",service=""java-product-service"",}",40869496.0
1790100829.253,java-product-service,jvm_memory_used_bytes,"{area=""nonheap"",id=""Compressed Class Space"",language=""java"",service=""java-product-service"",}",12974832.0
1790100829.253,java-product-service,jvm_memory_used_bytes,"{area=""heap"",id=""G1 Survivor Space"",language=""java"",service=""java-product-service"",}",3596904.0
1790100829.253,java-product-service,jvm_memory_used_bytes,"{area=""nonheap"",id=""CodeHeap 'profiled nmethods'"",language=""java"",service=""java-product-service"",}",25270784.0
1790100829.253,java-product-service,jvm_memory_used_bytes,"{area=""nonheap"",id=""CodeHeap 'non-profiled nmethods'"",language=""java"",service=""java-product-service"",}",7055616.0
1790100829.253,java-product-service,jvm_memory_committed_bytes,"{area=""nonheap"",id=""CodeHeap 'non-nmethods'"",language=""java"",service=""java-product-service"",}",2555904.0
1790100829.253,java-product-service,jvm_memory_committed_bytes,"{area=""heap"",id=""G1 Eden Space"",language=""java"",service=""java-product-service"",}",52428800.0
1790100829.253,java-product-service,jvm_memory_committed_bytes,"{area=""nonheap"",id=""Metaspace"",language=""java"",service=""java-product-service"",}",98500608.0
1790100829.253,java-product-service,jvm_memory_committed_bytes,"{area=""heap"",id=""G1 Old Gen"",language=""java"",service=""java-product-service"",}",44040192.0
1790100829.253,java-product-service,jvm_memory_committed_bytes,"{area=""nonheap"",id=""Compressed Class Space"",language=""java"",service=""java-product-service"",}",13369344.0
1790100829.253,java-product-service,jvm_memory_committed_bytes,"{area=""heap"",id=""G1 Survivor Space"",language=""java"",service=""java-product-service"",}",4194304.0
1790100829.253,java-product-service,jvm_memory_committed_bytes,"{area=""nonheap"",id=""CodeHeap 'profiled nmethods'"",language=""java"",service=""java-product-service"",}",25296896.0
1790100829.253,java-product-service,jvm_memory_committed_bytes,"{area=""nonheap"",id=""CodeHeap 'non-profiled nmethods'"",language=""java"",service=""java-product-service"",}",7077888.0
1790100829.253,java-product-service,tomcat_threads_config_max_threads,"{language=""java"",name=""http-nio-9082"",service=""java-product-service"",}",64.0
1790100829.253,java-product-service,hikaricp_connections_pending,"{language=""java"",pool=""HikariPool-1"",service=""java-product-service"",}",0.0
1790100829.253,java-product-service,hikaricp_connections_usage_seconds_count,"{language=""java"",pool=""HikariPool-1"",service=""java-product-service"",}",123.0
1790100829.253,java-product-service,hikaricp_connections_usage_seconds_sum,"{language=""java"",pool=""HikariPool-1"",service=""java-product-service"",}",0.504
1790100829.253,java-order-service,hikaricp_connections_acquire_seconds_count,"{language=""java"",pool=""HikariPool-1"",service=""java-order-service"",}",108.0
1790100829.253,java-order-service,hikaricp_connections_acquire_seconds_sum,"{language=""java"",pool=""HikariPool-1"",service=""java-order-service"",}",0.018360707
1790100829.253,java-order-service,jvm_gc_pause_seconds_count,"{action=""end of minor GC"",cause=""G1 Evacuation Pause"",gc=""G1 Young Generation"",language=""java"",service=""java-order-service"",}",1.0
1790100829.253,java-order-service,jvm_gc_pause_seconds_sum,"{action=""end of minor GC"",cause=""G1 Evacuation Pause"",gc=""G1 Young Generation"",language=""java"",service=""java-order-service"",}",0.006
1790100829.253,java-order-service,system_cpu_usage,"{language=""java"",service=""java-order-service"",}",0.01838392156862745
1790100829.253,java-order-service,process_cpu_usage,"{language=""java"",service=""java-order-service"",}",0.0196078431372549
1790100829.253,java-order-service,tomcat_threads_busy_threads,"{language=""java"",name=""http-nio-9083"",service=""java-order-service"",}",1.0
1790100829.253,java-order-service,tomcat_threads_config_max_threads,"{language=""java"",name=""http-nio-9083"",service=""java-order-service"",}",64.0
1790100829.253,java-order-service,jvm_memory_used_bytes,"{area=""nonheap"",id=""CodeHeap 'non-profiled nmethods'"",language=""java"",service=""java-order-service"",}",3860992.0
1790100829.253,java-order-service,jvm_memory_used_bytes,"{area=""heap"",id=""G1 Eden Space"",language=""java"",service=""java-order-service"",}",23068672.0
1790100829.253,java-order-service,jvm_memory_used_bytes,"{area=""nonheap"",id=""CodeHeap 'profiled nmethods'"",language=""java"",service=""java-order-service"",}",13792512.0
1790100829.253,java-order-service,jvm_memory_used_bytes,"{area=""nonheap"",id=""CodeHeap 'non-nmethods'"",language=""java"",service=""java-order-service"",}",1611264.0
1790100829.253,java-order-service,jvm_memory_used_bytes,"{area=""heap"",id=""G1 Survivor Space"",language=""java"",service=""java-order-service"",}",5193544.0
1790100829.253,java-order-service,jvm_memory_used_bytes,"{area=""nonheap"",id=""Compressed Class Space"",language=""java"",service=""java-order-service"",}",10670584.0
1790100829.253,java-order-service,jvm_memory_used_bytes,"{area=""heap"",id=""G1 Old Gen"",language=""java"",service=""java-order-service"",}",29741112.0
1790100829.253,java-order-service,jvm_memory_used_bytes,"{area=""nonheap"",id=""Metaspace"",language=""java"",service=""java-order-service"",}",78280392.0
1790100829.253,java-order-service,tomcat_threads_current_threads,"{language=""java"",name=""http-nio-9083"",service=""java-order-service"",}",10.0
1790100829.253,java-order-service,hikaricp_connections_usage_seconds_count,"{language=""java"",pool=""HikariPool-1"",service=""java-order-service"",}",108.0
1790100829.253,java-order-service,hikaricp_connections_usage_seconds_sum,"{language=""java"",pool=""HikariPool-1"",service=""java-order-service"",}",0.001
1790100829.253,java-order-service,jvm_memory_committed_bytes,"{area=""nonheap"",id=""CodeHeap 'non-profiled nmethods'"",language=""java"",service=""java-order-service"",}",3866624.0
1790100829.253,java-order-service,jvm_memory_committed_bytes,"{area=""heap"",id=""G1 Eden Space"",language=""java"",service=""java-order-service"",}",57671680.0
1790100829.253,java-order-service,jvm_memory_committed_bytes,"{area=""nonheap"",id=""CodeHeap 'profiled nmethods'"",language=""java"",service=""java-order-service"",}",13828096.0
1790100829.253,java-order-service,jvm_memory_committed_bytes,"{area=""nonheap"",id=""CodeHeap 'non-nmethods'"",language=""java"",service=""java-order-service"",}",2555904.0
1790100829.253,java-order-service,jvm_memory_committed_bytes,"{area=""heap"",id=""G1 Survivor Space"",language=""java"",service=""java-order-service"",}",5242880.0
1790100829.253,java-order-service,jvm_memory_committed_bytes,"{area=""nonheap"",id=""Compressed Class Space"",language=""java"",service=""java-order-service"",}",11075584.0
1790100829.253,java-order-service,jvm_memory_committed_bytes,"{area=""heap"",id=""G1 Old Gen"",language=""java"",service=""java-order-service"",}",36700160.0
1790100829.253,java-order-service,jvm_memory_committed_bytes,"{area=""nonheap"",id=""Metaspace"",language=""java"",service=""java-order-service"",}",79167488.0
1790100829.253,java-order-service,hikaricp_connections_active,"{language=""java"",pool=""HikariPool-1"",service=""java-order-service"",}",0.0
1790100829.253,java-order-service,hikaricp_connections_pending,"{language=""java"",pool=""HikariPool-1"",service=""java-order-service"",}",0.0
1790100834.315,java-user-service,hikaricp_connections_acquire_seconds_count,"{framework=""spring-boot"",language=""java"",pool=""HikariPool-1"",service=""java-user-service"",}",391.0
1790100834.315,java-user-service,hikaricp_connections_acquire_seconds_sum,"{framework=""spring-boot"",language=""java"",pool=""HikariPool-1"",service=""java-user-service"",}",0.029675202
1790100834.315,java-user-service,system_cpu_usage,"{framework=""spring-boot"",language=""java"",service=""java-user-service"",}",0.11967373333333334
1790100834.315,java-user-service,process_cpu_usage,"{framework=""spring-boot"",language=""java"",service=""java-user-service"",}",0.12
1790100834.315,java-user-service,tomcat_threads_busy_threads,"{framework=""spring-boot"",language=""java"",name=""http-nio-9081"",service=""java-user-service"",}",1.0
1790100834.315,java-user-service,tomcat_threads_current_threads,"{framework=""spring-boot"",language=""java"",name=""http-nio-9081"",service=""java-user-service"",}",10.0
1790100834.315,java-user-service,jvm_memory_committed_bytes,"{area=""nonheap"",framework=""spring-boot"",id=""CodeHeap 'non-nmethods'"",language=""java"",service=""java-user-service"",}",2555904.0
1790100834.315,java-user-service,jvm_memory_committed_bytes,"{area=""nonheap"",framework=""spring-boot"",id=""CodeHeap 'non-profiled nmethods'"",language=""java"",service=""java-user-service"",}",8060928.0
1790100834.315,java-user-service,jvm_memory_committed_bytes,"{area=""heap"",framework=""spring-boot"",id=""G1 Survivor Space"",language=""java"",service=""java-user-service"",}",6291456.0
1790100834.315,java-user-service,jvm_memory_committed_bytes,"{area=""heap"",framework=""spring-boot"",id=""G1 Old Gen"",language=""java"",service=""java-user-service"",}",49283072.0
1790100834.315,java-user-service,jvm_memory_committed_bytes,"{area=""nonheap"",framework=""spring-boot"",id=""Metaspace"",language=""java"",service=""java-user-service"",}",102563840.0
1790100834.315,java-user-service,jvm_memory_committed_bytes,"{area=""heap"",framework=""spring-boot"",id=""G1 Eden Space"",language=""java"",service=""java-user-service"",}",77594624.0
1790100834.315,java-user-service,jvm_memory_committed_bytes,"{area=""nonheap"",framework=""spring-boot"",id=""Compressed Class Space"",language=""java"",service=""java-user-service"",}",13893632.0
1790100834.315,java-user-service,jvm_memory_committed_bytes,"{area=""nonheap"",framework=""spring-boot"",id=""CodeHeap 'profiled nmethods'"",language=""java"",service=""java-user-service"",}",27066368.0
1790100834.315,java-user-service,hikaricp_connections_pending,"{framework=""spring-boot"",language=""java"",pool=""HikariPool-1"",service=""java-user-service"",}",0.0
1790100834.315,java-user-service,hikaricp_connections_usage_seconds_count,"{framework=""spring-boot"",language=""java"",pool=""HikariPool-1"",service=""java-user-service"",}",391.0
1790100834.315,java-user-service,hikaricp_connections_usage_seconds_sum,"{framework=""spring-boot"",language=""java"",pool=""HikariPool-1"",service=""java-user-service"",}",22.089
1790100834.315,java-user-service,tomcat_threads_config_max_threads,"{framework=""spring-boot"",language=""java"",name=""http-nio-9081"",service=""java-user-service"",}",64.0
1790100834.315,java-user-service,hikaricp_connections_active,"{framework=""spring-boot"",language=""java"",pool=""HikariPool-1"",service=""java-user-service"",}",0.0
1790100834.315,java-user-service,jvm_memory_used_bytes,"{area=""nonheap"",framework=""spring-boot"",id=""CodeHeap 'non-nmethods'"",language=""java"",service=""java-user-service"",}",1649536.0
1790100834.315,java-user-service,jvm_memory_used_bytes,"{area=""nonheap"",framework=""spring-boot"",id=""CodeHeap 'non-profiled nmethods'"",language=""java"",service=""java-user-service"",}",8036864.0
1790100834.315,java-user-service,jvm_memory_used_bytes,"{area=""heap"",framework=""spring-boot"",id=""G1 Survivor Space"",language=""java"",service=""java-user-service"",}",5767168.0
1790100834.315,java-user-service,jvm_memory_used_bytes,"{area=""heap"",framework=""spring-boot"",id=""G1 Old Gen"",language=""java"",service=""java-user-service"",}",36164088.0
1790100834.315,java-user-service,jvm_memory_used_bytes,"{area=""nonheap"",framework=""spring-boot"",id=""Metaspace"",language=""java"",service=""java-user-service"",}",101574024.0
1790100834.315,java-user-service,jvm_memory_used_bytes,"{area=""heap"",framework=""spring-boot"",id=""G1 Eden Space"",language=""java"",service=""java-user-service"",}",60817408.0
1790100834.315,java-user-service,jvm_memory_used_bytes,"{area=""nonheap"",framework=""spring-boot"",id=""Compressed Class Space"",language=""java"",service=""java-user-service"",}",13412144.0
1790100834.315,java-user-service,jvm_memory_used_bytes,"{area=""nonheap"",framework=""spring-boot"",id=""CodeHeap 'profiled nmethods'"",language=""java"",service=""java-user-service"",}",25377152.0
1790100834.315,java-user-service,jvm_gc_pause_seconds_count,"{action=""end of minor GC"",cause=""G1 Evacuation Pause"",framework=""spring-boot"",gc=""G1 Young Generation"",language=""java"",service=""java-user-service"",}",9.0
1790100834.315,java-user-service,jvm_gc_pause_seconds_sum,"{action=""end of minor GC"",cause=""G1 Evacuation Pause"",framework=""spring-boot"",gc=""G1 Young Generation"",language=""java"",service=""java-user-service"",}",0.068
1790100834.315,java-product-service,hikaricp_connections_active,"{language=""java"",pool=""HikariPool-1"",service=""java-product-service"",}",0.0
1790100834.315,java-product-service,tomcat_threads_busy_threads,"{language=""java"",name=""http-nio-9082"",service=""java-product-service"",}",1.0
1790100834.315,java-product-service,jvm_gc_pause_seconds_count,"{action=""end of minor GC"",cause=""G1 Evacuation Pause"",gc=""G1 Young Generation"",language=""java"",service=""java-product-service"",}",5.0
1790100834.315,java-product-service,jvm_gc_pause_seconds_sum,"{action=""end of minor GC"",cause=""G1 Evacuation Pause"",gc=""G1 Young Generation"",language=""java"",service=""java-product-service"",}",0.028
1790100834.315,java-product-service,tomcat_threads_current_threads,"{language=""java"",name=""http-nio-9082"",service=""java-product-service"",}",10.0
1790100834.315,java-product-service,hikaricp_connections_acquire_seconds_count,"{language=""java"",pool=""HikariPool-1"",service=""java-product-service"",}",143.0
1790100834.315,java-product-service,hikaricp_connections_acquire_seconds_sum,"{language=""java"",pool=""HikariPool-1"",service=""java-product-service"",}",0.028043871
1790100834.315,java-product-service,process_cpu_usage,"{language=""java"",service=""java-product-service"",}",0.08666666666666667
1790100834.315,java-product-service,system_cpu_usage,"{language=""java"",service=""java-product-service"",}",0.08557906666666666
1790100834.315,java-product-service,jvm_memory_used_bytes,"{area=""nonheap"",id=""CodeHeap 'non-nmethods'"",language=""java"",service=""java-product-service"",}",1643008.0
1790100834.315,java-product-service,jvm_memory_used_bytes,"{area=""heap"",id=""G1 Eden Space"",language=""java"",service=""java-product-service"",}",14680064.0
1790100834.315,java-product-service,jvm_memory_used_bytes,"{area=""nonheap"",id=""Metaspace"",language=""java"",service=""java-product-service"",}",97605992.0
1790100834.315,java-product-service,jvm_memory_used_bytes,"{area=""heap"",id=""G1 Old Gen"",language=""java"",service=""java-product-service"",}",40869496.0
1790100834.315,java-product-service,jvm_memory_used_bytes,"{area=""nonheap"",id=""Compressed Class Space"",language=""java"",service=""java-product-service"",}",12975352.0
1790100834.315,java-product-service,jvm_memory_used_bytes,"{area=""heap"",id=""G1 Survivor Space"",language=""java"",service=""java-product-service"",}",3596904.0
1790100834.315,java-product-service,jvm_memory_used_bytes,"{area=""nonheap"",id=""CodeHeap 'profiled nmethods'"",language=""java"",service=""java-product-service"",}",25364736.0
1790100834.315,java-product-service,jvm_memory_used_bytes,"{area=""nonheap"",id=""CodeHeap 'non-profiled nmethods'"",language=""java"",service=""java-product-service"",}",7156352.0
1790100834.315,java-product-service,jvm_memory_committed_bytes,"{area=""nonheap"",id=""CodeHeap 'non-nmethods'"",language=""java"",service=""java-product-service"",}",2555904.0
1790100834.315,java-product-service,jvm_memory_committed_bytes,"{area=""heap"",id=""G1 Eden Space"",language=""java"",service=""java-product-service"",}",52428800.0
1790100834.315,java-product-service,jvm_memory_committed_bytes,"{area=""nonheap"",id=""Metaspace"",language=""java"",service=""java-product-service"",}",98500608.0
1790100834.315,java-product-service,jvm_memory_committed_bytes,"{area=""heap"",id=""G1 Old Gen"",language=""java"",service=""java-product-service"",}",44040192.0
1790100834.315,java-product-service,jvm_memory_committed_bytes,"{area=""nonheap"",id=""Compressed Class Space"",language=""java"",service=""java-product-service"",}",13369344.0
1790100834.315,java-product-service,jvm_memory_committed_bytes,"{area=""heap"",id=""G1 Survivor Space"",language=""java"",service=""java-product-service"",}",4194304.0
1790100834.315,java-product-service,jvm_memory_committed_bytes,"{area=""nonheap"",id=""CodeHeap 'profiled nmethods'"",language=""java"",service=""java-product-service"",}",25427968.0
1790100834.315,java-product-service,jvm_memory_committed_bytes,"{area=""nonheap"",id=""CodeHeap 'non-profiled nmethods'"",language=""java"",service=""java-product-service"",}",7208960.0
1790100834.315,java-product-service,tomcat_threads_config_max_threads,"{language=""java"",name=""http-nio-9082"",service=""java-product-service"",}",64.0
1790100834.315,java-product-service,hikaricp_connections_pending,"{language=""java"",pool=""HikariPool-1"",service=""java-product-service"",}",0.0
1790100834.315,java-product-service,hikaricp_connections_usage_seconds_count,"{language=""java"",pool=""HikariPool-1"",service=""java-product-service"",}",143.0
1790100834.315,java-product-service,hikaricp_connections_usage_seconds_sum,"{language=""java"",pool=""HikariPool-1"",service=""java-product-service"",}",0.505
1790100834.315,java-order-service,hikaricp_connections_acquire_seconds_count,"{language=""java"",pool=""HikariPool-1"",service=""java-order-service"",}",130.0
1790100834.315,java-order-service,hikaricp_connections_acquire_seconds_sum,"{language=""java"",pool=""HikariPool-1"",service=""java-order-service"",}",0.021659166
1790100834.315,java-order-service,jvm_gc_pause_seconds_count,"{action=""end of minor GC"",cause=""G1 Evacuation Pause"",gc=""G1 Young Generation"",language=""java"",service=""java-order-service"",}",1.0
1790100834.315,java-order-service,jvm_gc_pause_seconds_sum,"{action=""end of minor GC"",cause=""G1 Evacuation Pause"",gc=""G1 Young Generation"",language=""java"",service=""java-order-service"",}",0.006
1790100834.315,java-order-service,system_cpu_usage,"{language=""java"",service=""java-order-service"",}",0.05320916666666667
1790100834.315,java-order-service,process_cpu_usage,"{language=""java"",service=""java-order-service"",}",0.04722222222222222
1790100834.315,java-order-service,tomcat_threads_busy_threads,"{language=""java"",name=""http-nio-9083"",service=""java-order-service"",}",1.0
1790100834.315,java-order-service,tomcat_threads_config_max_threads,"{language=""java"",name=""http-nio-9083"",service=""java-order-service"",}",64.0
1790100834.315,java-order-service,jvm_memory_used_bytes,"{area=""nonheap"",id=""CodeHeap 'non-profiled nmethods'"",language=""java"",service=""java-order-service"",}",3974784.0
1790100834.315,java-order-service,jvm_memory_used_bytes,"{area=""heap"",id=""G1 Eden Space"",language=""java"",service=""java-order-service"",}",24117248.0
1790100834.315,java-order-service,jvm_memory_used_bytes,"{area=""nonheap"",id=""CodeHeap 'profiled nmethods'"",language=""java"",service=""java-order-service"",}",14044416.0
1790100834.315,java-order-service,jvm_memory_used_bytes,"{area=""nonheap"",id=""CodeHeap 'non-nmethods'"",language=""java"",service=""java-order-service"",}",1611264.0
1790100834.315,java-order-service,jvm_memory_used_bytes,"{area=""heap"",id=""G1 Survivor Space"",language=""java"",service=""java-order-service"",}",5193544.0
1790100834.315,java-order-service,jvm_memory_used_bytes,"{area=""nonheap"",id=""Compressed Class Space"",language=""java"",service=""java-order-service"",}",10671104.0
1790100834.315,java-order-service,jvm_memory_used_bytes,"{area=""heap"",id=""G1 Old Gen"",language=""java"",service=""java-order-service"",}",29741112.0
1790100834.315,java-order-service,jvm_memory_used_bytes,"{area=""nonheap"",id=""Metaspace"",language=""java"",service=""java-order-service"",}",78380888.0
1790100834.315,java-order-service,tomcat_threads_current_threads,"{language=""java"",name=""http-nio-9083"",service=""java-order-service"",}",10.0
1790100834.315,java-order-service,hikaricp_connections_usage_seconds_count,"{language=""java"",pool=""HikariPool-1"",service=""java-order-service"",}",130.0
1790100834.315,java-order-service,hikaricp_connections_usage_seconds_sum,"{language=""java"",pool=""HikariPool-1"",service=""java-order-service"",}",0.002
1790100834.315,java-order-service,jvm_memory_committed_bytes,"{area=""nonheap"",id=""CodeHeap 'non-profiled nmethods'"",language=""java"",service=""java-order-service"",}",3997696.0
1790100834.315,java-order-service,jvm_memory_committed_bytes,"{area=""heap"",id=""G1 Eden Space"",language=""java"",service=""java-order-service"",}",57671680.0
1790100834.315,java-order-service,jvm_memory_committed_bytes,"{area=""nonheap"",id=""CodeHeap 'profiled nmethods'"",language=""java"",service=""java-order-service"",}",14090240.0
1790100834.315,java-order-service,jvm_memory_committed_bytes,"{area=""nonheap"",id=""CodeHeap 'non-nmethods'"",language=""java"",service=""java-order-service"",}",2555904.0
1790100834.315,java-order-service,jvm_memory_committed_bytes,"{area=""heap"",id=""G1 Survivor Space"",language=""java"",service=""java-order-service"",}",5242880.0
1790100834.315,java-order-service,jvm_memory_committed_bytes,"{area=""nonheap"",id=""Compressed Class Space"",language=""java"",service=""java-order-service"",}",11075584.0
1790100834.315,java-order-service,jvm_memory_committed_bytes,"{area=""heap"",id=""G1 Old Gen"",language=""java"",service=""java-order-service"",}",36700160.0
1790100834.315,java-order-service,jvm_memory_committed_bytes,"{area=""nonheap"",id=""Metaspace"",language=""java"",service=""java-order-service"",}",79298560.0
1790100834.315,java-order-service,hikaricp_connections_active,"{language=""java"",pool=""HikariPool-1"",service=""java-order-service"",}",0.0
1790100834.315,java-order-service,hikaricp_connections_pending,"{language=""java"",pool=""HikariPool-1"",service=""java-order-service"",}",0.0
1790100839.348,java-user-service,hikaricp_connections_acquire_seconds_count,"{framework=""spring-boot"",language=""java"",pool=""HikariPool-1"",service=""java-user-service"",}",420.0
1790100839.348,java-user-service,hikaricp_connections_acquire_seconds_sum,"{framework=""spring-boot"",language=""java"",pool=""HikariPool-1"",service=""java-user-service"",}",0.040425992
1790100839.348,java-user-service,system_cpu_usage,"{framework=""spring-boot"",language=""java"",service=""java-user-service"",}",0.15117032679738562
1790100839.348,java-user-service,process_cpu_usage,"{framework=""spring-boot"",language=""java"",service=""java-user-service"",}",0.1503267973856209
1790100839.348,java-user-service,tomcat_threads_busy_threads,"{framework=""spring-boot"",language=""java"",name=""http-nio-9081"",service=""java-user-service"",}",1.0
1790100839.348,java-user-service,tomcat_threads_current_threads,"{framework=""spring-boot"",language=""java"",name=""http-nio-9081"",service=""java-user-service"",}",10.0
1790100839.348,java-user-service,jvm_memory_committed_bytes,"{area=""nonheap"",framework=""spring-boot"",id=""CodeHeap 'non-nmethods'"",language=""java"",service=""java-user-service"",}",2555904.0
1790100839.348,java-user-service,jvm_memory_committed_bytes,"{area=""nonheap"",framework=""spring-boot"",id=""CodeHeap 'non-profiled nmethods'"",language=""java"",service=""java-user-service"",}",8323072.0
1790100839.348,java-user-service,jvm_memory_committed_bytes,"{area=""heap"",framework=""spring-boot"",id=""G1 Survivor Space"",language=""java"",service=""java-user-service"",}",6291456.0
1790100839.348,java-user-service,jvm_memory_committed_bytes,"{area=""heap"",framework=""spring-boot"",id=""G1 Old Gen"",language=""java"",service=""java-user-service"",}",49283072.0
1790100839.348,java-user-service,jvm_memory_committed_bytes,"{area=""nonheap"",framework=""spring-boot"",id=""Metaspace"",language=""java"",service=""java-user-service"",}",102629376.0
1790100839.348,java-user-service,jvm_memory_committed_bytes,"{area=""heap"",framework=""spring-boot"",id=""G1 Eden Space"",language=""java"",service=""java-user-service"",}",77594624.0
1790100839.348,java-user-service,jvm_memory_committed_bytes,"{area=""nonheap"",framework=""spring-boot"",id=""Compressed Class Space"",language=""java"",service=""java-user-service"",}",13893632.0
1790100839.348,java-user-service,jvm_memory_committed_bytes,"{area=""nonheap"",framework=""spring-boot"",id=""CodeHeap 'profiled nmethods'"",language=""java"",service=""java-user-service"",}",27131904.0
1790100839.348,java-user-service,hikaricp_connections_pending,"{framework=""spring-boot"",language=""java"",pool=""HikariPool-1"",service=""java-user-service"",}",0.0
1790100839.348,java-user-service,hikaricp_connections_usage_seconds_count,"{framework=""spring-boot"",language=""java"",pool=""HikariPool-1"",service=""java-user-service"",}",420.0
1790100839.348,java-user-service,hikaricp_connections_usage_seconds_sum,"{framework=""spring-boot"",language=""java"",pool=""HikariPool-1"",service=""java-user-service"",}",22.145
1790100839.348,java-user-service,tomcat_threads_config_max_threads,"{framework=""spring-boot"",language=""java"",name=""http-nio-9081"",service=""java-user-service"",}",64.0
1790100839.348,java-user-service,hikaricp_connections_active,"{framework=""spring-boot"",language=""java"",pool=""HikariPool-1"",service=""java-user-service"",}",0.0
1790100839.348,java-user-service,jvm_memory_used_bytes,"{area=""nonheap"",framework=""spring-boot"",id=""CodeHeap 'non-nmethods'"",language=""java"",service=""java-user-service"",}",1642752.0
1790100839.348,java-user-service,jvm_memory_used_bytes,"{area=""nonheap"",framework=""spring-boot"",id=""CodeHeap 'non-profiled nmethods'"",language=""java"",service=""java-user-service"",}",8286848.0
1790100839.348,java-user-service,jvm_memory_used_bytes,"{area=""heap"",framework=""spring-boot"",id=""G1 Survivor Space"",language=""java"",service=""java-user-service"",}",5884136.0
1790100839.348,java-user-service,jvm_memory_used_bytes,"{area=""heap"",framework=""spring-boot"",id=""G1 Old Gen"",language=""java"",service=""java-user-service"",}",35588760.0
1790100839.348,java-user-service,jvm_memory_used_bytes,"{area=""nonheap"",framework=""spring-boot"",id=""Metaspace"",language=""java"",service=""java-user-service"",}",101634024.0
1790100839.348,java-user-service,jvm_memory_used_bytes,"{area=""heap"",framework=""spring-boot"",id=""G1 Eden Space"",language=""java"",service=""java-user-service"",}",69206016.0
1790100839.348,java-user-service,jvm_memory_used_bytes,"{area=""nonheap"",framework=""spring-boot"",id=""Compressed Class Space"",language=""java"",service=""java-user-service"",}",13412648.0
1790100839.348,java-user-service,jvm_memory_used_bytes,"{area=""nonheap"",framework=""spring-boot"",id=""CodeHeap 'profiled nmethods'"",language=""java"",service=""java-user-service"",}",25870848.0
1790100839.348,java-user-service,jvm_gc_pause_seconds_count,"{action=""end of minor GC"",cause=""G1 Evacuation Pause"",framework=""spring-boot"",gc=""G1 Young Generation"",language=""java"",service=""java-user-service"",}",10.0
1790100839.348,java-user-service,jvm_gc_pause_seconds_sum,"{action=""end of minor GC"",cause=""G1 Evacuation Pause"",framework=""spring-boot"",gc=""G1 Young Generation"",language=""java"",service=""java-user-service"",}",0.084
1790100839.348,java-product-service,hikaricp_connections_active,"{language=""java"",pool=""HikariPool-1"",service=""java-product-service"",}",0.0
1790100839.348,java-product-service,tomcat_threads_busy_threads,"{language=""java"",name=""http-nio-9082"",service=""java-product-service"",}",1.0
1790100839.348,java-product-service,jvm_gc_pause_seconds_count,"{action=""end of minor GC"",cause=""G1 Evacuation Pause"",gc=""G1 Young Generation"",language=""java"",service=""java-product-service"",}",5.0
1790100839.348,java-product-service,jvm_gc_pause_seconds_sum,"{action=""end of minor GC"",cause=""G1 Evacuation Pause"",gc=""G1 Young Generation"",language=""java"",service=""java-product-service"",}",0.028
1790100839.348,java-product-service,tomcat_threads_current_threads,"{language=""java"",name=""http-nio-9082"",service=""java-product-service"",}",10.0
1790100839.348,java-product-service,hikaricp_connections_acquire_seconds_count,"{language=""java"",pool=""HikariPool-1"",service=""java-product-service"",}",172.0
1790100839.348,java-product-service,hikaricp_connections_acquire_seconds_sum,"{language=""java"",pool=""HikariPool-1"",service=""java-product-service"",}",0.039483206
1790100839.348,java-product-service,process_cpu_usage,"{language=""java"",service=""java-product-service"",}",0.16209150326797386
1790100839.348,java-product-service,system_cpu_usage,"{language=""java"",service=""java-product-service"",}",0.16291738562091504
1790100839.348,java-product-service,jvm_memory_used_bytes,"{area=""nonheap"",id=""CodeHeap 'non-nmethods'"",language=""java"",service=""java-product-service"",}",1643008.0
1790100839.348,java-product-service,jvm_memory_used_bytes,"{area=""heap"",id=""G1 Eden Space"",language=""java"",service=""java-product-service"",}",39845888.0
1790100839.348,java-product-service,jvm_memory_used_bytes,"{area=""nonheap"",id=""Metaspace"",language=""java"",service=""java-product-service"",}",97702992.0
1790100839.348,java-product-service,jvm_memory_used_bytes,"{area=""heap"",id=""G1 Old Gen"",language=""java"",service=""java-product-service"",}",40869496.0
1790100839.348,java-product-service,jvm_memory_used_bytes,"{area=""nonheap"",id=""Compressed Class Space"",language=""java"",service=""java-product-service"",}",12976896.0
1790100839.348,java-product-service,jvm_memory_used_bytes,"{area=""heap"",id=""G1 Survivor Space"",language=""java"",service=""java-product-service"",}",3596904.0
1790100839.348,java-product-service,jvm_memory_used_bytes,"{area=""nonheap"",id=""CodeHeap 'profiled nmethods'"",language=""java"",service=""java-product-service"",}",25621760.0
1790100839.348,java-product-service,jvm_memory_used_bytes,"{area=""nonheap"",id=""CodeHeap 'non-profiled nmethods'"",language=""java"",service=""java-product-service"",}",7621888.0
1790100839.348,java-product-service,jvm_memory_committed_bytes,"{area=""nonheap"",id=""CodeHeap 'non-nmethods'"",language=""java"",service=""java-product-service"",}",2555904.0
1790100839.348,java-product-service,jvm_memory_committed_bytes,"{area=""heap"",id=""G1 Eden Space"",language=""java"",service=""java-product-service"",}",52428800.0
1790100839.348,java-product-service,jvm_memory_committed_bytes,"{area=""nonheap"",id=""Metaspace"",language=""java"",service=""java-product-service"",}",98697216.0
1790100839.348,java-product-service,jvm_memory_committed_bytes,"{area=""heap"",id=""G1 Old Gen"",language=""java"",service=""java-product-service"",}",44040192.0
1790100839.348,java-product-service,jvm_memory_committed_bytes,"{area=""nonheap"",id=""Compressed Class Space"",language=""java"",service=""java-product-service"",}",13434880.0
1790100839.348,java-product-service,jvm_memory_committed_bytes,"{area=""heap"",id=""G1 Survivor Space"",language=""java"",service=""java-product-service"",}",4194304.0
1790100839.348,java-product-service,jvm_memory_committed_bytes,"{area=""nonheap"",id=""CodeHeap 'profiled nmethods'"",language=""java"",service=""java-product-service"",}",25624576.0
1790100839.348,java-product-service,jvm_memory_committed_bytes,"{area=""nonheap"",id=""CodeHeap 'non-profiled nmethods'"",language=""java"",service=""java-product-service"",}",7667712.0
1790100839.348,java-product-service,tomcat_threads_config_max_threads,"{language=""java"",name=""http-nio-9082"",service=""java-product-service"",}",64.0
1790100839.348,java-product-service,hikaricp_connections_pending,"{language=""java"",pool=""HikariPool-1"",service=""java-product-service"",}",0.0
1790100839.348,java-product-service,hikaricp_connections_usage_seconds_count,"{language=""java"",pool=""HikariPool-1"",service=""java-product-service"",}",172.0
1790100839.348,java-product-service,hikaricp_connections_usage_seconds_sum,"{language=""java"",pool=""HikariPool-1"",service=""java-product-service"",}",0.597
1790100839.348,java-order-service,hikaricp_connections_acquire_seconds_count,"{language=""java"",pool=""HikariPool-1"",service=""java-order-service"",}",150.0
1790100839.348,java-order-service,hikaricp_connections_acquire_seconds_sum,"{language=""java"",pool=""HikariPool-1"",service=""java-order-service"",}",0.025015125
1790100839.348,java-order-service,jvm_gc_pause_seconds_count,"{action=""end of minor GC"",cause=""G1 Evacuation Pause"",gc=""G1 Young Generation"",language=""java"",service=""java-order-service"",}",1.0
1790100839.348,java-order-service,jvm_gc_pause_seconds_sum,"{action=""end of minor GC"",cause=""G1 Evacuation Pause"",gc=""G1 Young Generation"",language=""java"",service=""java-order-service"",}",0.006
1790100839.348,java-order-service,system_cpu_usage,"{language=""java"",service=""java-order-service"",}",0.019103232323232324
1790100839.348,java-order-service,process_cpu_usage,"{language=""java"",service=""java-order-service"",}",0.020202020202020204
1790100839.348,java-order-service,tomcat_threads_busy_threads,"{language=""java"",name=""http-nio-9083"",service=""java-order-service"",}",1.0
1790100839.348,java-order-service,tomcat_threads_config_max_threads,"{language=""java"",name=""http-nio-9083"",service=""java-order-service"",}",64.0
1790100839.348,java-order-service,jvm_memory_used_bytes,"{area=""nonheap"",id=""CodeHeap 'non-profiled nmethods'"",language=""java"",service=""java-order-service"",}",4006016.0
1790100839.348,java-order-service,jvm_memory_used_bytes,"{area=""heap"",id=""G1 Eden Space"",language=""java"",service=""java-order-service"",}",25165824.0
1790100839.348,java-order-service,jvm_memory_used_bytes,"{area=""nonheap"",id=""CodeHeap 'profiled nmethods'"",language=""java"",service=""java-order-service"",}",14181248.0
1790100839.348,java-order-service,jvm_memory_used_bytes,"{area=""nonheap"",id=""CodeHeap 'non-nmethods'"",language=""java"",service=""java-order-service"",}",1611264.0
1790100839.348,java-order-service,jvm_memory_used_bytes,"{area=""heap"",id=""G1 Survivor Space"",language=""java"",service=""java-order-service"",}",5193544.0
1790100839.348,java-order-service,jvm_memory_used_bytes,"{area=""nonheap"",id=""Compressed Class Space"",language=""java"",service=""java-order-service"",}",10671608.0
1790100839.348,java-order-service,jvm_memory_used_bytes,"{area=""heap"",id=""G1 Old Gen"",language=""java"",service=""java-order-service"",}",29741112.0
1790100839.348,java-order-service,jvm_memory_used_bytes,"{area=""nonheap"",id=""Metaspace"",language=""java"",service=""java-order-service"",}",78414176.0
1790100839.348,java-order-service,tomcat_threads_current_threads,"{language=""java"",name=""http-nio-9083"",service=""java-order-service"",}",10.0
1790100839.348,java-order-service,hikaricp_connections_usage_seconds_count,"{language=""java"",pool=""HikariPool-1"",service=""java-order-service"",}",150.0
1790100839.348,java-order-service,hikaricp_connections_usage_seconds_sum,"{language=""java"",pool=""HikariPool-1"",service=""java-order-service"",}",0.002
1790100839.348,java-order-service,jvm_memory_committed_bytes,"{area=""nonheap"",id=""CodeHeap 'non-profiled nmethods'"",language=""java"",service=""java-order-service"",}",4063232.0
1790100839.348,java-order-service,jvm_memory_committed_bytes,"{area=""heap"",id=""G1 Eden Space"",language=""java"",service=""java-order-service"",}",57671680.0
1790100839.348,java-order-service,jvm_memory_committed_bytes,"{area=""nonheap"",id=""CodeHeap 'profiled nmethods'"",language=""java"",service=""java-order-service"",}",14221312.0
1790100839.348,java-order-service,jvm_memory_committed_bytes,"{area=""nonheap"",id=""CodeHeap 'non-nmethods'"",language=""java"",service=""java-order-service"",}",2555904.0
1790100839.348,java-order-service,jvm_memory_committed_bytes,"{area=""heap"",id=""G1 Survivor Space"",language=""java"",service=""java-order-service"",}",5242880.0
1790100839.348,java-order-service,jvm_memory_committed_bytes,"{area=""nonheap"",id=""Compressed Class Space"",language=""java"",service=""java-order-service"",}",11075584.0
1790100839.348,java-order-service,jvm_memory_committed_bytes,"{area=""heap"",id=""G1 Old Gen"",language=""java"",service=""java-order-service"",}",36700160.0
1790100839.348,java-order-service,jvm_memory_committed_bytes,"{area=""nonheap"",id=""Metaspace"",language=""java"",service=""java-order-service"",}",79298560.0
1790100839.348,java-order-service,hikaricp_connections_active,"{language=""java"",pool=""HikariPool-1"",service=""java-order-service"",}",0.0
1790100839.348,java-order-service,hikaricp_connections_pending,"{language=""java"",pool=""HikariPool-1"",service=""java-order-service"",}",0.0
1790100844.391,java-user-service,hikaricp_connections_acquire_seconds_count,"{framework=""spring-boot"",language=""java"",pool=""HikariPool-1"",service=""java-user-service"",}",438.0
1790100844.391,java-user-service,hikaricp_connections_acquire_seconds_sum,"{framework=""spring-boot"",language=""java"",pool=""HikariPool-1"",service=""java-user-service"",}",0.042495452
1790100844.391,java-user-service,system_cpu_usage,"{framework=""spring-boot"",language=""java"",service=""java-user-service"",}",0.24558306666666666
1790100844.391,java-user-service,process_cpu_usage,"{framework=""spring-boot"",language=""java"",service=""java-user-service"",}",0.24533333333333332
1790100844.391,java-user-service,tomcat_threads_busy_threads,"{framework=""spring-boot"",language=""java"",name=""http-nio-9081"",service=""java-user-service"",}",2.0
1790100844.391,java-user-service,tomcat_threads_current_threads,"{framework=""spring-boot"",language=""java"",name=""http-nio-9081"",service=""java-user-service"",}",14.0
1790100844.391,java-user-service,jvm_memory_committed_bytes,"{area=""nonheap"",framework=""spring-boot"",id=""CodeHeap 'non-nmethods'"",language=""java"",service=""java-user-service"",}",2555904.0
1790100844.391,java-user-service,jvm_memory_committed_bytes,"{area=""nonheap"",framework=""spring-boot"",id=""CodeHeap 'non-profiled nmethods'"",language=""java"",service=""java-user-service"",}",8716288.0
1790100844.391,java-user-service,jvm_memory_committed_bytes,"{area=""heap"",framework=""spring-boot"",id=""G1 Survivor Space"",language=""java"",service=""java-user-service"",}",5242880.0
1790100844.391,java-user-service,jvm_memory_committed_bytes,"{area=""heap"",framework=""spring-boot"",id=""G1 Old Gen"",language=""java"",service=""java-user-service"",}",49283072.0
1790100844.391,java-user-service,jvm_memory_committed_bytes,"{area=""nonheap"",framework=""spring-boot"",id=""Metaspace"",language=""java"",service=""java-user-service"",}",102694912.0
1790100844.391,java-user-service,jvm_memory_committed_bytes,"{area=""heap"",framework=""spring-boot"",id=""G1 Eden Space"",language=""java"",service=""java-user-service"",}",78643200.0
1790100844.391,java-user-service,jvm_memory_committed_bytes,"{area=""nonheap"",framework=""spring-boot"",id=""Compressed Class Space"",language=""java"",service=""java-user-service"",}",13893632.0
1790100844.391,java-user-service,jvm_memory_committed_bytes,"{area=""nonheap"",framework=""spring-boot"",id=""CodeHeap 'profiled nmethods'"",language=""java"",service=""java-user-service"",}",27131904.0
1790100844.391,java-user-service,hikaricp_connections_pending,"{framework=""spring-boot"",language=""java"",pool=""HikariPool-1"",service=""java-user-service"",}",0.0
1790100844.391,java-user-service,hikaricp_connections_usage_seconds_count,"{framework=""spring-boot"",language=""java"",pool=""HikariPool-1"",service=""java-user-service"",}",438.0
1790100844.391,java-user-service,hikaricp_connections_usage_seconds_sum,"{framework=""spring-boot"",language=""java"",pool=""HikariPool-1"",service=""java-user-service"",}",22.145
1790100844.391,java-user-service,tomcat_threads_config_max_threads,"{framework=""spring-boot"",language=""java"",name=""http-nio-9081"",service=""java-user-service"",}",64.0
1790100844.391,java-user-service,hikaricp_connections_active,"{framework=""spring-boot"",language=""java"",pool=""HikariPool-1"",service=""java-user-service"",}",0.0
1790100844.391,java-user-service,jvm_memory_used_bytes,"{area=""nonheap"",framework=""spring-boot"",id=""CodeHeap 'non-nmethods'"",language=""java"",service=""java-user-service"",}",1642752.0
1790100844.391,java-user-service,jvm_memory_used_bytes,"{area=""nonheap"",framework=""spring-boot"",id=""CodeHeap 'non-profiled nmethods'"",language=""java"",service=""java-user-service"",}",8592512.0
1790100844.391,java-user-service,jvm_memory_used_bytes,"{area=""heap"",framework=""spring-boot"",id=""G1 Survivor Space"",language=""java"",service=""java-user-service"",}",5094144.0
1790100844.391,java-user-service,jvm_memory_used_bytes,"{area=""heap"",framework=""spring-boot"",id=""G1 Old Gen"",language=""java"",service=""java-user-service"",}",38546968.0
1790100844.391,java-user-service,jvm_memory_used_bytes,"{area=""nonheap"",framework=""spring-boot"",id=""Metaspace"",language=""java"",service=""java-user-service"",}",101676456.0
1790100844.391,java-user-service,jvm_memory_used_bytes,"{area=""heap"",framework=""spring-boot"",id=""G1 Eden Space"",language=""java"",service=""java-user-service"",}",70254592.0
1790100844.391,java-user-service,jvm_memory_used_bytes,"{area=""nonheap"",framework=""spring-boot"",id=""Compressed Class Space"",language=""java"",service=""java-user-service"",}",13412648.0
1790100844.391,java-user-service,jvm_memory_used_bytes,"{area=""nonheap"",framework=""spring-boot"",id=""CodeHeap 'profiled nmethods'"",language=""java"",service=""java-user-service"",}",23271296.0
1790100844.391,java-user-service,jvm_gc_pause_seconds_count,"{action=""end of minor GC"",cause=""G1 Evacuation Pause"",framework=""spring-boot"",gc=""G1 Young Generation"",language=""java"",service=""java-user-service"",}",13.0
1790100844.391,java-user-service,jvm_gc_pause_seconds_sum,"{action=""end of minor GC"",cause=""G1 Evacuation Pause"",framework=""spring-boot"",gc=""G1 Young Generation"",language=""java"",service=""java-user-service"",}",0.102
1790100844.391,java-product-service,hikaricp_connections_active,"{language=""java"",pool=""HikariPool-1"",service=""java-product-service"",}",0.0
1790100844.391,java-product-service,tomcat_threads_busy_threads,"{language=""java"",name=""http-nio-9082"",service=""java-product-service"",}",1.0
1790100844.391,java-product-service,jvm_gc_pause_seconds_count,"{action=""end of minor GC"",cause=""G1 Evacuation Pause"",gc=""G1 Young Generation"",language=""java"",service=""java-product-service"",}",7.0
1790100844.391,java-product-service,jvm_gc_pause_seconds_sum,"{action=""end of minor GC"",cause=""G1 Evacuation Pause"",gc=""G1 Young Generation"",language=""java"",service=""java-product-service"",}",0.043
1790100844.391,java-product-service,tomcat_threads_current_threads,"{language=""java"",name=""http-nio-9082"",service=""java-product-service"",}",17.0
1790100844.391,java-product-service,hikaricp_connections_acquire_seconds_count,"{language=""java"",pool=""HikariPool-1"",service=""java-product-service"",}",190.0
1790100844.391,java-product-service,hikaricp_connections_acquire_seconds_sum,"{language=""java"",pool=""HikariPool-1"",service=""java-product-service"",}",0.041788121
1790100844.391,java-product-service,process_cpu_usage,"{language=""java"",service=""java-product-service"",}",0.21466666666666667
1790100844.391,java-product-service,system_cpu_usage,"{language=""java"",service=""java-product-service"",}",0.21594693333333334
1790100844.391,java-product-service,jvm_memory_used_bytes,"{area=""nonheap"",id=""CodeHeap 'non-nmethods'"",language=""java"",service=""java-product-service"",}",1643008.0
1790100844.391,java-product-service,jvm_memory_used_bytes,"{area=""heap"",id=""G1 Eden Space"",language=""java"",service=""java-product-service"",}",10485760.0
1790100844.391,java-product-service,jvm_memory_used_bytes,"{area=""nonheap"",id=""Metaspace"",language=""java"",service=""java-product-service"",}",97809688.0
1790100844.391,java-product-service,jvm_memory_used_bytes,"{area=""heap"",id=""G1 Old Gen"",language=""java"",service=""java-product-service"",}",43301384.0
1790100844.391,java-product-service,jvm_memory_used_bytes,"{area=""nonheap"",id=""Compressed Class Space"",language=""java"",service=""java-product-service"",}",12976896.0
1790100844.391,java-product-service,jvm_memory_used_bytes,"{area=""heap"",id=""G1 Survivor Space"",language=""java"",service=""java-product-service"",}",4093224.0
1790100844.391,java-product-service,jvm_memory_used_bytes,"{area=""nonheap"",id=""CodeHeap 'profiled nmethods'"",language=""java"",service=""java-product-service"",}",25965056.0
1790100844.391,java-product-service,jvm_memory_used_bytes,"{area=""nonheap"",id=""CodeHeap 'non-profiled nmethods'"",language=""java"",service=""java-product-service"",}",8345856.0
1790100844.391,java-product-service,jvm_memory_committed_bytes,"{area=""nonheap"",id=""CodeHeap 'non-nmethods'"",language=""java"",service=""java-product-service"",}",2555904.0
1790100844.391,java-product-service,jvm_memory_committed_bytes,"{area=""heap"",id=""G1 Eden Space"",language=""java"",service=""java-product-service"",}",50331648.0
1790100844.391,java-product-service,jvm_memory_committed_bytes,"{area=""nonheap"",id=""Metaspace"",language=""java"",service=""java-product-service"",}",98762752.0
1790100844.391,java-product-service,jvm_memory_committed_bytes,"{area=""heap"",id=""G1 Old Gen"",language=""java"",service=""java-product-service"",}",47185920.0
1790100844.391,java-product-service,jvm_memory_committed_bytes,"{area=""nonheap"",id=""Compressed Class Space"",language=""java"",service=""java-product-service"",}",13434880.0
1790100844.391,java-product-service,jvm_memory_committed_bytes,"{area=""heap"",id=""G1 Survivor Space"",language=""java"",service=""java-product-service"",}",4194304.0
1790100844.391,java-product-service,jvm_memory_committed_bytes,"{area=""nonheap"",id=""CodeHeap 'profiled nmethods'"",language=""java"",service=""java-product-service"",}",26017792.0
1790100844.391,java-product-service,jvm_memory_committed_bytes,"{area=""nonheap"",id=""CodeHeap 'non-profiled nmethods'"",language=""java"",service=""java-product-service"",}",8388608.0
1790100844.391,java-product-service,tomcat_threads_config_max_threads,"{language=""java"",name=""http-nio-9082"",service=""java-product-service"",}",64.0
1790100844.391,java-product-service,hikaricp_connections_pending,"{language=""java"",pool=""HikariPool-1"",service=""java-product-service"",}",0.0
1790100844.391,java-product-service,hikaricp_connections_usage_seconds_count,"{language=""java"",pool=""HikariPool-1"",service=""java-product-service"",}",190.0
1790100844.391,java-product-service,hikaricp_connections_usage_seconds_sum,"{language=""java"",pool=""HikariPool-1"",service=""java-product-service"",}",0.597
1790100844.391,java-order-service,hikaricp_connections_acquire_seconds_count,"{language=""java"",pool=""HikariPool-1"",service=""java-order-service"",}",170.0
1790100844.391,java-order-service,hikaricp_connections_acquire_seconds_sum,"{language=""java"",pool=""HikariPool-1"",service=""java-order-service"",}",0.02688175
1790100844.391,java-order-service,jvm_gc_pause_seconds_count,"{action=""end of minor GC"",cause=""G1 Evacuation Pause"",gc=""G1 Young Generation"",language=""java"",service=""java-order-service"",}",1.0
1790100844.391,java-order-service,jvm_gc_pause_seconds_sum,"{action=""end of minor GC"",cause=""G1 Evacuation Pause"",gc=""G1 Young Generation"",language=""java"",service=""java-order-service"",}",0.006
1790100844.391,java-order-service,system_cpu_usage,"{language=""java"",service=""java-order-service"",}",0.0233928
1790100844.391,java-order-service,process_cpu_usage,"{language=""java"",service=""java-order-service"",}",0.021333333333333333
1790100844.391,java-order-service,tomcat_threads_busy_threads,"{language=""java"",name=""http-nio-9083"",service=""java-order-service"",}",1.0
1790100844.391,java-order-service,tomcat_threads_config_max_threads,"{language=""java"",name=""http-nio-9083"",service=""java-order-service"",}",64.0
1790100844.391,java-order-service,jvm_memory_used_bytes,"{area=""nonheap"",id=""CodeHeap 'non-profiled nmethods'"",language=""java"",service=""java-order-service"",}",4033664.0
1790100844.391,java-order-service,jvm_memory_used_bytes,"{area=""heap"",id=""G1 Eden Space"",language=""java"",service=""java-order-service"",}",27262976.0
1790100844.391,java-order-service,jvm_memory_used_bytes,"{area=""nonheap"",id=""CodeHeap 'profiled nmethods'"",language=""java"",service=""java-order-service"",}",14397696.0
1790100844.391,java-order-service,jvm_memory_used_bytes,"{area=""nonheap"",id=""CodeHeap 'non-nmethods'"",language=""java"",service=""java-order-service"",}",1611264.0
1790100844.391,java-order-service,jvm_memory_used_bytes,"{area=""heap"",id=""G1 Survivor Space"",language=""java"",service=""java-order-service"",}",5193544.0
1790100844.391,java-order-service,jvm_memory_used_bytes,"{area=""nonheap"",id=""Compressed Class Space"",language=""java"",service=""java-order-service"",}",10671608.0
1790100844.391,java-order-service,jvm_memory_used_bytes,"{area=""heap"",id=""G1 Old Gen"",language=""java"",service=""java-order-service"",}",29741112.0
1790100844.391,java-order-service,jvm_memory_used_bytes,"{area=""nonheap"",id=""Metaspace"",language=""java"",service=""java-order-service"",}",78480672.0
1790100844.391,java-order-service,tomcat_threads_current_threads,"{language=""java"",name=""http-nio-9083"",service=""java-order-service"",}",10.0
1790100844.391,java-order-service,hikaricp_connections_usage_seconds_count,"{language=""java"",pool=""HikariPool-1"",service=""java-order-service"",}",170.0
1790100844.391,java-order-service,hikaricp_connections_usage_seconds_sum,"{language=""java"",pool=""HikariPool-1"",service=""java-order-service"",}",0.002
1790100844.391,java-order-service,jvm_memory_committed_bytes,"{area=""nonheap"",id=""CodeHeap 'non-profiled nmethods'"",language=""java"",service=""java-order-service"",}",4063232.0
1790100844.391,java-order-service,jvm_memory_committed_bytes,"{area=""heap"",id=""G1 Eden Space"",language=""java"",service=""java-order-service"",}",57671680.0
1790100844.391,java-order-service,jvm_memory_committed_bytes,"{area=""nonheap"",id=""CodeHeap 'profiled nmethods'"",language=""java"",service=""java-order-service"",}",14417920.0
1790100844.391,java-order-service,jvm_memory_committed_bytes,"{area=""nonheap"",id=""CodeHeap 'non-nmethods'"",language=""java"",service=""java-order-service"",}",2555904.0
1790100844.391,java-order-service,jvm_memory_committed_bytes,"{area=""heap"",id=""G1 Survivor Space"",language=""java"",service=""java-order-service"",}",5242880.0
1790100844.391,java-order-service,jvm_memory_committed_bytes,"{area=""nonheap"",id=""Compressed Class Space"",language=""java"",service=""java-order-service"",}",11075584.0
1790100844.391,java-order-service,jvm_memory_committed_bytes,"{area=""heap"",id=""G1 Old Gen"",language=""java"",service=""java-order-service"",}",36700160.0
1790100844.391,java-order-service,jvm_memory_committed_bytes,"{area=""nonheap"",id=""Metaspace"",language=""java"",service=""java-order-service"",}",79364096.0
1790100844.391,java-order-service,hikaricp_connections_active,"{language=""java"",pool=""HikariPool-1"",service=""java-order-service"",}",0.0
1790100844.391,java-order-service,hikaricp_connections_pending,"{language=""java"",pool=""HikariPool-1"",service=""java-order-service"",}",0.0
1790100849.431,java-user-service,hikaricp_connections_acquire_seconds_count,"{framework=""spring-boot"",language=""java"",pool=""HikariPool-1"",service=""java-user-service"",}",460.0
1790100849.431,java-user-service,hikaricp_connections_acquire_seconds_sum,"{framework=""spring-boot"",language=""java"",pool=""HikariPool-1"",service=""java-user-service"",}",0.045451956
1790100849.431,java-user-service,system_cpu_usage,"{framework=""spring-boot"",language=""java"",service=""java-user-service"",}",0.3155206535947712
1790100849.431,java-user-service,process_cpu_usage,"{framework=""spring-boot"",language=""java"",service=""java-user-service"",}",0.3150326797385621
1790100849.431,java-user-service,tomcat_threads_busy_threads,"{framework=""spring-boot"",language=""java"",name=""http-nio-9081"",service=""java-user-service"",}",1.0
1790100849.431,java-user-service,tomcat_threads_current_threads,"{framework=""spring-boot"",language=""java"",name=""http-nio-9081"",service=""java-user-service"",}",25.0
1790100849.431,java-user-service,jvm_memory_committed_bytes,"{area=""nonheap"",framework=""spring-boot"",id=""CodeHeap 'non-nmethods'"",language=""java"",service=""java-user-service"",}",2555904.0
1790100849.431,java-user-service,jvm_memory_committed_bytes,"{area=""nonheap"",framework=""spring-boot"",id=""CodeHeap 'non-profiled nmethods'"",language=""java"",service=""java-user-service"",}",9175040.0
1790100849.431,java-user-service,jvm_memory_committed_bytes,"{area=""heap"",framework=""spring-boot"",id=""G1 Survivor Space"",language=""java"",service=""java-user-service"",}",6291456.0
1790100849.431,java-user-service,jvm_memory_committed_bytes,"{area=""heap"",framework=""spring-boot"",id=""G1 Old Gen"",language=""java"",service=""java-user-service"",}",49283072.0
1790100849.431,java-user-service,jvm_memory_committed_bytes,"{area=""nonheap"",framework=""spring-boot"",id=""Metaspace"",language=""java"",service=""java-user-service"",}",102760448.0
1790100849.431,java-user-service,jvm_memory_committed_bytes,"{area=""heap"",framework=""spring-boot"",id=""G1 Eden Space"",language=""java"",service=""java-user-service"",}",77594624.0
1790100849.431,java-user-service,jvm_memory_committed_bytes,"{area=""nonheap"",framework=""spring-boot"",id=""Compressed Class Space"",language=""java"",service=""java-user-service"",}",13893632.0
1790100849.431,java-user-service,jvm_memory_committed_bytes,"{area=""nonheap"",framework=""spring-boot"",id=""CodeHeap 'profiled nmethods'"",language=""java"",service=""java-user-service"",}",27131904.0
1790100849.431,java-user-service,hikaricp_connections_pending,"{framework=""spring-boot"",language=""java"",pool=""HikariPool-1"",service=""java-user-service"",}",0.0
1790100849.431,java-user-service,hikaricp_connections_usage_seconds_count,"{framework=""spring-boot"",language=""java"",pool=""HikariPool-1"",service=""java-user-service"",}",460.0
1790100849.431,java-user-service,hikaricp_connections_usage_seconds_sum,"{framework=""spring-boot"",language=""java"",pool=""HikariPool-1"",service=""java-user-service"",}",22.145
1790100849.431,java-user-service,tomcat_threads_config_max_threads,"{framework=""spring-boot"",language=""java"",name=""http-nio-9081"",service=""java-user-service"",}",64.0
1790100849.431,java-user-service,hikaricp_connections_active,"{framework=""spring-boot"",language=""java"",pool=""HikariPool-1"",service=""java-user-service"",}",0.0
1790100849.431,java-user-service,jvm_memory_used_bytes,"{area=""nonheap"",framework=""spring-boot"",id=""CodeHeap 'non-nmethods'"",language=""java"",service=""java-user-service"",}",1649536.0
1790100849.431,java-user-service,jvm_memory_used_bytes,"{area=""nonheap"",framework=""spring-boot"",id=""CodeHeap 'non-profiled nmethods'"",language=""java"",service=""java-user-service"",}",9126656.0
1790100849.431,java-user-service,jvm_memory_used_bytes,"{area=""heap"",framework=""spring-boot"",id=""G1 Survivor Space"",language=""java"",service=""java-user-service"",}",5767168.0
1790100849.431,java-user-service,jvm_memory_used_bytes,"{area=""heap"",framework=""spring-boot"",id=""G1 Old Gen"",language=""java"",service=""java-user-service"",}",40084104.0
1790100849.431,java-user-service,jvm_memory_used_bytes,"{area=""nonheap"",framework=""spring-boot"",id=""Metaspace"",language=""java"",service=""java-user-service"",}",101744968.0
1790100849.431,java-user-service,jvm_memory_used_bytes,"{area=""heap"",framework=""spring-boot"",id=""G1 Eden Space"",language=""java"",service=""java-user-service"",}",6291456.0
1790100849.431,java-user-service,jvm_memory_used_bytes,"{area=""nonheap"",framework=""spring-boot"",id=""Compressed Class Space"",language=""java"",service=""java-user-service"",}",13413216.0
1790100849.431,java-user-service,jvm_memory_used_bytes,"{area=""nonheap"",framework=""spring-boot"",id=""CodeHeap 'profiled nmethods'"",language=""java"",service=""java-user-service"",}",21815680.0
1790100849.431,java-user-service,jvm_gc_pause_seconds_count,"{action=""end of minor GC"",cause=""G1 Evacuation Pause"",framework=""spring-boot"",gc=""G1 Young Generation"",language=""java"",service=""java-user-service"",}",19.0
1790100849.431,java-user-service,jvm_gc_pause_seconds_sum,"{action=""end of minor GC"",cause=""G1 Evacuation Pause"",framework=""spring-boot"",gc=""G1 Young Generation"",language=""java"",service=""java-user-service"",}",0.136
1790100849.431,java-product-service,hikaricp_connections_active,"{language=""java"",pool=""HikariPool-1"",service=""java-product-service"",}",0.0
1790100849.431,java-product-service,tomcat_threads_busy_threads,"{language=""java"",name=""http-nio-9082"",service=""java-product-service"",}",1.0
1790100849.431,java-product-service,jvm_gc_pause_seconds_count,"{action=""end of minor GC"",cause=""G1 Evacuation Pause"",gc=""G1 Young Generation"",language=""java"",service=""java-product-service"",}",9.0
1790100849.431,java-product-service,jvm_gc_pause_seconds_sum,"{action=""end of minor GC"",cause=""G1 Evacuation Pause"",gc=""G1 Young Generation"",language=""java"",service=""java-product-service"",}",0.05
1790100849.431,java-product-service,tomcat_threads_current_threads,"{language=""java"",name=""http-nio-9082"",service=""java-product-service"",}",22.0
1790100849.431,java-product-service,hikaricp_connections_acquire_seconds_count,"{language=""java"",pool=""HikariPool-1"",service=""java-product-service"",}",212.0
1790100849.431,java-product-service,hikaricp_connections_acquire_seconds_sum,"{language=""java"",pool=""HikariPool-1"",service=""java-product-service"",}",0.044016161
1790100849.431,java-product-service,process_cpu_usage,"{language=""java"",service=""java-product-service"",}",0.228
1790100849.431,java-product-service,system_cpu_usage,"{language=""java"",service=""java-product-service"",}",0.2295168
1790100849.431,java-product-service,jvm_memory_used_bytes,"{area=""nonheap"",id=""CodeHeap 'non-nmethods'"",language=""java"",service=""java-product-service"",}",1643008.0
1790100849.431,java-product-service,jvm_memory_used_bytes,"{area=""heap"",id=""G1 Eden Space"",language=""java"",service=""java-product-service"",}",25165824.0
1790100849.431,java-product-service,jvm_memory_used_bytes,"{area=""nonheap"",id=""Metaspace"",language=""java"",service=""java-product-service"",}",97891144.0
1790100849.431,java-product-service,jvm_memory_used_bytes,"{area=""heap"",id=""G1 Old Gen"",language=""java"",service=""java-product-service"",}",44147392.0
1790100849.431,java-product-service,jvm_memory_used_bytes,"{area=""nonheap"",id=""Compressed Class Space"",language=""java"",service=""java-product-service"",}",12977464.0
1790100849.431,java-product-service,jvm_memory_used_bytes,"{area=""heap"",id=""G1 Survivor Space"",language=""java"",service=""java-product-service"",}",5138064.0
1790100849.431,java-product-service,jvm_memory_used_bytes,"{area=""nonheap"",id=""CodeHeap 'profiled nmethods'"",language=""java"",service=""java-product-service"",}",26238336.0
1790100849.431,java-product-service,jvm_memory_used_bytes,"{area=""nonheap"",id=""CodeHeap 'non-profiled nmethods'"",language=""java"",service=""java-product-service"",}",8896256.0
1790100849.431,java-product-service,jvm_memory_committed_bytes,"{area=""nonheap"",id=""CodeHeap 'non-nmethods'"",language=""java"",service=""java-product-service"",}",2555904.0
1790100849.431,java-product-service,jvm_memory_committed_bytes,"{area=""heap"",id=""G1 Eden Space"",language=""java"",service=""java-product-service"",}",48234496.0
1790100849.431,java-product-service,jvm_memory_committed_bytes,"{area=""nonheap"",id=""Metaspace"",language=""java"",service=""java-product-service"",}",98893824.0
1790100849.431,java-product-service,jvm_memory_committed_bytes,"{area=""heap"",id=""G1 Old Gen"",language=""java"",service=""java-product-service"",}",48234496.0
1790100849.431,java-product-service,jvm_memory_committed_bytes,"{area=""nonheap"",id=""Compressed Class Space"",language=""java"",service=""java-product-service"",}",13434880.0
1790100849.431,java-product-service,jvm_memory_committed_bytes,"{area=""heap"",id=""G1 Survivor Space"",language=""java"",service=""java-product-service"",}",5242880.0
1790100849.431,java-product-service,jvm_memory_committed_bytes,"{area=""nonheap"",id=""CodeHeap 'profiled nmethods'"",language=""java"",service=""java-product-service"",}",26279936.0
1790100849.431,java-product-service,jvm_memory_committed_bytes,"{area=""nonheap"",id=""CodeHeap 'non-profiled nmethods'"",language=""java"",service=""java-product-service"",}",8912896.0
1790100849.431,java-product-service,tomcat_threads_config_max_threads,"{language=""java"",name=""http-nio-9082"",service=""java-product-service"",}",64.0
1790100849.431,java-product-service,hikaricp_connections_pending,"{language=""java"",pool=""HikariPool-1"",service=""java-product-service"",}",0.0
1790100849.431,java-product-service,hikaricp_connections_usage_seconds_count,"{language=""java"",pool=""HikariPool-1"",service=""java-product-service"",}",212.0
1790100849.431,java-product-service,hikaricp_connections_usage_seconds_sum,"{language=""java"",pool=""HikariPool-1"",service=""java-product-service"",}",0.597
1790100849.431,java-order-service,hikaricp_connections_acquire_seconds_count,"{language=""java"",pool=""HikariPool-1"",service=""java-order-service"",}",190.0
1790100849.431,java-order-service,hikaricp_connections_acquire_seconds_sum,"{language=""java"",pool=""HikariPool-1"",service=""java-order-service"",}",0.029377248
1790100849.431,java-order-service,jvm_gc_pause_seconds_count,"{action=""end of minor GC"",cause=""G1 Evacuation Pause"",gc=""G1 Young Generation"",language=""java"",service=""java-order-service"",}",1.0
1790100849.431,java-order-service,jvm_gc_pause_seconds_sum,"{action=""end of minor GC"",cause=""G1 Evacuation Pause"",gc=""G1 Young Generation"",language=""java"",service=""java-order-service"",}",0.006
1790100849.431,java-order-service,system_cpu_usage,"{language=""java"",service=""java-order-service"",}",0.012444222222222223
1790100849.431,java-order-service,process_cpu_usage,"{language=""java"",service=""java-order-service"",}",0.011111111111111112
1790100849.431,java-order-service,tomcat_threads_busy_threads,"{language=""java"",name=""http-nio-9083"",service=""java-order-service"",}",1.0
1790100849.431,java-order-service,tomcat_threads_config_max_threads,"{language=""java"",name=""http-nio-9083"",service=""java-order-service"",}",64.0
1790100849.431,java-order-service,jvm_memory_used_bytes,"{area=""nonheap"",id=""CodeHeap 'non-profiled nmethods'"",language=""java"",service=""java-order-service"",}",4049536.0
1790100849.431,java-order-service,jvm_memory_used_bytes,"{area=""heap"",id=""G1 Eden Space"",language=""java"",service=""java-order-service"",}",28311552.0
1790100849.431,java-order-service,jvm_memory_used_bytes,"{area=""nonheap"",id=""CodeHeap 'profiled nmethods'"",language=""java"",service=""java-order-service"",}",14565760.0
1790100849.431,java-order-service,jvm_memory_used_bytes,"{area=""nonheap"",id=""CodeHeap 'non-nmethods'"",language=""java"",service=""java-order-service"",}",1611264.0
1790100849.431,java-order-service,jvm_memory_used_bytes,"{area=""heap"",id=""G1 Survivor Space"",language=""java"",service=""java-order-service"",}",5193544.0
1790100849.431,java-order-service,jvm_memory_used_bytes,"{area=""nonheap"",id=""Compressed Class Space"",language=""java"",service=""java-order-service"",}",10671608.0
1790100849.431,java-order-service,jvm_memory_used_bytes,"{area=""heap"",id=""G1 Old Gen"",language=""java"",service=""java-order-service"",}",29741112.0
1790100849.431,java-order-service,jvm_memory_used_bytes,"{area=""nonheap"",id=""Metaspace"",language=""java"",service=""java-order-service"",}",78525056.0
1790100849.431,java-order-service,tomcat_threads_current_threads,"{language=""java"",name=""http-nio-9083"",service=""java-order-service"",}",10.0
1790100849.431,java-order-service,hikaricp_connections_usage_seconds_count,"{language=""java"",pool=""HikariPool-1"",service=""java-order-service"",}",190.0
1790100849.431,java-order-service,hikaricp_connections_usage_seconds_sum,"{language=""java"",pool=""HikariPool-1"",service=""java-order-service"",}",0.002
1790100849.431,java-order-service,jvm_memory_committed_bytes,"{area=""nonheap"",id=""CodeHeap 'non-profiled nmethods'"",language=""java"",service=""java-order-service"",}",4063232.0
1790100849.431,java-order-service,jvm_memory_committed_bytes,"{area=""heap"",id=""G1 Eden Space"",language=""java"",service=""java-order-service"",}",57671680.0
1790100849.431,java-order-service,jvm_memory_committed_bytes,"{area=""nonheap"",id=""CodeHeap 'profiled nmethods'"",language=""java"",service=""java-order-service"",}",14614528.0
1790100849.431,java-order-service,jvm_memory_committed_bytes,"{area=""nonheap"",id=""CodeHeap 'non-nmethods'"",language=""java"",service=""java-order-service"",}",2555904.0
1790100849.431,java-order-service,jvm_memory_committed_bytes,"{area=""heap"",id=""G1 Survivor Space"",language=""java"",service=""java-order-service"",}",5242880.0
1790100849.431,java-order-service,jvm_memory_committed_bytes,"{area=""nonheap"",id=""Compressed Class Space"",language=""java"",service=""java-order-service"",}",11075584.0
1790100849.431,java-order-service,jvm_memory_committed_bytes,"{area=""heap"",id=""G1 Old Gen"",language=""java"",service=""java-order-service"",}",36700160.0
1790100849.431,java-order-service,jvm_memory_committed_bytes,"{area=""nonheap"",id=""Metaspace"",language=""java"",service=""java-order-service"",}",79364096.0
1790100849.431,java-order-service,hikaricp_connections_active,"{language=""java"",pool=""HikariPool-1"",service=""java-order-service"",}",0.0
1790100849.431,java-order-service,hikaricp_connections_pending,"{language=""java"",pool=""HikariPool-1"",service=""java-order-service"",}",0.0
1790100854.459,java-user-service,hikaricp_connections_acquire_seconds_count,"{framework=""spring-boot"",language=""java"",pool=""HikariPool-1"",service=""java-user-service"",}",480.0
1790100854.459,java-user-service,hikaricp_connections_acquire_seconds_sum,"{framework=""spring-boot"",language=""java"",pool=""HikariPool-1"",service=""java-user-service"",}",0.047157831
1790100854.459,java-user-service,system_cpu_usage,"{framework=""spring-boot"",language=""java"",service=""java-user-service"",}",0.43878986666666664
1790100854.459,java-user-service,process_cpu_usage,"{framework=""spring-boot"",language=""java"",service=""java-user-service"",}",0.43733333333333335
1790100854.459,java-user-service,tomcat_threads_busy_threads,"{framework=""spring-boot"",language=""java"",name=""http-nio-9081"",service=""java-user-service"",}",1.0
1790100854.459,java-user-service,tomcat_threads_current_threads,"{framework=""spring-boot"",language=""java"",name=""http-nio-9081"",service=""java-user-service"",}",30.0
1790100854.459,java-user-service,jvm_memory_committed_bytes,"{area=""nonheap"",framework=""spring-boot"",id=""CodeHeap 'non-nmethods'"",language=""java"",service=""java-user-service"",}",2555904.0
1790100854.459,java-user-service,jvm_memory_committed_bytes,"{area=""nonheap"",framework=""spring-boot"",id=""CodeHeap 'non-profiled nmethods'"",language=""java"",service=""java-user-service"",}",10616832.0
1790100854.459,java-user-service,jvm_memory_committed_bytes,"{area=""heap"",framework=""spring-boot"",id=""G1 Survivor Space"",language=""java"",service=""java-user-service"",}",5242880.0
1790100854.459,java-user-service,jvm_memory_committed_bytes,"{area=""heap"",framework=""spring-boot"",id=""G1 Old Gen"",language=""java"",service=""java-user-service"",}",49283072.0
1790100854.459,java-user-service,jvm_memory_committed_bytes,"{area=""nonheap"",framework=""spring-boot"",id=""Metaspace"",language=""java"",service=""java-user-service"",}",102760448.0
1790100854.459,java-user-service,jvm_memory_committed_bytes,"{area=""heap"",framework=""spring-boot"",id=""G1 Eden Space"",language=""java"",service=""java-user-service"",}",78643200.0
1790100854.459,java-user-service,jvm_memory_committed_bytes,"{area=""nonheap"",framework=""spring-boot"",id=""Compressed Class Space"",language=""java"",service=""java-user-service"",}",13893632.0
1790100854.459,java-user-service,jvm_memory_committed_bytes,"{area=""nonheap"",framework=""spring-boot"",id=""CodeHeap 'profiled nmethods'"",language=""java"",service=""java-user-service"",}",27131904.0
1790100854.459,java-user-service,hikaricp_connections_pending,"{framework=""spring-boot"",language=""java"",pool=""HikariPool-1"",service=""java-user-service"",}",0.0
1790100854.459,java-user-service,hikaricp_connections_usage_seconds_count,"{framework=""spring-boot"",language=""java"",pool=""HikariPool-1"",service=""java-user-service"",}",480.0
1790100854.459,java-user-service,hikaricp_connections_usage_seconds_sum,"{framework=""spring-boot"",language=""java"",pool=""HikariPool-1"",service=""java-user-service"",}",22.145
1790100854.459,java-user-service,tomcat_threads_config_max_threads,"{framework=""spring-boot"",language=""java"",name=""http-nio-9081"",service=""java-user-service"",}",64.0
1790100854.459,java-user-service,hikaricp_connections_active,"{framework=""spring-boot"",language=""java"",pool=""HikariPool-1"",service=""java-user-service"",}",0.0
1790100854.459,java-user-service,jvm_memory_used_bytes,"{area=""nonheap"",framework=""spring-boot"",id=""CodeHeap 'non-nmethods'"",language=""java"",service=""java-user-service"",}",1642752.0
1790100854.459,java-user-service,jvm_memory_used_bytes,"{area=""nonheap"",framework=""spring-boot"",id=""CodeHeap 'non-profiled nmethods'"",language=""java"",service=""java-user-service"",}",10431872.0
1790100854.459,java-user-service,jvm_memory_used_bytes,"{area=""heap"",framework=""spring-boot"",id=""G1 Survivor Space"",language=""java"",service=""java-user-service"",}",5150040.0
1790100854.459,java-user-service,jvm_memory_used_bytes,"{area=""heap"",framework=""spring-boot"",id=""G1 Old Gen"",language=""java"",service=""java-user-service"",}",41119032.0
1790100854.459,java-user-service,jvm_memory_used_bytes,"{area=""nonheap"",framework=""spring-boot"",id=""Metaspace"",language=""java"",service=""java-user-service"",}",101743912.0
1790100854.459,java-user-service,jvm_memory_used_bytes,"{area=""heap"",framework=""spring-boot"",id=""G1 Eden Space"",language=""java"",service=""java-user-service"",}",55574528.0
1790100854.459,java-user-service,jvm_memory_used_bytes,"{area=""nonheap"",framework=""spring-boot"",id=""Compressed Class Space"",language=""java"",service=""java-user-service"",}",13407608.0
1790100854.459,java-user-service,jvm_memory_used_bytes,"{area=""nonheap"",framework=""spring-boot"",id=""CodeHeap 'profiled nmethods'"",language=""java"",service=""java-user-service"",}",19041152.0
1790100854.459,java-user-service,jvm_gc_pause_seconds_count,"{action=""end of minor GC"",cause=""G1 Evacuation Pause"",framework=""spring-boot"",gc=""G1 Young Generation"",language=""java"",service=""java-user-service"",}",25.0
1790100854.459,java-user-service,jvm_gc_pause_seconds_sum,"{action=""end of minor GC"",cause=""G1 Evacuation Pause"",framework=""spring-boot"",gc=""G1 Young Generation"",language=""java"",service=""java-user-service"",}",0.155
1790100854.459,java-product-service,hikaricp_connections_active,"{language=""java"",pool=""HikariPool-1"",service=""java-product-service"",}",0.0
1790100854.459,java-product-service,tomcat_threads_busy_threads,"{language=""java"",name=""http-nio-9082"",service=""java-product-service"",}",1.0
1790100854.459,java-product-service,jvm_gc_pause_seconds_count,"{action=""end of minor GC"",cause=""G1 Evacuation Pause"",gc=""G1 Young Generation"",language=""java"",service=""java-product-service"",}",12.0
1790100854.459,java-product-service,jvm_gc_pause_seconds_sum,"{action=""end of minor GC"",cause=""G1 Evacuation Pause"",gc=""G1 Young Generation"",language=""java"",service=""java-product-service"",}",0.061
1790100854.459,java-product-service,tomcat_threads_current_threads,"{language=""java"",name=""http-nio-9082"",service=""java-product-service"",}",24.0
1790100854.459,java-product-service,hikaricp_connections_acquire_seconds_count,"{language=""java"",pool=""HikariPool-1"",service=""java-product-service"",}",232.0
1790100854.459,java-product-service,hikaricp_connections_acquire_seconds_sum,"{language=""java"",pool=""HikariPool-1"",service=""java-product-service"",}",0.045944287
1790100854.459,java-product-service,process_cpu_usage,"{language=""java"",service=""java-product-service"",}",0.36470588235294116
1790100854.459,java-product-service,system_cpu_usage,"{language=""java"",service=""java-product-service"",}",0.36449738562091505
1790100854.459,java-product-service,jvm_memory_used_bytes,"{area=""nonheap"",id=""CodeHeap 'non-nmethods'"",language=""java"",service=""java-product-service"",}",1643008.0
1790100854.459,java-product-service,jvm_memory_used_bytes,"{area=""heap"",id=""G1 Eden Space"",language=""java"",service=""java-product-service"",}",26214400.0
1790100854.459,java-product-service,jvm_memory_used_bytes,"{area=""nonheap"",id=""Metaspace"",language=""java"",service=""java-product-service"",}",97871000.0
1790100854.459,java-product-service,jvm_memory_used_bytes,"{area=""heap"",id=""G1 Old Gen"",language=""java"",service=""java-product-service"",}",47160952.0
1790100854.459,java-product-service,jvm_memory_used_bytes,"{area=""nonheap"",id=""Compressed Class Space"",language=""java"",service=""java-product-service"",}",12964432.0
1790100854.459,java-product-service,jvm_memory_used_bytes,"{area=""heap"",id=""G1 Survivor Space"",language=""java"",service=""java-product-service"",}",2615616.0
1790100854.459,java-product-service,jvm_memory_used_bytes,"{area=""nonheap"",id=""CodeHeap 'profiled nmethods'"",language=""java"",service=""java-product-service"",}",24983296.0
1790100854.459,java-product-service,jvm_memory_used_bytes,"{area=""nonheap"",id=""CodeHeap 'non-profiled nmethods'"",language=""java"",service=""java-product-service"",}",10183808.0
1790100854.459,java-product-service,jvm_memory_committed_bytes,"{area=""nonheap"",id=""CodeHeap 'non-nmethods'"",language=""java"",service=""java-product-service"",}",2555904.0
1790100854.459,java-product-service,jvm_memory_committed_bytes,"{area=""heap"",id=""G1 Eden Space"",language=""java"",service=""java-product-service"",}",48234496.0
1790100854.459,java-product-service,jvm_memory_committed_bytes,"{area=""nonheap"",id=""Metaspace"",language=""java"",service=""java-product-service"",}",98893824.0
1790100854.459,java-product-service,jvm_memory_committed_bytes,"{area=""heap"",id=""G1 Old Gen"",language=""java"",service=""java-product-service"",}",50331648.0
1790100854.459,java-product-service,jvm_memory_committed_bytes,"{area=""nonheap"",id=""Compressed Class Space"",language=""java"",service=""java-product-service"",}",13434880.0
1790100854.459,java-product-service,jvm_memory_committed_bytes,"{area=""heap"",id=""G1 Survivor Space"",language=""java"",service=""java-product-service"",}",3145728.0
1790100854.459,java-product-service,jvm_memory_committed_bytes,"{area=""nonheap"",id=""CodeHeap 'profiled nmethods'"",language=""java"",service=""java-product-service"",}",26411008.0
1790100854.459,java-product-service,jvm_memory_committed_bytes,"{area=""nonheap"",id=""CodeHeap 'non-profiled nmethods'"",language=""java"",service=""java-product-service"",}",10223616.0
1790100854.459,java-product-service,tomcat_threads_config_max_threads,"{language=""java"",name=""http-nio-9082"",service=""java-product-service"",}",64.0
1790100854.459,java-product-service,hikaricp_connections_pending,"{language=""java"",pool=""HikariPool-1"",service=""java-product-service"",}",0.0
1790100854.459,java-product-service,hikaricp_connections_usage_seconds_count,"{language=""java"",pool=""HikariPool-1"",service=""java-product-service"",}",232.0
1790100854.459,java-product-service,hikaricp_connections_usage_seconds_sum,"{language=""java"",pool=""HikariPool-1"",service=""java-product-service"",}",0.597
1790100854.459,java-order-service,hikaricp_connections_acquire_seconds_count,"{language=""java"",pool=""HikariPool-1"",service=""java-order-service"",}",212.0
1790100854.459,java-order-service,hikaricp_connections_acquire_seconds_sum,"{language=""java"",pool=""HikariPool-1"",service=""java-order-service"",}",0.031528248
1790100854.459,java-order-service,jvm_gc_pause_seconds_count,"{action=""end of minor GC"",cause=""G1 Evacuation Pause"",gc=""G1 Young Generation"",language=""java"",service=""java-order-service"",}",1.0
1790100854.459,java-order-service,jvm_gc_pause_seconds_sum,"{action=""end of minor GC"",cause=""G1 Evacuation Pause"",gc=""G1 Young Generation"",language=""java"",service=""java-order-service"",}",0.006
1790100854.459,java-order-service,system_cpu_usage,"{language=""java"",service=""java-order-service"",}",0.016258390804597702
1790100854.459,java-order-service,process_cpu_usage,"{language=""java"",service=""java-order-service"",}",0.013793103448275862
1790100854.459,java-order-service,tomcat_threads_busy_threads,"{language=""java"",name=""http-nio-9083"",service=""java-order-service"",}",1.0
1790100854.459,java-order-service,tomcat_threads_config_max_threads,"{language=""java"",name=""http-nio-9083"",service=""java-order-service"",}",64.0
1790100854.459,java-order-service,jvm_memory_used_bytes,"{area=""nonheap"",id=""CodeHeap 'non-profiled nmethods'"",language=""java"",service=""java-order-service"",}",4085120.0
1790100854.459,java-order-service,jvm_memory_used_bytes,"{area=""heap"",id=""G1 Eden Space"",language=""java"",service=""java-order-service"",}",29360128.0
1790100854.459,java-order-service,jvm_memory_used_bytes,"{area=""nonheap"",id=""CodeHeap 'profiled nmethods'"",language=""java"",service=""java-order-service"",}",14728064.0
1790100854.459,java-order-service,jvm_memory_used_bytes,"{area=""nonheap"",id=""CodeHeap 'non-nmethods'"",language=""java"",service=""java-order-service"",}",1611264.0
1790100854.459,java-order-service,jvm_memory_used_bytes,"{area=""heap"",id=""G1 Survivor Space"",language=""java"",service=""java-order-service"",}",5193544.0
1790100854.459,java-order-service,jvm_memory_used_bytes,"{area=""nonheap"",id=""Compressed Class Space"",language=""java"",service=""java-order-service"",}",10671608.0
1790100854.459,java-order-service,jvm_memory_used_bytes,"{area=""heap"",id=""G1 Old Gen"",language=""java"",service=""java-order-service"",}",29741112.0
1790100854.459,java-order-service,jvm_memory_used_bytes,"{area=""nonheap"",id=""Metaspace"",language=""java"",service=""java-order-service"",}",78585496.0
1790100854.459,java-order-service,tomcat_threads_current_threads,"{language=""java"",name=""http-nio-9083"",service=""java-order-service"",}",10.0
1790100854.459,java-order-service,hikaricp_connections_usage_seconds_count,"{language=""java"",pool=""HikariPool-1"",service=""java-order-service"",}",212.0
1790100854.459,java-order-service,hikaricp_connections_usage_seconds_sum,"{language=""java"",pool=""HikariPool-1"",service=""java-order-service"",}",0.002
1790100854.459,java-order-service,jvm_memory_committed_bytes,"{area=""nonheap"",id=""CodeHeap 'non-profiled nmethods'"",language=""java"",service=""java-order-service"",}",4128768.0
1790100854.459,java-order-service,jvm_memory_committed_bytes,"{area=""heap"",id=""G1 Eden Space"",language=""java"",service=""java-order-service"",}",57671680.0
1790100854.459,java-order-service,jvm_memory_committed_bytes,"{area=""nonheap"",id=""CodeHeap 'profiled nmethods'"",language=""java"",service=""java-order-service"",}",14745600.0
1790100854.459,java-order-service,jvm_memory_committed_bytes,"{area=""nonheap"",id=""CodeHeap 'non-nmethods'"",language=""java"",service=""java-order-service"",}",2555904.0
1790100854.459,java-order-service,jvm_memory_committed_bytes,"{area=""heap"",id=""G1 Survivor Space"",language=""java"",service=""java-order-service"",}",5242880.0
1790100854.459,java-order-service,jvm_memory_committed_bytes,"{area=""nonheap"",id=""Compressed Class Space"",language=""java"",service=""java-order-service"",}",11075584.0
1790100854.459,java-order-service,jvm_memory_committed_bytes,"{area=""heap"",id=""G1 Old Gen"",language=""java"",service=""java-order-service"",}",36700160.0
1790100854.459,java-order-service,jvm_memory_committed_bytes,"{area=""nonheap"",id=""Metaspace"",language=""java"",service=""java-order-service"",}",79495168.0
1790100854.459,java-order-service,hikaricp_connections_active,"{language=""java"",pool=""HikariPool-1"",service=""java-order-service"",}",0.0
1790100854.459,java-order-service,hikaricp_connections_pending,"{language=""java"",pool=""HikariPool-1"",service=""java-order-service"",}",0.0
1790100859.495,java-user-service,hikaricp_connections_acquire_seconds_count,"{framework=""spring-boot"",language=""java"",pool=""HikariPool-1"",service=""java-user-service"",}",502.0
1790100859.495,java-user-service,hikaricp_connections_acquire_seconds_sum,"{framework=""spring-boot"",language=""java"",pool=""HikariPool-1"",service=""java-user-service"",}",0.050286288
1790100859.495,java-user-service,system_cpu_usage,"{framework=""spring-boot"",language=""java"",service=""java-user-service"",}",0.33927613333333334
1790100859.495,java-user-service,process_cpu_usage,"{framework=""spring-boot"",language=""java"",service=""java-user-service"",}",0.33866666666666667
1790100859.495,java-user-service,tomcat_threads_busy_threads,"{framework=""spring-boot"",language=""java"",name=""http-nio-9081"",service=""java-user-service"",}",5.0
1790100859.495,java-user-service,tomcat_threads_current_threads,"{framework=""spring-boot"",language=""java"",name=""http-nio-9081"",service=""java-user-service"",}",40.0
1790100859.495,java-user-service,jvm_memory_committed_bytes,"{area=""nonheap"",framework=""spring-boot"",id=""CodeHeap 'non-nmethods'"",language=""java"",service=""java-user-service"",}",2555904.0
1790100859.495,java-user-service,jvm_memory_committed_bytes,"{area=""nonheap"",framework=""spring-boot"",id=""CodeHeap 'non-profiled nmethods'"",language=""java"",service=""java-user-service"",}",10878976.0
1790100859.495,java-user-service,jvm_memory_committed_bytes,"{area=""heap"",framework=""spring-boot"",id=""G1 Survivor Space"",language=""java"",service=""java-user-service"",}",2097152.0
1790100859.495,java-user-service,jvm_memory_committed_bytes,"{area=""heap"",framework=""spring-boot"",id=""G1 Old Gen"",language=""java"",service=""java-user-service"",}",49283072.0
1790100859.495,java-user-service,jvm_memory_committed_bytes,"{area=""nonheap"",framework=""spring-boot"",id=""Metaspace"",language=""java"",service=""java-user-service"",}",102760448.0
1790100859.495,java-user-service,jvm_memory_committed_bytes,"{area=""heap"",framework=""spring-boot"",id=""G1 Eden Space"",language=""java"",service=""java-user-service"",}",81788928.0
1790100859.495,java-user-service,jvm_memory_committed_bytes,"{area=""nonheap"",framework=""spring-boot"",id=""Compressed Class Space"",language=""java"",service=""java-user-service"",}",13893632.0
1790100859.495,java-user-service,jvm_memory_committed_bytes,"{area=""nonheap"",framework=""spring-boot"",id=""CodeHeap 'profiled nmethods'"",language=""java"",service=""java-user-service"",}",27131904.0
1790100859.495,java-user-service,hikaricp_connections_pending,"{framework=""spring-boot"",language=""java"",pool=""HikariPool-1"",service=""java-user-service"",}",0.0
1790100859.495,java-user-service,hikaricp_connections_usage_seconds_count,"{framework=""spring-boot"",language=""java"",pool=""HikariPool-1"",service=""java-user-service"",}",502.0
1790100859.495,java-user-service,hikaricp_connections_usage_seconds_sum,"{framework=""spring-boot"",language=""java"",pool=""HikariPool-1"",service=""java-user-service"",}",22.145
1790100859.495,java-user-service,tomcat_threads_config_max_threads,"{framework=""spring-boot"",language=""java"",name=""http-nio-9081"",service=""java-user-service"",}",64.0
1790100859.495,java-user-service,hikaricp_connections_active,"{framework=""spring-boot"",language=""java"",pool=""HikariPool-1"",service=""java-user-service"",}",0.0
1790100859.495,java-user-service,jvm_memory_used_bytes,"{area=""nonheap"",framework=""spring-boot"",id=""CodeHeap 'non-nmethods'"",language=""java"",service=""java-user-service"",}",1642752.0
1790100859.495,java-user-service,jvm_memory_used_bytes,"{area=""nonheap"",framework=""spring-boot"",id=""CodeHeap 'non-profiled nmethods'"",language=""java"",service=""java-user-service"",}",10800640.0
1790100859.495,java-user-service,jvm_memory_used_bytes,"{area=""heap"",framework=""spring-boot"",id=""G1 Survivor Space"",language=""java"",service=""java-user-service"",}",2097152.0
1790100859.495,java-user-service,jvm_memory_used_bytes,"{area=""heap"",framework=""spring-boot"",id=""G1 Old Gen"",language=""java"",service=""java-user-service"",}",44206344.0
1790100859.495,java-user-service,jvm_memory_used_bytes,"{area=""nonheap"",framework=""spring-boot"",id=""Metaspace"",language=""java"",service=""java-user-service"",}",101774168.0
1790100859.495,java-user-service,jvm_memory_used_bytes,"{area=""heap"",framework=""spring-boot"",id=""G1 Eden Space"",language=""java"",service=""java-user-service"",}",25165824.0
1790100859.495,java-user-service,jvm_memory_used_bytes,"{area=""nonheap"",framework=""spring-boot"",id=""Compressed Class Space"",language=""java"",service=""java-user-service"",}",13408840.0
1790100859.495,java-user-service,jvm_memory_used_bytes,"{area=""nonheap"",framework=""spring-boot"",id=""CodeHeap 'profiled nmethods'"",language=""java"",service=""java-user-service"",}",17209984.0
1790100859.495,java-user-service,jvm_gc_pause_seconds_count,"{action=""end of minor GC"",cause=""G1 Evacuation Pause"",framework=""spring-boot"",gc=""G1 Young Generation"",language=""java"",service=""java-user-service"",}",32.0
1790100859.495,java-user-service,jvm_gc_pause_seconds_sum,"{action=""end of minor GC"",cause=""G1 Evacuation Pause"",framework=""spring-boot"",gc=""G1 Young Generation"",language=""java"",service=""java-user-service"",}",0.193
1790100859.495,java-product-service,hikaricp_connections_active,"{language=""java"",pool=""HikariPool-1"",service=""java-product-service"",}",0.0
1790100859.495,java-product-service,tomcat_threads_busy_threads,"{language=""java"",name=""http-nio-9082"",service=""java-product-service"",}",1.0
1790100859.495,java-product-service,jvm_gc_pause_seconds_count,"{action=""end of minor GC"",cause=""G1 Evacuation Pause"",gc=""G1 Young Generation"",language=""java"",service=""java-product-service"",}",15.0
1790100859.495,java-product-service,jvm_gc_pause_seconds_sum,"{action=""end of minor GC"",cause=""G1 Evacuation Pause"",gc=""G1 Young Generation"",language=""java"",service=""java-product-service"",}",0.072
1790100859.495,java-product-service,tomcat_threads_current_threads,"{language=""java"",name=""http-nio-9082"",service=""java-product-service"",}",42.0
1790100859.495,java-product-service,hikaricp_connections_acquire_seconds_count,"{language=""java"",pool=""HikariPool-1"",service=""java-product-service"",}",254.0
1790100859.495,java-product-service,hikaricp_connections_acquire_seconds_sum,"{language=""java"",pool=""HikariPool-1"",service=""java-product-service"",}",0.048583664
1790100859.495,java-product-service,process_cpu_usage,"{language=""java"",service=""java-product-service"",}",0.21333333333333335
1790100859.495,java-product-service,system_cpu_usage,"{language=""java"",service=""java-product-service"",}",0.21451226666666667
1790100859.495,java-product-service,jvm_memory_used_bytes,"{area=""nonheap"",id=""CodeHeap 'non-nmethods'"",language=""java"",service=""java-product-service"",}",1643008.0
1790100859.495,java-product-service,jvm_memory_used_bytes,"{area=""heap"",id=""G1 Eden Space"",language=""java"",service=""java-product-service"",}",26214400.0
1790100859.495,java-product-service,jvm_memory_used_bytes,"{area=""nonheap"",id=""Metaspace"",language=""java"",service=""java-product-service"",}",97900600.0
1790100859.495,java-product-service,jvm_memory_used_bytes,"{area=""heap"",id=""G1 Old Gen"",language=""java"",service=""java-product-service"",}",45253560.0
1790100859.495,java-product-service,jvm_memory_used_bytes,"{area=""nonheap"",id=""Compressed Class Space"",language=""java"",service=""java-product-service"",}",12966480.0
1790100859.495,java-product-service,jvm_memory_used_bytes,"{area=""heap"",id=""G1 Survivor Space"",language=""java"",service=""java-product-service"",}",3967808.0
1790100859.495,java-product-service,jvm_memory_used_bytes,"{area=""nonheap"",id=""CodeHeap 'profiled nmethods'"",language=""java"",service=""java-product-service"",}",17185024.0
1790100859.495,java-product-service,jvm_memory_used_bytes,"{area=""nonheap"",id=""CodeHeap 'non-profiled nmethods'"",language=""java"",service=""java-product-service"",}",9088512.0
1790100859.495,java-product-service,jvm_memory_committed_bytes,"{area=""nonheap"",id=""CodeHeap 'non-nmethods'"",language=""java"",service=""java-product-service"",}",2555904.0
1790100859.495,java-product-service,jvm_memory_committed_bytes,"{area=""heap"",id=""G1 Eden Space"",language=""java"",service=""java-product-service"",}",48234496.0
1790100859.495,java-product-service,jvm_memory_committed_bytes,"{area=""nonheap"",id=""Metaspace"",language=""java"",service=""java-product-service"",}",98893824.0
1790100859.495,java-product-service,jvm_memory_committed_bytes,"{area=""heap"",id=""G1 Old Gen"",language=""java"",service=""java-product-service"",}",49283072.0
1790100859.495,java-product-service,jvm_memory_committed_bytes,"{area=""nonheap"",id=""Compressed Class Space"",language=""java"",service=""java-product-service"",}",13434880.0
1790100859.495,java-product-service,jvm_memory_committed_bytes,"{area=""heap"",id=""G1 Survivor Space"",language=""java"",service=""java-product-service"",}",4194304.0
1790100859.495,java-product-service,jvm_memory_committed_bytes,"{area=""nonheap"",id=""CodeHeap 'profiled nmethods'"",language=""java"",service=""java-product-service"",}",26411008.0
1790100859.495,java-product-service,jvm_memory_committed_bytes,"{area=""nonheap"",id=""CodeHeap 'non-profiled nmethods'"",language=""java"",service=""java-product-service"",}",10485760.0
1790100859.495,java-product-service,tomcat_threads_config_max_threads,"{language=""java"",name=""http-nio-9082"",service=""java-product-service"",}",64.0
1790100859.495,java-product-service,hikaricp_connections_pending,"{language=""java"",pool=""HikariPool-1"",service=""java-product-service"",}",0.0
1790100859.495,java-product-service,hikaricp_connections_usage_seconds_count,"{language=""java"",pool=""HikariPool-1"",service=""java-product-service"",}",254.0
1790100859.495,java-product-service,hikaricp_connections_usage_seconds_sum,"{language=""java"",pool=""HikariPool-1"",service=""java-product-service"",}",0.597
1790100859.495,java-order-service,hikaricp_connections_acquire_seconds_count,"{language=""java"",pool=""HikariPool-1"",service=""java-order-service"",}",232.0
1790100859.495,java-order-service,hikaricp_connections_acquire_seconds_sum,"{language=""java"",pool=""HikariPool-1"",service=""java-order-service"",}",0.033864917
1790100859.495,java-order-service,jvm_gc_pause_seconds_count,"{action=""end of minor GC"",cause=""G1 Evacuation Pause"",gc=""G1 Young Generation"",language=""java"",service=""java-order-service"",}",1.0
1790100859.495,java-order-service,jvm_gc_pause_seconds_sum,"{action=""end of minor GC"",cause=""G1 Evacuation Pause"",gc=""G1 Young Generation"",language=""java"",service=""java-order-service"",}",0.006
1790100859.495,java-order-service,system_cpu_usage,"{language=""java"",service=""java-order-service"",}",0.018796551724137932
1790100859.495,java-order-service,process_cpu_usage,"{language=""java"",service=""java-order-service"",}",0.01839080459770115
1790100859.495,java-order-service,tomcat_threads_busy_threads,"{language=""java"",name=""http-nio-9083"",service=""java-order-service"",}",1.0
1790100859.495,java-order-service,tomcat_threads_config_max_threads,"{language=""java"",name=""http-nio-9083"",service=""java-order-service"",}",64.0
1790100859.495,java-order-service,jvm_memory_used_bytes,"{area=""nonheap"",id=""CodeHeap 'non-profiled nmethods'"",language=""java"",service=""java-order-service"",}",4242816.0
1790100859.495,java-order-service,jvm_memory_used_bytes,"{area=""heap"",id=""G1 Eden Space"",language=""java"",service=""java-order-service"",}",31457280.0
1790100859.495,java-order-service,jvm_memory_used_bytes,"{area=""nonheap"",id=""CodeHeap 'profiled nmethods'"",language=""java"",service=""java-order-service"",}",14947456.0
1790100859.495,java-order-service,jvm_memory_used_bytes,"{area=""nonheap"",id=""CodeHeap 'non-nmethods'"",language=""java"",service=""java-order-service"",}",1611264.0
1790100859.495,java-order-service,jvm_memory_used_bytes,"{area=""heap"",id=""G1 Survivor Space"",language=""java"",service=""java-order-service"",}",5193544.0
1790100859.495,java-order-service,jvm_memory_used_bytes,"{area=""nonheap"",id=""Compressed Class Space"",language=""java"",service=""java-order-service"",}",10672128.0
1790100859.495,java-order-service,jvm_memory_used_bytes,"{area=""heap"",id=""G1 Old Gen"",language=""java"",service=""java-order-service"",}",29741112.0
1790100859.495,java-order-service,jvm_memory_used_bytes,"{area=""nonheap"",id=""Metaspace"",language=""java"",service=""java-order-service"",}",78637144.0
1790100859.495,java-order-service,tomcat_threads_current_threads,"{language=""java"",name=""http-nio-9083"",service=""java-order-service"",}",10.0
1790100859.495,java-order-service,hikaricp_connections_usage_seconds_count,"{language=""java"",pool=""HikariPool-1"",service=""java-order-service"",}",232.0
1790100859.495,java-order-service,hikaricp_connections_usage_seconds_sum,"{language=""java"",pool=""HikariPool-1"",service=""java-order-service"",}",0.002
1790100859.495,java-order-service,jvm_memory_committed_bytes,"{area=""nonheap"",id=""CodeHeap 'non-profiled nmethods'"",language=""java"",service=""java-order-service"",}",4259840.0
1790100859.495,java-order-service,jvm_memory_committed_bytes,"{area=""heap"",id=""G1 Eden Space"",language=""java"",service=""java-order-service"",}",57671680.0
1790100859.495,java-order-service,jvm_memory_committed_bytes,"{area=""nonheap"",id=""CodeHeap 'profiled nmethods'"",language=""java"",service=""java-order-service"",}",15007744.0
1790100859.495,java-order-service,jvm_memory_committed_bytes,"{area=""nonheap"",id=""CodeHeap 'non-nmethods'"",language=""java"",service=""java-order-service"",}",2555904.0
1790100859.495,java-order-service,jvm_memory_committed_bytes,"{area=""heap"",id=""G1 Survivor Space"",language=""java"",service=""java-order-service"",}",5242880.0
1790100859.495,java-order-service,jvm_memory_committed_bytes,"{area=""nonheap"",id=""Compressed Class Space"",language=""java"",service=""java-order-service"",}",11075584.0
1790100859.495,java-order-service,jvm_memory_committed_bytes,"{area=""heap"",id=""G1 Old Gen"",language=""java"",service=""java-order-service"",}",36700160.0
1790100859.495,java-order-service,jvm_memory_committed_bytes,"{area=""nonheap"",id=""Metaspace"",language=""java"",service=""java-order-service"",}",79495168.0
1790100859.495,java-order-service,hikaricp_connections_active,"{language=""java"",pool=""HikariPool-1"",service=""java-order-service"",}",0.0
1790100859.495,java-order-service,hikaricp_connections_pending,"{language=""java"",pool=""HikariPool-1"",service=""java-order-service"",}",0.0
1790100864.539,java-user-service,hikaricp_connections_acquire_seconds_count,"{framework=""spring-boot"",language=""java"",pool=""HikariPool-1"",service=""java-user-service"",}",520.0
1790100864.539,java-user-service,hikaricp_connections_acquire_seconds_sum,"{framework=""spring-boot"",language=""java"",pool=""HikariPool-1"",service=""java-user-service"",}",0.052834247
1790100864.539,java-user-service,system_cpu_usage,"{framework=""spring-boot"",language=""java"",service=""java-user-service"",}",0.28362209150326795
1790100864.539,java-user-service,process_cpu_usage,"{framework=""spring-boot"",language=""java"",service=""java-user-service"",}",0.2823529411764706
1790100864.539,java-user-service,tomcat_threads_busy_threads,"{framework=""spring-boot"",language=""java"",name=""http-nio-9081"",service=""java-user-service"",}",1.0
1790100864.539,java-user-service,tomcat_threads_current_threads,"{framework=""spring-boot"",language=""java"",name=""http-nio-9081"",service=""java-user-service"",}",46.0
1790100864.539,java-user-service,jvm_memory_committed_bytes,"{area=""nonheap"",framework=""spring-boot"",id=""CodeHeap 'non-nmethods'"",language=""java"",service=""java-user-service"",}",2555904.0
1790100864.539,java-user-service,jvm_memory_committed_bytes,"{area=""nonheap"",framework=""spring-boot"",id=""CodeHeap 'non-profiled nmethods'"",language=""java"",service=""java-user-service"",}",10944512.0
1790100864.539,java-user-service,jvm_memory_committed_bytes,"{area=""heap"",framework=""spring-boot"",id=""G1 Survivor Space"",language=""java"",service=""java-user-service"",}",2097152.0
1790100864.539,java-user-service,jvm_memory_committed_bytes,"{area=""heap"",framework=""spring-boot"",id=""G1 Old Gen"",language=""java"",service=""java-user-service"",}",49283072.0
1790100864.539,java-user-service,jvm_memory_committed_bytes,"{area=""nonheap"",framework=""spring-boot"",id=""Metaspace"",language=""java"",service=""java-user-service"",}",102825984.0
1790100864.539,java-user-service,jvm_memory_committed_bytes,"{area=""heap"",framework=""spring-boot"",id=""G1 Eden Space"",language=""java"",service=""java-user-service"",}",81788928.0
1790100864.539,java-user-service,jvm_memory_committed_bytes,"{area=""nonheap"",framework=""spring-boot"",id=""Compressed Class Space"",language=""java"",service=""java-user-service"",}",13893632.0
1790100864.539,java-user-service,jvm_memory_committed_bytes,"{area=""nonheap"",framework=""spring-boot"",id=""CodeHeap 'profiled nmethods'"",language=""java"",service=""java-user-service"",}",27131904.0
1790100864.539,java-user-service,hikaricp_connections_pending,"{framework=""spring-boot"",language=""java"",pool=""HikariPool-1"",service=""java-user-service"",}",0.0
1790100864.539,java-user-service,hikaricp_connections_usage_seconds_count,"{framework=""spring-boot"",language=""java"",pool=""HikariPool-1"",service=""java-user-service"",}",520.0
1790100864.539,java-user-service,hikaricp_connections_usage_seconds_sum,"{framework=""spring-boot"",language=""java"",pool=""HikariPool-1"",service=""java-user-service"",}",22.145
1790100864.539,java-user-service,tomcat_threads_config_max_threads,"{framework=""spring-boot"",language=""java"",name=""http-nio-9081"",service=""java-user-service"",}",64.0
1790100864.539,java-user-service,hikaricp_connections_active,"{framework=""spring-boot"",language=""java"",pool=""HikariPool-1"",service=""java-user-service"",}",0.0
1790100864.539,java-user-service,jvm_memory_used_bytes,"{area=""nonheap"",framework=""spring-boot"",id=""CodeHeap 'non-nmethods'"",language=""java"",service=""java-user-service"",}",1642752.0
1790100864.539,java-user-service,jvm_memory_used_bytes,"{area=""nonheap"",framework=""spring-boot"",id=""CodeHeap 'non-profiled nmethods'"",language=""java"",service=""java-user-service"",}",8765440.0
1790100864.539,java-user-service,jvm_memory_used_bytes,"{area=""heap"",framework=""spring-boot"",id=""G1 Survivor Space"",language=""java"",service=""java-user-service"",}",2097152.0
1790100864.539,java-user-service,jvm_memory_used_bytes,"{area=""heap"",framework=""spring-boot"",id=""G1 Old Gen"",language=""java"",service=""java-user-service"",}",45051872.0
1790100864.539,java-user-service,jvm_memory_used_bytes,"{area=""nonheap"",framework=""spring-boot"",id=""Metaspace"",language=""java"",service=""java-user-service"",}",101812272.0
1790100864.539,java-user-service,jvm_memory_used_bytes,"{area=""heap"",framework=""spring-boot"",id=""G1 Eden Space"",language=""java"",service=""java-user-service"",}",54525952.0
1790100864.539,java-user-service,jvm_memory_used_bytes,"{area=""nonheap"",framework=""spring-boot"",id=""Compressed Class Space"",language=""java"",service=""java-user-service"",}",13409360.0
1790100864.539,java-user-service,jvm_memory_used_bytes,"{area=""nonheap"",framework=""spring-boot"",id=""CodeHeap 'profiled nmethods'"",language=""java"",service=""java-user-service"",}",8462208.0
1790100864.539,java-user-service,jvm_gc_pause_seconds_count,"{action=""end of minor GC"",cause=""G1 Evacuation Pause"",framework=""spring-boot"",gc=""G1 Young Generation"",language=""java"",service=""java-user-service"",}",38.0
1790100864.539,java-user-service,jvm_gc_pause_seconds_sum,"{action=""end of minor GC"",cause=""G1 Evacuation Pause"",framework=""spring-boot"",gc=""G1 Young Generation"",language=""java"",service=""java-user-service"",}",0.217
1790100864.539,java-product-service,hikaricp_connections_active,"{language=""java"",pool=""HikariPool-1"",service=""java-product-service"",}",0.0
1790100864.539,java-product-service,tomcat_threads_busy_threads,"{language=""java"",name=""http-nio-9082"",service=""java-product-service"",}",1.0
1790100864.539,java-product-service,jvm_gc_pause_seconds_count,"{action=""end of minor GC"",cause=""G1 Evacuation Pause"",gc=""G1 Young Generation"",language=""java"",service=""java-product-service"",}",18.0
1790100864.539,java-product-service,jvm_gc_pause_seconds_sum,"{action=""end of minor GC"",cause=""G1 Evacuation Pause"",gc=""G1 Young Generation"",language=""java"",service=""java-product-service"",}",0.089
1790100864.539,java-product-service,tomcat_threads_current_threads,"{language=""java"",name=""http-nio-9082"",service=""java-product-service"",}",47.0
1790100864.539,java-product-service,hikaricp_connections_acquire_seconds_count,"{language=""java"",pool=""HikariPool-1"",service=""java-product-service"",}",274.0
1790100864.539,java-product-service,hikaricp_connections_acquire_seconds_sum,"{language=""java"",pool=""HikariPool-1"",service=""java-product-service"",}",0.051136957
1790100864.539,java-product-service,process_cpu_usage,"{language=""java"",service=""java-product-service"",}",0.18169934640522875
1790100864.539,java-product-service,system_cpu_usage,"{language=""java"",service=""java-product-service"",}",0.18510549019607844
1790100864.539,java-product-service,jvm_memory_used_bytes,"{area=""nonheap"",id=""CodeHeap 'non-nmethods'"",language=""java"",service=""java-product-service"",}",1643008.0
1790100864.539,java-product-service,jvm_memory_used_bytes,"{area=""heap"",id=""G1 Eden Space"",language=""java"",service=""java-product-service"",}",20971520.0
1790100864.539,java-product-service,jvm_memory_used_bytes,"{area=""nonheap"",id=""Metaspace"",language=""java"",service=""java-product-service"",}",97927016.0
1790100864.539,java-product-service,jvm_memory_used_bytes,"{area=""heap"",id=""G1 Old Gen"",language=""java"",service=""java-product-service"",}",45955400.0
1790100864.539,java-product-service,jvm_memory_used_bytes,"{area=""nonheap"",id=""Compressed Class Space"",language=""java"",service=""java-product-service"",}",12966480.0
1790100864.539,java-product-service,jvm_memory_used_bytes,"{area=""heap"",id=""G1 Survivor Space"",language=""java"",service=""java-product-service"",}",2956064.0
1790100864.539,java-product-service,jvm_memory_used_bytes,"{area=""nonheap"",id=""CodeHeap 'profiled nmethods'"",language=""java"",service=""java-product-service"",}",16267904.0
1790100864.539,java-product-service,jvm_memory_used_bytes,"{area=""nonheap"",id=""CodeHeap 'non-profiled nmethods'"",language=""java"",service=""java-product-service"",}",9172352.0
1790100864.539,java-product-service,jvm_memory_committed_bytes,"{area=""nonheap"",id=""CodeHeap 'non-nmethods'"",language=""java"",service=""java-product-service"",}",2555904.0
1790100864.539,java-product-service,jvm_memory_committed_bytes,"{area=""heap"",id=""G1 Eden Space"",language=""java"",service=""java-product-service"",}",49283072.0
1790100864.539,java-product-service,jvm_memory_committed_bytes,"{area=""nonheap"",id=""Metaspace"",language=""java"",service=""java-product-service"",}",98959360.0
1790100864.539,java-product-service,jvm_memory_committed_bytes,"{area=""heap"",id=""G1 Old Gen"",language=""java"",service=""java-product-service"",}",49283072.0
1790100864.539,java-product-service,jvm_memory_committed_bytes,"{area=""nonheap"",id=""Compressed Class Space"",language=""java"",service=""java-product-service"",}",13434880.0
1790100864.539,java-product-service,jvm_memory_committed_bytes,"{area=""heap"",id=""G1 Survivor Space"",language=""java"",service=""java-product-service"",}",3145728.0
1790100864.539,java-product-service,jvm_memory_committed_bytes,"{area=""nonheap"",id=""CodeHeap 'profiled nmethods'"",language=""java"",service=""java-product-service"",}",26411008.0
1790100864.539,java-product-service,jvm_memory_committed_bytes,"{area=""nonheap"",id=""CodeHeap 'non-profiled nmethods'"",language=""java"",service=""java-product-service"",}",10485760.0
1790100864.539,java-product-service,tomcat_threads_config_max_threads,"{language=""java"",name=""http-nio-9082"",service=""java-product-service"",}",64.0
1790100864.539,java-product-service,hikaricp_connections_pending,"{language=""java"",pool=""HikariPool-1"",service=""java-product-service"",}",0.0
1790100864.539,java-product-service,hikaricp_connections_usage_seconds_count,"{language=""java"",pool=""HikariPool-1"",service=""java-product-service"",}",274.0
1790100864.539,java-product-service,hikaricp_connections_usage_seconds_sum,"{language=""java"",pool=""HikariPool-1"",service=""java-product-service"",}",0.597
1790100864.539,java-order-service,hikaricp_connections_acquire_seconds_count,"{language=""java"",pool=""HikariPool-1"",service=""java-order-service"",}",252.0
1790100864.539,java-order-service,hikaricp_connections_acquire_seconds_sum,"{language=""java"",pool=""HikariPool-1"",service=""java-order-service"",}",0.035665583
1790100864.539,java-order-service,jvm_gc_pause_seconds_count,"{action=""end of minor GC"",cause=""G1 Evacuation Pause"",gc=""G1 Young Generation"",language=""java"",service=""java-order-service"",}",1.0
1790100864.539,java-order-service,jvm_gc_pause_seconds_sum,"{action=""end of minor GC"",cause=""G1 Evacuation Pause"",gc=""G1 Young Generation"",language=""java"",service=""java-order-service"",}",0.006
1790100864.539,java-order-service,system_cpu_usage,"{language=""java"",service=""java-order-service"",}",0.02074222222222222
1790100864.539,java-order-service,process_cpu_usage,"{language=""java"",service=""java-order-service"",}",0.01728395061728395
1790100864.539,java-order-service,tomcat_threads_busy_threads,"{language=""java"",name=""http-nio-9083"",service=""java-order-service"",}",1.0
1790100864.539,java-order-service,tomcat_threads_config_max_threads,"{language=""java"",name=""http-nio-9083"",service=""java-order-service"",}",64.0
1790100864.539,java-order-service,jvm_memory_used_bytes,"{area=""nonheap"",id=""CodeHeap 'non-profiled nmethods'"",language=""java"",service=""java-order-service"",}",4254336.0
1790100864.539,java-order-service,jvm_memory_used_bytes,"{area=""heap"",id=""G1 Eden Space"",language=""java"",service=""java-order-service"",}",32505856.0
1790100864.539,java-order-service,jvm_memory_used_bytes,"{area=""nonheap"",id=""CodeHeap 'profiled nmethods'"",language=""java"",service=""java-order-service"",}",15122304.0
1790100864.539,java-order-service,jvm_memory_used_bytes,"{area=""nonheap"",id=""CodeHeap 'non-nmethods'"",language=""java"",service=""java-order-service"",}",1611264.0
1790100864.539,java-order-service,jvm_memory_used_bytes,"{area=""heap"",id=""G1 Survivor Space"",language=""java"",service=""java-order-service"",}",5193544.0
1790100864.539,java-order-service,jvm_memory_used_bytes,"{area=""nonheap"",id=""Compressed Class Space"",language=""java"",service=""java-order-service"",}",10672128.0
1790100864.539,java-order-service,jvm_memory_used_bytes,"{area=""heap"",id=""G1 Old Gen"",language=""java"",service=""java-order-service"",}",29741112.0
1790100864.539,java-order-service,jvm_memory_used_bytes,"{area=""nonheap"",id=""Metaspace"",language=""java"",service=""java-order-service"",}",78682720.0
1790100864.539,java-order-service,tomcat_threads_current_threads,"{language=""java"",name=""http-nio-9083"",service=""java-order-service"",}",10.0
1790100864.539,java-order-service,hikaricp_connections_usage_seconds_count,"{language=""java"",pool=""HikariPool-1"",service=""java-order-service"",}",252.0
1790100864.539,java-order-service,hikaricp_connections_usage_seconds_sum,"{language=""java"",pool=""HikariPool-1"",service=""java-order-service"",}",0.002
1790100864.539,java-order-service,jvm_memory_committed_bytes,"{area=""nonheap"",id=""CodeHeap 'non-profiled nmethods'"",language=""java"",service=""java-order-service"",}",4259840.0
1790100864.539,java-order-service,jvm_memory_committed_bytes,"{area=""heap"",id=""G1 Eden Space"",language=""java"",service=""java-order-service"",}",57671680.0
1790100864.539,java-order-service,jvm_memory_committed_bytes,"{area=""nonheap"",id=""CodeHeap 'profiled nmethods'"",language=""java"",service=""java-order-service"",}",15138816.0
1790100864.539,java-order-service,jvm_memory_committed_bytes,"{area=""nonheap"",id=""CodeHeap 'non-nmethods'"",language=""java"",service=""java-order-service"",}",2555904.0
1790100864.539,java-order-service,jvm_memory_committed_bytes,"{area=""heap"",id=""G1 Survivor Space"",language=""java"",service=""java-order-service"",}",5242880.0
1790100864.539,java-order-service,jvm_memory_committed_bytes,"{area=""nonheap"",id=""Compressed Class Space"",language=""java"",service=""java-order-service"",}",11075584.0
1790100864.539,java-order-service,jvm_memory_committed_bytes,"{area=""heap"",id=""G1 Old Gen"",language=""java"",service=""java-order-service"",}",36700160.0
1790100864.539,java-order-service,jvm_memory_committed_bytes,"{area=""nonheap"",id=""Metaspace"",language=""java"",service=""java-order-service"",}",79560704.0
1790100864.539,java-order-service,hikaricp_connections_active,"{language=""java"",pool=""HikariPool-1"",service=""java-order-service"",}",0.0
1790100864.539,java-order-service,hikaricp_connections_pending,"{language=""java"",pool=""HikariPool-1"",service=""java-order-service"",}",0.0
1790100869.586,java-user-service,hikaricp_connections_acquire_seconds_count,"{framework=""spring-boot"",language=""java"",pool=""HikariPool-1"",service=""java-user-service"",}",553.0
1790100869.586,java-user-service,hikaricp_connections_acquire_seconds_sum,"{framework=""spring-boot"",language=""java"",pool=""HikariPool-1"",service=""java-user-service"",}",0.064271917
1790100869.586,java-user-service,system_cpu_usage,"{framework=""spring-boot"",language=""java"",service=""java-user-service"",}",0.34580453333333333
1790100869.586,java-user-service,process_cpu_usage,"{framework=""spring-boot"",language=""java"",service=""java-user-service"",}",0.3453333333333333
1790100869.586,java-user-service,tomcat_threads_busy_threads,"{framework=""spring-boot"",language=""java"",name=""http-nio-9081"",service=""java-user-service"",}",1.0
1790100869.586,java-user-service,tomcat_threads_current_threads,"{framework=""spring-boot"",language=""java"",name=""http-nio-9081"",service=""java-user-service"",}",55.0
1790100869.586,java-user-service,jvm_memory_committed_bytes,"{area=""nonheap"",framework=""spring-boot"",id=""CodeHeap 'non-nmethods'"",language=""java"",service=""java-user-service"",}",2555904.0
1790100869.586,java-user-service,jvm_memory_committed_bytes,"{area=""nonheap"",framework=""spring-boot"",id=""CodeHeap 'non-profiled nmethods'"",language=""java"",service=""java-user-service"",}",10944512.0
1790100869.586,java-user-service,jvm_memory_committed_bytes,"{area=""heap"",framework=""spring-boot"",id=""G1 Survivor Space"",language=""java"",service=""java-user-service"",}",4194304.0
1790100869.586,java-user-service,jvm_memory_committed_bytes,"{area=""heap"",framework=""spring-boot"",id=""G1 Old Gen"",language=""java"",service=""java-user-service"",}",49283072.0
1790100869.586,java-user-service,jvm_memory_committed_bytes,"{area=""nonheap"",framework=""spring-boot"",id=""Metaspace"",language=""java"",service=""java-user-service"",}",102957056.0
1790100869.586,java-user-service,jvm_memory_committed_bytes,"{area=""heap"",framework=""spring-boot"",id=""G1 Eden Space"",language=""java"",service=""java-user-service"",}",79691776.0
1790100869.586,java-user-service,jvm_memory_committed_bytes,"{area=""nonheap"",framework=""spring-boot"",id=""Compressed Class Space"",language=""java"",service=""java-user-service"",}",13893632.0
1790100869.586,java-user-service,jvm_memory_committed_bytes,"{area=""nonheap"",framework=""spring-boot"",id=""CodeHeap 'profiled nmethods'"",language=""java"",service=""java-user-service"",}",27131904.0
1790100869.586,java-user-service,hikaricp_connections_pending,"{framework=""spring-boot"",language=""java"",pool=""HikariPool-1"",service=""java-user-service"",}",0.0
1790100869.586,java-user-service,hikaricp_connections_usage_seconds_count,"{framework=""spring-boot"",language=""java"",pool=""HikariPool-1"",service=""java-user-service"",}",553.0
1790100869.586,java-user-service,hikaricp_connections_usage_seconds_sum,"{framework=""spring-boot"",language=""java"",pool=""HikariPool-1"",service=""java-user-service"",}",22.22
1790100869.586,java-user-service,tomcat_threads_config_max_threads,"{framework=""spring-boot"",language=""java"",name=""http-nio-9081"",service=""java-user-service"",}",64.0
1790100869.586,java-user-service,hikaricp_connections_active,"{framework=""spring-boot"",language=""java"",pool=""HikariPool-1"",service=""java-user-service"",}",0.0
1790100869.586,java-user-service,jvm_memory_used_bytes,"{area=""nonheap"",framework=""spring-boot"",id=""CodeHeap 'non-nmethods'"",language=""java"",service=""java-user-service"",}",1649536.0
1790100869.586,java-user-service,jvm_memory_used_bytes,"{area=""nonheap"",framework=""spring-boot"",id=""CodeHeap 'non-profiled nmethods'"",language=""java"",service=""java-user-service"",}",9105024.0
1790100869.586,java-user-service,jvm_memory_used_bytes,"{area=""heap"",framework=""spring-boot"",id=""G1 Survivor Space"",language=""java"",service=""java-user-service"",}",3839376.0
1790100869.586,java-user-service,jvm_memory_used_bytes,"{area=""heap"",framework=""spring-boot"",id=""G1 Old Gen"",language=""java"",service=""java-user-service"",}",45230280.0
1790100869.586,java-user-service,jvm_memory_used_bytes,"{area=""nonheap"",framework=""spring-boot"",id=""Metaspace"",language=""java"",service=""java-user-service"",}",101929040.0
1790100869.586,java-user-service,jvm_memory_used_bytes,"{area=""heap"",framework=""spring-boot"",id=""G1 Eden Space"",language=""java"",service=""java-user-service"",}",26214400.0
1790100869.586,java-user-service,jvm_memory_used_bytes,"{area=""nonheap"",framework=""spring-boot"",id=""Compressed Class Space"",language=""java"",service=""java-user-service"",}",13414016.0
1790100869.586,java-user-service,jvm_memory_used_bytes,"{area=""nonheap"",framework=""spring-boot"",id=""CodeHeap 'profiled nmethods'"",language=""java"",service=""java-user-service"",}",8907136.0
1790100869.586,java-user-service,jvm_gc_pause_seconds_count,"{action=""end of minor GC"",cause=""G1 Evacuation Pause"",framework=""spring-boot"",gc=""G1 Young Generation"",language=""java"",service=""java-user-service"",}",45.0
1790100869.586,java-user-service,jvm_gc_pause_seconds_sum,"{action=""end of minor GC"",cause=""G1 Evacuation Pause"",framework=""spring-boot"",gc=""G1 Young Generation"",language=""java"",service=""java-user-service"",}",0.247
1790100869.586,java-product-service,hikaricp_connections_active,"{language=""java"",pool=""HikariPool-1"",service=""java-product-service"",}",0.0
1790100869.586,java-product-service,tomcat_threads_busy_threads,"{language=""java"",name=""http-nio-9082"",service=""java-product-service"",}",1.0
1790100869.586,java-product-service,jvm_gc_pause_seconds_count,"{action=""end of minor GC"",cause=""G1 Evacuation Pause"",gc=""G1 Young Generation"",language=""java"",service=""java-product-service"",}",21.0
1790100869.586,java-product-service,jvm_gc_pause_seconds_sum,"{action=""end of minor GC"",cause=""G1 Evacuation Pause"",gc=""G1 Young Generation"",language=""java"",service=""java-product-service"",}",0.105
1790100869.586,java-product-service,tomcat_threads_current_threads,"{language=""java"",name=""http-nio-9082"",service=""java-product-service"",}",62.0
1790100869.586,java-product-service,hikaricp_connections_acquire_seconds_count,"{language=""java"",pool=""HikariPool-1"",service=""java-product-service"",}",305.0
1790100869.586,java-product-service,hikaricp_connections_acquire_seconds_sum,"{language=""java"",pool=""HikariPool-1"",service=""java-product-service"",}",0.070559206
1790100869.586,java-product-service,process_cpu_usage,"{language=""java"",service=""java-product-service"",}",0.188
1790100869.586,java-product-service,system_cpu_usage,"{language=""java"",service=""java-product-service"",}",0.187526
1790100869.586,java-product-service,jvm_memory_used_bytes,"{area=""nonheap"",id=""CodeHeap 'non-nmethods'"",language=""java"",service=""java-product-service"",}",1643008.0
1790100869.586,java-product-service,jvm_memory_used_bytes,"{area=""heap"",id=""G1 Eden Space"",language=""java"",service=""java-product-service"",}",23068672.0
1790100869.586,java-product-service,jvm_memory_used_bytes,"{area=""nonheap"",id=""Metaspace"",language=""java"",service=""java-product-service"",}",98002200.0
1790100869.586,java-product-service,jvm_memory_used_bytes,"{area=""heap"",id=""G1 Old Gen"",language=""java"",service=""java-product-service"",}",45266808.0
1790100869.586,java-product-service,jvm_memory_used_bytes,"{area=""nonheap"",id=""Compressed Class Space"",language=""java"",service=""java-product-service"",}",12975320.0
1790100869.586,java-product-service,jvm_memory_used_bytes,"{area=""heap"",id=""G1 Survivor Space"",language=""java"",service=""java-product-service"",}",3670016.0
1790100869.586,java-product-service,jvm_memory_used_bytes,"{area=""nonheap"",id=""CodeHeap 'profiled nmethods'"",language=""java"",service=""java-product-service"",}",16531968.0
1790100869.586,java-product-service,jvm_memory_used_bytes,"{area=""nonheap"",id=""CodeHeap 'non-profiled nmethods'"",language=""java"",service=""java-product-service"",}",9316480.0
1790100869.586,java-product-service,jvm_memory_committed_bytes,"{area=""nonheap"",id=""CodeHeap 'non-nmethods'"",language=""java"",service=""java-product-service"",}",2555904.0
1790100869.586,java-product-service,jvm_memory_committed_bytes,"{area=""heap"",id=""G1 Eden Space"",language=""java"",service=""java-product-service"",}",49283072.0
1790100869.586,java-product-service,jvm_memory_committed_bytes,"{area=""nonheap"",id=""Metaspace"",language=""java"",service=""java-product-service"",}",98959360.0
1790100869.586,java-product-service,jvm_memory_committed_bytes,"{area=""heap"",id=""G1 Old Gen"",language=""java"",service=""java-product-service"",}",49283072.0
1790100869.586,java-product-service,jvm_memory_committed_bytes,"{area=""nonheap"",id=""Compressed Class Space"",language=""java"",service=""java-product-service"",}",13434880.0
1790100869.586,java-product-service,jvm_memory_committed_bytes,"{area=""heap"",id=""G1 Survivor Space"",language=""java"",service=""java-product-service"",}",4194304.0
1790100869.586,java-product-service,jvm_memory_committed_bytes,"{area=""nonheap"",id=""CodeHeap 'profiled nmethods'"",language=""java"",service=""java-product-service"",}",26411008.0
1790100869.586,java-product-service,jvm_memory_committed_bytes,"{area=""nonheap"",id=""CodeHeap 'non-profiled nmethods'"",language=""java"",service=""java-product-service"",}",10485760.0
1790100869.586,java-product-service,tomcat_threads_config_max_threads,"{language=""java"",name=""http-nio-9082"",service=""java-product-service"",}",64.0
1790100869.586,java-product-service,hikaricp_connections_pending,"{language=""java"",pool=""HikariPool-1"",service=""java-product-service"",}",0.0
1790100869.586,java-product-service,hikaricp_connections_usage_seconds_count,"{language=""java"",pool=""HikariPool-1"",service=""java-product-service"",}",305.0
1790100869.586,java-product-service,hikaricp_connections_usage_seconds_sum,"{language=""java"",pool=""HikariPool-1"",service=""java-product-service"",}",0.666
1790100869.586,java-order-service,hikaricp_connections_acquire_seconds_count,"{language=""java"",pool=""HikariPool-1"",service=""java-order-service"",}",272.0
1790100869.586,java-order-service,hikaricp_connections_acquire_seconds_sum,"{language=""java"",pool=""HikariPool-1"",service=""java-order-service"",}",0.038801544
1790100869.586,java-order-service,jvm_gc_pause_seconds_count,"{action=""end of minor GC"",cause=""G1 Evacuation Pause"",gc=""G1 Young Generation"",language=""java"",service=""java-order-service"",}",1.0
1790100869.586,java-order-service,jvm_gc_pause_seconds_sum,"{action=""end of minor GC"",cause=""G1 Evacuation Pause"",gc=""G1 Young Generation"",language=""java"",service=""java-order-service"",}",0.006
1790100869.586,java-order-service,system_cpu_usage,"{language=""java"",service=""java-order-service"",}",0.020439111111111113
1790100869.586,java-order-service,process_cpu_usage,"{language=""java"",service=""java-order-service"",}",0.02
1790100869.586,java-order-service,tomcat_threads_busy_threads,"{language=""java"",name=""http-nio-9083"",service=""java-order-service"",}",1.0
1790100869.586,java-order-service,tomcat_threads_config_max_threads,"{language=""java"",name=""http-nio-9083"",service=""java-order-service"",}",64.0
1790100869.586,java-order-service,jvm_memory_used_bytes,"{area=""nonheap"",id=""CodeHeap 'non-profiled nmethods'"",language=""java"",service=""java-order-service"",}",4301952.0
1790100869.586,java-order-service,jvm_memory_used_bytes,"{area=""heap"",id=""G1 Eden Space"",language=""java"",service=""java-order-service"",}",33554432.0
1790100869.586,java-order-service,jvm_memory_used_bytes,"{area=""nonheap"",id=""CodeHeap 'profiled nmethods'"",language=""java"",service=""java-order-service"",}",15338496.0
1790100869.586,java-order-service,jvm_memory_used_bytes,"{area=""nonheap"",id=""CodeHeap 'non-nmethods'"",language=""java"",service=""java-order-service"",}",1611264.0
1790100869.586,java-order-service,jvm_memory_used_bytes,"{area=""heap"",id=""G1 Survivor Space"",language=""java"",service=""java-order-service"",}",5193544.0
1790100869.586,java-order-service,jvm_memory_used_bytes,"{area=""nonheap"",id=""Compressed Class Space"",language=""java"",service=""java-order-service"",}",10676808.0
1790100869.586,java-order-service,jvm_memory_used_bytes,"{area=""heap"",id=""G1 Old Gen"",language=""java"",service=""java-order-service"",}",29741112.0
1790100869.586,java-order-service,jvm_memory_used_bytes,"{area=""nonheap"",id=""Metaspace"",language=""java"",service=""java-order-service"",}",78760528.0
1790100869.586,java-order-service,tomcat_threads_current_threads,"{language=""java"",name=""http-nio-9083"",service=""java-order-service"",}",10.0
1790100869.586,java-order-service,hikaricp_connections_usage_seconds_count,"{language=""java"",pool=""HikariPool-1"",service=""java-order-service"",}",272.0
1790100869.586,java-order-service,hikaricp_connections_usage_seconds_sum,"{language=""java"",pool=""HikariPool-1"",service=""java-order-service"",}",0.002
1790100869.586,java-order-service,jvm_memory_committed_bytes,"{area=""nonheap"",id=""CodeHeap 'non-profiled nmethods'"",language=""java"",service=""java-order-service"",}",4325376.0
1790100869.586,java-order-service,jvm_memory_committed_bytes,"{area=""heap"",id=""G1 Eden Space"",language=""java"",service=""java-order-service"",}",57671680.0
1790100869.586,java-order-service,jvm_memory_committed_bytes,"{area=""nonheap"",id=""CodeHeap 'profiled nmethods'"",language=""java"",service=""java-order-service"",}",15400960.0
1790100869.586,java-order-service,jvm_memory_committed_bytes,"{area=""nonheap"",id=""CodeHeap 'non-nmethods'"",language=""java"",service=""java-order-service"",}",2555904.0
1790100869.586,java-order-service,jvm_memory_committed_bytes,"{area=""heap"",id=""G1 Survivor Space"",language=""java"",service=""java-order-service"",}",5242880.0
1790100869.586,java-order-service,jvm_memory_committed_bytes,"{area=""nonheap"",id=""Compressed Class Space"",language=""java"",service=""java-order-service"",}",11075584.0
1790100869.586,java-order-service,jvm_memory_committed_bytes,"{area=""heap"",id=""G1 Old Gen"",language=""java"",service=""java-order-service"",}",36700160.0
1790100869.586,java-order-service,jvm_memory_committed_bytes,"{area=""nonheap"",id=""Metaspace"",language=""java"",service=""java-order-service"",}",79626240.0
1790100869.586,java-order-service,hikaricp_connections_active,"{language=""java"",pool=""HikariPool-1"",service=""java-order-service"",}",0.0
1790100869.586,java-order-service,hikaricp_connections_pending,"{language=""java"",pool=""HikariPool-1"",service=""java-order-service"",}",0.0
1790100874.623,java-user-service,hikaricp_connections_acquire_seconds_count,"{framework=""spring-boot"",language=""java"",pool=""HikariPool-1"",service=""java-user-service"",}",575.0
1790100874.623,java-user-service,hikaricp_connections_acquire_seconds_sum,"{framework=""spring-boot"",language=""java"",pool=""HikariPool-1"",service=""java-user-service"",}",0.068240083
1790100874.623,java-user-service,system_cpu_usage,"{framework=""spring-boot"",language=""java"",service=""java-user-service"",}",0.2941696
1790100874.623,java-user-service,process_cpu_usage,"{framework=""spring-boot"",language=""java"",service=""java-user-service"",}",0.2906666666666667
1790100874.623,java-user-service,tomcat_threads_busy_threads,"{framework=""spring-boot"",language=""java"",name=""http-nio-9081"",service=""java-user-service"",}",1.0
1790100874.623,java-user-service,tomcat_threads_current_threads,"{framework=""spring-boot"",language=""java"",name=""http-nio-9081"",service=""java-user-service"",}",64.0
1790100874.623,java-user-service,jvm_memory_committed_bytes,"{area=""nonheap"",framework=""spring-boot"",id=""CodeHeap 'non-nmethods'"",language=""java"",service=""java-user-service"",}",2555904.0
1790100874.623,java-user-service,jvm_memory_committed_bytes,"{area=""nonheap"",framework=""spring-boot"",id=""CodeHeap 'non-profiled nmethods'"",language=""java"",service=""java-user-service"",}",10944512.0
1790100874.623,java-user-service,jvm_memory_committed_bytes,"{area=""heap"",framework=""spring-boot"",id=""G1 Survivor Space"",language=""java"",service=""java-user-service"",}",4194304.0
1790100874.623,java-user-service,jvm_memory_committed_bytes,"{area=""heap"",framework=""spring-boot"",id=""G1 Old Gen"",language=""java"",service=""java-user-service"",}",49283072.0
1790100874.623,java-user-service,jvm_memory_committed_bytes,"{area=""nonheap"",framework=""spring-boot"",id=""Metaspace"",language=""java"",service=""java-user-service"",}",102957056.0
1790100874.623,java-user-service,jvm_memory_committed_bytes,"{area=""heap"",framework=""spring-boot"",id=""G1 Eden Space"",language=""java"",service=""java-user-service"",}",79691776.0
1790100874.623,java-user-service,jvm_memory_committed_bytes,"{area=""nonheap"",framework=""spring-boot"",id=""Compressed Class Space"",language=""java"",service=""java-user-service"",}",13893632.0
1790100874.623,java-user-service,jvm_memory_committed_bytes,"{area=""nonheap"",framework=""spring-boot"",id=""CodeHeap 'profiled nmethods'"",language=""java"",service=""java-user-service"",}",27131904.0
1790100874.623,java-user-service,hikaricp_connections_pending,"{framework=""spring-boot"",language=""java"",pool=""HikariPool-1"",service=""java-user-service"",}",0.0
1790100874.623,java-user-service,hikaricp_connections_usage_seconds_count,"{framework=""spring-boot"",language=""java"",pool=""HikariPool-1"",service=""java-user-service"",}",575.0
1790100874.623,java-user-service,hikaricp_connections_usage_seconds_sum,"{framework=""spring-boot"",language=""java"",pool=""HikariPool-1"",service=""java-user-service"",}",22.22
1790100874.623,java-user-service,tomcat_threads_config_max_threads,"{framework=""spring-boot"",language=""java"",name=""http-nio-9081"",service=""java-user-service"",}",64.0
1790100874.623,java-user-service,hikaricp_connections_active,"{framework=""spring-boot"",language=""java"",pool=""HikariPool-1"",service=""java-user-service"",}",0.0
1790100874.623,java-user-service,jvm_memory_used_bytes,"{area=""nonheap"",framework=""spring-boot"",id=""CodeHeap 'non-nmethods'"",language=""java"",service=""java-user-service"",}",1642752.0
1790100874.623,java-user-service,jvm_memory_used_bytes,"{area=""nonheap"",framework=""spring-boot"",id=""CodeHeap 'non-profiled nmethods'"",language=""java"",service=""java-user-service"",}",9038208.0
1790100874.623,java-user-service,jvm_memory_used_bytes,"{area=""heap"",framework=""spring-boot"",id=""G1 Survivor Space"",language=""java"",service=""java-user-service"",}",4194304.0
1790100874.623,java-user-service,jvm_memory_used_bytes,"{area=""heap"",framework=""spring-boot"",id=""G1 Old Gen"",language=""java"",service=""java-user-service"",}",45678720.0
1790100874.623,java-user-service,jvm_memory_used_bytes,"{area=""nonheap"",framework=""spring-boot"",id=""Metaspace"",language=""java"",service=""java-user-service"",}",101964080.0
1790100874.623,java-user-service,jvm_memory_used_bytes,"{area=""heap"",framework=""spring-boot"",id=""G1 Eden Space"",language=""java"",service=""java-user-service"",}",62914560.0
1790100874.623,java-user-service,jvm_memory_used_bytes,"{area=""nonheap"",framework=""spring-boot"",id=""Compressed Class Space"",language=""java"",service=""java-user-service"",}",13414016.0
1790100874.623,java-user-service,jvm_memory_used_bytes,"{area=""nonheap"",framework=""spring-boot"",id=""CodeHeap 'profiled nmethods'"",language=""java"",service=""java-user-service"",}",8925056.0
1790100874.623,java-user-service,jvm_gc_pause_seconds_count,"{action=""end of minor GC"",cause=""G1 Evacuation Pause"",framework=""spring-boot"",gc=""G1 Young Generation"",language=""java"",service=""java-user-service"",}",51.0
1790100874.623,java-user-service,jvm_gc_pause_seconds_sum,"{action=""end of minor GC"",cause=""G1 Evacuation Pause"",framework=""spring-boot"",gc=""G1 Young Generation"",language=""java"",service=""java-user-service"",}",0.285
1790100874.623,java-product-service,hikaricp_connections_active,"{language=""java"",pool=""HikariPool-1"",service=""java-product-service"",}",0.0
1790100874.623,java-product-service,tomcat_threads_busy_threads,"{language=""java"",name=""http-nio-9082"",service=""java-product-service"",}",1.0
1790100874.623,java-product-service,jvm_gc_pause_seconds_count,"{action=""end of minor GC"",cause=""G1 Evacuation Pause"",gc=""G1 Young Generation"",language=""java"",service=""java-product-service"",}",24.0
1790100874.623,java-product-service,jvm_gc_pause_seconds_sum,"{action=""end of minor GC"",cause=""G1 Evacuation Pause"",gc=""G1 Young Generation"",language=""java"",service=""java-product-service"",}",0.129
1790100874.623,java-product-service,tomcat_threads_current_threads,"{language=""java"",name=""http-nio-9082"",service=""java-product-service"",}",64.0
1790100874.623,java-product-service,hikaricp_connections_acquire_seconds_count,"{language=""java"",pool=""HikariPool-1"",service=""java-product-service"",}",327.0
1790100874.623,java-product-service,hikaricp_connections_acquire_seconds_sum,"{language=""java"",pool=""HikariPool-1"",service=""java-product-service"",}",0.074204621
1790100874.623,java-product-service,process_cpu_usage,"{language=""java"",service=""java-product-service"",}",0.184
1790100874.623,java-product-service,system_cpu_usage,"{language=""java"",service=""java-product-service"",}",0.1853728
1790100874.623,java-product-service,jvm_memory_used_bytes,"{area=""nonheap"",id=""CodeHeap 'non-nmethods'"",language=""java"",service=""java-product-service"",}",1643008.0
1790100874.623,java-product-service,jvm_memory_used_bytes,"{area=""heap"",id=""G1 Eden Space"",language=""java"",service=""java-product-service"",}",18874368.0
1790100874.623,java-product-service,jvm_memory_used_bytes,"{area=""nonheap"",id=""Metaspace"",language=""java"",service=""java-product-service"",}",98019952.0
1790100874.623,java-product-service,jvm_memory_used_bytes,"{area=""heap"",id=""G1 Old Gen"",language=""java"",service=""java-product-service"",}",45880448.0
1790100874.623,java-product-service,jvm_memory_used_bytes,"{area=""nonheap"",id=""Compressed Class Space"",language=""java"",service=""java-product-service"",}",12975320.0
1790100874.623,java-product-service,jvm_memory_used_bytes,"{area=""heap"",id=""G1 Survivor Space"",language=""java"",service=""java-product-service"",}",3861600.0
1790100874.623,java-product-service,jvm_memory_used_bytes,"{area=""nonheap"",id=""CodeHeap 'profiled nmethods'"",language=""java"",service=""java-product-service"",}",4994048.0
1790100874.623,java-product-service,jvm_memory_used_bytes,"{area=""nonheap"",id=""CodeHeap 'non-profiled nmethods'"",language=""java"",service=""java-product-service"",}",6070656.0
1790100874.623,java-product-service,jvm_memory_committed_bytes,"{area=""nonheap"",id=""CodeHeap 'non-nmethods'"",language=""java"",service=""java-product-service"",}",2555904.0
1790100874.623,java-product-service,jvm_memory_committed_bytes,"{area=""heap"",id=""G1 Eden Space"",language=""java"",service=""java-product-service"",}",50331648.0
1790100874.623,java-product-service,jvm_memory_committed_bytes,"{area=""nonheap"",id=""Metaspace"",language=""java"",service=""java-product-service"",}",99024896.0
1790100874.623,java-product-service,jvm_memory_committed_bytes,"{area=""heap"",id=""G1 Old Gen"",language=""java"",service=""java-product-service"",}",49283072.0
1790100874.623,java-product-service,jvm_memory_committed_bytes,"{area=""nonheap"",id=""Compressed Class Space"",language=""java"",service=""java-product-service"",}",13434880.0
1790100874.623,java-product-service,jvm_memory_committed_bytes,"{area=""heap"",id=""G1 Survivor Space"",language=""java"",service=""java-product-service"",}",4194304.0
1790100874.623,java-product-service,jvm_memory_committed_bytes,"{area=""nonheap"",id=""CodeHeap 'profiled nmethods'"",language=""java"",service=""java-product-service"",}",26411008.0
1790100874.623,java-product-service,jvm_memory_committed_bytes,"{area=""nonheap"",id=""CodeHeap 'non-profiled nmethods'"",language=""java"",service=""java-product-service"",}",10485760.0
1790100874.623,java-product-service,tomcat_threads_config_max_threads,"{language=""java"",name=""http-nio-9082"",service=""java-product-service"",}",64.0
1790100874.623,java-product-service,hikaricp_connections_pending,"{language=""java"",pool=""HikariPool-1"",service=""java-product-service"",}",0.0
1790100874.623,java-product-service,hikaricp_connections_usage_seconds_count,"{language=""java"",pool=""HikariPool-1"",service=""java-product-service"",}",327.0
1790100874.623,java-product-service,hikaricp_connections_usage_seconds_sum,"{language=""java"",pool=""HikariPool-1"",service=""java-product-service"",}",0.666
1790100874.623,java-order-service,hikaricp_connections_acquire_seconds_count,"{language=""java"",pool=""HikariPool-1"",service=""java-order-service"",}",294.0
1790100874.623,java-order-service,hikaricp_connections_acquire_seconds_sum,"{language=""java"",pool=""HikariPool-1"",service=""java-order-service"",}",0.041499126
1790100874.623,java-order-service,jvm_gc_pause_seconds_count,"{action=""end of minor GC"",cause=""G1 Evacuation Pause"",gc=""G1 Young Generation"",language=""java"",service=""java-order-service"",}",1.0
1790100874.623,java-order-service,jvm_gc_pause_seconds_sum,"{action=""end of minor GC"",cause=""G1 Evacuation Pause"",gc=""G1 Young Generation"",language=""java"",service=""java-order-service"",}",0.006
1790100874.623,java-order-service,system_cpu_usage,"{language=""java"",service=""java-order-service"",}",0.020520229885057473
1790100874.623,java-order-service,process_cpu_usage,"{language=""java"",service=""java-order-service"",}",0.016091954022988506
1790100874.623,java-order-service,tomcat_threads_busy_threads,"{language=""java"",name=""http-nio-9083"",service=""java-order-service"",}",1.0
1790100874.623,java-order-service,tomcat_threads_config_max_threads,"{language=""java"",name=""http-nio-9083"",service=""java-order-service"",}",64.0
1790100874.623,java-order-service,jvm_memory_used_bytes,"{area=""nonheap"",id=""CodeHeap 'non-profiled nmethods'"",language=""java"",service=""java-order-service"",}",4313984.0
1790100874.623,java-order-service,jvm_memory_used_bytes,"{area=""heap"",id=""G1 Eden Space"",language=""java"",service=""java-order-service"",}",35651584.0
1790100874.623,java-order-service,jvm_memory_used_bytes,"{area=""nonheap"",id=""CodeHeap 'profiled nmethods'"",language=""java"",service=""java-order-service"",}",15443328.0
1790100874.623,java-order-service,jvm_memory_used_bytes,"{area=""nonheap"",id=""CodeHeap 'non-nmethods'"",language=""java"",service=""java-order-service"",}",1611264.0
1790100874.623,java-order-service,jvm_memory_used_bytes,"{area=""heap"",id=""G1 Survivor Space"",language=""java"",service=""java-order-service"",}",5193544.0
1790100874.623,java-order-service,jvm_memory_used_bytes,"{area=""nonheap"",id=""Compressed Class Space"",language=""java"",service=""java-order-service"",}",10676808.0
1790100874.623,java-order-service,jvm_memory_used_bytes,"{area=""heap"",id=""G1 Old Gen"",language=""java"",service=""java-order-service"",}",29741112.0
1790100874.623,java-order-service,jvm_memory_used_bytes,"{area=""nonheap"",id=""Metaspace"",language=""java"",service=""java-order-service"",}",78783672.0
1790100874.623,java-order-service,tomcat_threads_current_threads,"{language=""java"",name=""http-nio-9083"",service=""java-order-service"",}",10.0
1790100874.623,java-order-service,hikaricp_connections_usage_seconds_count,"{language=""java"",pool=""HikariPool-1"",service=""java-order-service"",}",294.0
1790100874.623,java-order-service,hikaricp_connections_usage_seconds_sum,"{language=""java"",pool=""HikariPool-1"",service=""java-order-service"",}",0.002
1790100874.623,java-order-service,jvm_memory_committed_bytes,"{area=""nonheap"",id=""CodeHeap 'non-profiled nmethods'"",language=""java"",service=""java-order-service"",}",4325376.0
1790100874.623,java-order-service,jvm_memory_committed_bytes,"{area=""heap"",id=""G1 Eden Space"",language=""java"",service=""java-order-service"",}",57671680.0
1790100874.623,java-order-service,jvm_memory_committed_bytes,"{area=""nonheap"",id=""CodeHeap 'profiled nmethods'"",language=""java"",service=""java-order-service"",}",15466496.0
1790100874.623,java-order-service,jvm_memory_committed_bytes,"{area=""nonheap"",id=""CodeHeap 'non-nmethods'"",language=""java"",service=""java-order-service"",}",2555904.0
1790100874.623,java-order-service,jvm_memory_committed_bytes,"{area=""heap"",id=""G1 Survivor Space"",language=""java"",service=""java-order-service"",}",5242880.0
1790100874.623,java-order-service,jvm_memory_committed_bytes,"{area=""nonheap"",id=""Compressed Class Space"",language=""java"",service=""java-order-service"",}",11075584.0
1790100874.623,java-order-service,jvm_memory_committed_bytes,"{area=""heap"",id=""G1 Old Gen"",language=""java"",service=""java-order-service"",}",36700160.0
1790100874.623,java-order-service,jvm_memory_committed_bytes,"{area=""nonheap"",id=""Metaspace"",language=""java"",service=""java-order-service"",}",79691776.0
1790100874.623,java-order-service,hikaricp_connections_active,"{language=""java"",pool=""HikariPool-1"",service=""java-order-service"",}",0.0
1790100874.623,java-order-service,hikaricp_connections_pending,"{language=""java"",pool=""HikariPool-1"",service=""java-order-service"",}",0.0
1790100879.658,java-user-service,hikaricp_connections_acquire_seconds_count,"{framework=""spring-boot"",language=""java"",pool=""HikariPool-1"",service=""java-user-service"",}",593.0
1790100879.658,java-user-service,hikaricp_connections_acquire_seconds_sum,"{framework=""spring-boot"",language=""java"",pool=""HikariPool-1"",service=""java-user-service"",}",0.072395002
1790100879.658,java-user-service,system_cpu_usage,"{framework=""spring-boot"",language=""java"",service=""java-user-service"",}",0.3068929411764706
1790100879.658,java-user-service,process_cpu_usage,"{framework=""spring-boot"",language=""java"",service=""java-user-service"",}",0.3084967320261438
1790100879.658,java-user-service,tomcat_threads_busy_threads,"{framework=""spring-boot"",language=""java"",name=""http-nio-9081"",service=""java-user-service"",}",1.0
1790100879.658,java-user-service,tomcat_threads_current_threads,"{framework=""spring-boot"",language=""java"",name=""http-nio-9081"",service=""java-user-service"",}",64.0
1790100879.658,java-user-service,jvm_memory_committed_bytes,"{area=""nonheap"",framework=""spring-boot"",id=""CodeHeap 'non-nmethods'"",language=""java"",service=""java-user-service"",}",2555904.0
1790100879.658,java-user-service,jvm_memory_committed_bytes,"{area=""nonheap"",framework=""spring-boot"",id=""CodeHeap 'non-profiled nmethods'"",language=""java"",service=""java-user-service"",}",10944512.0
1790100879.658,java-user-service,jvm_memory_committed_bytes,"{area=""heap"",framework=""spring-boot"",id=""G1 Survivor Space"",language=""java"",service=""java-user-service"",}",3145728.0
1790100879.658,java-user-service,jvm_memory_committed_bytes,"{area=""heap"",framework=""spring-boot"",id=""G1 Old Gen"",language=""java"",service=""java-user-service"",}",50331648.0
1790100879.658,java-user-service,jvm_memory_committed_bytes,"{area=""nonheap"",framework=""spring-boot"",id=""Metaspace"",language=""java"",service=""java-user-service"",}",102957056.0
1790100879.658,java-user-service,jvm_memory_committed_bytes,"{area=""heap"",framework=""spring-boot"",id=""G1 Eden Space"",language=""java"",service=""java-user-service"",}",79691776.0
1790100879.658,java-user-service,jvm_memory_committed_bytes,"{area=""nonheap"",framework=""spring-boot"",id=""Compressed Class Space"",language=""java"",service=""java-user-service"",}",13893632.0
1790100879.658,java-user-service,jvm_memory_committed_bytes,"{area=""nonheap"",framework=""spring-boot"",id=""CodeHeap 'profiled nmethods'"",language=""java"",service=""java-user-service"",}",27131904.0
1790100879.658,java-user-service,hikaricp_connections_pending,"{framework=""spring-boot"",language=""java"",pool=""HikariPool-1"",service=""java-user-service"",}",0.0
1790100879.658,java-user-service,hikaricp_connections_usage_seconds_count,"{framework=""spring-boot"",language=""java"",pool=""HikariPool-1"",service=""java-user-service"",}",593.0
1790100879.658,java-user-service,hikaricp_connections_usage_seconds_sum,"{framework=""spring-boot"",language=""java"",pool=""HikariPool-1"",service=""java-user-service"",}",22.22
1790100879.658,java-user-service,tomcat_threads_config_max_threads,"{framework=""spring-boot"",language=""java"",name=""http-nio-9081"",service=""java-user-service"",}",64.0
1790100879.658,java-user-service,hikaricp_connections_active,"{framework=""spring-boot"",language=""java"",pool=""HikariPool-1"",service=""java-user-service"",}",0.0
1790100879.658,java-user-service,jvm_memory_used_bytes,"{area=""nonheap"",framework=""spring-boot"",id=""CodeHeap 'non-nmethods'"",language=""java"",service=""java-user-service"",}",1642752.0
1790100879.658,java-user-service,jvm_memory_used_bytes,"{area=""nonheap"",framework=""spring-boot"",id=""CodeHeap 'non-profiled nmethods'"",language=""java"",service=""java-user-service"",}",9069952.0
1790100879.658,java-user-service,jvm_memory_used_bytes,"{area=""heap"",framework=""spring-boot"",id=""G1 Survivor Space"",language=""java"",service=""java-user-service"",}",2549384.0
1790100879.658,java-user-service,jvm_memory_used_bytes,"{area=""heap"",framework=""spring-boot"",id=""G1 Old Gen"",language=""java"",service=""java-user-service"",}",47105352.0
1790100879.658,java-user-service,jvm_memory_used_bytes,"{area=""nonheap"",framework=""spring-boot"",id=""Metaspace"",language=""java"",service=""java-user-service"",}",101980512.0
1790100879.658,java-user-service,jvm_memory_used_bytes,"{area=""heap"",framework=""spring-boot"",id=""G1 Eden Space"",language=""java"",service=""java-user-service"",}",42991616.0
1790100879.658,java-user-service,jvm_memory_used_bytes,"{area=""nonheap"",framework=""spring-boot"",id=""Compressed Class Space"",language=""java"",service=""java-user-service"",}",13414016.0
1790100879.658,java-user-service,jvm_memory_used_bytes,"{area=""nonheap"",framework=""spring-boot"",id=""CodeHeap 'profiled nmethods'"",language=""java"",service=""java-user-service"",}",8960000.0
1790100879.658,java-user-service,jvm_gc_pause_seconds_count,"{action=""end of minor GC"",cause=""G1 Evacuation Pause"",framework=""spring-boot"",gc=""G1 Young Generation"",language=""java"",service=""java-user-service"",}",58.0
1790100879.658,java-user-service,jvm_gc_pause_seconds_sum,"{action=""end of minor GC"",cause=""G1 Evacuation Pause"",framework=""spring-boot"",gc=""G1 Young Generation"",language=""java"",service=""java-user-service"",}",0.324
1790100879.658,java-product-service,hikaricp_connections_active,"{language=""java"",pool=""HikariPool-1"",service=""java-product-service"",}",0.0
1790100879.658,java-product-service,tomcat_threads_busy_threads,"{language=""java"",name=""http-nio-9082"",service=""java-product-service"",}",1.0
1790100879.658,java-product-service,jvm_gc_pause_seconds_count,"{action=""end of minor GC"",cause=""G1 Evacuation Pause"",gc=""G1 Young Generation"",language=""java"",service=""java-product-service"",}",27.0
1790100879.658,java-product-service,jvm_gc_pause_seconds_sum,"{action=""end of minor GC"",cause=""G1 Evacuation Pause"",gc=""G1 Young Generation"",language=""java"",service=""java-product-service"",}",0.147
1790100879.658,java-product-service,tomcat_threads_current_threads,"{language=""java"",name=""http-nio-9082"",service=""java-product-service"",}",64.0
1790100879.658,java-product-service,hikaricp_connections_acquire_seconds_count,"{language=""java"",pool=""HikariPool-1"",service=""java-product-service"",}",345.0
1790100879.658,java-product-service,hikaricp_connections_acquire_seconds_sum,"{language=""java"",pool=""HikariPool-1"",service=""java-product-service"",}",0.077474246
1790100879.658,java-product-service,process_cpu_usage,"{language=""java"",service=""java-product-service"",}",0.1934640522875817
1790100879.658,java-product-service,system_cpu_usage,"{language=""java"",service=""java-product-service"",}",0.19354209150326798
1790100879.658,java-product-service,jvm_memory_used_bytes,"{area=""nonheap"",id=""CodeHeap 'non-nmethods'"",language=""java"",service=""java-product-service"",}",1657728.0
1790100879.658,java-product-service,jvm_memory_used_bytes,"{area=""heap"",id=""G1 Eden Space"",language=""java"",service=""java-product-service"",}",14680064.0
1790100879.658,java-product-service,jvm_memory_used_bytes,"{area=""nonheap"",id=""Metaspace"",language=""java"",service=""java-product-service"",}",98025784.0
1790100879.658,java-product-service,jvm_memory_used_bytes,"{area=""heap"",id=""G1 Old Gen"",language=""java"",service=""java-product-service"",}",45773992.0
1790100879.658,java-product-service,jvm_memory_used_bytes,"{area=""nonheap"",id=""Compressed Class Space"",language=""java"",service=""java-product-service"",}",12975320.0
1790100879.658,java-product-service,jvm_memory_used_bytes,"{area=""heap"",id=""G1 Survivor Space"",language=""java"",service=""java-product-service"",}",4560504.0
1790100879.658,java-product-service,jvm_memory_used_bytes,"{area=""nonheap"",id=""CodeHeap 'profiled nmethods'"",language=""java"",service=""java-product-service"",}",5001600.0
1790100879.658,java-product-service,jvm_memory_used_bytes,"{area=""nonheap"",id=""CodeHeap 'non-profiled nmethods'"",language=""java"",service=""java-product-service"",}",6111616.0
1790100879.658,java-product-service,jvm_memory_committed_bytes,"{area=""nonheap"",id=""CodeHeap 'non-nmethods'"",language=""java"",service=""java-product-service"",}",2555904.0
1790100879.658,java-product-service,jvm_memory_committed_bytes,"{area=""heap"",id=""G1 Eden Space"",language=""java"",service=""java-product-service"",}",49283072.0
1790100879.658,java-product-service,jvm_memory_committed_bytes,"{area=""nonheap"",id=""Metaspace"",language=""java"",service=""java-product-service"",}",99024896.0
1790100879.658,java-product-service,jvm_memory_committed_bytes,"{area=""heap"",id=""G1 Old Gen"",language=""java"",service=""java-product-service"",}",49283072.0
1790100879.658,java-product-service,jvm_memory_committed_bytes,"{area=""nonheap"",id=""Compressed Class Space"",language=""java"",service=""java-product-service"",}",13434880.0
1790100879.658,java-product-service,jvm_memory_committed_bytes,"{area=""heap"",id=""G1 Survivor Space"",language=""java"",service=""java-product-service"",}",5242880.0
1790100879.658,java-product-service,jvm_memory_committed_bytes,"{area=""nonheap"",id=""CodeHeap 'profiled nmethods'"",language=""java"",service=""java-product-service"",}",26411008.0
1790100879.658,java-product-service,jvm_memory_committed_bytes,"{area=""nonheap"",id=""CodeHeap 'non-profiled nmethods'"",language=""java"",service=""java-product-service"",}",10485760.0
1790100879.658,java-product-service,tomcat_threads_config_max_threads,"{language=""java"",name=""http-nio-9082"",service=""java-product-service"",}",64.0
1790100879.658,java-product-service,hikaricp_connections_pending,"{language=""java"",pool=""HikariPool-1"",service=""java-product-service"",}",0.0
1790100879.658,java-product-service,hikaricp_connections_usage_seconds_count,"{language=""java"",pool=""HikariPool-1"",service=""java-product-service"",}",345.0
1790100879.658,java-product-service,hikaricp_connections_usage_seconds_sum,"{language=""java"",pool=""HikariPool-1"",service=""java-product-service"",}",0.666
1790100879.658,java-order-service,hikaricp_connections_acquire_seconds_count,"{language=""java"",pool=""HikariPool-1"",service=""java-order-service"",}",312.0
1790100879.658,java-order-service,hikaricp_connections_acquire_seconds_sum,"{language=""java"",pool=""HikariPool-1"",service=""java-order-service"",}",0.044371127
1790100879.658,java-order-service,jvm_gc_pause_seconds_count,"{action=""end of minor GC"",cause=""G1 Evacuation Pause"",gc=""G1 Young Generation"",language=""java"",service=""java-order-service"",}",1.0
1790100879.658,java-order-service,jvm_gc_pause_seconds_sum,"{action=""end of minor GC"",cause=""G1 Evacuation Pause"",gc=""G1 Young Generation"",language=""java"",service=""java-order-service"",}",0.006
1790100879.658,java-order-service,system_cpu_usage,"{language=""java"",service=""java-order-service"",}",0.017906222222222223
1790100879.658,java-order-service,process_cpu_usage,"{language=""java"",service=""java-order-service"",}",0.02
1790100879.658,java-order-service,tomcat_threads_busy_threads,"{language=""java"",name=""http-nio-9083"",service=""java-order-service"",}",1.0
1790100879.658,java-order-service,tomcat_threads_config_max_threads,"{language=""java"",name=""http-nio-9083"",service=""java-order-service"",}",64.0
1790100879.658,java-order-service,jvm_memory_used_bytes,"{area=""nonheap"",id=""CodeHeap 'non-profiled nmethods'"",language=""java"",service=""java-order-service"",}",4325888.0
1790100879.658,java-order-service,jvm_memory_used_bytes,"{area=""heap"",id=""G1 Eden Space"",language=""java"",service=""java-order-service"",}",36700160.0
1790100879.658,java-order-service,jvm_memory_used_bytes,"{area=""nonheap"",id=""CodeHeap 'profiled nmethods'"",language=""java"",service=""java-order-service"",}",15553408.0
1790100879.658,java-order-service,jvm_memory_used_bytes,"{area=""nonheap"",id=""CodeHeap 'non-nmethods'"",language=""java"",service=""java-order-service"",}",1611264.0
1790100879.658,java-order-service,jvm_memory_used_bytes,"{area=""heap"",id=""G1 Survivor Space"",language=""java"",service=""java-order-service"",}",5193544.0
1790100879.658,java-order-service,jvm_memory_used_bytes,"{area=""nonheap"",id=""Compressed Class Space"",language=""java"",service=""java-order-service"",}",10677336.0
1790100879.658,java-order-service,jvm_memory_used_bytes,"{area=""heap"",id=""G1 Old Gen"",language=""java"",service=""java-order-service"",}",29741112.0
1790100879.658,java-order-service,jvm_memory_used_bytes,"{area=""nonheap"",id=""Metaspace"",language=""java"",service=""java-order-service"",}",78836544.0
1790100879.658,java-order-service,tomcat_threads_current_threads,"{language=""java"",name=""http-nio-9083"",service=""java-order-service"",}",10.0
1790100879.658,java-order-service,hikaricp_connections_usage_seconds_count,"{language=""java"",pool=""HikariPool-1"",service=""java-order-service"",}",312.0
1790100879.658,java-order-service,hikaricp_connections_usage_seconds_sum,"{language=""java"",pool=""HikariPool-1"",service=""java-order-service"",}",0.002
1790100879.658,java-order-service,jvm_memory_committed_bytes,"{area=""nonheap"",id=""CodeHeap 'non-profiled nmethods'"",language=""java"",service=""java-order-service"",}",4390912.0
1790100879.658,java-order-service,jvm_memory_committed_bytes,"{area=""heap"",id=""G1 Eden Space"",language=""java"",service=""java-order-service"",}",57671680.0
1790100879.658,java-order-service,jvm_memory_committed_bytes,"{area=""nonheap"",id=""CodeHeap 'profiled nmethods'"",language=""java"",service=""java-order-service"",}",15663104.0
1790100879.658,java-order-service,jvm_memory_committed_bytes,"{area=""nonheap"",id=""CodeHeap 'non-nmethods'"",language=""java"",service=""java-order-service"",}",2555904.0
1790100879.658,java-order-service,jvm_memory_committed_bytes,"{area=""heap"",id=""G1 Survivor Space"",language=""java"",service=""java-order-service"",}",5242880.0
1790100879.658,java-order-service,jvm_memory_committed_bytes,"{area=""nonheap"",id=""Compressed Class Space"",language=""java"",service=""java-order-service"",}",11075584.0
1790100879.658,java-order-service,jvm_memory_committed_bytes,"{area=""heap"",id=""G1 Old Gen"",language=""java"",service=""java-order-service"",}",36700160.0
1790100879.658,java-order-service,jvm_memory_committed_bytes,"{area=""nonheap"",id=""Metaspace"",language=""java"",service=""java-order-service"",}",79691776.0
1790100879.658,java-order-service,hikaricp_connections_active,"{language=""java"",pool=""HikariPool-1"",service=""java-order-service"",}",0.0
1790100879.658,java-order-service,hikaricp_connections_pending,"{language=""java"",pool=""HikariPool-1"",service=""java-order-service"",}",0.0
1790100884.700,java-user-service,hikaricp_connections_acquire_seconds_count,"{framework=""spring-boot"",language=""java"",pool=""HikariPool-1"",service=""java-user-service"",}",615.0
1790100884.700,java-user-service,hikaricp_connections_acquire_seconds_sum,"{framework=""spring-boot"",language=""java"",pool=""HikariPool-1"",service=""java-user-service"",}",0.076067002
1790100884.700,java-user-service,system_cpu_usage,"{framework=""spring-boot"",language=""java"",service=""java-user-service"",}",0.2966918666666667
1790100884.700,java-user-service,process_cpu_usage,"{framework=""spring-boot"",language=""java"",service=""java-user-service"",}",0.29333333333333333
1790100884.700,java-user-service,tomcat_threads_busy_threads,"{framework=""spring-boot"",language=""java"",name=""http-nio-9081"",service=""java-user-service"",}",3.0
1790100884.700,java-user-service,tomcat_threads_current_threads,"{framework=""spring-boot"",language=""java"",name=""http-nio-9081"",service=""java-user-service"",}",64.0
1790100884.700,java-user-service,jvm_memory_committed_bytes,"{area=""nonheap"",framework=""spring-boot"",id=""CodeHeap 'non-nmethods'"",language=""java"",service=""java-user-service"",}",2555904.0
1790100884.700,java-user-service,jvm_memory_committed_bytes,"{area=""nonheap"",framework=""spring-boot"",id=""CodeHeap 'non-profiled nmethods'"",language=""java"",service=""java-user-service"",}",10944512.0
1790100884.700,java-user-service,jvm_memory_committed_bytes,"{area=""heap"",framework=""spring-boot"",id=""G1 Survivor Space"",language=""java"",service=""java-user-service"",}",3145728.0
1790100884.700,java-user-service,jvm_memory_committed_bytes,"{area=""heap"",framework=""spring-boot"",id=""G1 Old Gen"",language=""java"",service=""java-user-service"",}",51380224.0
1790100884.700,java-user-service,jvm_memory_committed_bytes,"{area=""nonheap"",framework=""spring-boot"",id=""Metaspace"",language=""java"",service=""java-user-service"",}",103022592.0
1790100884.700,java-user-service,jvm_memory_committed_bytes,"{area=""heap"",framework=""spring-boot"",id=""G1 Eden Space"",language=""java"",service=""java-user-service"",}",78643200.0
1790100884.700,java-user-service,jvm_memory_committed_bytes,"{area=""nonheap"",framework=""spring-boot"",id=""Compressed Class Space"",language=""java"",service=""java-user-service"",}",13893632.0
1790100884.700,java-user-service,jvm_memory_committed_bytes,"{area=""nonheap"",framework=""spring-boot"",id=""CodeHeap 'profiled nmethods'"",language=""java"",service=""java-user-service"",}",27131904.0
1790100884.700,java-user-service,hikaricp_connections_pending,"{framework=""spring-boot"",language=""java"",pool=""HikariPool-1"",service=""java-user-service"",}",0.0
1790100884.700,java-user-service,hikaricp_connections_usage_seconds_count,"{framework=""spring-boot"",language=""java"",pool=""HikariPool-1"",service=""java-user-service"",}",615.0
1790100884.700,java-user-service,hikaricp_connections_usage_seconds_sum,"{framework=""spring-boot"",language=""java"",pool=""HikariPool-1"",service=""java-user-service"",}",22.22
1790100884.700,java-user-service,tomcat_threads_config_max_threads,"{framework=""spring-boot"",language=""java"",name=""http-nio-9081"",service=""java-user-service"",}",64.0
1790100884.700,java-user-service,hikaricp_connections_active,"{framework=""spring-boot"",language=""java"",pool=""HikariPool-1"",service=""java-user-service"",}",0.0
1790100884.700,java-user-service,jvm_memory_used_bytes,"{area=""nonheap"",framework=""spring-boot"",id=""CodeHeap 'non-nmethods'"",language=""java"",service=""java-user-service"",}",1642752.0
1790100884.700,java-user-service,jvm_memory_used_bytes,"{area=""nonheap"",framework=""spring-boot"",id=""CodeHeap 'non-profiled nmethods'"",language=""java"",service=""java-user-service"",}",9084928.0
1790100884.700,java-user-service,jvm_memory_used_bytes,"{area=""heap"",framework=""spring-boot"",id=""G1 Survivor Space"",language=""java"",service=""java-user-service"",}",3125120.0
1790100884.700,java-user-service,jvm_memory_used_bytes,"{area=""heap"",framework=""spring-boot"",id=""G1 Old Gen"",language=""java"",service=""java-user-service"",}",47468696.0
1790100884.700,java-user-service,jvm_memory_used_bytes,"{area=""nonheap"",framework=""spring-boot"",id=""Metaspace"",language=""java"",service=""java-user-service"",}",102013392.0
1790100884.700,java-user-service,jvm_memory_used_bytes,"{area=""heap"",framework=""spring-boot"",id=""G1 Eden Space"",language=""java"",service=""java-user-service"",}",18874368.0
1790100884.700,java-user-service,jvm_memory_used_bytes,"{area=""nonheap"",framework=""spring-boot"",id=""Compressed Class Space"",language=""java"",service=""java-user-service"",}",13414016.0
1790100884.700,java-user-service,jvm_memory_used_bytes,"{area=""nonheap"",framework=""spring-boot"",id=""CodeHeap 'profiled nmethods'"",language=""java"",service=""java-user-service"",}",8897152.0
1790100884.700,java-user-service,jvm_gc_pause_seconds_count,"{action=""end of minor GC"",cause=""G1 Evacuation Pause"",framework=""spring-boot"",gc=""G1 Young Generation"",language=""java"",service=""java-user-service"",}",65.0
1790100884.700,java-user-service,jvm_gc_pause_seconds_sum,"{action=""end of minor GC"",cause=""G1 Evacuation Pause"",framework=""spring-boot"",gc=""G1 Young Generation"",language=""java"",service=""java-user-service"",}",0.357
1790100884.700,java-product-service,hikaricp_connections_active,"{language=""java"",pool=""HikariPool-1"",service=""java-product-service"",}",0.0
1790100884.700,java-product-service,tomcat_threads_busy_threads,"{language=""java"",name=""http-nio-9082"",service=""java-product-service"",}",2.0
1790100884.700,java-product-service,jvm_gc_pause_seconds_count,"{action=""end of minor GC"",cause=""G1 Evacuation Pause"",gc=""G1 Young Generation"",language=""java"",service=""java-product-service"",}",30.0
1790100884.700,java-product-service,jvm_gc_pause_seconds_sum,"{action=""end of minor GC"",cause=""G1 Evacuation Pause"",gc=""G1 Young Generation"",language=""java"",service=""java-product-service"",}",0.163
1790100884.700,java-product-service,tomcat_threads_current_threads,"{language=""java"",name=""http-nio-9082"",service=""java-product-service"",}",64.0
1790100884.700,java-product-service,hikaricp_connections_acquire_seconds_count,"{language=""java"",pool=""HikariPool-1"",service=""java-product-service"",}",367.0
1790100884.700,java-product-service,hikaricp_connections_acquire_seconds_sum,"{language=""java"",pool=""HikariPool-1"",service=""java-product-service"",}",0.080964998
1790100884.700,java-product-service,process_cpu_usage,"{language=""java"",service=""java-product-service"",}",0.18533333333333332
1790100884.700,java-product-service,system_cpu_usage,"{language=""java"",service=""java-product-service"",}",0.18697493333333334
1790100884.700,java-product-service,jvm_memory_used_bytes,"{area=""nonheap"",id=""CodeHeap 'non-nmethods'"",language=""java"",service=""java-product-service"",}",1643008.0
1790100884.700,java-product-service,jvm_memory_used_bytes,"{area=""heap"",id=""G1 Eden Space"",language=""java"",service=""java-product-service"",}",13631488.0
1790100884.700,java-product-service,jvm_memory_used_bytes,"{area=""nonheap"",id=""Metaspace"",language=""java"",service=""java-product-service"",}",98042000.0
1790100884.700,java-product-service,jvm_memory_used_bytes,"{area=""heap"",id=""G1 Old Gen"",language=""java"",service=""java-product-service"",}",46230216.0
1790100884.700,java-product-service,jvm_memory_used_bytes,"{area=""nonheap"",id=""Compressed Class Space"",language=""java"",service=""java-product-service"",}",12975320.0
1790100884.700,java-product-service,jvm_memory_used_bytes,"{area=""heap"",id=""G1 Survivor Space"",language=""java"",service=""java-product-service"",}",4194304.0
1790100884.700,java-product-service,jvm_memory_used_bytes,"{area=""nonheap"",id=""CodeHeap 'profiled nmethods'"",language=""java"",service=""java-product-service"",}",3655040.0
1790100884.700,java-product-service,jvm_memory_used_bytes,"{area=""nonheap"",id=""CodeHeap 'non-profiled nmethods'"",language=""java"",service=""java-product-service"",}",5502464.0
1790100884.700,java-product-service,jvm_memory_committed_bytes,"{area=""nonheap"",id=""CodeHeap 'non-nmethods'"",language=""java"",service=""java-product-service"",}",2555904.0
1790100884.700,java-product-service,jvm_memory_committed_bytes,"{area=""heap"",id=""G1 Eden Space"",language=""java"",service=""java-product-service"",}",49283072.0
1790100884.700,java-product-service,jvm_memory_committed_bytes,"{area=""nonheap"",id=""Metaspace"",language=""java"",service=""java-product-service"",}",99024896.0
1790100884.700,java-product-service,jvm_memory_committed_bytes,"{area=""heap"",id=""G1 Old Gen"",language=""java"",service=""java-product-service"",}",50331648.0
1790100884.700,java-product-service,jvm_memory_committed_bytes,"{area=""nonheap"",id=""Compressed Class Space"",language=""java"",service=""java-product-service"",}",13434880.0
1790100884.700,java-product-service,jvm_memory_committed_bytes,"{area=""heap"",id=""G1 Survivor Space"",language=""java"",service=""java-product-service"",}",4194304.0
1790100884.700,java-product-service,jvm_memory_committed_bytes,"{area=""nonheap"",id=""CodeHeap 'profiled nmethods'"",language=""java"",service=""java-product-service"",}",26411008.0
1790100884.700,java-product-service,jvm_memory_committed_bytes,"{area=""nonheap"",id=""CodeHeap 'non-profiled nmethods'"",language=""java"",service=""java-product-service"",}",10485760.0
1790100884.700,java-product-service,tomcat_threads_config_max_threads,"{language=""java"",name=""http-nio-9082"",service=""java-product-service"",}",64.0
1790100884.700,java-product-service,hikaricp_connections_pending,"{language=""java"",pool=""HikariPool-1"",service=""java-product-service"",}",0.0
1790100884.700,java-product-service,hikaricp_connections_usage_seconds_count,"{language=""java"",pool=""HikariPool-1"",service=""java-product-service"",}",367.0
1790100884.700,java-product-service,hikaricp_connections_usage_seconds_sum,"{language=""java"",pool=""HikariPool-1"",service=""java-product-service"",}",0.666
1790100884.700,java-order-service,hikaricp_connections_acquire_seconds_count,"{language=""java"",pool=""HikariPool-1"",service=""java-order-service"",}",334.0
1790100884.700,java-order-service,hikaricp_connections_acquire_seconds_sum,"{language=""java"",pool=""HikariPool-1"",service=""java-order-service"",}",0.047288253
1790100884.700,java-order-service,jvm_gc_pause_seconds_count,"{action=""end of minor GC"",cause=""G1 Evacuation Pause"",gc=""G1 Young Generation"",language=""java"",service=""java-order-service"",}",1.0
1790100884.700,java-order-service,jvm_gc_pause_seconds_sum,"{action=""end of minor GC"",cause=""G1 Evacuation Pause"",gc=""G1 Young Generation"",language=""java"",service=""java-order-service"",}",0.006
1790100884.700,java-order-service,system_cpu_usage,"{language=""java"",service=""java-order-service"",}",0.020511919191919192
1790100884.700,java-order-service,process_cpu_usage,"{language=""java"",service=""java-order-service"",}",0.01616161616161616
1790100884.700,java-order-service,tomcat_threads_busy_threads,"{language=""java"",name=""http-nio-9083"",service=""java-order-service"",}",1.0
1790100884.700,java-order-service,tomcat_threads_config_max_threads,"{language=""java"",name=""http-nio-9083"",service=""java-order-service"",}",64.0
1790100884.700,java-order-service,jvm_memory_used_bytes,"{area=""nonheap"",id=""CodeHeap 'non-profiled nmethods'"",language=""java"",service=""java-order-service"",}",4348928.0
1790100884.700,java-order-service,jvm_memory_used_bytes,"{area=""heap"",id=""G1 Eden Space"",language=""java"",service=""java-order-service"",}",37748736.0
1790100884.700,java-order-service,jvm_memory_used_bytes,"{area=""nonheap"",id=""CodeHeap 'profiled nmethods'"",language=""java"",service=""java-order-service"",}",15640832.0
1790100884.700,java-order-service,jvm_memory_used_bytes,"{area=""nonheap"",id=""CodeHeap 'non-nmethods'"",language=""java"",service=""java-order-service"",}",1611264.0
1790100884.700,java-order-service,jvm_memory_used_bytes,"{area=""heap"",id=""G1 Survivor Space"",language=""java"",service=""java-order-service"",}",5193544.0
1790100884.700,java-order-service,jvm_memory_used_bytes,"{area=""nonheap"",id=""Compressed Class Space"",language=""java"",service=""java-order-service"",}",10677336.0
1790100884.700,java-order-service,jvm_memory_used_bytes,"{area=""heap"",id=""G1 Old Gen"",language=""java"",service=""java-order-service"",}",29741112.0
1790100884.700,java-order-service,jvm_memory_used_bytes,"{area=""nonheap"",id=""Metaspace"",language=""java"",service=""java-order-service"",}",78843792.0
1790100884.700,java-order-service,tomcat_threads_current_threads,"{language=""java"",name=""http-nio-9083"",service=""java-order-service"",}",10.0
1790100884.700,java-order-service,hikaricp_connections_usage_seconds_count,"{language=""java"",pool=""HikariPool-1"",service=""java-order-service"",}",334.0
1790100884.700,java-order-service,hikaricp_connections_usage_seconds_sum,"{language=""java"",pool=""HikariPool-1"",service=""java-order-service"",}",0.003
1790100884.700,java-order-service,jvm_memory_committed_bytes,"{area=""nonheap"",id=""CodeHeap 'non-profiled nmethods'"",language=""java"",service=""java-order-service"",}",4390912.0
1790100884.700,java-order-service,jvm_memory_committed_bytes,"{area=""heap"",id=""G1 Eden Space"",language=""java"",service=""java-order-service"",}",57671680.0
1790100884.700,java-order-service,jvm_memory_committed_bytes,"{area=""nonheap"",id=""CodeHeap 'profiled nmethods'"",language=""java"",service=""java-order-service"",}",15728640.0
1790100884.700,java-order-service,jvm_memory_committed_bytes,"{area=""nonheap"",id=""CodeHeap 'non-nmethods'"",language=""java"",service=""java-order-service"",}",2555904.0
1790100884.700,java-order-service,jvm_memory_committed_bytes,"{area=""heap"",id=""G1 Survivor Space"",language=""java"",service=""java-order-service"",}",5242880.0
1790100884.700,java-order-service,jvm_memory_committed_bytes,"{area=""nonheap"",id=""Compressed Class Space"",language=""java"",service=""java-order-service"",}",11075584.0
1790100884.700,java-order-service,jvm_memory_committed_bytes,"{area=""heap"",id=""G1 Old Gen"",language=""java"",service=""java-order-service"",}",36700160.0
1790100884.700,java-order-service,jvm_memory_committed_bytes,"{area=""nonheap"",id=""Metaspace"",language=""java"",service=""java-order-service"",}",79757312.0
1790100884.700,java-order-service,hikaricp_connections_active,"{language=""java"",pool=""HikariPool-1"",service=""java-order-service"",}",0.0
1790100884.700,java-order-service,hikaricp_connections_pending,"{language=""java"",pool=""HikariPool-1"",service=""java-order-service"",}",0.0
1790100889.727,java-user-service,hikaricp_connections_acquire_seconds_count,"{framework=""spring-boot"",language=""java"",pool=""HikariPool-1"",service=""java-user-service"",}",635.0
1790100889.727,java-user-service,hikaricp_connections_acquire_seconds_sum,"{framework=""spring-boot"",language=""java"",pool=""HikariPool-1"",service=""java-user-service"",}",0.080170003
1790100889.727,java-user-service,system_cpu_usage,"{framework=""spring-boot"",language=""java"",service=""java-user-service"",}",0.2970452
1790100889.727,java-user-service,process_cpu_usage,"{framework=""spring-boot"",language=""java"",service=""java-user-service"",}",0.29733333333333334
1790100889.727,java-user-service,tomcat_threads_busy_threads,"{framework=""spring-boot"",language=""java"",name=""http-nio-9081"",service=""java-user-service"",}",1.0
1790100889.727,java-user-service,tomcat_threads_current_threads,"{framework=""spring-boot"",language=""java"",name=""http-nio-9081"",service=""java-user-service"",}",64.0
1790100889.727,java-user-service,jvm_memory_committed_bytes,"{area=""nonheap"",framework=""spring-boot"",id=""CodeHeap 'non-nmethods'"",language=""java"",service=""java-user-service"",}",2555904.0
1790100889.727,java-user-service,jvm_memory_committed_bytes,"{area=""nonheap"",framework=""spring-boot"",id=""CodeHeap 'non-profiled nmethods'"",language=""java"",service=""java-user-service"",}",10944512.0
1790100889.727,java-user-service,jvm_memory_committed_bytes,"{area=""heap"",framework=""spring-boot"",id=""G1 Survivor Space"",language=""java"",service=""java-user-service"",}",4194304.0
1790100889.727,java-user-service,jvm_memory_committed_bytes,"{area=""heap"",framework=""spring-boot"",id=""G1 Old Gen"",language=""java"",service=""java-user-service"",}",50331648.0
1790100889.727,java-user-service,jvm_memory_committed_bytes,"{area=""nonheap"",framework=""spring-boot"",id=""Metaspace"",language=""java"",service=""java-user-service"",}",103022592.0
1790100889.727,java-user-service,jvm_memory_committed_bytes,"{area=""heap"",framework=""spring-boot"",id=""G1 Eden Space"",language=""java"",service=""java-user-service"",}",78643200.0
1790100889.727,java-user-service,jvm_memory_committed_bytes,"{area=""nonheap"",framework=""spring-boot"",id=""Compressed Class Space"",language=""java"",service=""java-user-service"",}",13893632.0
1790100889.727,java-user-service,jvm_memory_committed_bytes,"{area=""nonheap"",framework=""spring-boot"",id=""CodeHeap 'profiled nmethods'"",language=""java"",service=""java-user-service"",}",27131904.0
1790100889.727,java-user-service,hikaricp_connections_pending,"{framework=""spring-boot"",language=""java"",pool=""HikariPool-1"",service=""java-user-service"",}",0.0
1790100889.727,java-user-service,hikaricp_connections_usage_seconds_count,"{framework=""spring-boot"",language=""java"",pool=""HikariPool-1"",service=""java-user-service"",}",635.0
1790100889.727,java-user-service,hikaricp_connections_usage_seconds_sum,"{framework=""spring-boot"",language=""java"",pool=""HikariPool-1"",service=""java-user-service"",}",22.22
1790100889.727,java-user-service,tomcat_threads_config_max_threads,"{framework=""spring-boot"",language=""java"",name=""http-nio-9081"",service=""java-user-service"",}",64.0
1790100889.727,java-user-service,hikaricp_connections_active,"{framework=""spring-boot"",language=""java"",pool=""HikariPool-1"",service=""java-user-service"",}",0.0
1790100889.727,java-user-service,jvm_memory_used_bytes,"{area=""nonheap"",framework=""spring-boot"",id=""CodeHeap 'non-nmethods'"",language=""java"",service=""java-user-service"",}",1642752.0
1790100889.727,java-user-service,jvm_memory_used_bytes,"{area=""nonheap"",framework=""spring-boot"",id=""CodeHeap 'non-profiled nmethods'"",language=""java"",service=""java-user-service"",}",9129984.0
1790100889.727,java-user-service,jvm_memory_used_bytes,"{area=""heap"",framework=""spring-boot"",id=""G1 Survivor Space"",language=""java"",service=""java-user-service"",}",4037280.0
1790100889.727,java-user-service,jvm_memory_used_bytes,"{area=""heap"",framework=""spring-boot"",id=""G1 Old Gen"",language=""java"",service=""java-user-service"",}",47052912.0
1790100889.727,java-user-service,jvm_memory_used_bytes,"{area=""nonheap"",framework=""spring-boot"",id=""Metaspace"",language=""java"",service=""java-user-service"",}",102055224.0
1790100889.727,java-user-service,jvm_memory_used_bytes,"{area=""heap"",framework=""spring-boot"",id=""G1 Eden Space"",language=""java"",service=""java-user-service"",}",70254592.0
1790100889.727,java-user-service,jvm_memory_used_bytes,"{area=""nonheap"",framework=""spring-boot"",id=""Compressed Class Space"",language=""java"",service=""java-user-service"",}",13414016.0
1790100889.727,java-user-service,jvm_memory_used_bytes,"{area=""nonheap"",framework=""spring-boot"",id=""CodeHeap 'profiled nmethods'"",language=""java"",service=""java-user-service"",}",8978176.0
1790100889.727,java-user-service,jvm_gc_pause_seconds_count,"{action=""end of minor GC"",cause=""G1 Evacuation Pause"",framework=""spring-boot"",gc=""G1 Young Generation"",language=""java"",service=""java-user-service"",}",71.0
1790100889.727,java-user-service,jvm_gc_pause_seconds_sum,"{action=""end of minor GC"",cause=""G1 Evacuation Pause"",framework=""spring-boot"",gc=""G1 Young Generation"",language=""java"",service=""java-user-service"",}",0.387
1790100889.727,java-product-service,hikaricp_connections_active,"{language=""java"",pool=""HikariPool-1"",service=""java-product-service"",}",0.0
1790100889.727,java-product-service,tomcat_threads_busy_threads,"{language=""java"",name=""http-nio-9082"",service=""java-product-service"",}",1.0
1790100889.727,java-product-service,jvm_gc_pause_seconds_count,"{action=""end of minor GC"",cause=""G1 Evacuation Pause"",gc=""G1 Young Generation"",language=""java"",service=""java-product-service"",}",33.0
1790100889.727,java-product-service,jvm_gc_pause_seconds_sum,"{action=""end of minor GC"",cause=""G1 Evacuation Pause"",gc=""G1 Young Generation"",language=""java"",service=""java-product-service"",}",0.177
1790100889.727,java-product-service,tomcat_threads_current_threads,"{language=""java"",name=""http-nio-9082"",service=""java-product-service"",}",64.0
1790100889.727,java-product-service,hikaricp_connections_acquire_seconds_count,"{language=""java"",pool=""HikariPool-1"",service=""java-product-service"",}",387.0
1790100889.727,java-product-service,hikaricp_connections_acquire_seconds_sum,"{language=""java"",pool=""HikariPool-1"",service=""java-product-service"",}",0.085512958
1790100889.727,java-product-service,process_cpu_usage,"{language=""java"",service=""java-product-service"",}",0.18133333333333335
1790100889.727,java-product-service,system_cpu_usage,"{language=""java"",service=""java-product-service"",}",0.1829312
1790100889.727,java-product-service,jvm_memory_used_bytes,"{area=""nonheap"",id=""CodeHeap 'non-nmethods'"",language=""java"",service=""java-product-service"",}",1643008.0
1790100889.727,java-product-service,jvm_memory_used_bytes,"{area=""heap"",id=""G1 Eden Space"",language=""java"",service=""java-product-service"",}",13631488.0
1790100889.727,java-product-service,jvm_memory_used_bytes,"{area=""nonheap"",id=""Metaspace"",language=""java"",service=""java-product-service"",}",98053304.0
1790100889.727,java-product-service,jvm_memory_used_bytes,"{area=""heap"",id=""G1 Old Gen"",language=""java"",service=""java-product-service"",}",47364416.0
1790100889.727,java-product-service,jvm_memory_used_bytes,"{area=""nonheap"",id=""Compressed Class Space"",language=""java"",service=""java-product-service"",}",12975320.0
1790100889.727,java-product-service,jvm_memory_used_bytes,"{area=""heap"",id=""G1 Survivor Space"",language=""java"",service=""java-product-service"",}",4052608.0
1790100889.727,java-product-service,jvm_memory_used_bytes,"{area=""nonheap"",id=""CodeHeap 'profiled nmethods'"",language=""java"",service=""java-product-service"",}",3843840.0
1790100889.727,java-product-service,jvm_memory_used_bytes,"{area=""nonheap"",id=""CodeHeap 'non-profiled nmethods'"",language=""java"",service=""java-product-service"",}",5514496.0
1790100889.727,java-product-service,jvm_memory_committed_bytes,"{area=""nonheap"",id=""CodeHeap 'non-nmethods'"",language=""java"",service=""java-product-service"",}",2555904.0
1790100889.727,java-product-service,jvm_memory_committed_bytes,"{area=""heap"",id=""G1 Eden Space"",language=""java"",service=""java-product-service"",}",48234496.0
1790100889.727,java-product-service,jvm_memory_committed_bytes,"{area=""nonheap"",id=""Metaspace"",language=""java"",service=""java-product-service"",}",99024896.0
1790100889.727,java-product-service,jvm_memory_committed_bytes,"{area=""heap"",id=""G1 Old Gen"",language=""java"",service=""java-product-service"",}",51380224.0
1790100889.727,java-product-service,jvm_memory_committed_bytes,"{area=""nonheap"",id=""Compressed Class Space"",language=""java"",service=""java-product-service"",}",13434880.0
1790100889.727,java-product-service,jvm_memory_committed_bytes,"{area=""heap"",id=""G1 Survivor Space"",language=""java"",service=""java-product-service"",}",4194304.0
1790100889.727,java-product-service,jvm_memory_committed_bytes,"{area=""nonheap"",id=""CodeHeap 'profiled nmethods'"",language=""java"",service=""java-product-service"",}",26411008.0
1790100889.727,java-product-service,jvm_memory_committed_bytes,"{area=""nonheap"",id=""CodeHeap 'non-profiled nmethods'"",language=""java"",service=""java-product-service"",}",10485760.0
1790100889.727,java-product-service,tomcat_threads_config_max_threads,"{language=""java"",name=""http-nio-9082"",service=""java-product-service"",}",64.0
1790100889.727,java-product-service,hikaricp_connections_pending,"{language=""java"",pool=""HikariPool-1"",service=""java-product-service"",}",0.0
1790100889.727,java-product-service,hikaricp_connections_usage_seconds_count,"{language=""java"",pool=""HikariPool-1"",service=""java-product-service"",}",387.0
1790100889.727,java-product-service,hikaricp_connections_usage_seconds_sum,"{language=""java"",pool=""HikariPool-1"",service=""java-product-service"",}",0.666
1790100889.727,java-order-service,hikaricp_connections_acquire_seconds_count,"{language=""java"",pool=""HikariPool-1"",service=""java-order-service"",}",354.0
1790100889.727,java-order-service,hikaricp_connections_acquire_seconds_sum,"{language=""java"",pool=""HikariPool-1"",service=""java-order-service"",}",0.050491047
1790100889.727,java-order-service,jvm_gc_pause_seconds_count,"{action=""end of minor GC"",cause=""G1 Evacuation Pause"",gc=""G1 Young Generation"",language=""java"",service=""java-order-service"",}",1.0
1790100889.727,java-order-service,jvm_gc_pause_seconds_sum,"{action=""end of minor GC"",cause=""G1 Evacuation Pause"",gc=""G1 Young Generation"",language=""java"",service=""java-order-service"",}",0.006
1790100889.727,java-order-service,system_cpu_usage,"{language=""java"",service=""java-order-service"",}",0.026777692307692308
1790100889.727,java-order-service,process_cpu_usage,"{language=""java"",service=""java-order-service"",}",0.02564102564102564
1790100889.727,java-order-service,tomcat_threads_busy_threads,"{language=""java"",name=""http-nio-9083"",service=""java-order-service"",}",1.0
1790100889.727,java-order-service,tomcat_threads_config_max_threads,"{language=""java"",name=""http-nio-9083"",service=""java-order-service"",}",64.0
1790100889.727,java-order-service,jvm_memory_used_bytes,"{area=""nonheap"",id=""CodeHeap 'non-profiled nmethods'"",language=""java"",service=""java-order-service"",}",4368384.0
1790100889.727,java-order-service,jvm_memory_used_bytes,"{area=""heap"",id=""G1 Eden Space"",language=""java"",service=""java-order-service"",}",39845888.0
1790100889.727,java-order-service,jvm_memory_used_bytes,"{area=""nonheap"",id=""CodeHeap 'profiled nmethods'"",language=""java"",service=""java-order-service"",}",15863808.0
1790100889.727,java-order-service,jvm_memory_used_bytes,"{area=""nonheap"",id=""CodeHeap 'non-nmethods'"",language=""java"",service=""java-order-service"",}",1611264.0
1790100889.727,java-order-service,jvm_memory_used_bytes,"{area=""heap"",id=""G1 Survivor Space"",language=""java"",service=""java-order-service"",}",5193544.0
1790100889.727,java-order-service,jvm_memory_used_bytes,"{area=""nonheap"",id=""Compressed Class Space"",language=""java"",service=""java-order-service"",}",10677336.0
1790100889.727,java-order-service,jvm_memory_used_bytes,"{area=""heap"",id=""G1 Old Gen"",language=""java"",service=""java-order-service"",}",29741112.0
1790100889.727,java-order-service,jvm_memory_used_bytes,"{area=""nonheap"",id=""Metaspace"",language=""java"",service=""java-order-service"",}",78927792.0
1790100889.727,java-order-service,tomcat_threads_current_threads,"{language=""java"",name=""http-nio-9083"",service=""java-order-service"",}",10.0
1790100889.727,java-order-service,hikaricp_connections_usage_seconds_count,"{language=""java"",pool=""HikariPool-1"",service=""java-order-service"",}",354.0
1790100889.727,java-order-service,hikaricp_connections_usage_seconds_sum,"{language=""java"",pool=""HikariPool-1"",service=""java-order-service"",}",0.003
1790100889.727,java-order-service,jvm_memory_committed_bytes,"{area=""nonheap"",id=""CodeHeap 'non-profiled nmethods'"",language=""java"",service=""java-order-service"",}",4390912.0
1790100889.727,java-order-service,jvm_memory_committed_bytes,"{area=""heap"",id=""G1 Eden Space"",language=""java"",service=""java-order-service"",}",57671680.0
1790100889.727,java-order-service,jvm_memory_committed_bytes,"{area=""nonheap"",id=""CodeHeap 'profiled nmethods'"",language=""java"",service=""java-order-service"",}",15925248.0
1790100889.727,java-order-service,jvm_memory_committed_bytes,"{area=""nonheap"",id=""CodeHeap 'non-nmethods'"",language=""java"",service=""java-order-service"",}",2555904.0
1790100889.727,java-order-service,jvm_memory_committed_bytes,"{area=""heap"",id=""G1 Survivor Space"",language=""java"",service=""java-order-service"",}",5242880.0
1790100889.727,java-order-service,jvm_memory_committed_bytes,"{area=""nonheap"",id=""Compressed Class Space"",language=""java"",service=""java-order-service"",}",11075584.0
1790100889.727,java-order-service,jvm_memory_committed_bytes,"{area=""heap"",id=""G1 Old Gen"",language=""java"",service=""java-order-service"",}",36700160.0
1790100889.727,java-order-service,jvm_memory_committed_bytes,"{area=""nonheap"",id=""Metaspace"",language=""java"",service=""java-order-service"",}",79822848.0
1790100889.727,java-order-service,hikaricp_connections_active,"{language=""java"",pool=""HikariPool-1"",service=""java-order-service"",}",0.0
1790100889.727,java-order-service,hikaricp_connections_pending,"{language=""java"",pool=""HikariPool-1"",service=""java-order-service"",}",0.0
1790100894.768,java-user-service,hikaricp_connections_acquire_seconds_count,"{framework=""spring-boot"",language=""java"",pool=""HikariPool-1"",service=""java-user-service"",}",655.0
1790100894.768,java-user-service,hikaricp_connections_acquire_seconds_sum,"{framework=""spring-boot"",language=""java"",pool=""HikariPool-1"",service=""java-user-service"",}",0.083613751
1790100894.768,java-user-service,system_cpu_usage,"{framework=""spring-boot"",language=""java"",service=""java-user-service"",}",0.2630499346405229
1790100894.768,java-user-service,process_cpu_usage,"{framework=""spring-boot"",language=""java"",service=""java-user-service"",}",0.2601307189542484
1790100894.768,java-user-service,tomcat_threads_busy_threads,"{framework=""spring-boot"",language=""java"",name=""http-nio-9081"",service=""java-user-service"",}",1.0
1790100894.768,java-user-service,tomcat_threads_current_threads,"{framework=""spring-boot"",language=""java"",name=""http-nio-9081"",service=""java-user-service"",}",64.0
1790100894.768,java-user-service,jvm_memory_committed_bytes,"{area=""nonheap"",framework=""spring-boot"",id=""CodeHeap 'non-nmethods'"",language=""java"",service=""java-user-service"",}",2555904.0
1790100894.768,java-user-service,jvm_memory_committed_bytes,"{area=""nonheap"",framework=""spring-boot"",id=""CodeHeap 'non-profiled nmethods'"",language=""java"",service=""java-user-service"",}",10944512.0
1790100894.768,java-user-service,jvm_memory_committed_bytes,"{area=""heap"",framework=""spring-boot"",id=""G1 Survivor Space"",language=""java"",service=""java-user-service"",}",4194304.0
1790100894.768,java-user-service,jvm_memory_committed_bytes,"{area=""heap"",framework=""spring-boot"",id=""G1 Old Gen"",language=""java"",service=""java-user-service"",}",51380224.0
1790100894.768,java-user-service,jvm_memory_committed_bytes,"{area=""nonheap"",framework=""spring-boot"",id=""Metaspace"",language=""java"",service=""java-user-service"",}",103088128.0
1790100894.768,java-user-service,jvm_memory_committed_bytes,"{area=""heap"",framework=""spring-boot"",id=""G1 Eden Space"",language=""java"",service=""java-user-service"",}",77594624.0
1790100894.768,java-user-service,jvm_memory_committed_bytes,"{area=""nonheap"",framework=""spring-boot"",id=""Compressed Class Space"",language=""java"",service=""java-user-service"",}",13893632.0
1790100894.768,java-user-service,jvm_memory_committed_bytes,"{area=""nonheap"",framework=""spring-boot"",id=""CodeHeap 'profiled nmethods'"",language=""java"",service=""java-user-service"",}",27131904.0
1790100894.768,java-user-service,hikaricp_connections_pending,"{framework=""spring-boot"",language=""java"",pool=""HikariPool-1"",service=""java-user-service"",}",0.0
1790100894.768,java-user-service,hikaricp_connections_usage_seconds_count,"{framework=""spring-boot"",language=""java"",pool=""HikariPool-1"",service=""java-user-service"",}",655.0
1790100894.768,java-user-service,hikaricp_connections_usage_seconds_sum,"{framework=""spring-boot"",language=""java"",pool=""HikariPool-1"",service=""java-user-service"",}",22.22
1790100894.768,java-user-service,tomcat_threads_config_max_threads,"{framework=""spring-boot"",language=""java"",name=""http-nio-9081"",service=""java-user-service"",}",64.0
1790100894.768,java-user-service,hikaricp_connections_active,"{framework=""spring-boot"",language=""java"",pool=""HikariPool-1"",service=""java-user-service"",}",0.0
1790100894.768,java-user-service,jvm_memory_used_bytes,"{area=""nonheap"",framework=""spring-boot"",id=""CodeHeap 'non-nmethods'"",language=""java"",service=""java-user-service"",}",1642752.0
1790100894.768,java-user-service,jvm_memory_used_bytes,"{area=""nonheap"",framework=""spring-boot"",id=""CodeHeap 'non-profiled nmethods'"",language=""java"",service=""java-user-service"",}",9148544.0
1790100894.768,java-user-service,jvm_memory_used_bytes,"{area=""heap"",framework=""spring-boot"",id=""G1 Survivor Space"",language=""java"",service=""java-user-service"",}",3432624.0
1790100894.768,java-user-service,jvm_memory_used_bytes,"{area=""heap"",framework=""spring-boot"",id=""G1 Old Gen"",language=""java"",service=""java-user-service"",}",47530408.0
1790100894.768,java-user-service,jvm_memory_used_bytes,"{area=""nonheap"",framework=""spring-boot"",id=""Metaspace"",language=""java"",service=""java-user-service"",}",102082936.0
1790100894.768,java-user-service,jvm_memory_used_bytes,"{area=""heap"",framework=""spring-boot"",id=""G1 Eden Space"",language=""java"",service=""java-user-service"",}",44040192.0
1790100894.768,java-user-service,jvm_memory_used_bytes,"{area=""nonheap"",framework=""spring-boot"",id=""Compressed Class Space"",language=""java"",service=""java-user-service"",}",13414536.0
1790100894.768,java-user-service,jvm_memory_used_bytes,"{area=""nonheap"",framework=""spring-boot"",id=""CodeHeap 'profiled nmethods'"",language=""java"",service=""java-user-service"",}",9062400.0
1790100894.768,java-user-service,jvm_gc_pause_seconds_count,"{action=""end of minor GC"",cause=""G1 Evacuation Pause"",framework=""spring-boot"",gc=""G1 Young Generation"",language=""java"",service=""java-user-service"",}",78.0
1790100894.768,java-user-service,jvm_gc_pause_seconds_sum,"{action=""end of minor GC"",cause=""G1 Evacuation Pause"",framework=""spring-boot"",gc=""G1 Young Generation"",language=""java"",service=""java-user-service"",}",0.421
1790100894.768,java-product-service,hikaricp_connections_active,"{language=""java"",pool=""HikariPool-1"",service=""java-product-service"",}",0.0
1790100894.768,java-product-service,tomcat_threads_busy_threads,"{language=""java"",name=""http-nio-9082"",service=""java-product-service"",}",1.0
1790100894.768,java-product-service,jvm_gc_pause_seconds_count,"{action=""end of minor GC"",cause=""G1 Evacuation Pause"",gc=""G1 Young Generation"",language=""java"",service=""java-product-service"",}",36.0
1790100894.768,java-product-service,jvm_gc_pause_seconds_sum,"{action=""end of minor GC"",cause=""G1 Evacuation Pause"",gc=""G1 Young Generation"",language=""java"",service=""java-product-service"",}",0.186
1790100894.768,java-product-service,tomcat_threads_current_threads,"{language=""java"",name=""http-nio-9082"",service=""java-product-service"",}",64.0
1790100894.768,java-product-service,hikaricp_connections_acquire_seconds_count,"{language=""java"",pool=""HikariPool-1"",service=""java-product-service"",}",407.0
1790100894.768,java-product-service,hikaricp_connections_acquire_seconds_sum,"{language=""java"",pool=""HikariPool-1"",service=""java-product-service"",}",0.089277874
1790100894.768,java-product-service,process_cpu_usage,"{language=""java"",service=""java-product-service"",}",0.16601307189542483
1790100894.768,java-product-service,system_cpu_usage,"{language=""java"",service=""java-product-service"",}",0.16665790849673204
1790100894.768,java-product-service,jvm_memory_used_bytes,"{area=""nonheap"",id=""CodeHeap 'non-nmethods'"",language=""java"",service=""java-product-service"",}",1643008.0
1790100894.768,java-product-service,jvm_memory_used_bytes,"{area=""heap"",id=""G1 Eden Space"",language=""java"",service=""java-product-service"",}",12582912.0
1790100894.768,java-product-service,jvm_memory_used_bytes,"{area=""nonheap"",id=""Metaspace"",language=""java"",service=""java-product-service"",}",98062992.0
1790100894.768,java-product-service,jvm_memory_used_bytes,"{area=""heap"",id=""G1 Old Gen"",language=""java"",service=""java-product-service"",}",48793448.0
1790100894.768,java-product-service,jvm_memory_used_bytes,"{area=""nonheap"",id=""Compressed Class Space"",language=""java"",service=""java-product-service"",}",12975320.0
1790100894.768,java-product-service,jvm_memory_used_bytes,"{area=""heap"",id=""G1 Survivor Space"",language=""java"",service=""java-product-service"",}",3111416.0
1790100894.768,java-product-service,jvm_memory_used_bytes,"{area=""nonheap"",id=""CodeHeap 'profiled nmethods'"",language=""java"",service=""java-product-service"",}",3801856.0
1790100894.768,java-product-service,jvm_memory_used_bytes,"{area=""nonheap"",id=""CodeHeap 'non-profiled nmethods'"",language=""java"",service=""java-product-service"",}",5493888.0
1790100894.768,java-product-service,jvm_memory_committed_bytes,"{area=""nonheap"",id=""CodeHeap 'non-nmethods'"",language=""java"",service=""java-product-service"",}",2555904.0
1790100894.768,java-product-service,jvm_memory_committed_bytes,"{area=""heap"",id=""G1 Eden Space"",language=""java"",service=""java-product-service"",}",48234496.0
1790100894.768,java-product-service,jvm_memory_committed_bytes,"{area=""nonheap"",id=""Metaspace"",language=""java"",service=""java-product-service"",}",99024896.0
1790100894.768,java-product-service,jvm_memory_committed_bytes,"{area=""heap"",id=""G1 Old Gen"",language=""java"",service=""java-product-service"",}",52428800.0
1790100894.768,java-product-service,jvm_memory_committed_bytes,"{area=""nonheap"",id=""Compressed Class Space"",language=""java"",service=""java-product-service"",}",13434880.0
1790100894.768,java-product-service,jvm_memory_committed_bytes,"{area=""heap"",id=""G1 Survivor Space"",language=""java"",service=""java-product-service"",}",3145728.0
1790100894.768,java-product-service,jvm_memory_committed_bytes,"{area=""nonheap"",id=""CodeHeap 'profiled nmethods'"",language=""java"",service=""java-product-service"",}",26411008.0
1790100894.768,java-product-service,jvm_memory_committed_bytes,"{area=""nonheap"",id=""CodeHeap 'non-profiled nmethods'"",language=""java"",service=""java-product-service"",}",10485760.0
1790100894.768,java-product-service,tomcat_threads_config_max_threads,"{language=""java"",name=""http-nio-9082"",service=""java-product-service"",}",64.0
1790100894.768,java-product-service,hikaricp_connections_pending,"{language=""java"",pool=""HikariPool-1"",service=""java-product-service"",}",0.0
1790100894.768,java-product-service,hikaricp_connections_usage_seconds_count,"{language=""java"",pool=""HikariPool-1"",service=""java-product-service"",}",407.0
1790100894.768,java-product-service,hikaricp_connections_usage_seconds_sum,"{language=""java"",pool=""HikariPool-1"",service=""java-product-service"",}",0.667
1790100894.768,java-order-service,hikaricp_connections_acquire_seconds_count,"{language=""java"",pool=""HikariPool-1"",service=""java-order-service"",}",374.0
1790100894.768,java-order-service,hikaricp_connections_acquire_seconds_sum,"{language=""java"",pool=""HikariPool-1"",service=""java-order-service"",}",0.053927963
1790100894.768,java-order-service,jvm_gc_pause_seconds_count,"{action=""end of minor GC"",cause=""G1 Evacuation Pause"",gc=""G1 Young Generation"",language=""java"",service=""java-order-service"",}",1.0
1790100894.768,java-order-service,jvm_gc_pause_seconds_sum,"{action=""end of minor GC"",cause=""G1 Evacuation Pause"",gc=""G1 Young Generation"",language=""java"",service=""java-order-service"",}",0.006
1790100894.768,java-order-service,system_cpu_usage,"{language=""java"",service=""java-order-service"",}",0.03371809523809524
1790100894.768,java-order-service,process_cpu_usage,"{language=""java"",service=""java-order-service"",}",0.030952380952380953
1790100894.768,java-order-service,tomcat_threads_busy_threads,"{language=""java"",name=""http-nio-9083"",service=""java-order-service"",}",1.0
1790100894.768,java-order-service,tomcat_threads_config_max_threads,"{language=""java"",name=""http-nio-9083"",service=""java-order-service"",}",64.0
1790100894.768,java-order-service,jvm_memory_used_bytes,"{area=""nonheap"",id=""CodeHeap 'non-profiled nmethods'"",language=""java"",service=""java-order-service"",}",4420736.0
1790100894.768,java-order-service,jvm_memory_used_bytes,"{area=""heap"",id=""G1 Eden Space"",language=""java"",service=""java-order-service"",}",40894464.0
1790100894.768,java-order-service,jvm_memory_used_bytes,"{area=""nonheap"",id=""CodeHeap 'profiled nmethods'"",language=""java"",service=""java-order-service"",}",15971456.0
1790100894.768,java-order-service,jvm_memory_used_bytes,"{area=""nonheap"",id=""CodeHeap 'non-nmethods'"",language=""java"",service=""java-order-service"",}",1611264.0
1790100894.768,java-order-service,jvm_memory_used_bytes,"{area=""heap"",id=""G1 Survivor Space"",language=""java"",service=""java-order-service"",}",5193544.0
1790100894.768,java-order-service,jvm_memory_used_bytes,"{area=""nonheap"",id=""Compressed Class Space"",language=""java"",service=""java-order-service"",}",10677336.0
1790100894.768,java-order-service,jvm_memory_used_bytes,"{area=""heap"",id=""G1 Old Gen"",language=""java"",service=""java-order-service"",}",29741112.0
1790100894.768,java-order-service,jvm_memory_used_bytes,"{area=""nonheap"",id=""Metaspace"",language=""java"",service=""java-order-service"",}",78954576.0
1790100894.768,java-order-service,tomcat_threads_current_threads,"{language=""java"",name=""http-nio-9083"",service=""java-order-service"",}",10.0
1790100894.768,java-order-service,hikaricp_connections_usage_seconds_count,"{language=""java"",pool=""HikariPool-1"",service=""java-order-service"",}",374.0
1790100894.768,java-order-service,hikaricp_connections_usage_seconds_sum,"{language=""java"",pool=""HikariPool-1"",service=""java-order-service"",}",0.004
1790100894.768,java-order-service,jvm_memory_committed_bytes,"{area=""nonheap"",id=""CodeHeap 'non-profiled nmethods'"",language=""java"",service=""java-order-service"",}",4456448.0
1790100894.768,java-order-service,jvm_memory_committed_bytes,"{area=""heap"",id=""G1 Eden Space"",language=""java"",service=""java-order-service"",}",57671680.0
1790100894.768,java-order-service,jvm_memory_committed_bytes,"{area=""nonheap"",id=""CodeHeap 'profiled nmethods'"",language=""java"",service=""java-order-service"",}",15990784.0
1790100894.768,java-order-service,jvm_memory_committed_bytes,"{area=""nonheap"",id=""CodeHeap 'non-nmethods'"",language=""java"",service=""java-order-service"",}",2555904.0
1790100894.768,java-order-service,jvm_memory_committed_bytes,"{area=""heap"",id=""G1 Survivor Space"",language=""java"",service=""java-order-service"",}",5242880.0
1790100894.768,java-order-service,jvm_memory_committed_bytes,"{area=""nonheap"",id=""Compressed Class Space"",language=""java"",service=""java-order-service"",}",11075584.0
1790100894.768,java-order-service,jvm_memory_committed_bytes,"{area=""heap"",id=""G1 Old Gen"",language=""java"",service=""java-order-service"",}",36700160.0
1790100894.768,java-order-service,jvm_memory_committed_bytes,"{area=""nonheap"",id=""Metaspace"",language=""java"",service=""java-order-service"",}",79822848.0
1790100894.768,java-order-service,hikaricp_connections_active,"{language=""java"",pool=""HikariPool-1"",service=""java-order-service"",}",0.0
1790100894.768,java-order-service,hikaricp_connections_pending,"{language=""java"",pool=""HikariPool-1"",service=""java-order-service"",}",0.0
1790100899.809,java-user-service,hikaricp_connections_acquire_seconds_count,"{framework=""spring-boot"",language=""java"",pool=""HikariPool-1"",service=""java-user-service"",}",683.0
1790100899.809,java-user-service,hikaricp_connections_acquire_seconds_sum,"{framework=""spring-boot"",language=""java"",pool=""HikariPool-1"",service=""java-user-service"",}",0.089391169
1790100899.809,java-user-service,system_cpu_usage,"{framework=""spring-boot"",language=""java"",service=""java-user-service"",}",0.2712641333333333
1790100899.809,java-user-service,process_cpu_usage,"{framework=""spring-boot"",language=""java"",service=""java-user-service"",}",0.272
1790100899.809,java-user-service,tomcat_threads_busy_threads,"{framework=""spring-boot"",language=""java"",name=""http-nio-9081"",service=""java-user-service"",}",1.0
1790100899.809,java-user-service,tomcat_threads_current_threads,"{framework=""spring-boot"",language=""java"",name=""http-nio-9081"",service=""java-user-service"",}",64.0
1790100899.809,java-user-service,jvm_memory_committed_bytes,"{area=""nonheap"",framework=""spring-boot"",id=""CodeHeap 'non-nmethods'"",language=""java"",service=""java-user-service"",}",2555904.0
1790100899.809,java-user-service,jvm_memory_committed_bytes,"{area=""nonheap"",framework=""spring-boot"",id=""CodeHeap 'non-profiled nmethods'"",language=""java"",service=""java-user-service"",}",10944512.0
1790100899.809,java-user-service,jvm_memory_committed_bytes,"{area=""heap"",framework=""spring-boot"",id=""G1 Survivor Space"",language=""java"",service=""java-user-service"",}",2097152.0
1790100899.809,java-user-service,jvm_memory_committed_bytes,"{area=""heap"",framework=""spring-boot"",id=""G1 Old Gen"",language=""java"",service=""java-user-service"",}",51380224.0
1790100899.809,java-user-service,jvm_memory_committed_bytes,"{area=""nonheap"",framework=""spring-boot"",id=""Metaspace"",language=""java"",service=""java-user-service"",}",103153664.0
1790100899.809,java-user-service,jvm_memory_committed_bytes,"{area=""heap"",framework=""spring-boot"",id=""G1 Eden Space"",language=""java"",service=""java-user-service"",}",79691776.0
1790100899.809,java-user-service,jvm_memory_committed_bytes,"{area=""nonheap"",framework=""spring-boot"",id=""Compressed Class Space"",language=""java"",service=""java-user-service"",}",13893632.0
1790100899.809,java-user-service,jvm_memory_committed_bytes,"{area=""nonheap"",framework=""spring-boot"",id=""CodeHeap 'profiled nmethods'"",language=""java"",service=""java-user-service"",}",27131904.0
1790100899.809,java-user-service,hikaricp_connections_pending,"{framework=""spring-boot"",language=""java"",pool=""HikariPool-1"",service=""java-user-service"",}",0.0
1790100899.809,java-user-service,hikaricp_connections_usage_seconds_count,"{framework=""spring-boot"",language=""java"",pool=""HikariPool-1"",service=""java-user-service"",}",683.0
1790100899.809,java-user-service,hikaricp_connections_usage_seconds_sum,"{framework=""spring-boot"",language=""java"",pool=""HikariPool-1"",service=""java-user-service"",}",22.254
1790100899.809,java-user-service,tomcat_threads_config_max_threads,"{framework=""spring-boot"",language=""java"",name=""http-nio-9081"",service=""java-user-service"",}",64.0
1790100899.809,java-user-service,hikaricp_connections_active,"{framework=""spring-boot"",language=""java"",pool=""HikariPool-1"",service=""java-user-service"",}",0.0
1790100899.809,java-user-service,jvm_memory_used_bytes,"{area=""nonheap"",framework=""spring-boot"",id=""CodeHeap 'non-nmethods'"",language=""java"",service=""java-user-service"",}",1642752.0
1790100899.809,java-user-service,jvm_memory_used_bytes,"{area=""nonheap"",framework=""spring-boot"",id=""CodeHeap 'non-profiled nmethods'"",language=""java"",service=""java-user-service"",}",9249408.0
1790100899.809,java-user-service,jvm_memory_used_bytes,"{area=""heap"",framework=""spring-boot"",id=""G1 Survivor Space"",language=""java"",service=""java-user-service"",}",2097152.0
1790100899.809,java-user-service,jvm_memory_used_bytes,"{area=""heap"",framework=""spring-boot"",id=""G1 Old Gen"",language=""java"",service=""java-user-service"",}",47827648.0
1790100899.809,java-user-service,jvm_memory_used_bytes,"{area=""nonheap"",framework=""spring-boot"",id=""Metaspace"",language=""java"",service=""java-user-service"",}",102130048.0
1790100899.809,java-user-service,jvm_memory_used_bytes,"{area=""heap"",framework=""spring-boot"",id=""G1 Eden Space"",language=""java"",service=""java-user-service"",}",60817408.0
1790100899.809,java-user-service,jvm_memory_used_bytes,"{area=""nonheap"",framework=""spring-boot"",id=""Compressed Class Space"",language=""java"",service=""java-user-service"",}",13414536.0
1790100899.809,java-user-service,jvm_memory_used_bytes,"{area=""nonheap"",framework=""spring-boot"",id=""CodeHeap 'profiled nmethods'"",language=""java"",service=""java-user-service"",}",9282944.0
1790100899.809,java-user-service,jvm_gc_pause_seconds_count,"{action=""end of minor GC"",cause=""G1 Evacuation Pause"",framework=""spring-boot"",gc=""G1 Young Generation"",language=""java"",service=""java-user-service"",}",84.0
1790100899.809,java-user-service,jvm_gc_pause_seconds_sum,"{action=""end of minor GC"",cause=""G1 Evacuation Pause"",framework=""spring-boot"",gc=""G1 Young Generation"",language=""java"",service=""java-user-service"",}",0.458
1790100899.809,java-product-service,hikaricp_connections_active,"{language=""java"",pool=""HikariPool-1"",service=""java-product-service"",}",0.0
1790100899.809,java-product-service,tomcat_threads_busy_threads,"{language=""java"",name=""http-nio-9082"",service=""java-product-service"",}",1.0
1790100899.809,java-product-service,jvm_gc_pause_seconds_count,"{action=""end of minor GC"",cause=""G1 Evacuation Pause"",gc=""G1 Young Generation"",language=""java"",service=""java-product-service"",}",39.0
1790100899.809,java-product-service,jvm_gc_pause_seconds_sum,"{action=""end of minor GC"",cause=""G1 Evacuation Pause"",gc=""G1 Young Generation"",language=""java"",service=""java-product-service"",}",0.197
1790100899.809,java-product-service,tomcat_threads_current_threads,"{language=""java"",name=""http-nio-9082"",service=""java-product-service"",}",64.0
1790100899.809,java-product-service,hikaricp_connections_acquire_seconds_count,"{language=""java"",pool=""HikariPool-1"",service=""java-product-service"",}",470.0
1790100899.809,java-product-service,hikaricp_connections_acquire_seconds_sum,"{language=""java"",pool=""HikariPool-1"",service=""java-product-service"",}",3.790012963
1790100899.809,java-product-service,process_cpu_usage,"{language=""java"",service=""java-product-service"",}",0.22933333333333333
1790100899.809,java-product-service,system_cpu_usage,"{language=""java"",service=""java-product-service"",}",0.23048666666666667
1790100899.809,java-product-service,jvm_memory_used_bytes,"{area=""nonheap"",id=""CodeHeap 'non-nmethods'"",language=""java"",service=""java-product-service"",}",1643008.0
1790100899.809,java-product-service,jvm_memory_used_bytes,"{area=""heap"",id=""G1 Eden Space"",language=""java"",service=""java-product-service"",}",6291456.0
1790100899.809,java-product-service,jvm_memory_used_bytes,"{area=""nonheap"",id=""Metaspace"",language=""java"",service=""java-product-service"",}",98076488.0
1790100899.809,java-product-service,jvm_memory_used_bytes,"{area=""heap"",id=""G1 Old Gen"",language=""java"",service=""java-product-service"",}",49274520.0
1790100899.809,java-product-service,jvm_memory_used_bytes,"{area=""nonheap"",id=""Compressed Class Space"",language=""java"",service=""java-product-service"",}",12978256.0
1790100899.809,java-product-service,jvm_memory_used_bytes,"{area=""heap"",id=""G1 Survivor Space"",language=""java"",service=""java-product-service"",}",2829264.0
1790100899.809,java-product-service,jvm_memory_used_bytes,"{area=""nonheap"",id=""CodeHeap 'profiled nmethods'"",language=""java"",service=""java-product-service"",}",4354048.0
1790100899.809,java-product-service,jvm_memory_used_bytes,"{area=""nonheap"",id=""CodeHeap 'non-profiled nmethods'"",language=""java"",service=""java-product-service"",}",5806208.0
1790100899.809,java-product-service,jvm_memory_committed_bytes,"{area=""nonheap"",id=""CodeHeap 'non-nmethods'"",language=""java"",service=""java-product-service"",}",2555904.0
1790100899.809,java-product-service,jvm_memory_committed_bytes,"{area=""heap"",id=""G1 Eden Space"",language=""java"",service=""java-product-service"",}",47185920.0
1790100899.809,java-product-service,jvm_memory_committed_bytes,"{area=""nonheap"",id=""Metaspace"",language=""java"",service=""java-product-service"",}",99024896.0
1790100899.809,java-product-service,jvm_memory_committed_bytes,"{area=""heap"",id=""G1 Old Gen"",language=""java"",service=""java-product-service"",}",53477376.0
1790100899.809,java-product-service,jvm_memory_committed_bytes,"{area=""nonheap"",id=""Compressed Class Space"",language=""java"",service=""java-product-service"",}",13434880.0
1790100899.809,java-product-service,jvm_memory_committed_bytes,"{area=""heap"",id=""G1 Survivor Space"",language=""java"",service=""java-product-service"",}",3145728.0
1790100899.809,java-product-service,jvm_memory_committed_bytes,"{area=""nonheap"",id=""CodeHeap 'profiled nmethods'"",language=""java"",service=""java-product-service"",}",26411008.0
1790100899.809,java-product-service,jvm_memory_committed_bytes,"{area=""nonheap"",id=""CodeHeap 'non-profiled nmethods'"",language=""java"",service=""java-product-service"",}",10485760.0
1790100899.809,java-product-service,tomcat_threads_config_max_threads,"{language=""java"",name=""http-nio-9082"",service=""java-product-service"",}",64.0
1790100899.809,java-product-service,hikaricp_connections_pending,"{language=""java"",pool=""HikariPool-1"",service=""java-product-service"",}",0.0
1790100899.809,java-product-service,hikaricp_connections_usage_seconds_count,"{language=""java"",pool=""HikariPool-1"",service=""java-product-service"",}",470.0
1790100899.809,java-product-service,hikaricp_connections_usage_seconds_sum,"{language=""java"",pool=""HikariPool-1"",service=""java-product-service"",}",2.541
1790100899.809,java-order-service,hikaricp_connections_acquire_seconds_count,"{language=""java"",pool=""HikariPool-1"",service=""java-order-service"",}",394.0
1790100899.809,java-order-service,hikaricp_connections_acquire_seconds_sum,"{language=""java"",pool=""HikariPool-1"",service=""java-order-service"",}",0.056713752
1790100899.809,java-order-service,jvm_gc_pause_seconds_count,"{action=""end of minor GC"",cause=""G1 Evacuation Pause"",gc=""G1 Young Generation"",language=""java"",service=""java-order-service"",}",1.0
1790100899.809,java-order-service,jvm_gc_pause_seconds_sum,"{action=""end of minor GC"",cause=""G1 Evacuation Pause"",gc=""G1 Young Generation"",language=""java"",service=""java-order-service"",}",0.006
1790100899.809,java-order-service,system_cpu_usage,"{language=""java"",service=""java-order-service"",}",0.015854747474747476
1790100899.809,java-order-service,process_cpu_usage,"{language=""java"",service=""java-order-service"",}",0.01616161616161616
1790100899.809,java-order-service,tomcat_threads_busy_threads,"{language=""java"",name=""http-nio-9083"",service=""java-order-service"",}",1.0
1790100899.809,java-order-service,tomcat_threads_config_max_threads,"{language=""java"",name=""http-nio-9083"",service=""java-order-service"",}",64.0
1790100899.809,java-order-service,jvm_memory_used_bytes,"{area=""nonheap"",id=""CodeHeap 'non-profiled nmethods'"",language=""java"",service=""java-order-service"",}",4430464.0
1790100899.809,java-order-service,jvm_memory_used_bytes,"{area=""heap"",id=""G1 Eden Space"",language=""java"",service=""java-order-service"",}",41943040.0
1790100899.809,java-order-service,jvm_memory_used_bytes,"{area=""nonheap"",id=""CodeHeap 'profiled nmethods'"",language=""java"",service=""java-order-service"",}",16144512.0
1790100899.809,java-order-service,jvm_memory_used_bytes,"{area=""nonheap"",id=""CodeHeap 'non-nmethods'"",language=""java"",service=""java-order-service"",}",1611264.0
1790100899.809,java-order-service,jvm_memory_used_bytes,"{area=""heap"",id=""G1 Survivor Space"",language=""java"",service=""java-order-service"",}",5193544.0
1790100899.809,java-order-service,jvm_memory_used_bytes,"{area=""nonheap"",id=""Compressed Class Space"",language=""java"",service=""java-order-service"",}",10677336.0
1790100899.809,java-order-service,jvm_memory_used_bytes,"{area=""heap"",id=""G1 Old Gen"",language=""java"",service=""java-order-service"",}",29741112.0
1790100899.809,java-order-service,jvm_memory_used_bytes,"{area=""nonheap"",id=""Metaspace"",language=""java"",service=""java-order-service"",}",79006520.0
1790100899.809,java-order-service,tomcat_threads_current_threads,"{language=""java"",name=""http-nio-9083"",service=""java-order-service"",}",10.0
1790100899.809,java-order-service,hikaricp_connections_usage_seconds_count,"{language=""java"",pool=""HikariPool-1"",service=""java-order-service"",}",394.0
1790100899.809,java-order-service,hikaricp_connections_usage_seconds_sum,"{language=""java"",pool=""HikariPool-1"",service=""java-order-service"",}",0.004
1790100899.809,java-order-service,jvm_memory_committed_bytes,"{area=""nonheap"",id=""CodeHeap 'non-profiled nmethods'"",language=""java"",service=""java-order-service"",}",4456448.0
1790100899.809,java-order-service,jvm_memory_committed_bytes,"{area=""heap"",id=""G1 Eden Space"",language=""java"",service=""java-order-service"",}",57671680.0
1790100899.809,java-order-service,jvm_memory_committed_bytes,"{area=""nonheap"",id=""CodeHeap 'profiled nmethods'"",language=""java"",service=""java-order-service"",}",16187392.0
1790100899.809,java-order-service,jvm_memory_committed_bytes,"{area=""nonheap"",id=""CodeHeap 'non-nmethods'"",language=""java"",service=""java-order-service"",}",2555904.0
1790100899.809,java-order-service,jvm_memory_committed_bytes,"{area=""heap"",id=""G1 Survivor Space"",language=""java"",service=""java-order-service"",}",5242880.0
1790100899.809,java-order-service,jvm_memory_committed_bytes,"{area=""nonheap"",id=""Compressed Class Space"",language=""java"",service=""java-order-service"",}",11075584.0
1790100899.809,java-order-service,jvm_memory_committed_bytes,"{area=""heap"",id=""G1 Old Gen"",language=""java"",service=""java-order-service"",}",36700160.0
1790100899.809,java-order-service,jvm_memory_committed_bytes,"{area=""nonheap"",id=""Metaspace"",language=""java"",service=""java-order-service"",}",79888384.0
1790100899.809,java-order-service,hikaricp_connections_active,"{language=""java"",pool=""HikariPool-1"",service=""java-order-service"",}",0.0
1790100899.809,java-order-service,hikaricp_connections_pending,"{language=""java"",pool=""HikariPool-1"",service=""java-order-service"",}",0.0
1790100904.877,java-user-service,hikaricp_connections_acquire_seconds_count,"{framework=""spring-boot"",language=""java"",pool=""HikariPool-1"",service=""java-user-service"",}",705.0
1790100904.877,java-user-service,hikaricp_connections_acquire_seconds_sum,"{framework=""spring-boot"",language=""java"",pool=""HikariPool-1"",service=""java-user-service"",}",0.094067751
1790100904.877,java-user-service,system_cpu_usage,"{framework=""spring-boot"",language=""java"",service=""java-user-service"",}",0.23039647058823529
1790100904.877,java-user-service,process_cpu_usage,"{framework=""spring-boot"",language=""java"",service=""java-user-service"",}",0.22875816993464052
1790100904.877,java-user-service,tomcat_threads_busy_threads,"{framework=""spring-boot"",language=""java"",name=""http-nio-9081"",service=""java-user-service"",}",1.0
1790100904.877,java-user-service,tomcat_threads_current_threads,"{framework=""spring-boot"",language=""java"",name=""http-nio-9081"",service=""java-user-service"",}",64.0
1790100904.877,java-user-service,jvm_memory_committed_bytes,"{area=""nonheap"",framework=""spring-boot"",id=""CodeHeap 'non-nmethods'"",language=""java"",service=""java-user-service"",}",2555904.0
1790100904.877,java-user-service,jvm_memory_committed_bytes,"{area=""nonheap"",framework=""spring-boot"",id=""CodeHeap 'non-profiled nmethods'"",language=""java"",service=""java-user-service"",}",10944512.0
1790100904.877,java-user-service,jvm_memory_committed_bytes,"{area=""heap"",framework=""spring-boot"",id=""G1 Survivor Space"",language=""java"",service=""java-user-service"",}",2097152.0
1790100904.877,java-user-service,jvm_memory_committed_bytes,"{area=""heap"",framework=""spring-boot"",id=""G1 Old Gen"",language=""java"",service=""java-user-service"",}",51380224.0
1790100904.877,java-user-service,jvm_memory_committed_bytes,"{area=""nonheap"",framework=""spring-boot"",id=""Metaspace"",language=""java"",service=""java-user-service"",}",103153664.0
1790100904.877,java-user-service,jvm_memory_committed_bytes,"{area=""heap"",framework=""spring-boot"",id=""G1 Eden Space"",language=""java"",service=""java-user-service"",}",79691776.0
1790100904.877,java-user-service,jvm_memory_committed_bytes,"{area=""nonheap"",framework=""spring-boot"",id=""Compressed Class Space"",language=""java"",service=""java-user-service"",}",13893632.0
1790100904.877,java-user-service,jvm_memory_committed_bytes,"{area=""nonheap"",framework=""spring-boot"",id=""CodeHeap 'profiled nmethods'"",language=""java"",service=""java-user-service"",}",27131904.0
1790100904.877,java-user-service,hikaricp_connections_pending,"{framework=""spring-boot"",language=""java"",pool=""HikariPool-1"",service=""java-user-service"",}",0.0
1790100904.877,java-user-service,hikaricp_connections_usage_seconds_count,"{framework=""spring-boot"",language=""java"",pool=""HikariPool-1"",service=""java-user-service"",}",705.0
1790100904.877,java-user-service,hikaricp_connections_usage_seconds_sum,"{framework=""spring-boot"",language=""java"",pool=""HikariPool-1"",service=""java-user-service"",}",22.254
1790100904.877,java-user-service,tomcat_threads_config_max_threads,"{framework=""spring-boot"",language=""java"",name=""http-nio-9081"",service=""java-user-service"",}",64.0
1790100904.877,java-user-service,hikaricp_connections_active,"{framework=""spring-boot"",language=""java"",pool=""HikariPool-1"",service=""java-user-service"",}",0.0
1790100904.877,java-user-service,jvm_memory_used_bytes,"{area=""nonheap"",framework=""spring-boot"",id=""CodeHeap 'non-nmethods'"",language=""java"",service=""java-user-service"",}",1642752.0
1790100904.877,java-user-service,jvm_memory_used_bytes,"{area=""nonheap"",framework=""spring-boot"",id=""CodeHeap 'non-profiled nmethods'"",language=""java"",service=""java-user-service"",}",9206912.0
1790100904.877,java-user-service,jvm_memory_used_bytes,"{area=""heap"",framework=""spring-boot"",id=""G1 Survivor Space"",language=""java"",service=""java-user-service"",}",1318496.0
1790100904.877,java-user-service,jvm_memory_used_bytes,"{area=""heap"",framework=""spring-boot"",id=""G1 Old Gen"",language=""java"",service=""java-user-service"",}",48179640.0
1790100904.877,java-user-service,jvm_memory_used_bytes,"{area=""nonheap"",framework=""spring-boot"",id=""Metaspace"",language=""java"",service=""java-user-service"",}",102143992.0
1790100904.877,java-user-service,jvm_memory_used_bytes,"{area=""heap"",framework=""spring-boot"",id=""G1 Eden Space"",language=""java"",service=""java-user-service"",}",12582912.0
1790100904.877,java-user-service,jvm_memory_used_bytes,"{area=""nonheap"",framework=""spring-boot"",id=""Compressed Class Space"",language=""java"",service=""java-user-service"",}",13414536.0
1790100904.877,java-user-service,jvm_memory_used_bytes,"{area=""nonheap"",framework=""spring-boot"",id=""CodeHeap 'profiled nmethods'"",language=""java"",service=""java-user-service"",}",9288320.0
1790100904.877,java-user-service,jvm_gc_pause_seconds_count,"{action=""end of minor GC"",cause=""G1 Evacuation Pause"",framework=""spring-boot"",gc=""G1 Young Generation"",language=""java"",service=""java-user-service"",}",89.0
1790100904.877,java-user-service,jvm_gc_pause_seconds_sum,"{action=""end of minor GC"",cause=""G1 Evacuation Pause"",framework=""spring-boot"",gc=""G1 Young Generation"",language=""java"",service=""java-user-service"",}",0.485
1790100904.877,java-product-service,hikaricp_connections_active,"{language=""java"",pool=""HikariPool-1"",service=""java-product-service"",}",0.0
1790100904.877,java-product-service,tomcat_threads_busy_threads,"{language=""java"",name=""http-nio-9082"",service=""java-product-service"",}",1.0
1790100904.877,java-product-service,jvm_gc_pause_seconds_count,"{action=""end of minor GC"",cause=""G1 Evacuation Pause"",gc=""G1 Young Generation"",language=""java"",service=""java-product-service"",}",41.0
1790100904.877,java-product-service,jvm_gc_pause_seconds_sum,"{action=""end of minor GC"",cause=""G1 Evacuation Pause"",gc=""G1 Young Generation"",language=""java"",service=""java-product-service"",}",0.208
1790100904.877,java-product-service,tomcat_threads_current_threads,"{language=""java"",name=""http-nio-9082"",service=""java-product-service"",}",64.0
1790100904.877,java-product-service,hikaricp_connections_acquire_seconds_count,"{language=""java"",pool=""HikariPool-1"",service=""java-product-service"",}",492.0
1790100904.877,java-product-service,hikaricp_connections_acquire_seconds_sum,"{language=""java"",pool=""HikariPool-1"",service=""java-product-service"",}",3.793091959
1790100904.877,java-product-service,process_cpu_usage,"{language=""java"",service=""java-product-service"",}",0.14640522875816994
1790100904.877,java-product-service,system_cpu_usage,"{language=""java"",service=""java-product-service"",}",0.14771843137254903
1790100904.877,java-product-service,jvm_memory_used_bytes,"{area=""nonheap"",id=""CodeHeap 'non-nmethods'"",language=""java"",service=""java-product-service"",}",1643008.0
1790100904.877,java-product-service,jvm_memory_used_bytes,"{area=""heap"",id=""G1 Eden Space"",language=""java"",service=""java-product-service"",}",5242880.0
1790100904.877,java-product-service,jvm_memory_used_bytes,"{area=""nonheap"",id=""Metaspace"",language=""java"",service=""java-product-service"",}",98093584.0
1790100904.877,java-product-service,jvm_memory_used_bytes,"{area=""heap"",id=""G1 Old Gen"",language=""java"",service=""java-product-service"",}",49000056.0
1790100904.877,java-product-service,jvm_memory_used_bytes,"{area=""nonheap"",id=""Compressed Class Space"",language=""java"",service=""java-product-service"",}",12978256.0
1790100904.877,java-product-service,jvm_memory_used_bytes,"{area=""heap"",id=""G1 Survivor Space"",language=""java"",service=""java-product-service"",}",2803544.0
1790100904.877,java-product-service,jvm_memory_used_bytes,"{area=""nonheap"",id=""CodeHeap 'profiled nmethods'"",language=""java"",service=""java-product-service"",}",4352128.0
1790100904.877,java-product-service,jvm_memory_used_bytes,"{area=""nonheap"",id=""CodeHeap 'non-profiled nmethods'"",language=""java"",service=""java-product-service"",}",5810176.0
1790100904.877,java-product-service,jvm_memory_committed_bytes,"{area=""nonheap"",id=""CodeHeap 'non-nmethods'"",language=""java"",service=""java-product-service"",}",2555904.0
1790100904.877,java-product-service,jvm_memory_committed_bytes,"{area=""heap"",id=""G1 Eden Space"",language=""java"",service=""java-product-service"",}",48234496.0
1790100904.877,java-product-service,jvm_memory_committed_bytes,"{area=""nonheap"",id=""Metaspace"",language=""java"",service=""java-product-service"",}",99090432.0
1790100904.877,java-product-service,jvm_memory_committed_bytes,"{area=""heap"",id=""G1 Old Gen"",language=""java"",service=""java-product-service"",}",52428800.0
1790100904.877,java-product-service,jvm_memory_committed_bytes,"{area=""nonheap"",id=""Compressed Class Space"",language=""java"",service=""java-product-service"",}",13434880.0
1790100904.877,java-product-service,jvm_memory_committed_bytes,"{area=""heap"",id=""G1 Survivor Space"",language=""java"",service=""java-product-service"",}",3145728.0
1790100904.877,java-product-service,jvm_memory_committed_bytes,"{area=""nonheap"",id=""CodeHeap 'profiled nmethods'"",language=""java"",service=""java-product-service"",}",26411008.0
1790100904.877,java-product-service,jvm_memory_committed_bytes,"{area=""nonheap"",id=""CodeHeap 'non-profiled nmethods'"",language=""java"",service=""java-product-service"",}",10485760.0
1790100904.877,java-product-service,tomcat_threads_config_max_threads,"{language=""java"",name=""http-nio-9082"",service=""java-product-service"",}",64.0
1790100904.877,java-product-service,hikaricp_connections_pending,"{language=""java"",pool=""HikariPool-1"",service=""java-product-service"",}",0.0
1790100904.877,java-product-service,hikaricp_connections_usage_seconds_count,"{language=""java"",pool=""HikariPool-1"",service=""java-product-service"",}",492.0
1790100904.877,java-product-service,hikaricp_connections_usage_seconds_sum,"{language=""java"",pool=""HikariPool-1"",service=""java-product-service"",}",2.542
1790100904.877,java-order-service,hikaricp_connections_acquire_seconds_count,"{language=""java"",pool=""HikariPool-1"",service=""java-order-service"",}",416.0
1790100904.877,java-order-service,hikaricp_connections_acquire_seconds_sum,"{language=""java"",pool=""HikariPool-1"",service=""java-order-service"",}",0.059645334
1790100904.877,java-order-service,jvm_gc_pause_seconds_count,"{action=""end of minor GC"",cause=""G1 Evacuation Pause"",gc=""G1 Young Generation"",language=""java"",service=""java-order-service"",}",1.0
1790100904.877,java-order-service,jvm_gc_pause_seconds_sum,"{action=""end of minor GC"",cause=""G1 Evacuation Pause"",gc=""G1 Young Generation"",language=""java"",service=""java-order-service"",}",0.006
1790100904.877,java-order-service,system_cpu_usage,"{language=""java"",service=""java-order-service"",}",0.025537634408602152
1790100904.877,java-order-service,process_cpu_usage,"{language=""java"",service=""java-order-service"",}",0.021505376344086023
1790100904.877,java-order-service,tomcat_threads_busy_threads,"{language=""java"",name=""http-nio-9083"",service=""java-order-service"",}",1.0
1790100904.877,java-order-service,tomcat_threads_config_max_threads,"{language=""java"",name=""http-nio-9083"",service=""java-order-service"",}",64.0
1790100904.877,java-order-service,jvm_memory_used_bytes,"{area=""nonheap"",id=""CodeHeap 'non-profiled nmethods'"",language=""java"",service=""java-order-service"",}",4451968.0
1790100904.877,java-order-service,jvm_memory_used_bytes,"{area=""heap"",id=""G1 Eden Space"",language=""java"",service=""java-order-service"",}",44040192.0
1790100904.877,java-order-service,jvm_memory_used_bytes,"{area=""nonheap"",id=""CodeHeap 'profiled nmethods'"",language=""java"",service=""java-order-service"",}",16248704.0
1790100904.877,java-order-service,jvm_memory_used_bytes,"{area=""nonheap"",id=""CodeHeap 'non-nmethods'"",language=""java"",service=""java-order-service"",}",1611264.0
1790100904.877,java-order-service,jvm_memory_used_bytes,"{area=""heap"",id=""G1 Survivor Space"",language=""java"",service=""java-order-service"",}",5193544.0
1790100904.877,java-order-service,jvm_memory_used_bytes,"{area=""nonheap"",id=""Compressed Class Space"",language=""java"",service=""java-order-service"",}",10677336.0
1790100904.877,java-order-service,jvm_memory_used_bytes,"{area=""heap"",id=""G1 Old Gen"",language=""java"",service=""java-order-service"",}",29741112.0
1790100904.877,java-order-service,jvm_memory_used_bytes,"{area=""nonheap"",id=""Metaspace"",language=""java"",service=""java-order-service"",}",79031800.0
1790100904.877,java-order-service,tomcat_threads_current_threads,"{language=""java"",name=""http-nio-9083"",service=""java-order-service"",}",10.0
1790100904.877,java-order-service,hikaricp_connections_usage_seconds_count,"{language=""java"",pool=""HikariPool-1"",service=""java-order-service"",}",416.0
1790100904.877,java-order-service,hikaricp_connections_usage_seconds_sum,"{language=""java"",pool=""HikariPool-1"",service=""java-order-service"",}",0.004
1790100904.877,java-order-service,jvm_memory_committed_bytes,"{area=""nonheap"",id=""CodeHeap 'non-profiled nmethods'"",language=""java"",service=""java-order-service"",}",4456448.0
1790100904.877,java-order-service,jvm_memory_committed_bytes,"{area=""heap"",id=""G1 Eden Space"",language=""java"",service=""java-order-service"",}",57671680.0
1790100904.877,java-order-service,jvm_memory_committed_bytes,"{area=""nonheap"",id=""CodeHeap 'profiled nmethods'"",language=""java"",service=""java-order-service"",}",16318464.0
1790100904.877,java-order-service,jvm_memory_committed_bytes,"{area=""nonheap"",id=""CodeHeap 'non-nmethods'"",language=""java"",service=""java-order-service"",}",2555904.0
1790100904.877,java-order-service,jvm_memory_committed_bytes,"{area=""heap"",id=""G1 Survivor Space"",language=""java"",service=""java-order-service"",}",5242880.0
1790100904.877,java-order-service,jvm_memory_committed_bytes,"{area=""nonheap"",id=""Compressed Class Space"",language=""java"",service=""java-order-service"",}",11075584.0
1790100904.877,java-order-service,jvm_memory_committed_bytes,"{area=""heap"",id=""G1 Old Gen"",language=""java"",service=""java-order-service"",}",36700160.0
1790100904.877,java-order-service,jvm_memory_committed_bytes,"{area=""nonheap"",id=""Metaspace"",language=""java"",service=""java-order-service"",}",79888384.0
1790100904.877,java-order-service,hikaricp_connections_active,"{language=""java"",pool=""HikariPool-1"",service=""java-order-service"",}",0.0
1790100904.877,java-order-service,hikaricp_connections_pending,"{language=""java"",pool=""HikariPool-1"",service=""java-order-service"",}",0.0
1790100909.910,java-user-service,hikaricp_connections_acquire_seconds_count,"{framework=""spring-boot"",language=""java"",pool=""HikariPool-1"",service=""java-user-service"",}",723.0
1790100909.910,java-user-service,hikaricp_connections_acquire_seconds_sum,"{framework=""spring-boot"",language=""java"",pool=""HikariPool-1"",service=""java-user-service"",}",0.097649669
1790100909.910,java-user-service,system_cpu_usage,"{framework=""spring-boot"",language=""java"",service=""java-user-service"",}",0.1566756
1790100909.910,java-user-service,process_cpu_usage,"{framework=""spring-boot"",language=""java"",service=""java-user-service"",}",0.156
1790100909.910,java-user-service,tomcat_threads_busy_threads,"{framework=""spring-boot"",language=""java"",name=""http-nio-9081"",service=""java-user-service"",}",1.0
1790100909.910,java-user-service,tomcat_threads_current_threads,"{framework=""spring-boot"",language=""java"",name=""http-nio-9081"",service=""java-user-service"",}",64.0
1790100909.910,java-user-service,jvm_memory_committed_bytes,"{area=""nonheap"",framework=""spring-boot"",id=""CodeHeap 'non-nmethods'"",language=""java"",service=""java-user-service"",}",2555904.0
1790100909.910,java-user-service,jvm_memory_committed_bytes,"{area=""nonheap"",framework=""spring-boot"",id=""CodeHeap 'non-profiled nmethods'"",language=""java"",service=""java-user-service"",}",10944512.0
1790100909.910,java-user-service,jvm_memory_committed_bytes,"{area=""heap"",framework=""spring-boot"",id=""G1 Survivor Space"",language=""java"",service=""java-user-service"",}",1048576.0
1790100909.910,java-user-service,jvm_memory_committed_bytes,"{area=""heap"",framework=""spring-boot"",id=""G1 Old Gen"",language=""java"",service=""java-user-service"",}",52428800.0
1790100909.910,java-user-service,jvm_memory_committed_bytes,"{area=""nonheap"",framework=""spring-boot"",id=""Metaspace"",language=""java"",service=""java-user-service"",}",103153664.0
1790100909.910,java-user-service,jvm_memory_committed_bytes,"{area=""heap"",framework=""spring-boot"",id=""G1 Eden Space"",language=""java"",service=""java-user-service"",}",79691776.0
1790100909.910,java-user-service,jvm_memory_committed_bytes,"{area=""nonheap"",framework=""spring-boot"",id=""Compressed Class Space"",language=""java"",service=""java-user-service"",}",13893632.0
1790100909.910,java-user-service,jvm_memory_committed_bytes,"{area=""nonheap"",framework=""spring-boot"",id=""CodeHeap 'profiled nmethods'"",language=""java"",service=""java-user-service"",}",27131904.0
1790100909.910,java-user-service,hikaricp_connections_pending,"{framework=""spring-boot"",language=""java"",pool=""HikariPool-1"",service=""java-user-service"",}",0.0
1790100909.910,java-user-service,hikaricp_connections_usage_seconds_count,"{framework=""spring-boot"",language=""java"",pool=""HikariPool-1"",service=""java-user-service"",}",723.0
1790100909.910,java-user-service,hikaricp_connections_usage_seconds_sum,"{framework=""spring-boot"",language=""java"",pool=""HikariPool-1"",service=""java-user-service"",}",22.254
1790100909.910,java-user-service,tomcat_threads_config_max_threads,"{framework=""spring-boot"",language=""java"",name=""http-nio-9081"",service=""java-user-service"",}",64.0
1790100909.910,java-user-service,hikaricp_connections_active,"{framework=""spring-boot"",language=""java"",pool=""HikariPool-1"",service=""java-user-service"",}",0.0
1790100909.910,java-user-service,jvm_memory_used_bytes,"{area=""nonheap"",framework=""spring-boot"",id=""CodeHeap 'non-nmethods'"",language=""java"",service=""java-user-service"",}",1642752.0
1790100909.910,java-user-service,jvm_memory_used_bytes,"{area=""nonheap"",framework=""spring-boot"",id=""CodeHeap 'non-profiled nmethods'"",language=""java"",service=""java-user-service"",}",9299072.0
1790100909.910,java-user-service,jvm_memory_used_bytes,"{area=""heap"",framework=""spring-boot"",id=""G1 Survivor Space"",language=""java"",service=""java-user-service"",}",936160.0
1790100909.910,java-user-service,jvm_memory_used_bytes,"{area=""heap"",framework=""spring-boot"",id=""G1 Old Gen"",language=""java"",service=""java-user-service"",}",48245704.0
1790100909.910,java-user-service,jvm_memory_used_bytes,"{area=""nonheap"",framework=""spring-boot"",id=""Metaspace"",language=""java"",service=""java-user-service"",}",102157944.0
1790100909.910,java-user-service,jvm_memory_used_bytes,"{area=""heap"",framework=""spring-boot"",id=""G1 Eden Space"",language=""java"",service=""java-user-service"",}",29360128.0
1790100909.910,java-user-service,jvm_memory_used_bytes,"{area=""nonheap"",framework=""spring-boot"",id=""Compressed Class Space"",language=""java"",service=""java-user-service"",}",13414536.0
1790100909.910,java-user-service,jvm_memory_used_bytes,"{area=""nonheap"",framework=""spring-boot"",id=""CodeHeap 'profiled nmethods'"",language=""java"",service=""java-user-service"",}",9407360.0
1790100909.910,java-user-service,jvm_gc_pause_seconds_count,"{action=""end of minor GC"",cause=""G1 Evacuation Pause"",framework=""spring-boot"",gc=""G1 Young Generation"",language=""java"",service=""java-user-service"",}",91.0
1790100909.910,java-user-service,jvm_gc_pause_seconds_sum,"{action=""end of minor GC"",cause=""G1 Evacuation Pause"",framework=""spring-boot"",gc=""G1 Young Generation"",language=""java"",service=""java-user-service"",}",0.502
1790100909.910,java-product-service,hikaricp_connections_active,"{language=""java"",pool=""HikariPool-1"",service=""java-product-service"",}",0.0
1790100909.910,java-product-service,tomcat_threads_busy_threads,"{language=""java"",name=""http-nio-9082"",service=""java-product-service"",}",1.0
1790100909.910,java-product-service,jvm_gc_pause_seconds_count,"{action=""end of minor GC"",cause=""G1 Evacuation Pause"",gc=""G1 Young Generation"",language=""java"",service=""java-product-service"",}",42.0
1790100909.910,java-product-service,jvm_gc_pause_seconds_sum,"{action=""end of minor GC"",cause=""G1 Evacuation Pause"",gc=""G1 Young Generation"",language=""java"",service=""java-product-service"",}",0.213
1790100909.910,java-product-service,tomcat_threads_current_threads,"{language=""java"",name=""http-nio-9082"",service=""java-product-service"",}",64.0
1790100909.910,java-product-service,hikaricp_connections_acquire_seconds_count,"{language=""java"",pool=""HikariPool-1"",service=""java-product-service"",}",510.0
1790100909.910,java-product-service,hikaricp_connections_acquire_seconds_sum,"{language=""java"",pool=""HikariPool-1"",service=""java-product-service"",}",3.798668375
1790100909.910,java-product-service,process_cpu_usage,"{language=""java"",service=""java-product-service"",}",0.08666666666666667
1790100909.910,java-product-service,system_cpu_usage,"{language=""java"",service=""java-product-service"",}",0.08712813333333333
1790100909.910,java-product-service,jvm_memory_used_bytes,"{area=""nonheap"",id=""CodeHeap 'non-nmethods'"",language=""java"",service=""java-product-service"",}",1643008.0
1790100909.910,java-product-service,jvm_memory_used_bytes,"{area=""heap"",id=""G1 Eden Space"",language=""java"",service=""java-product-service"",}",6291456.0
1790100909.910,java-product-service,jvm_memory_used_bytes,"{area=""nonheap"",id=""Metaspace"",language=""java"",service=""java-product-service"",}",98103072.0
1790100909.910,java-product-service,jvm_memory_used_bytes,"{area=""heap"",id=""G1 Old Gen"",language=""java"",service=""java-product-service"",}",49000056.0
1790100909.910,java-product-service,jvm_memory_used_bytes,"{area=""nonheap"",id=""Compressed Class Space"",language=""java"",service=""java-product-service"",}",12978776.0
1790100909.910,java-product-service,jvm_memory_used_bytes,"{area=""heap"",id=""G1 Survivor Space"",language=""java"",service=""java-product-service"",}",2551728.0
1790100909.910,java-product-service,jvm_memory_used_bytes,"{area=""nonheap"",id=""CodeHeap 'profiled nmethods'"",language=""java"",service=""java-product-service"",}",4492928.0
1790100909.910,java-product-service,jvm_memory_used_bytes,"{area=""nonheap"",id=""CodeHeap 'non-profiled nmethods'"",language=""java"",service=""java-product-service"",}",5843328.0
1790100909.910,java-product-service,jvm_memory_committed_bytes,"{area=""nonheap"",id=""CodeHeap 'non-nmethods'"",language=""java"",service=""java-product-service"",}",2555904.0
1790100909.910,java-product-service,jvm_memory_committed_bytes,"{area=""heap"",id=""G1 Eden Space"",language=""java"",service=""java-product-service"",}",48234496.0
1790100909.910,java-product-service,jvm_memory_committed_bytes,"{area=""nonheap"",id=""Metaspace"",language=""java"",service=""java-product-service"",}",99090432.0
1790100909.910,java-product-service,jvm_memory_committed_bytes,"{area=""heap"",id=""G1 Old Gen"",language=""java"",service=""java-product-service"",}",52428800.0
1790100909.910,java-product-service,jvm_memory_committed_bytes,"{area=""nonheap"",id=""Compressed Class Space"",language=""java"",service=""java-product-service"",}",13434880.0
1790100909.910,java-product-service,jvm_memory_committed_bytes,"{area=""heap"",id=""G1 Survivor Space"",language=""java"",service=""java-product-service"",}",3145728.0
1790100909.910,java-product-service,jvm_memory_committed_bytes,"{area=""nonheap"",id=""CodeHeap 'profiled nmethods'"",language=""java"",service=""java-product-service"",}",26411008.0
1790100909.910,java-product-service,jvm_memory_committed_bytes,"{area=""nonheap"",id=""CodeHeap 'non-profiled nmethods'"",language=""java"",service=""java-product-service"",}",10485760.0
1790100909.910,java-product-service,tomcat_threads_config_max_threads,"{language=""java"",name=""http-nio-9082"",service=""java-product-service"",}",64.0
1790100909.910,java-product-service,hikaricp_connections_pending,"{language=""java"",pool=""HikariPool-1"",service=""java-product-service"",}",0.0
1790100909.910,java-product-service,hikaricp_connections_usage_seconds_count,"{language=""java"",pool=""HikariPool-1"",service=""java-product-service"",}",510.0
1790100909.910,java-product-service,hikaricp_connections_usage_seconds_sum,"{language=""java"",pool=""HikariPool-1"",service=""java-product-service"",}",2.542
1790100909.910,java-order-service,hikaricp_connections_acquire_seconds_count,"{language=""java"",pool=""HikariPool-1"",service=""java-order-service"",}",434.0
1790100909.910,java-order-service,hikaricp_connections_acquire_seconds_sum,"{language=""java"",pool=""HikariPool-1"",service=""java-order-service"",}",0.063662628
1790100909.910,java-order-service,jvm_gc_pause_seconds_count,"{action=""end of minor GC"",cause=""G1 Evacuation Pause"",gc=""G1 Young Generation"",language=""java"",service=""java-order-service"",}",1.0
1790100909.910,java-order-service,jvm_gc_pause_seconds_sum,"{action=""end of minor GC"",cause=""G1 Evacuation Pause"",gc=""G1 Young Generation"",language=""java"",service=""java-order-service"",}",0.006
1790100909.910,java-order-service,system_cpu_usage,"{language=""java"",service=""java-order-service"",}",0.022976129032258066
1790100909.910,java-order-service,process_cpu_usage,"{language=""java"",service=""java-order-service"",}",0.01935483870967742
1790100909.910,java-order-service,tomcat_threads_busy_threads,"{language=""java"",name=""http-nio-9083"",service=""java-order-service"",}",1.0
1790100909.910,java-order-service,tomcat_threads_config_max_threads,"{language=""java"",name=""http-nio-9083"",service=""java-order-service"",}",64.0
1790100909.910,java-order-service,jvm_memory_used_bytes,"{area=""nonheap"",id=""CodeHeap 'non-profiled nmethods'"",language=""java"",service=""java-order-service"",}",4465664.0
1790100909.910,java-order-service,jvm_memory_used_bytes,"{area=""heap"",id=""G1 Eden Space"",language=""java"",service=""java-order-service"",}",45088768.0
1790100909.910,java-order-service,jvm_memory_used_bytes,"{area=""nonheap"",id=""CodeHeap 'profiled nmethods'"",language=""java"",service=""java-order-service"",}",16375680.0
1790100909.910,java-order-service,jvm_memory_used_bytes,"{area=""nonheap"",id=""CodeHeap 'non-nmethods'"",language=""java"",service=""java-order-service"",}",1611264.0
1790100909.910,java-order-service,jvm_memory_used_bytes,"{area=""heap"",id=""G1 Survivor Space"",language=""java"",service=""java-order-service"",}",5193544.0
1790100909.910,java-order-service,jvm_memory_used_bytes,"{area=""nonheap"",id=""Compressed Class Space"",language=""java"",service=""java-order-service"",}",10677336.0
1790100909.910,java-order-service,jvm_memory_used_bytes,"{area=""heap"",id=""G1 Old Gen"",language=""java"",service=""java-order-service"",}",29741112.0
1790100909.910,java-order-service,jvm_memory_used_bytes,"{area=""nonheap"",id=""Metaspace"",language=""java"",service=""java-order-service"",}",79065384.0
1790100909.910,java-order-service,tomcat_threads_current_threads,"{language=""java"",name=""http-nio-9083"",service=""java-order-service"",}",10.0
1790100909.910,java-order-service,hikaricp_connections_usage_seconds_count,"{language=""java"",pool=""HikariPool-1"",service=""java-order-service"",}",434.0
1790100909.910,java-order-service,hikaricp_connections_usage_seconds_sum,"{language=""java"",pool=""HikariPool-1"",service=""java-order-service"",}",0.004
1790100909.910,java-order-service,jvm_memory_committed_bytes,"{area=""nonheap"",id=""CodeHeap 'non-profiled nmethods'"",language=""java"",service=""java-order-service"",}",4521984.0
1790100909.910,java-order-service,jvm_memory_committed_bytes,"{area=""heap"",id=""G1 Eden Space"",language=""java"",service=""java-order-service"",}",57671680.0
1790100909.910,java-order-service,jvm_memory_committed_bytes,"{area=""nonheap"",id=""CodeHeap 'profiled nmethods'"",language=""java"",service=""java-order-service"",}",16384000.0
1790100909.910,java-order-service,jvm_memory_committed_bytes,"{area=""nonheap"",id=""CodeHeap 'non-nmethods'"",language=""java"",service=""java-order-service"",}",2555904.0
1790100909.910,java-order-service,jvm_memory_committed_bytes,"{area=""heap"",id=""G1 Survivor Space"",language=""java"",service=""java-order-service"",}",5242880.0
1790100909.910,java-order-service,jvm_memory_committed_bytes,"{area=""nonheap"",id=""Compressed Class Space"",language=""java"",service=""java-order-service"",}",11075584.0
1790100909.910,java-order-service,jvm_memory_committed_bytes,"{area=""heap"",id=""G1 Old Gen"",language=""java"",service=""java-order-service"",}",36700160.0
1790100909.910,java-order-service,jvm_memory_committed_bytes,"{area=""nonheap"",id=""Metaspace"",language=""java"",service=""java-order-service"",}",79953920.0
1790100909.910,java-order-service,hikaricp_connections_active,"{language=""java"",pool=""HikariPool-1"",service=""java-order-service"",}",0.0
1790100909.910,java-order-service,hikaricp_connections_pending,"{language=""java"",pool=""HikariPool-1"",service=""java-order-service"",}",0.0
1790100914.964,java-user-service,hikaricp_connections_acquire_seconds_count,"{framework=""spring-boot"",language=""java"",pool=""HikariPool-1"",service=""java-user-service"",}",745.0
1790100914.964,java-user-service,hikaricp_connections_acquire_seconds_sum,"{framework=""spring-boot"",language=""java"",pool=""HikariPool-1"",service=""java-user-service"",}",0.101706212
1790100914.964,java-user-service,system_cpu_usage,"{framework=""spring-boot"",language=""java"",service=""java-user-service"",}",0.095552
1790100914.964,java-user-service,process_cpu_usage,"{framework=""spring-boot"",language=""java"",service=""java-user-service"",}",0.09333333333333334
1790100914.964,java-user-service,tomcat_threads_busy_threads,"{framework=""spring-boot"",language=""java"",name=""http-nio-9081"",service=""java-user-service"",}",1.0
1790100914.964,java-user-service,tomcat_threads_current_threads,"{framework=""spring-boot"",language=""java"",name=""http-nio-9081"",service=""java-user-service"",}",64.0
1790100914.964,java-user-service,jvm_memory_committed_bytes,"{area=""nonheap"",framework=""spring-boot"",id=""CodeHeap 'non-nmethods'"",language=""java"",service=""java-user-service"",}",2555904.0
1790100914.964,java-user-service,jvm_memory_committed_bytes,"{area=""nonheap"",framework=""spring-boot"",id=""CodeHeap 'non-profiled nmethods'"",language=""java"",service=""java-user-service"",}",10944512.0
1790100914.964,java-user-service,jvm_memory_committed_bytes,"{area=""heap"",framework=""spring-boot"",id=""G1 Survivor Space"",language=""java"",service=""java-user-service"",}",1048576.0
1790100914.964,java-user-service,jvm_memory_committed_bytes,"{area=""heap"",framework=""spring-boot"",id=""G1 Old Gen"",language=""java"",service=""java-user-service"",}",52428800.0
1790100914.964,java-user-service,jvm_memory_committed_bytes,"{area=""nonheap"",framework=""spring-boot"",id=""Metaspace"",language=""java"",service=""java-user-service"",}",103153664.0
1790100914.964,java-user-service,jvm_memory_committed_bytes,"{area=""heap"",framework=""spring-boot"",id=""G1 Eden Space"",language=""java"",service=""java-user-service"",}",79691776.0
1790100914.964,java-user-service,jvm_memory_committed_bytes,"{area=""nonheap"",framework=""spring-boot"",id=""Compressed Class Space"",language=""java"",service=""java-user-service"",}",13893632.0
1790100914.964,java-user-service,jvm_memory_committed_bytes,"{area=""nonheap"",framework=""spring-boot"",id=""CodeHeap 'profiled nmethods'"",language=""java"",service=""java-user-service"",}",27131904.0
1790100914.964,java-user-service,hikaricp_connections_pending,"{framework=""spring-boot"",language=""java"",pool=""HikariPool-1"",service=""java-user-service"",}",0.0
1790100914.964,java-user-service,hikaricp_connections_usage_seconds_count,"{framework=""spring-boot"",language=""java"",pool=""HikariPool-1"",service=""java-user-service"",}",745.0
1790100914.964,java-user-service,hikaricp_connections_usage_seconds_sum,"{framework=""spring-boot"",language=""java"",pool=""HikariPool-1"",service=""java-user-service"",}",22.254
1790100914.964,java-user-service,tomcat_threads_config_max_threads,"{framework=""spring-boot"",language=""java"",name=""http-nio-9081"",service=""java-user-service"",}",64.0
1790100914.964,java-user-service,hikaricp_connections_active,"{framework=""spring-boot"",language=""java"",pool=""HikariPool-1"",service=""java-user-service"",}",0.0
1790100914.964,java-user-service,jvm_memory_used_bytes,"{area=""nonheap"",framework=""spring-boot"",id=""CodeHeap 'non-nmethods'"",language=""java"",service=""java-user-service"",}",1642752.0
1790100914.964,java-user-service,jvm_memory_used_bytes,"{area=""nonheap"",framework=""spring-boot"",id=""CodeHeap 'non-profiled nmethods'"",language=""java"",service=""java-user-service"",}",9372544.0
1790100914.964,java-user-service,jvm_memory_used_bytes,"{area=""heap"",framework=""spring-boot"",id=""G1 Survivor Space"",language=""java"",service=""java-user-service"",}",549824.0
1790100914.964,java-user-service,jvm_memory_used_bytes,"{area=""heap"",framework=""spring-boot"",id=""G1 Old Gen"",language=""java"",service=""java-user-service"",}",48306240.0
1790100914.964,java-user-service,jvm_memory_used_bytes,"{area=""nonheap"",framework=""spring-boot"",id=""Metaspace"",language=""java"",service=""java-user-service"",}",102167288.0
1790100914.964,java-user-service,jvm_memory_used_bytes,"{area=""heap"",framework=""spring-boot"",id=""G1 Eden Space"",language=""java"",service=""java-user-service"",}",14680064.0
1790100914.964,java-user-service,jvm_memory_used_bytes,"{area=""nonheap"",framework=""spring-boot"",id=""Compressed Class Space"",language=""java"",service=""java-user-service"",}",13414536.0
1790100914.964,java-user-service,jvm_memory_used_bytes,"{area=""nonheap"",framework=""spring-boot"",id=""CodeHeap 'profiled nmethods'"",language=""java"",service=""java-user-service"",}",9405568.0
1790100914.964,java-user-service,jvm_gc_pause_seconds_count,"{action=""end of minor GC"",cause=""G1 Evacuation Pause"",framework=""spring-boot"",gc=""G1 Young Generation"",language=""java"",service=""java-user-service"",}",92.0
1790100914.964,java-user-service,jvm_gc_pause_seconds_sum,"{action=""end of minor GC"",cause=""G1 Evacuation Pause"",framework=""spring-boot"",gc=""G1 Young Generation"",language=""java"",service=""java-user-service"",}",0.507
1790100914.964,java-product-service,hikaricp_connections_active,"{language=""java"",pool=""HikariPool-1"",service=""java-product-service"",}",0.0
1790100914.964,java-product-service,tomcat_threads_busy_threads,"{language=""java"",name=""http-nio-9082"",service=""java-product-service"",}",1.0
1790100914.964,java-product-service,jvm_gc_pause_seconds_count,"{action=""end of minor GC"",cause=""G1 Evacuation Pause"",gc=""G1 Young Generation"",language=""java"",service=""java-product-service"",}",42.0
1790100914.964,java-product-service,jvm_gc_pause_seconds_sum,"{action=""end of minor GC"",cause=""G1 Evacuation Pause"",gc=""G1 Young Generation"",language=""java"",service=""java-product-service"",}",0.213
1790100914.964,java-product-service,tomcat_threads_current_threads,"{language=""java"",name=""http-nio-9082"",service=""java-product-service"",}",64.0
1790100914.964,java-product-service,hikaricp_connections_acquire_seconds_count,"{language=""java"",pool=""HikariPool-1"",service=""java-product-service"",}",532.0
1790100914.964,java-product-service,hikaricp_connections_acquire_seconds_sum,"{language=""java"",pool=""HikariPool-1"",service=""java-product-service"",}",3.801521
1790100914.964,java-product-service,process_cpu_usage,"{language=""java"",service=""java-product-service"",}",0.05466666666666667
1790100914.964,java-product-service,system_cpu_usage,"{language=""java"",service=""java-product-service"",}",0.0558852
1790100914.964,java-product-service,jvm_memory_used_bytes,"{area=""nonheap"",id=""CodeHeap 'non-nmethods'"",language=""java"",service=""java-product-service"",}",1643008.0
1790100914.964,java-product-service,jvm_memory_used_bytes,"{area=""heap"",id=""G1 Eden Space"",language=""java"",service=""java-product-service"",}",23068672.0
1790100914.964,java-product-service,jvm_memory_used_bytes,"{area=""nonheap"",id=""Metaspace"",language=""java"",service=""java-product-service"",}",98112840.0
1790100914.964,java-product-service,jvm_memory_used_bytes,"{area=""heap"",id=""G1 Old Gen"",language=""java"",service=""java-product-service"",}",49000056.0
1790100914.964,java-product-service,jvm_memory_used_bytes,"{area=""nonheap"",id=""Compressed Class Space"",language=""java"",service=""java-product-service"",}",12978776.0
1790100914.964,java-product-service,jvm_memory_used_bytes,"{area=""heap"",id=""G1 Survivor Space"",language=""java"",service=""java-product-service"",}",2551728.0
1790100914.964,java-product-service,jvm_memory_used_bytes,"{area=""nonheap"",id=""CodeHeap 'profiled nmethods'"",language=""java"",service=""java-product-service"",}",4606208.0
1790100914.964,java-product-service,jvm_memory_used_bytes,"{area=""nonheap"",id=""CodeHeap 'non-profiled nmethods'"",language=""java"",service=""java-product-service"",}",5917824.0
1790100914.964,java-product-service,jvm_memory_committed_bytes,"{area=""nonheap"",id=""CodeHeap 'non-nmethods'"",language=""java"",service=""java-product-service"",}",2555904.0
1790100914.964,java-product-service,jvm_memory_committed_bytes,"{area=""heap"",id=""G1 Eden Space"",language=""java"",service=""java-product-service"",}",48234496.0
1790100914.964,java-product-service,jvm_memory_committed_bytes,"{area=""nonheap"",id=""Metaspace"",language=""java"",service=""java-product-service"",}",99090432.0
1790100914.964,java-product-service,jvm_memory_committed_bytes,"{area=""heap"",id=""G1 Old Gen"",language=""java"",service=""java-product-service"",}",52428800.0
1790100914.964,java-product-service,jvm_memory_committed_bytes,"{area=""nonheap"",id=""Compressed Class Space"",language=""java"",service=""java-product-service"",}",13434880.0
1790100914.964,java-product-service,jvm_memory_committed_bytes,"{area=""heap"",id=""G1 Survivor Space"",language=""java"",service=""java-product-service"",}",3145728.0
1790100914.964,java-product-service,jvm_memory_committed_bytes,"{area=""nonheap"",id=""CodeHeap 'profiled nmethods'"",language=""java"",service=""java-product-service"",}",26411008.0
1790100914.964,java-product-service,jvm_memory_committed_bytes,"{area=""nonheap"",id=""CodeHeap 'non-profiled nmethods'"",language=""java"",service=""java-product-service"",}",10485760.0
1790100914.964,java-product-service,tomcat_threads_config_max_threads,"{language=""java"",name=""http-nio-9082"",service=""java-product-service"",}",64.0
1790100914.964,java-product-service,hikaricp_connections_pending,"{language=""java"",pool=""HikariPool-1"",service=""java-product-service"",}",0.0
1790100914.964,java-product-service,hikaricp_connections_usage_seconds_count,"{language=""java"",pool=""HikariPool-1"",service=""java-product-service"",}",532.0
1790100914.964,java-product-service,hikaricp_connections_usage_seconds_sum,"{language=""java"",pool=""HikariPool-1"",service=""java-product-service"",}",2.542
1790100914.964,java-order-service,hikaricp_connections_acquire_seconds_count,"{language=""java"",pool=""HikariPool-1"",service=""java-order-service"",}",456.0
1790100914.964,java-order-service,hikaricp_connections_acquire_seconds_sum,"{language=""java"",pool=""HikariPool-1"",service=""java-order-service"",}",0.066486666
1790100914.964,java-order-service,jvm_gc_pause_seconds_count,"{action=""end of minor GC"",cause=""G1 Evacuation Pause"",gc=""G1 Young Generation"",language=""java"",service=""java-order-service"",}",1.0
1790100914.964,java-order-service,jvm_gc_pause_seconds_sum,"{action=""end of minor GC"",cause=""G1 Evacuation Pause"",gc=""G1 Young Generation"",language=""java"",service=""java-order-service"",}",0.006
1790100914.964,java-order-service,system_cpu_usage,"{language=""java"",service=""java-order-service"",}",0.015964504504504505
1790100914.964,java-order-service,process_cpu_usage,"{language=""java"",service=""java-order-service"",}",0.014414414414414415
1790100914.964,java-order-service,tomcat_threads_busy_threads,"{language=""java"",name=""http-nio-9083"",service=""java-order-service"",}",1.0
1790100914.964,java-order-service,tomcat_threads_config_max_threads,"{language=""java"",name=""http-nio-9083"",service=""java-order-service"",}",64.0
1790100914.964,java-order-service,jvm_memory_used_bytes,"{area=""nonheap"",id=""CodeHeap 'non-profiled nmethods'"",language=""java"",service=""java-order-service"",}",4471680.0
1790100914.964,java-order-service,jvm_memory_used_bytes,"{area=""heap"",id=""G1 Eden Space"",language=""java"",service=""java-order-service"",}",46137344.0
1790100914.964,java-order-service,jvm_memory_used_bytes,"{area=""nonheap"",id=""CodeHeap 'profiled nmethods'"",language=""java"",service=""java-order-service"",}",16499072.0
1790100914.964,java-order-service,jvm_memory_used_bytes,"{area=""nonheap"",id=""CodeHeap 'non-nmethods'"",language=""java"",service=""java-order-service"",}",1611264.0
1790100914.964,java-order-service,jvm_memory_used_bytes,"{area=""heap"",id=""G1 Survivor Space"",language=""java"",service=""java-order-service"",}",5193544.0
1790100914.964,java-order-service,jvm_memory_used_bytes,"{area=""nonheap"",id=""Compressed Class Space"",language=""java"",service=""java-order-service"",}",10677336.0
1790100914.964,java-order-service,jvm_memory_used_bytes,"{area=""heap"",id=""G1 Old Gen"",language=""java"",service=""java-order-service"",}",29741112.0
1790100914.964,java-order-service,jvm_memory_used_bytes,"{area=""nonheap"",id=""Metaspace"",language=""java"",service=""java-order-service"",}",79100904.0
1790100914.964,java-order-service,tomcat_threads_current_threads,"{language=""java"",name=""http-nio-9083"",service=""java-order-service"",}",10.0
1790100914.964,java-order-service,hikaricp_connections_usage_seconds_count,"{language=""java"",pool=""HikariPool-1"",service=""java-order-service"",}",456.0
1790100914.964,java-order-service,hikaricp_connections_usage_seconds_sum,"{language=""java"",pool=""HikariPool-1"",service=""java-order-service"",}",0.004
1790100914.964,java-order-service,jvm_memory_committed_bytes,"{area=""nonheap"",id=""CodeHeap 'non-profiled nmethods'"",language=""java"",service=""java-order-service"",}",4521984.0
1790100914.964,java-order-service,jvm_memory_committed_bytes,"{area=""heap"",id=""G1 Eden Space"",language=""java"",service=""java-order-service"",}",57671680.0
1790100914.964,java-order-service,jvm_memory_committed_bytes,"{area=""nonheap"",id=""CodeHeap 'profiled nmethods'"",language=""java"",service=""java-order-service"",}",16515072.0
1790100914.964,java-order-service,jvm_memory_committed_bytes,"{area=""nonheap"",id=""CodeHeap 'non-nmethods'"",language=""java"",service=""java-order-service"",}",2555904.0
1790100914.964,java-order-service,jvm_memory_committed_bytes,"{area=""heap"",id=""G1 Survivor Space"",language=""java"",service=""java-order-service"",}",5242880.0
1790100914.964,java-order-service,jvm_memory_committed_bytes,"{area=""nonheap"",id=""Compressed Class Space"",language=""java"",service=""java-order-service"",}",11075584.0
1790100914.964,java-order-service,jvm_memory_committed_bytes,"{area=""heap"",id=""G1 Old Gen"",language=""java"",service=""java-order-service"",}",36700160.0
1790100914.964,java-order-service,jvm_memory_committed_bytes,"{area=""nonheap"",id=""Metaspace"",language=""java"",service=""java-order-service"",}",79953920.0
1790100914.964,java-order-service,hikaricp_connections_active,"{language=""java"",pool=""HikariPool-1"",service=""java-order-service"",}",0.0
1790100914.964,java-order-service,hikaricp_connections_pending,"{language=""java"",pool=""HikariPool-1"",service=""java-order-service"",}",0.0
1790100920.011,java-user-service,hikaricp_connections_acquire_seconds_count,"{framework=""spring-boot"",language=""java"",pool=""HikariPool-1"",service=""java-user-service"",}",763.0
1790100920.011,java-user-service,hikaricp_connections_acquire_seconds_sum,"{framework=""spring-boot"",language=""java"",pool=""HikariPool-1"",service=""java-user-service"",}",0.105564548
1790100920.011,java-user-service,system_cpu_usage,"{framework=""spring-boot"",language=""java"",service=""java-user-service"",}",0.0637872
1790100920.011,java-user-service,process_cpu_usage,"{framework=""spring-boot"",language=""java"",service=""java-user-service"",}",0.064
1790100920.011,java-user-service,tomcat_threads_busy_threads,"{framework=""spring-boot"",language=""java"",name=""http-nio-9081"",service=""java-user-service"",}",1.0
1790100920.011,java-user-service,tomcat_threads_current_threads,"{framework=""spring-boot"",language=""java"",name=""http-nio-9081"",service=""java-user-service"",}",64.0
1790100920.011,java-user-service,jvm_memory_committed_bytes,"{area=""nonheap"",framework=""spring-boot"",id=""CodeHeap 'non-nmethods'"",language=""java"",service=""java-user-service"",}",2555904.0
1790100920.011,java-user-service,jvm_memory_committed_bytes,"{area=""nonheap"",framework=""spring-boot"",id=""CodeHeap 'non-profiled nmethods'"",language=""java"",service=""java-user-service"",}",10944512.0
1790100920.011,java-user-service,jvm_memory_committed_bytes,"{area=""heap"",framework=""spring-boot"",id=""G1 Survivor Space"",language=""java"",service=""java-user-service"",}",1048576.0
1790100920.011,java-user-service,jvm_memory_committed_bytes,"{area=""heap"",framework=""spring-boot"",id=""G1 Old Gen"",language=""java"",service=""java-user-service"",}",52428800.0
1790100920.011,java-user-service,jvm_memory_committed_bytes,"{area=""nonheap"",framework=""spring-boot"",id=""Metaspace"",language=""java"",service=""java-user-service"",}",103153664.0
1790100920.011,java-user-service,jvm_memory_committed_bytes,"{area=""heap"",framework=""spring-boot"",id=""G1 Eden Space"",language=""java"",service=""java-user-service"",}",79691776.0
1790100920.011,java-user-service,jvm_memory_committed_bytes,"{area=""nonheap"",framework=""spring-boot"",id=""Compressed Class Space"",language=""java"",service=""java-user-service"",}",13893632.0
1790100920.011,java-user-service,jvm_memory_committed_bytes,"{area=""nonheap"",framework=""spring-boot"",id=""CodeHeap 'profiled nmethods'"",language=""java"",service=""java-user-service"",}",27131904.0
1790100920.011,java-user-service,hikaricp_connections_pending,"{framework=""spring-boot"",language=""java"",pool=""HikariPool-1"",service=""java-user-service"",}",0.0
1790100920.011,java-user-service,hikaricp_connections_usage_seconds_count,"{framework=""spring-boot"",language=""java"",pool=""HikariPool-1"",service=""java-user-service"",}",763.0
1790100920.011,java-user-service,hikaricp_connections_usage_seconds_sum,"{framework=""spring-boot"",language=""java"",pool=""HikariPool-1"",service=""java-user-service"",}",22.254
1790100920.011,java-user-service,tomcat_threads_config_max_threads,"{framework=""spring-boot"",language=""java"",name=""http-nio-9081"",service=""java-user-service"",}",64.0
1790100920.011,java-user-service,hikaricp_connections_active,"{framework=""spring-boot"",language=""java"",pool=""HikariPool-1"",service=""java-user-service"",}",0.0
1790100920.011,java-user-service,jvm_memory_used_bytes,"{area=""nonheap"",framework=""spring-boot"",id=""CodeHeap 'non-nmethods'"",language=""java"",service=""java-user-service"",}",1642752.0
1790100920.011,java-user-service,jvm_memory_used_bytes,"{area=""nonheap"",framework=""spring-boot"",id=""CodeHeap 'non-profiled nmethods'"",language=""java"",service=""java-user-service"",}",9392384.0
1790100920.011,java-user-service,jvm_memory_used_bytes,"{area=""heap"",framework=""spring-boot"",id=""G1 Survivor Space"",language=""java"",service=""java-user-service"",}",549824.0
1790100920.011,java-user-service,jvm_memory_used_bytes,"{area=""heap"",framework=""spring-boot"",id=""G1 Old Gen"",language=""java"",service=""java-user-service"",}",48306240.0
1790100920.011,java-user-service,jvm_memory_used_bytes,"{area=""nonheap"",framework=""spring-boot"",id=""Metaspace"",language=""java"",service=""java-user-service"",}",102206032.0
1790100920.011,java-user-service,jvm_memory_used_bytes,"{area=""heap"",framework=""spring-boot"",id=""G1 Eden Space"",language=""java"",service=""java-user-service"",}",66060288.0
1790100920.011,java-user-service,jvm_memory_used_bytes,"{area=""nonheap"",framework=""spring-boot"",id=""Compressed Class Space"",language=""java"",service=""java-user-service"",}",13414536.0
1790100920.011,java-user-service,jvm_memory_used_bytes,"{area=""nonheap"",framework=""spring-boot"",id=""CodeHeap 'profiled nmethods'"",language=""java"",service=""java-user-service"",}",9525632.0
1790100920.011,java-user-service,jvm_gc_pause_seconds_count,"{action=""end of minor GC"",cause=""G1 Evacuation Pause"",framework=""spring-boot"",gc=""G1 Young Generation"",language=""java"",service=""java-user-service"",}",92.0
1790100920.011,java-user-service,jvm_gc_pause_seconds_sum,"{action=""end of minor GC"",cause=""G1 Evacuation Pause"",framework=""spring-boot"",gc=""G1 Young Generation"",language=""java"",service=""java-user-service"",}",0.507
1790100920.011,java-product-service,hikaricp_connections_active,"{language=""java"",pool=""HikariPool-1"",service=""java-product-service"",}",0.0
1790100920.011,java-product-service,tomcat_threads_busy_threads,"{language=""java"",name=""http-nio-9082"",service=""java-product-service"",}",1.0
1790100920.011,java-product-service,jvm_gc_pause_seconds_count,"{action=""end of minor GC"",cause=""G1 Evacuation Pause"",gc=""G1 Young Generation"",language=""java"",service=""java-product-service"",}",42.0
1790100920.011,java-product-service,jvm_gc_pause_seconds_sum,"{action=""end of minor GC"",cause=""G1 Evacuation Pause"",gc=""G1 Young Generation"",language=""java"",service=""java-product-service"",}",0.213
1790100920.011,java-product-service,tomcat_threads_current_threads,"{language=""java"",name=""http-nio-9082"",service=""java-product-service"",}",64.0
1790100920.011,java-product-service,hikaricp_connections_acquire_seconds_count,"{language=""java"",pool=""HikariPool-1"",service=""java-product-service"",}",550.0
1790100920.011,java-product-service,hikaricp_connections_acquire_seconds_sum,"{language=""java"",pool=""HikariPool-1"",service=""java-product-service"",}",3.805341292
1790100920.011,java-product-service,process_cpu_usage,"{language=""java"",service=""java-product-service"",}",0.042666666666666665
1790100920.011,java-product-service,system_cpu_usage,"{language=""java"",service=""java-product-service"",}",0.04340306666666666
1790100920.011,java-product-service,jvm_memory_used_bytes,"{area=""nonheap"",id=""CodeHeap 'non-nmethods'"",language=""java"",service=""java-product-service"",}",1643008.0
1790100920.011,java-product-service,jvm_memory_used_bytes,"{area=""heap"",id=""G1 Eden Space"",language=""java"",service=""java-product-service"",}",38797312.0
1790100920.011,java-product-service,jvm_memory_used_bytes,"{area=""nonheap"",id=""Metaspace"",language=""java"",service=""java-product-service"",}",98126032.0
1790100920.011,java-product-service,jvm_memory_used_bytes,"{area=""heap"",id=""G1 Old Gen"",language=""java"",service=""java-product-service"",}",49000056.0
1790100920.011,java-product-service,jvm_memory_used_bytes,"{area=""nonheap"",id=""Compressed Class Space"",language=""java"",service=""java-product-service"",}",12978776.0
1790100920.011,java-product-service,jvm_memory_used_bytes,"{area=""heap"",id=""G1 Survivor Space"",language=""java"",service=""java-product-service"",}",2551728.0
1790100920.011,java-product-service,jvm_memory_used_bytes,"{area=""nonheap"",id=""CodeHeap 'profiled nmethods'"",language=""java"",service=""java-product-service"",}",4678528.0
1790100920.011,java-product-service,jvm_memory_used_bytes,"{area=""nonheap"",id=""CodeHeap 'non-profiled nmethods'"",language=""java"",service=""java-product-service"",}",5941504.0
1790100920.011,java-product-service,jvm_memory_committed_bytes,"{area=""nonheap"",id=""CodeHeap 'non-nmethods'"",language=""java"",service=""java-product-service"",}",2555904.0
1790100920.011,java-product-service,jvm_memory_committed_bytes,"{area=""heap"",id=""G1 Eden Space"",language=""java"",service=""java-product-service"",}",48234496.0
1790100920.011,java-product-service,jvm_memory_committed_bytes,"{area=""nonheap"",id=""Metaspace"",language=""java"",service=""java-product-service"",}",99090432.0
1790100920.011,java-product-service,jvm_memory_committed_bytes,"{area=""heap"",id=""G1 Old Gen"",language=""java"",service=""java-product-service"",}",52428800.0
1790100920.011,java-product-service,jvm_memory_committed_bytes,"{area=""nonheap"",id=""Compressed Class Space"",language=""java"",service=""java-product-service"",}",13434880.0
1790100920.011,java-product-service,jvm_memory_committed_bytes,"{area=""heap"",id=""G1 Survivor Space"",language=""java"",service=""java-product-service"",}",3145728.0
1790100920.011,java-product-service,jvm_memory_committed_bytes,"{area=""nonheap"",id=""CodeHeap 'profiled nmethods'"",language=""java"",service=""java-product-service"",}",26411008.0
1790100920.011,java-product-service,jvm_memory_committed_bytes,"{area=""nonheap"",id=""CodeHeap 'non-profiled nmethods'"",language=""java"",service=""java-product-service"",}",10485760.0
1790100920.011,java-product-service,tomcat_threads_config_max_threads,"{language=""java"",name=""http-nio-9082"",service=""java-product-service"",}",64.0
1790100920.011,java-product-service,hikaricp_connections_pending,"{language=""java"",pool=""HikariPool-1"",service=""java-product-service"",}",0.0
1790100920.011,java-product-service,hikaricp_connections_usage_seconds_count,"{language=""java"",pool=""HikariPool-1"",service=""java-product-service"",}",550.0
1790100920.011,java-product-service,hikaricp_connections_usage_seconds_sum,"{language=""java"",pool=""HikariPool-1"",service=""java-product-service"",}",2.542
1790100920.011,java-order-service,hikaricp_connections_acquire_seconds_count,"{language=""java"",pool=""HikariPool-1"",service=""java-order-service"",}",476.0
1790100920.011,java-order-service,hikaricp_connections_acquire_seconds_sum,"{language=""java"",pool=""HikariPool-1"",service=""java-order-service"",}",0.07015825
1790100920.011,java-order-service,jvm_gc_pause_seconds_count,"{action=""end of minor GC"",cause=""G1 Evacuation Pause"",gc=""G1 Young Generation"",language=""java"",service=""java-order-service"",}",1.0
1790100920.011,java-order-service,jvm_gc_pause_seconds_sum,"{action=""end of minor GC"",cause=""G1 Evacuation Pause"",gc=""G1 Young Generation"",language=""java"",service=""java-order-service"",}",0.006
1790100920.011,java-order-service,system_cpu_usage,"{language=""java"",service=""java-order-service"",}",0.02934301075268817
1790100920.011,java-order-service,process_cpu_usage,"{language=""java"",service=""java-order-service"",}",0.02795698924731183
1790100920.011,java-order-service,tomcat_threads_busy_threads,"{language=""java"",name=""http-nio-9083"",service=""java-order-service"",}",1.0
1790100920.011,java-order-service,tomcat_threads_config_max_threads,"{language=""java"",name=""http-nio-9083"",service=""java-order-service"",}",64.0
1790100920.011,java-order-service,jvm_memory_used_bytes,"{area=""nonheap"",id=""CodeHeap 'non-profiled nmethods'"",language=""java"",service=""java-order-service"",}",4485120.0
1790100920.011,java-order-service,jvm_memory_used_bytes,"{area=""heap"",id=""G1 Eden Space"",language=""java"",service=""java-order-service"",}",47185920.0
1790100920.011,java-order-service,jvm_memory_used_bytes,"{area=""nonheap"",id=""CodeHeap 'profiled nmethods'"",language=""java"",service=""java-order-service"",}",16769408.0
1790100920.011,java-order-service,jvm_memory_used_bytes,"{area=""nonheap"",id=""CodeHeap 'non-nmethods'"",language=""java"",service=""java-order-service"",}",1611264.0
1790100920.011,java-order-service,jvm_memory_used_bytes,"{area=""heap"",id=""G1 Survivor Space"",language=""java"",service=""java-order-service"",}",5193544.0
1790100920.011,java-order-service,jvm_memory_used_bytes,"{area=""nonheap"",id=""Compressed Class Space"",language=""java"",service=""java-order-service"",}",10677336.0
1790100920.011,java-order-service,jvm_memory_used_bytes,"{area=""heap"",id=""G1 Old Gen"",language=""java"",service=""java-order-service"",}",29741112.0
1790100920.011,java-order-service,jvm_memory_used_bytes,"{area=""nonheap"",id=""Metaspace"",language=""java"",service=""java-order-service"",}",79220744.0
1790100920.011,java-order-service,tomcat_threads_current_threads,"{language=""java"",name=""http-nio-9083"",service=""java-order-service"",}",10.0
1790100920.011,java-order-service,hikaricp_connections_usage_seconds_count,"{language=""java"",pool=""HikariPool-1"",service=""java-order-service"",}",476.0
1790100920.011,java-order-service,hikaricp_connections_usage_seconds_sum,"{language=""java"",pool=""HikariPool-1"",service=""java-order-service"",}",0.004
1790100920.011,java-order-service,jvm_memory_committed_bytes,"{area=""nonheap"",id=""CodeHeap 'non-profiled nmethods'"",language=""java"",service=""java-order-service"",}",4521984.0
1790100920.011,java-order-service,jvm_memory_committed_bytes,"{area=""heap"",id=""G1 Eden Space"",language=""java"",service=""java-order-service"",}",57671680.0
1790100920.011,java-order-service,jvm_memory_committed_bytes,"{area=""nonheap"",id=""CodeHeap 'profiled nmethods'"",language=""java"",service=""java-order-service"",}",16842752.0
1790100920.011,java-order-service,jvm_memory_committed_bytes,"{area=""nonheap"",id=""CodeHeap 'non-nmethods'"",language=""java"",service=""java-order-service"",}",2555904.0
1790100920.011,java-order-service,jvm_memory_committed_bytes,"{area=""heap"",id=""G1 Survivor Space"",language=""java"",service=""java-order-service"",}",5242880.0
1790100920.011,java-order-service,jvm_memory_committed_bytes,"{area=""nonheap"",id=""Compressed Class Space"",language=""java"",service=""java-order-service"",}",11075584.0
1790100920.011,java-order-service,jvm_memory_committed_bytes,"{area=""heap"",id=""G1 Old Gen"",language=""java"",service=""java-order-service"",}",36700160.0
1790100920.011,java-order-service,jvm_memory_committed_bytes,"{area=""nonheap"",id=""Metaspace"",language=""java"",service=""java-order-service"",}",80084992.0
1790100920.011,java-order-service,hikaricp_connections_active,"{language=""java"",pool=""HikariPool-1"",service=""java-order-service"",}",0.0
1790100920.011,java-order-service,hikaricp_connections_pending,"{language=""java"",pool=""HikariPool-1"",service=""java-order-service"",}",0.0
1790100925.049,java-user-service,hikaricp_connections_acquire_seconds_count,"{framework=""spring-boot"",language=""java"",pool=""HikariPool-1"",service=""java-user-service"",}",785.0
1790100925.049,java-user-service,hikaricp_connections_acquire_seconds_sum,"{framework=""spring-boot"",language=""java"",pool=""HikariPool-1"",service=""java-user-service"",}",0.109192467
1790100925.049,java-user-service,system_cpu_usage,"{framework=""spring-boot"",language=""java"",service=""java-user-service"",}",0.0576716339869281
1790100925.049,java-user-service,process_cpu_usage,"{framework=""spring-boot"",language=""java"",service=""java-user-service"",}",0.054901960784313725
1790100925.049,java-user-service,tomcat_threads_busy_threads,"{framework=""spring-boot"",language=""java"",name=""http-nio-9081"",service=""java-user-service"",}",1.0
1790100925.049,java-user-service,tomcat_threads_current_threads,"{framework=""spring-boot"",language=""java"",name=""http-nio-9081"",service=""java-user-service"",}",64.0
1790100925.049,java-user-service,jvm_memory_committed_bytes,"{area=""nonheap"",framework=""spring-boot"",id=""CodeHeap 'non-nmethods'"",language=""java"",service=""java-user-service"",}",2555904.0
1790100925.049,java-user-service,jvm_memory_committed_bytes,"{area=""nonheap"",framework=""spring-boot"",id=""CodeHeap 'non-profiled nmethods'"",language=""java"",service=""java-user-service"",}",10944512.0
1790100925.049,java-user-service,jvm_memory_committed_bytes,"{area=""heap"",framework=""spring-boot"",id=""G1 Survivor Space"",language=""java"",service=""java-user-service"",}",1048576.0
1790100925.049,java-user-service,jvm_memory_committed_bytes,"{area=""heap"",framework=""spring-boot"",id=""G1 Old Gen"",language=""java"",service=""java-user-service"",}",52428800.0
1790100925.049,java-user-service,jvm_memory_committed_bytes,"{area=""nonheap"",framework=""spring-boot"",id=""Metaspace"",language=""java"",service=""java-user-service"",}",103219200.0
1790100925.049,java-user-service,jvm_memory_committed_bytes,"{area=""heap"",framework=""spring-boot"",id=""G1 Eden Space"",language=""java"",service=""java-user-service"",}",79691776.0
1790100925.049,java-user-service,jvm_memory_committed_bytes,"{area=""nonheap"",framework=""spring-boot"",id=""Compressed Class Space"",language=""java"",service=""java-user-service"",}",13893632.0
1790100925.049,java-user-service,jvm_memory_committed_bytes,"{area=""nonheap"",framework=""spring-boot"",id=""CodeHeap 'profiled nmethods'"",language=""java"",service=""java-user-service"",}",27131904.0
1790100925.049,java-user-service,hikaricp_connections_pending,"{framework=""spring-boot"",language=""java"",pool=""HikariPool-1"",service=""java-user-service"",}",0.0
1790100925.049,java-user-service,hikaricp_connections_usage_seconds_count,"{framework=""spring-boot"",language=""java"",pool=""HikariPool-1"",service=""java-user-service"",}",785.0
1790100925.049,java-user-service,hikaricp_connections_usage_seconds_sum,"{framework=""spring-boot"",language=""java"",pool=""HikariPool-1"",service=""java-user-service"",}",22.254
1790100925.049,java-user-service,tomcat_threads_config_max_threads,"{framework=""spring-boot"",language=""java"",name=""http-nio-9081"",service=""java-user-service"",}",64.0
1790100925.049,java-user-service,hikaricp_connections_active,"{framework=""spring-boot"",language=""java"",pool=""HikariPool-1"",service=""java-user-service"",}",0.0
1790100925.049,java-user-service,jvm_memory_used_bytes,"{area=""nonheap"",framework=""spring-boot"",id=""CodeHeap 'non-nmethods'"",language=""java"",service=""java-user-service"",}",1642752.0
1790100925.049,java-user-service,jvm_memory_used_bytes,"{area=""nonheap"",framework=""spring-boot"",id=""CodeHeap 'non-profiled nmethods'"",language=""java"",service=""java-user-service"",}",9394432.0
1790100925.049,java-user-service,jvm_memory_used_bytes,"{area=""heap"",framework=""spring-boot"",id=""G1 Survivor Space"",language=""java"",service=""java-user-service"",}",647088.0
1790100925.049,java-user-service,jvm_memory_used_bytes,"{area=""heap"",framework=""spring-boot"",id=""G1 Old Gen"",language=""java"",service=""java-user-service"",}",48339232.0
1790100925.049,java-user-service,jvm_memory_used_bytes,"{area=""nonheap"",framework=""spring-boot"",id=""Metaspace"",language=""java"",service=""java-user-service"",}",102233232.0
1790100925.049,java-user-service,jvm_memory_used_bytes,"{area=""heap"",framework=""spring-boot"",id=""G1 Eden Space"",language=""java"",service=""java-user-service"",}",41943040.0
1790100925.049,java-user-service,jvm_memory_used_bytes,"{area=""nonheap"",framework=""spring-boot"",id=""Compressed Class Space"",language=""java"",service=""java-user-service"",}",13414536.0
1790100925.049,java-user-service,jvm_memory_used_bytes,"{area=""nonheap"",framework=""spring-boot"",id=""CodeHeap 'profiled nmethods'"",language=""java"",service=""java-user-service"",}",9647360.0
1790100925.049,java-user-service,jvm_gc_pause_seconds_count,"{action=""end of minor GC"",cause=""G1 Evacuation Pause"",framework=""spring-boot"",gc=""G1 Young Generation"",language=""java"",service=""java-user-service"",}",93.0
1790100925.049,java-user-service,jvm_gc_pause_seconds_sum,"{action=""end of minor GC"",cause=""G1 Evacuation Pause"",framework=""spring-boot"",gc=""G1 Young Generation"",language=""java"",service=""java-user-service"",}",0.513
1790100925.049,java-product-service,hikaricp_connections_active,"{language=""java"",pool=""HikariPool-1"",service=""java-product-service"",}",0.0
1790100925.049,java-product-service,tomcat_threads_busy_threads,"{language=""java"",name=""http-nio-9082"",service=""java-product-service"",}",1.0
1790100925.049,java-product-service,jvm_gc_pause_seconds_count,"{action=""end of minor GC"",cause=""G1 Evacuation Pause"",gc=""G1 Young Generation"",language=""java"",service=""java-product-service"",}",43.0
1790100925.049,java-product-service,jvm_gc_pause_seconds_sum,"{action=""end of minor GC"",cause=""G1 Evacuation Pause"",gc=""G1 Young Generation"",language=""java"",service=""java-product-service"",}",0.223
1790100925.049,java-product-service,tomcat_threads_current_threads,"{language=""java"",name=""http-nio-9082"",service=""java-product-service"",}",64.0
1790100925.049,java-product-service,hikaricp_connections_acquire_seconds_count,"{language=""java"",pool=""HikariPool-1"",service=""java-product-service"",}",572.0
1790100925.049,java-product-service,hikaricp_connections_acquire_seconds_sum,"{language=""java"",pool=""HikariPool-1"",service=""java-product-service"",}",3.808605373
1790100925.049,java-product-service,process_cpu_usage,"{language=""java"",service=""java-product-service"",}",0.05359477124183006
1790100925.049,java-product-service,system_cpu_usage,"{language=""java"",service=""java-product-service"",}",0.056518169934640525
1790100925.049,java-product-service,jvm_memory_used_bytes,"{area=""nonheap"",id=""CodeHeap 'non-nmethods'"",language=""java"",service=""java-product-service"",}",1643008.0
1790100925.049,java-product-service,jvm_memory_used_bytes,"{area=""heap"",id=""G1 Eden Space"",language=""java"",service=""java-product-service"",}",9437184.0
1790100925.049,java-product-service,jvm_memory_used_bytes,"{area=""nonheap"",id=""Metaspace"",language=""java"",service=""java-product-service"",}",98137816.0
1790100925.049,java-product-service,jvm_memory_used_bytes,"{area=""heap"",id=""G1 Old Gen"",language=""java"",service=""java-product-service"",}",48511928.0
1790100925.049,java-product-service,jvm_memory_used_bytes,"{area=""nonheap"",id=""Compressed Class Space"",language=""java"",service=""java-product-service"",}",12978776.0
1790100925.049,java-product-service,jvm_memory_used_bytes,"{area=""heap"",id=""G1 Survivor Space"",language=""java"",service=""java-product-service"",}",3006080.0
1790100925.049,java-product-service,jvm_memory_used_bytes,"{area=""nonheap"",id=""CodeHeap 'profiled nmethods'"",language=""java"",service=""java-product-service"",}",4753152.0
1790100925.049,java-product-service,jvm_memory_used_bytes,"{area=""nonheap"",id=""CodeHeap 'non-profiled nmethods'"",language=""java"",service=""java-product-service"",}",6015232.0
1790100925.049,java-product-service,jvm_memory_committed_bytes,"{area=""nonheap"",id=""CodeHeap 'non-nmethods'"",language=""java"",service=""java-product-service"",}",2555904.0
1790100925.049,java-product-service,jvm_memory_committed_bytes,"{area=""heap"",id=""G1 Eden Space"",language=""java"",service=""java-product-service"",}",48234496.0
1790100925.049,java-product-service,jvm_memory_committed_bytes,"{area=""nonheap"",id=""Metaspace"",language=""java"",service=""java-product-service"",}",99090432.0
1790100925.049,java-product-service,jvm_memory_committed_bytes,"{area=""heap"",id=""G1 Old Gen"",language=""java"",service=""java-product-service"",}",52428800.0
1790100925.049,java-product-service,jvm_memory_committed_bytes,"{area=""nonheap"",id=""Compressed Class Space"",language=""java"",service=""java-product-service"",}",13434880.0
1790100925.049,java-product-service,jvm_memory_committed_bytes,"{area=""heap"",id=""G1 Survivor Space"",language=""java"",service=""java-product-service"",}",3145728.0
1790100925.049,java-product-service,jvm_memory_committed_bytes,"{area=""nonheap"",id=""CodeHeap 'profiled nmethods'"",language=""java"",service=""java-product-service"",}",26411008.0
1790100925.049,java-product-service,jvm_memory_committed_bytes,"{area=""nonheap"",id=""CodeHeap 'non-profiled nmethods'"",language=""java"",service=""java-product-service"",}",10485760.0
1790100925.049,java-product-service,tomcat_threads_config_max_threads,"{language=""java"",name=""http-nio-9082"",service=""java-product-service"",}",64.0
1790100925.049,java-product-service,hikaricp_connections_pending,"{language=""java"",pool=""HikariPool-1"",service=""java-product-service"",}",0.0
1790100925.049,java-product-service,hikaricp_connections_usage_seconds_count,"{language=""java"",pool=""HikariPool-1"",service=""java-product-service"",}",572.0
1790100925.049,java-product-service,hikaricp_connections_usage_seconds_sum,"{language=""java"",pool=""HikariPool-1"",service=""java-product-service"",}",2.542
1790100925.049,java-order-service,hikaricp_connections_acquire_seconds_count,"{language=""java"",pool=""HikariPool-1"",service=""java-order-service"",}",496.0
1790100925.049,java-order-service,hikaricp_connections_acquire_seconds_sum,"{language=""java"",pool=""HikariPool-1"",service=""java-order-service"",}",0.073228706
1790100925.049,java-order-service,jvm_gc_pause_seconds_count,"{action=""end of minor GC"",cause=""G1 Evacuation Pause"",gc=""G1 Young Generation"",language=""java"",service=""java-order-service"",}",1.0
1790100925.049,java-order-service,jvm_gc_pause_seconds_sum,"{action=""end of minor GC"",cause=""G1 Evacuation Pause"",gc=""G1 Young Generation"",language=""java"",service=""java-order-service"",}",0.006
1790100925.049,java-order-service,system_cpu_usage,"{language=""java"",service=""java-order-service"",}",0.023192098765432097
1790100925.049,java-order-service,process_cpu_usage,"{language=""java"",service=""java-order-service"",}",0.022222222222222223
1790100925.049,java-order-service,tomcat_threads_busy_threads,"{language=""java"",name=""http-nio-9083"",service=""java-order-service"",}",1.0
1790100925.049,java-order-service,tomcat_threads_config_max_threads,"{language=""java"",name=""http-nio-9083"",service=""java-order-service"",}",64.0
1790100925.049,java-order-service,jvm_memory_used_bytes,"{area=""nonheap"",id=""CodeHeap 'non-profiled nmethods'"",language=""java"",service=""java-order-service"",}",4488192.0
1790100925.049,java-order-service,jvm_memory_used_bytes,"{area=""heap"",id=""G1 Eden Space"",language=""java"",service=""java-order-service"",}",49283072.0
1790100925.049,java-order-service,jvm_memory_used_bytes,"{area=""nonheap"",id=""CodeHeap 'profiled nmethods'"",language=""java"",service=""java-order-service"",}",16974976.0
1790100925.049,java-order-service,jvm_memory_used_bytes,"{area=""nonheap"",id=""CodeHeap 'non-nmethods'"",language=""java"",service=""java-order-service"",}",1611264.0
1790100925.049,java-order-service,jvm_memory_used_bytes,"{area=""heap"",id=""G1 Survivor Space"",language=""java"",service=""java-order-service"",}",5193544.0
1790100925.049,java-order-service,jvm_memory_used_bytes,"{area=""nonheap"",id=""Compressed Class Space"",language=""java"",service=""java-order-service"",}",10677336.0
1790100925.049,java-order-service,jvm_memory_used_bytes,"{area=""heap"",id=""G1 Old Gen"",language=""java"",service=""java-order-service"",}",29741112.0
1790100925.049,java-order-service,jvm_memory_used_bytes,"{area=""nonheap"",id=""Metaspace"",language=""java"",service=""java-order-service"",}",79266888.0
1790100925.049,java-order-service,tomcat_threads_current_threads,"{language=""java"",name=""http-nio-9083"",service=""java-order-service"",}",10.0
1790100925.049,java-order-service,hikaricp_connections_usage_seconds_count,"{language=""java"",pool=""HikariPool-1"",service=""java-order-service"",}",496.0
1790100925.049,java-order-service,hikaricp_connections_usage_seconds_sum,"{language=""java"",pool=""HikariPool-1"",service=""java-order-service"",}",0.004
1790100925.049,java-order-service,jvm_memory_committed_bytes,"{area=""nonheap"",id=""CodeHeap 'non-profiled nmethods'"",language=""java"",service=""java-order-service"",}",4521984.0
1790100925.049,java-order-service,jvm_memory_committed_bytes,"{area=""heap"",id=""G1 Eden Space"",language=""java"",service=""java-order-service"",}",57671680.0
1790100925.049,java-order-service,jvm_memory_committed_bytes,"{area=""nonheap"",id=""CodeHeap 'profiled nmethods'"",language=""java"",service=""java-order-service"",}",17039360.0
1790100925.049,java-order-service,jvm_memory_committed_bytes,"{area=""nonheap"",id=""CodeHeap 'non-nmethods'"",language=""java"",service=""java-order-service"",}",2555904.0
1790100925.049,java-order-service,jvm_memory_committed_bytes,"{area=""heap"",id=""G1 Survivor Space"",language=""java"",service=""java-order-service"",}",5242880.0
1790100925.049,java-order-service,jvm_memory_committed_bytes,"{area=""nonheap"",id=""Compressed Class Space"",language=""java"",service=""java-order-service"",}",11075584.0
1790100925.049,java-order-service,jvm_memory_committed_bytes,"{area=""heap"",id=""G1 Old Gen"",language=""java"",service=""java-order-service"",}",36700160.0
1790100925.049,java-order-service,jvm_memory_committed_bytes,"{area=""nonheap"",id=""Metaspace"",language=""java"",service=""java-order-service"",}",80150528.0
1790100925.049,java-order-service,hikaricp_connections_active,"{language=""java"",pool=""HikariPool-1"",service=""java-order-service"",}",0.0
1790100925.049,java-order-service,hikaricp_connections_pending,"{language=""java"",pool=""HikariPool-1"",service=""java-order-service"",}",0.0
1790100930.096,java-user-service,hikaricp_connections_acquire_seconds_count,"{framework=""spring-boot"",language=""java"",pool=""HikariPool-1"",service=""java-user-service"",}",816.0
1790100930.096,java-user-service,hikaricp_connections_acquire_seconds_sum,"{framework=""spring-boot"",language=""java"",pool=""HikariPool-1"",service=""java-user-service"",}",0.124047052
1790100930.096,java-user-service,system_cpu_usage,"{framework=""spring-boot"",language=""java"",service=""java-user-service"",}",0.07246652777777778
1790100930.096,java-user-service,process_cpu_usage,"{framework=""spring-boot"",language=""java"",service=""java-user-service"",}",0.07222222222222222
1790100930.096,java-user-service,tomcat_threads_busy_threads,"{framework=""spring-boot"",language=""java"",name=""http-nio-9081"",service=""java-user-service"",}",1.0
1790100930.096,java-user-service,tomcat_threads_current_threads,"{framework=""spring-boot"",language=""java"",name=""http-nio-9081"",service=""java-user-service"",}",64.0
1790100930.096,java-user-service,jvm_memory_committed_bytes,"{area=""nonheap"",framework=""spring-boot"",id=""CodeHeap 'non-nmethods'"",language=""java"",service=""java-user-service"",}",2555904.0
1790100930.096,java-user-service,jvm_memory_committed_bytes,"{area=""nonheap"",framework=""spring-boot"",id=""CodeHeap 'non-profiled nmethods'"",language=""java"",service=""java-user-service"",}",10944512.0
1790100930.096,java-user-service,jvm_memory_committed_bytes,"{area=""heap"",framework=""spring-boot"",id=""G1 Survivor Space"",language=""java"",service=""java-user-service"",}",1048576.0
1790100930.096,java-user-service,jvm_memory_committed_bytes,"{area=""heap"",framework=""spring-boot"",id=""G1 Old Gen"",language=""java"",service=""java-user-service"",}",51380224.0
1790100930.096,java-user-service,jvm_memory_committed_bytes,"{area=""nonheap"",framework=""spring-boot"",id=""Metaspace"",language=""java"",service=""java-user-service"",}",103284736.0
1790100930.096,java-user-service,jvm_memory_committed_bytes,"{area=""heap"",framework=""spring-boot"",id=""G1 Eden Space"",language=""java"",service=""java-user-service"",}",80740352.0
1790100930.096,java-user-service,jvm_memory_committed_bytes,"{area=""nonheap"",framework=""spring-boot"",id=""Compressed Class Space"",language=""java"",service=""java-user-service"",}",13893632.0
1790100930.096,java-user-service,jvm_memory_committed_bytes,"{area=""nonheap"",framework=""spring-boot"",id=""CodeHeap 'profiled nmethods'"",language=""java"",service=""java-user-service"",}",27131904.0
1790100930.096,java-user-service,hikaricp_connections_pending,"{framework=""spring-boot"",language=""java"",pool=""HikariPool-1"",service=""java-user-service"",}",0.0
1790100930.096,java-user-service,hikaricp_connections_usage_seconds_count,"{framework=""spring-boot"",language=""java"",pool=""HikariPool-1"",service=""java-user-service"",}",816.0
1790100930.096,java-user-service,hikaricp_connections_usage_seconds_sum,"{framework=""spring-boot"",language=""java"",pool=""HikariPool-1"",service=""java-user-service"",}",22.317
1790100930.096,java-user-service,tomcat_threads_config_max_threads,"{framework=""spring-boot"",language=""java"",name=""http-nio-9081"",service=""java-user-service"",}",64.0
1790100930.096,java-user-service,hikaricp_connections_active,"{framework=""spring-boot"",language=""java"",pool=""HikariPool-1"",service=""java-user-service"",}",0.0
1790100930.096,java-user-service,jvm_memory_used_bytes,"{area=""nonheap"",framework=""spring-boot"",id=""CodeHeap 'non-nmethods'"",language=""java"",service=""java-user-service"",}",1642752.0
1790100930.096,java-user-service,jvm_memory_used_bytes,"{area=""nonheap"",framework=""spring-boot"",id=""CodeHeap 'non-profiled nmethods'"",language=""java"",service=""java-user-service"",}",9446400.0
1790100930.096,java-user-service,jvm_memory_used_bytes,"{area=""heap"",framework=""spring-boot"",id=""G1 Survivor Space"",language=""java"",service=""java-user-service"",}",627152.0
1790100930.096,java-user-service,jvm_memory_used_bytes,"{area=""heap"",framework=""spring-boot"",id=""G1 Old Gen"",language=""java"",service=""java-user-service"",}",48171136.0
1790100930.096,java-user-service,jvm_memory_used_bytes,"{area=""nonheap"",framework=""spring-boot"",id=""Metaspace"",language=""java"",service=""java-user-service"",}",102290512.0
1790100930.096,java-user-service,jvm_memory_used_bytes,"{area=""heap"",framework=""spring-boot"",id=""G1 Eden Space"",language=""java"",service=""java-user-service"",}",20971520.0
1790100930.096,java-user-service,jvm_memory_used_bytes,"{area=""nonheap"",framework=""spring-boot"",id=""Compressed Class Space"",language=""java"",service=""java-user-service"",}",13414536.0
1790100930.096,java-user-service,jvm_memory_used_bytes,"{area=""nonheap"",framework=""spring-boot"",id=""CodeHeap 'profiled nmethods'"",language=""java"",service=""java-user-service"",}",9870592.0
1790100930.096,java-user-service,jvm_gc_pause_seconds_count,"{action=""end of minor GC"",cause=""G1 Evacuation Pause"",framework=""spring-boot"",gc=""G1 Young Generation"",language=""java"",service=""java-user-service"",}",94.0
1790100930.096,java-user-service,jvm_gc_pause_seconds_sum,"{action=""end of minor GC"",cause=""G1 Evacuation Pause"",framework=""spring-boot"",gc=""G1 Young Generation"",language=""java"",service=""java-user-service"",}",0.519
1790100930.096,java-product-service,hikaricp_connections_active,"{language=""java"",pool=""HikariPool-1"",service=""java-product-service"",}",0.0
1790100930.096,java-product-service,tomcat_threads_busy_threads,"{language=""java"",name=""http-nio-9082"",service=""java-product-service"",}",1.0
1790100930.096,java-product-service,jvm_gc_pause_seconds_count,"{action=""end of minor GC"",cause=""G1 Evacuation Pause"",gc=""G1 Young Generation"",language=""java"",service=""java-product-service"",}",43.0
1790100930.096,java-product-service,jvm_gc_pause_seconds_sum,"{action=""end of minor GC"",cause=""G1 Evacuation Pause"",gc=""G1 Young Generation"",language=""java"",service=""java-product-service"",}",0.223
1790100930.096,java-product-service,tomcat_threads_current_threads,"{language=""java"",name=""http-nio-9082"",service=""java-product-service"",}",64.0
1790100930.096,java-product-service,hikaricp_connections_acquire_seconds_count,"{language=""java"",pool=""HikariPool-1"",service=""java-product-service"",}",597.0
1790100930.096,java-product-service,hikaricp_connections_acquire_seconds_sum,"{language=""java"",pool=""HikariPool-1"",service=""java-product-service"",}",3.819199207
1790100930.096,java-product-service,process_cpu_usage,"{language=""java"",service=""java-product-service"",}",0.058333333333333334
1790100930.096,java-product-service,system_cpu_usage,"{language=""java"",service=""java-product-service"",}",0.0576025
1790100930.096,java-product-service,jvm_memory_used_bytes,"{area=""nonheap"",id=""CodeHeap 'non-nmethods'"",language=""java"",service=""java-product-service"",}",1643008.0
1790100930.096,java-product-service,jvm_memory_used_bytes,"{area=""heap"",id=""G1 Eden Space"",language=""java"",service=""java-product-service"",}",24117248.0
1790100930.096,java-product-service,jvm_memory_used_bytes,"{area=""nonheap"",id=""Metaspace"",language=""java"",service=""java-product-service"",}",98344536.0
1790100930.096,java-product-service,jvm_memory_used_bytes,"{area=""heap"",id=""G1 Old Gen"",language=""java"",service=""java-product-service"",}",48511928.0
1790100930.096,java-product-service,jvm_memory_used_bytes,"{area=""nonheap"",id=""Compressed Class Space"",language=""java"",service=""java-product-service"",}",12978776.0
1790100930.096,java-product-service,jvm_memory_used_bytes,"{area=""heap"",id=""G1 Survivor Space"",language=""java"",service=""java-product-service"",}",3006080.0
1790100930.096,java-product-service,jvm_memory_used_bytes,"{area=""nonheap"",id=""CodeHeap 'profiled nmethods'"",language=""java"",service=""java-product-service"",}",5066624.0
1790100930.096,java-product-service,jvm_memory_used_bytes,"{area=""nonheap"",id=""CodeHeap 'non-profiled nmethods'"",language=""java"",service=""java-product-service"",}",6126720.0
1790100930.096,java-product-service,jvm_memory_committed_bytes,"{area=""nonheap"",id=""CodeHeap 'non-nmethods'"",language=""java"",service=""java-product-service"",}",2555904.0
1790100930.096,java-product-service,jvm_memory_committed_bytes,"{area=""heap"",id=""G1 Eden Space"",language=""java"",service=""java-product-service"",}",48234496.0
1790100930.096,java-product-service,jvm_memory_committed_bytes,"{area=""nonheap"",id=""Metaspace"",language=""java"",service=""java-product-service"",}",99287040.0
1790100930.096,java-product-service,jvm_memory_committed_bytes,"{area=""heap"",id=""G1 Old Gen"",language=""java"",service=""java-product-service"",}",52428800.0
1790100930.096,java-product-service,jvm_memory_committed_bytes,"{area=""nonheap"",id=""Compressed Class Space"",language=""java"",service=""java-product-service"",}",13434880.0
1790100930.096,java-product-service,jvm_memory_committed_bytes,"{area=""heap"",id=""G1 Survivor Space"",language=""java"",service=""java-product-service"",}",3145728.0
1790100930.096,java-product-service,jvm_memory_committed_bytes,"{area=""nonheap"",id=""CodeHeap 'profiled nmethods'"",language=""java"",service=""java-product-service"",}",26411008.0
1790100930.096,java-product-service,jvm_memory_committed_bytes,"{area=""nonheap"",id=""CodeHeap 'non-profiled nmethods'"",language=""java"",service=""java-product-service"",}",10485760.0
1790100930.096,java-product-service,tomcat_threads_config_max_threads,"{language=""java"",name=""http-nio-9082"",service=""java-product-service"",}",64.0
1790100930.096,java-product-service,hikaricp_connections_pending,"{language=""java"",pool=""HikariPool-1"",service=""java-product-service"",}",0.0
1790100930.096,java-product-service,hikaricp_connections_usage_seconds_count,"{language=""java"",pool=""HikariPool-1"",service=""java-product-service"",}",597.0
1790100930.096,java-product-service,hikaricp_connections_usage_seconds_sum,"{language=""java"",pool=""HikariPool-1"",service=""java-product-service"",}",2.642
1790100930.096,java-order-service,hikaricp_connections_acquire_seconds_count,"{language=""java"",pool=""HikariPool-1"",service=""java-order-service"",}",516.0
1790100930.096,java-order-service,hikaricp_connections_acquire_seconds_sum,"{language=""java"",pool=""HikariPool-1"",service=""java-order-service"",}",0.076262873
1790100930.096,java-order-service,jvm_gc_pause_seconds_count,"{action=""end of minor GC"",cause=""G1 Evacuation Pause"",gc=""G1 Young Generation"",language=""java"",service=""java-order-service"",}",1.0
1790100930.096,java-order-service,jvm_gc_pause_seconds_sum,"{action=""end of minor GC"",cause=""G1 Evacuation Pause"",gc=""G1 Young Generation"",language=""java"",service=""java-order-service"",}",0.006
1790100930.096,java-order-service,system_cpu_usage,"{language=""java"",service=""java-order-service"",}",0.02569548387096774
1790100930.096,java-order-service,process_cpu_usage,"{language=""java"",service=""java-order-service"",}",0.021505376344086023
1790100930.096,java-order-service,tomcat_threads_busy_threads,"{language=""java"",name=""http-nio-9083"",service=""java-order-service"",}",1.0
1790100930.096,java-order-service,tomcat_threads_config_max_threads,"{language=""java"",name=""http-nio-9083"",service=""java-order-service"",}",64.0
1790100930.096,java-order-service,jvm_memory_used_bytes,"{area=""nonheap"",id=""CodeHeap 'non-profiled nmethods'"",language=""java"",service=""java-order-service"",}",4497664.0
1790100930.096,java-order-service,jvm_memory_used_bytes,"{area=""heap"",id=""G1 Eden Space"",language=""java"",service=""java-order-service"",}",50331648.0
1790100930.096,java-order-service,jvm_memory_used_bytes,"{area=""nonheap"",id=""CodeHeap 'profiled nmethods'"",language=""java"",service=""java-order-service"",}",17134080.0
1790100930.096,java-order-service,jvm_memory_used_bytes,"{area=""nonheap"",id=""CodeHeap 'non-nmethods'"",language=""java"",service=""java-order-service"",}",1611264.0
1790100930.096,java-order-service,jvm_memory_used_bytes,"{area=""heap"",id=""G1 Survivor Space"",language=""java"",service=""java-order-service"",}",5193544.0
1790100930.096,java-order-service,jvm_memory_used_bytes,"{area=""nonheap"",id=""Compressed Class Space"",language=""java"",service=""java-order-service"",}",10677336.0
1790100930.096,java-order-service,jvm_memory_used_bytes,"{area=""heap"",id=""G1 Old Gen"",language=""java"",service=""java-order-service"",}",29741112.0
1790100930.096,java-order-service,jvm_memory_used_bytes,"{area=""nonheap"",id=""Metaspace"",language=""java"",service=""java-order-service"",}",79326816.0
1790100930.096,java-order-service,tomcat_threads_current_threads,"{language=""java"",name=""http-nio-9083"",service=""java-order-service"",}",10.0
1790100930.096,java-order-service,hikaricp_connections_usage_seconds_count,"{language=""java"",pool=""HikariPool-1"",service=""java-order-service"",}",516.0
1790100930.096,java-order-service,hikaricp_connections_usage_seconds_sum,"{language=""java"",pool=""HikariPool-1"",service=""java-order-service"",}",0.004
1790100930.096,java-order-service,jvm_memory_committed_bytes,"{area=""nonheap"",id=""CodeHeap 'non-profiled nmethods'"",language=""java"",service=""java-order-service"",}",4521984.0
1790100930.096,java-order-service,jvm_memory_committed_bytes,"{area=""heap"",id=""G1 Eden Space"",language=""java"",service=""java-order-service"",}",57671680.0
1790100930.096,java-order-service,jvm_memory_committed_bytes,"{area=""nonheap"",id=""CodeHeap 'profiled nmethods'"",language=""java"",service=""java-order-service"",}",17170432.0
1790100930.096,java-order-service,jvm_memory_committed_bytes,"{area=""nonheap"",id=""CodeHeap 'non-nmethods'"",language=""java"",service=""java-order-service"",}",2555904.0
1790100930.096,java-order-service,jvm_memory_committed_bytes,"{area=""heap"",id=""G1 Survivor Space"",language=""java"",service=""java-order-service"",}",5242880.0
1790100930.096,java-order-service,jvm_memory_committed_bytes,"{area=""nonheap"",id=""Compressed Class Space"",language=""java"",service=""java-order-service"",}",11075584.0
1790100930.096,java-order-service,jvm_memory_committed_bytes,"{area=""heap"",id=""G1 Old Gen"",language=""java"",service=""java-order-service"",}",36700160.0
1790100930.096,java-order-service,jvm_memory_committed_bytes,"{area=""nonheap"",id=""Metaspace"",language=""java"",service=""java-order-service"",}",80150528.0
1790100930.096,java-order-service,hikaricp_connections_active,"{language=""java"",pool=""HikariPool-1"",service=""java-order-service"",}",0.0
1790100930.096,java-order-service,hikaricp_connections_pending,"{language=""java"",pool=""HikariPool-1"",service=""java-order-service"",}",0.0
1790100935.142,java-user-service,hikaricp_connections_acquire_seconds_count,"{framework=""spring-boot"",language=""java"",pool=""HikariPool-1"",service=""java-user-service"",}",838.0
1790100935.142,java-user-service,hikaricp_connections_acquire_seconds_sum,"{framework=""spring-boot"",language=""java"",pool=""HikariPool-1"",service=""java-user-service"",}",0.127825637
1790100935.142,java-user-service,system_cpu_usage,"{framework=""spring-boot"",language=""java"",service=""java-user-service"",}",0.06378524822695035
1790100935.142,java-user-service,process_cpu_usage,"{framework=""spring-boot"",language=""java"",service=""java-user-service"",}",0.06099290780141844
1790100935.142,java-user-service,tomcat_threads_busy_threads,"{framework=""spring-boot"",language=""java"",name=""http-nio-9081"",service=""java-user-service"",}",1.0
1790100935.142,java-user-service,tomcat_threads_current_threads,"{framework=""spring-boot"",language=""java"",name=""http-nio-9081"",service=""java-user-service"",}",64.0
1790100935.142,java-user-service,jvm_memory_committed_bytes,"{area=""nonheap"",framework=""spring-boot"",id=""CodeHeap 'non-nmethods'"",language=""java"",service=""java-user-service"",}",2555904.0
1790100935.142,java-user-service,jvm_memory_committed_bytes,"{area=""nonheap"",framework=""spring-boot"",id=""CodeHeap 'non-profiled nmethods'"",language=""java"",service=""java-user-service"",}",10944512.0
1790100935.142,java-user-service,jvm_memory_committed_bytes,"{area=""heap"",framework=""spring-boot"",id=""G1 Survivor Space"",language=""java"",service=""java-user-service"",}",1048576.0
1790100935.142,java-user-service,jvm_memory_committed_bytes,"{area=""heap"",framework=""spring-boot"",id=""G1 Old Gen"",language=""java"",service=""java-user-service"",}",51380224.0
1790100935.142,java-user-service,jvm_memory_committed_bytes,"{area=""nonheap"",framework=""spring-boot"",id=""Metaspace"",language=""java"",service=""java-user-service"",}",103284736.0
1790100935.142,java-user-service,jvm_memory_committed_bytes,"{area=""heap"",framework=""spring-boot"",id=""G1 Eden Space"",language=""java"",service=""java-user-service"",}",80740352.0
1790100935.142,java-user-service,jvm_memory_committed_bytes,"{area=""nonheap"",framework=""spring-boot"",id=""Compressed Class Space"",language=""java"",service=""java-user-service"",}",13893632.0
1790100935.142,java-user-service,jvm_memory_committed_bytes,"{area=""nonheap"",framework=""spring-boot"",id=""CodeHeap 'profiled nmethods'"",language=""java"",service=""java-user-service"",}",27131904.0
1790100935.142,java-user-service,hikaricp_connections_pending,"{framework=""spring-boot"",language=""java"",pool=""HikariPool-1"",service=""java-user-service"",}",0.0
1790100935.142,java-user-service,hikaricp_connections_usage_seconds_count,"{framework=""spring-boot"",language=""java"",pool=""HikariPool-1"",service=""java-user-service"",}",838.0
1790100935.142,java-user-service,hikaricp_connections_usage_seconds_sum,"{framework=""spring-boot"",language=""java"",pool=""HikariPool-1"",service=""java-user-service"",}",22.317
1790100935.142,java-user-service,tomcat_threads_config_max_threads,"{framework=""spring-boot"",language=""java"",name=""http-nio-9081"",service=""java-user-service"",}",64.0
1790100935.142,java-user-service,hikaricp_connections_active,"{framework=""spring-boot"",language=""java"",pool=""HikariPool-1"",service=""java-user-service"",}",0.0
1790100935.142,java-user-service,jvm_memory_used_bytes,"{area=""nonheap"",framework=""spring-boot"",id=""CodeHeap 'non-nmethods'"",language=""java"",service=""java-user-service"",}",1642752.0
1790100935.142,java-user-service,jvm_memory_used_bytes,"{area=""nonheap"",framework=""spring-boot"",id=""CodeHeap 'non-profiled nmethods'"",language=""java"",service=""java-user-service"",}",9477760.0
1790100935.142,java-user-service,jvm_memory_used_bytes,"{area=""heap"",framework=""spring-boot"",id=""G1 Survivor Space"",language=""java"",service=""java-user-service"",}",767040.0
1790100935.142,java-user-service,jvm_memory_used_bytes,"{area=""heap"",framework=""spring-boot"",id=""G1 Old Gen"",language=""java"",service=""java-user-service"",}",48171136.0
1790100935.142,java-user-service,jvm_memory_used_bytes,"{area=""nonheap"",framework=""spring-boot"",id=""Metaspace"",language=""java"",service=""java-user-service"",}",102300504.0
1790100935.142,java-user-service,jvm_memory_used_bytes,"{area=""heap"",framework=""spring-boot"",id=""G1 Eden Space"",language=""java"",service=""java-user-service"",}",0.0
1790100935.142,java-user-service,jvm_memory_used_bytes,"{area=""nonheap"",framework=""spring-boot"",id=""Compressed Class Space"",language=""java"",service=""java-user-service"",}",13414536.0
1790100935.142,java-user-service,jvm_memory_used_bytes,"{area=""nonheap"",framework=""spring-boot"",id=""CodeHeap 'profiled nmethods'"",language=""java"",service=""java-user-service"",}",9933568.0
1790100935.142,java-user-service,jvm_gc_pause_seconds_count,"{action=""end of minor GC"",cause=""G1 Evacuation Pause"",framework=""spring-boot"",gc=""G1 Young Generation"",language=""java"",service=""java-user-service"",}",95.0
1790100935.142,java-user-service,jvm_gc_pause_seconds_sum,"{action=""end of minor GC"",cause=""G1 Evacuation Pause"",framework=""spring-boot"",gc=""G1 Young Generation"",language=""java"",service=""java-user-service"",}",0.524
1790100935.142,java-product-service,hikaricp_connections_active,"{language=""java"",pool=""HikariPool-1"",service=""java-product-service"",}",0.0
1790100935.142,java-product-service,tomcat_threads_busy_threads,"{language=""java"",name=""http-nio-9082"",service=""java-product-service"",}",1.0
1790100935.142,java-product-service,jvm_gc_pause_seconds_count,"{action=""end of minor GC"",cause=""G1 Evacuation Pause"",gc=""G1 Young Generation"",language=""java"",service=""java-product-service"",}",43.0
1790100935.142,java-product-service,jvm_gc_pause_seconds_sum,"{action=""end of minor GC"",cause=""G1 Evacuation Pause"",gc=""G1 Young Generation"",language=""java"",service=""java-product-service"",}",0.223
1790100935.142,java-product-service,tomcat_threads_current_threads,"{language=""java"",name=""http-nio-9082"",service=""java-product-service"",}",64.0
1790100935.142,java-product-service,hikaricp_connections_acquire_seconds_count,"{language=""java"",pool=""HikariPool-1"",service=""java-product-service"",}",619.0
1790100935.142,java-product-service,hikaricp_connections_acquire_seconds_sum,"{language=""java"",pool=""HikariPool-1"",service=""java-product-service"",}",3.822269705
1790100935.142,java-product-service,process_cpu_usage,"{language=""java"",service=""java-product-service"",}",0.03790849673202614
1790100935.142,java-product-service,system_cpu_usage,"{language=""java"",service=""java-product-service"",}",0.040621568627450984
1790100935.142,java-product-service,jvm_memory_used_bytes,"{area=""nonheap"",id=""CodeHeap 'non-nmethods'"",language=""java"",service=""java-product-service"",}",1643008.0
1790100935.142,java-product-service,jvm_memory_used_bytes,"{area=""heap"",id=""G1 Eden Space"",language=""java"",service=""java-product-service"",}",39845888.0
1790100935.142,java-product-service,jvm_memory_used_bytes,"{area=""nonheap"",id=""Metaspace"",language=""java"",service=""java-product-service"",}",98352672.0
1790100935.142,java-product-service,jvm_memory_used_bytes,"{area=""heap"",id=""G1 Old Gen"",language=""java"",service=""java-product-service"",}",48511928.0
1790100935.142,java-product-service,jvm_memory_used_bytes,"{area=""nonheap"",id=""Compressed Class Space"",language=""java"",service=""java-product-service"",}",12978776.0
1790100935.142,java-product-service,jvm_memory_used_bytes,"{area=""heap"",id=""G1 Survivor Space"",language=""java"",service=""java-product-service"",}",3006080.0
1790100935.142,java-product-service,jvm_memory_used_bytes,"{area=""nonheap"",id=""CodeHeap 'profiled nmethods'"",language=""java"",service=""java-product-service"",}",5080448.0
1790100935.142,java-product-service,jvm_memory_used_bytes,"{area=""nonheap"",id=""CodeHeap 'non-profiled nmethods'"",language=""java"",service=""java-product-service"",}",6140544.0
1790100935.142,java-product-service,jvm_memory_committed_bytes,"{area=""nonheap"",id=""CodeHeap 'non-nmethods'"",language=""java"",service=""java-product-service"",}",2555904.0
1790100935.142,java-product-service,jvm_memory_committed_bytes,"{area=""heap"",id=""G1 Eden Space"",language=""java"",service=""java-product-service"",}",48234496.0
1790100935.142,java-product-service,jvm_memory_committed_bytes,"{area=""nonheap"",id=""Metaspace"",language=""java"",service=""java-product-service"",}",99352576.0
1790100935.142,java-product-service,jvm_memory_committed_bytes,"{area=""heap"",id=""G1 Old Gen"",language=""java"",service=""java-product-service"",}",52428800.0
1790100935.142,java-product-service,jvm_memory_committed_bytes,"{area=""nonheap"",id=""Compressed Class Space"",language=""java"",service=""java-product-service"",}",13434880.0
1790100935.142,java-product-service,jvm_memory_committed_bytes,"{area=""heap"",id=""G1 Survivor Space"",language=""java"",service=""java-product-service"",}",3145728.0
1790100935.142,java-product-service,jvm_memory_committed_bytes,"{area=""nonheap"",id=""CodeHeap 'profiled nmethods'"",language=""java"",service=""java-product-service"",}",26411008.0
1790100935.142,java-product-service,jvm_memory_committed_bytes,"{area=""nonheap"",id=""CodeHeap 'non-profiled nmethods'"",language=""java"",service=""java-product-service"",}",10485760.0
1790100935.142,java-product-service,tomcat_threads_config_max_threads,"{language=""java"",name=""http-nio-9082"",service=""java-product-service"",}",64.0
1790100935.142,java-product-service,hikaricp_connections_pending,"{language=""java"",pool=""HikariPool-1"",service=""java-product-service"",}",0.0
1790100935.142,java-product-service,hikaricp_connections_usage_seconds_count,"{language=""java"",pool=""HikariPool-1"",service=""java-product-service"",}",619.0
1790100935.142,java-product-service,hikaricp_connections_usage_seconds_sum,"{language=""java"",pool=""HikariPool-1"",service=""java-product-service"",}",2.642
1790100935.142,java-order-service,hikaricp_connections_acquire_seconds_count,"{language=""java"",pool=""HikariPool-1"",service=""java-order-service"",}",536.0
1790100935.142,java-order-service,hikaricp_connections_acquire_seconds_sum,"{language=""java"",pool=""HikariPool-1"",service=""java-order-service"",}",0.079138081
1790100935.142,java-order-service,jvm_gc_pause_seconds_count,"{action=""end of minor GC"",cause=""G1 Evacuation Pause"",gc=""G1 Young Generation"",language=""java"",service=""java-order-service"",}",1.0
1790100935.142,java-order-service,jvm_gc_pause_seconds_sum,"{action=""end of minor GC"",cause=""G1 Evacuation Pause"",gc=""G1 Young Generation"",language=""java"",service=""java-order-service"",}",0.006
1790100935.142,java-order-service,system_cpu_usage,"{language=""java"",service=""java-order-service"",}",0.04285506172839506
1790100935.142,java-order-service,process_cpu_usage,"{language=""java"",service=""java-order-service"",}",0.04197530864197531
1790100935.142,java-order-service,tomcat_threads_busy_threads,"{language=""java"",name=""http-nio-9083"",service=""java-order-service"",}",1.0
1790100935.142,java-order-service,tomcat_threads_config_max_threads,"{language=""java"",name=""http-nio-9083"",service=""java-order-service"",}",64.0
1790100935.142,java-order-service,jvm_memory_used_bytes,"{area=""nonheap"",id=""CodeHeap 'non-profiled nmethods'"",language=""java"",service=""java-order-service"",}",4582656.0
1790100935.142,java-order-service,jvm_memory_used_bytes,"{area=""heap"",id=""G1 Eden Space"",language=""java"",service=""java-order-service"",}",51380224.0
1790100935.142,java-order-service,jvm_memory_used_bytes,"{area=""nonheap"",id=""CodeHeap 'profiled nmethods'"",language=""java"",service=""java-order-service"",}",17214720.0
1790100935.142,java-order-service,jvm_memory_used_bytes,"{area=""nonheap"",id=""CodeHeap 'non-nmethods'"",language=""java"",service=""java-order-service"",}",1625600.0
1790100935.142,java-order-service,jvm_memory_used_bytes,"{area=""heap"",id=""G1 Survivor Space"",language=""java"",service=""java-order-service"",}",5193544.0
1790100935.142,java-order-service,jvm_memory_used_bytes,"{area=""nonheap"",id=""Compressed Class Space"",language=""java"",service=""java-order-service"",}",10677336.0
1790100935.142,java-order-service,jvm_memory_used_bytes,"{area=""heap"",id=""G1 Old Gen"",language=""java"",service=""java-order-service"",}",29741112.0
1790100935.142,java-order-service,jvm_memory_used_bytes,"{area=""nonheap"",id=""Metaspace"",language=""java"",service=""java-order-service"",}",79335752.0
1790100935.142,java-order-service,tomcat_threads_current_threads,"{language=""java"",name=""http-nio-9083"",service=""java-order-service"",}",10.0
1790100935.142,java-order-service,hikaricp_connections_usage_seconds_count,"{language=""java"",pool=""HikariPool-1"",service=""java-order-service"",}",536.0
1790100935.142,java-order-service,hikaricp_connections_usage_seconds_sum,"{language=""java"",pool=""HikariPool-1"",service=""java-order-service"",}",0.004
1790100935.142,java-order-service,jvm_memory_committed_bytes,"{area=""nonheap"",id=""CodeHeap 'non-profiled nmethods'"",language=""java"",service=""java-order-service"",}",4587520.0
1790100935.142,java-order-service,jvm_memory_committed_bytes,"{area=""heap"",id=""G1 Eden Space"",language=""java"",service=""java-order-service"",}",57671680.0
1790100935.142,java-order-service,jvm_memory_committed_bytes,"{area=""nonheap"",id=""CodeHeap 'profiled nmethods'"",language=""java"",service=""java-order-service"",}",17235968.0
1790100935.142,java-order-service,jvm_memory_committed_bytes,"{area=""nonheap"",id=""CodeHeap 'non-nmethods'"",language=""java"",service=""java-order-service"",}",2555904.0
1790100935.142,java-order-service,jvm_memory_committed_bytes,"{area=""heap"",id=""G1 Survivor Space"",language=""java"",service=""java-order-service"",}",5242880.0
1790100935.142,java-order-service,jvm_memory_committed_bytes,"{area=""nonheap"",id=""Compressed Class Space"",language=""java"",service=""java-order-service"",}",11075584.0
1790100935.142,java-order-service,jvm_memory_committed_bytes,"{area=""heap"",id=""G1 Old Gen"",language=""java"",service=""java-order-service"",}",36700160.0
1790100935.142,java-order-service,jvm_memory_committed_bytes,"{area=""nonheap"",id=""Metaspace"",language=""java"",service=""java-order-service"",}",80216064.0
1790100935.142,java-order-service,hikaricp_connections_active,"{language=""java"",pool=""HikariPool-1"",service=""java-order-service"",}",0.0
1790100935.142,java-order-service,hikaricp_connections_pending,"{language=""java"",pool=""HikariPool-1"",service=""java-order-service"",}",0.0
1790100940.200,java-user-service,hikaricp_connections_acquire_seconds_count,"{framework=""spring-boot"",language=""java"",pool=""HikariPool-1"",service=""java-user-service"",}",858.0
1790100940.200,java-user-service,hikaricp_connections_acquire_seconds_sum,"{framework=""spring-boot"",language=""java"",pool=""HikariPool-1"",service=""java-user-service"",}",0.132411722
1790100940.200,java-user-service,system_cpu_usage,"{framework=""spring-boot"",language=""java"",service=""java-user-service"",}",0.07203194444444444
1790100940.200,java-user-service,process_cpu_usage,"{framework=""spring-boot"",language=""java"",service=""java-user-service"",}",0.07222222222222222
1790100940.200,java-user-service,tomcat_threads_busy_threads,"{framework=""spring-boot"",language=""java"",name=""http-nio-9081"",service=""java-user-service"",}",1.0
1790100940.200,java-user-service,tomcat_threads_current_threads,"{framework=""spring-boot"",language=""java"",name=""http-nio-9081"",service=""java-user-service"",}",64.0
1790100940.200,java-user-service,jvm_memory_committed_bytes,"{area=""nonheap"",framework=""spring-boot"",id=""CodeHeap 'non-nmethods'"",language=""java"",service=""java-user-service"",}",2555904.0
1790100940.200,java-user-service,jvm_memory_committed_bytes,"{area=""nonheap"",framework=""spring-boot"",id=""CodeHeap 'non-profiled nmethods'"",language=""java"",service=""java-user-service"",}",10944512.0
1790100940.200,java-user-service,jvm_memory_committed_bytes,"{area=""heap"",framework=""spring-boot"",id=""G1 Survivor Space"",language=""java"",service=""java-user-service"",}",1048576.0
1790100940.200,java-user-service,jvm_memory_committed_bytes,"{area=""heap"",framework=""spring-boot"",id=""G1 Old Gen"",language=""java"",service=""java-user-service"",}",51380224.0
1790100940.200,java-user-service,jvm_memory_committed_bytes,"{area=""nonheap"",framework=""spring-boot"",id=""Metaspace"",language=""java"",service=""java-user-service"",}",103350272.0
1790100940.200,java-user-service,jvm_memory_committed_bytes,"{area=""heap"",framework=""spring-boot"",id=""G1 Eden Space"",language=""java"",service=""java-user-service"",}",80740352.0
1790100940.200,java-user-service,jvm_memory_committed_bytes,"{area=""nonheap"",framework=""spring-boot"",id=""Compressed Class Space"",language=""java"",service=""java-user-service"",}",13893632.0
1790100940.200,java-user-service,jvm_memory_committed_bytes,"{area=""nonheap"",framework=""spring-boot"",id=""CodeHeap 'profiled nmethods'"",language=""java"",service=""java-user-service"",}",27131904.0
1790100940.200,java-user-service,hikaricp_connections_pending,"{framework=""spring-boot"",language=""java"",pool=""HikariPool-1"",service=""java-user-service"",}",0.0
1790100940.200,java-user-service,hikaricp_connections_usage_seconds_count,"{framework=""spring-boot"",language=""java"",pool=""HikariPool-1"",service=""java-user-service"",}",858.0
1790100940.200,java-user-service,hikaricp_connections_usage_seconds_sum,"{framework=""spring-boot"",language=""java"",pool=""HikariPool-1"",service=""java-user-service"",}",22.317
1790100940.200,java-user-service,tomcat_threads_config_max_threads,"{framework=""spring-boot"",language=""java"",name=""http-nio-9081"",service=""java-user-service"",}",64.0
1790100940.200,java-user-service,hikaricp_connections_active,"{framework=""spring-boot"",language=""java"",pool=""HikariPool-1"",service=""java-user-service"",}",0.0
1790100940.200,java-user-service,jvm_memory_used_bytes,"{area=""nonheap"",framework=""spring-boot"",id=""CodeHeap 'non-nmethods'"",language=""java"",service=""java-user-service"",}",1642752.0
1790100940.200,java-user-service,jvm_memory_used_bytes,"{area=""nonheap"",framework=""spring-boot"",id=""CodeHeap 'non-profiled nmethods'"",language=""java"",service=""java-user-service"",}",9497728.0
1790100940.200,java-user-service,jvm_memory_used_bytes,"{area=""heap"",framework=""spring-boot"",id=""G1 Survivor Space"",language=""java"",service=""java-user-service"",}",767040.0
1790100940.200,java-user-service,jvm_memory_used_bytes,"{area=""heap"",framework=""spring-boot"",id=""G1 Old Gen"",language=""java"",service=""java-user-service"",}",48171136.0
1790100940.200,java-user-service,jvm_memory_used_bytes,"{area=""nonheap"",framework=""spring-boot"",id=""Metaspace"",language=""java"",service=""java-user-service"",}",102306832.0
1790100940.200,java-user-service,jvm_memory_used_bytes,"{area=""heap"",framework=""spring-boot"",id=""G1 Eden Space"",language=""java"",service=""java-user-service"",}",51380224.0
1790100940.200,java-user-service,jvm_memory_used_bytes,"{area=""nonheap"",framework=""spring-boot"",id=""Compressed Class Space"",language=""java"",service=""java-user-service"",}",13414536.0
1790100940.200,java-user-service,jvm_memory_used_bytes,"{area=""nonheap"",framework=""spring-boot"",id=""CodeHeap 'profiled nmethods'"",language=""java"",service=""java-user-service"",}",9895936.0
1790100940.200,java-user-service,jvm_gc_pause_seconds_count,"{action=""end of minor GC"",cause=""G1 Evacuation Pause"",framework=""spring-boot"",gc=""G1 Young Generation"",language=""java"",service=""java-user-service"",}",95.0
1790100940.200,java-user-service,jvm_gc_pause_seconds_sum,"{action=""end of minor GC"",cause=""G1 Evacuation Pause"",framework=""spring-boot"",gc=""G1 Young Generation"",language=""java"",service=""java-user-service"",}",0.524
1790100940.200,java-product-service,hikaricp_connections_active,"{language=""java"",pool=""HikariPool-1"",service=""java-product-service"",}",0.0
1790100940.200,java-product-service,tomcat_threads_busy_threads,"{language=""java"",name=""http-nio-9082"",service=""java-product-service"",}",1.0
1790100940.200,java-product-service,jvm_gc_pause_seconds_count,"{action=""end of minor GC"",cause=""G1 Evacuation Pause"",gc=""G1 Young Generation"",language=""java"",service=""java-product-service"",}",44.0
1790100940.200,java-product-service,jvm_gc_pause_seconds_sum,"{action=""end of minor GC"",cause=""G1 Evacuation Pause"",gc=""G1 Young Generation"",language=""java"",service=""java-product-service"",}",0.229
1790100940.200,java-product-service,tomcat_threads_current_threads,"{language=""java"",name=""http-nio-9082"",service=""java-product-service"",}",64.0
1790100940.200,java-product-service,hikaricp_connections_acquire_seconds_count,"{language=""java"",pool=""HikariPool-1"",service=""java-product-service"",}",639.0
1790100940.200,java-product-service,hikaricp_connections_acquire_seconds_sum,"{language=""java"",pool=""HikariPool-1"",service=""java-product-service"",}",3.826058948
1790100940.200,java-product-service,process_cpu_usage,"{language=""java"",service=""java-product-service"",}",0.05
1790100940.200,java-product-service,system_cpu_usage,"{language=""java"",service=""java-product-service"",}",0.05112930555555555
1790100940.200,java-product-service,jvm_memory_used_bytes,"{area=""nonheap"",id=""CodeHeap 'non-nmethods'"",language=""java"",service=""java-product-service"",}",1643008.0
1790100940.200,java-product-service,jvm_memory_used_bytes,"{area=""heap"",id=""G1 Eden Space"",language=""java"",service=""java-product-service"",}",11534336.0
1790100940.200,java-product-service,jvm_memory_used_bytes,"{area=""nonheap"",id=""Metaspace"",language=""java"",service=""java-product-service"",}",98356968.0
1790100940.200,java-product-service,jvm_memory_used_bytes,"{area=""heap"",id=""G1 Old Gen"",language=""java"",service=""java-product-service"",}",48511928.0
1790100940.200,java-product-service,jvm_memory_used_bytes,"{area=""nonheap"",id=""Compressed Class Space"",language=""java"",service=""java-product-service"",}",12978776.0
1790100940.200,java-product-service,jvm_memory_used_bytes,"{area=""heap"",id=""G1 Survivor Space"",language=""java"",service=""java-product-service"",}",3074240.0
1790100940.200,java-product-service,jvm_memory_used_bytes,"{area=""nonheap"",id=""CodeHeap 'profiled nmethods'"",language=""java"",service=""java-product-service"",}",5093888.0
1790100940.200,java-product-service,jvm_memory_used_bytes,"{area=""nonheap"",id=""CodeHeap 'non-profiled nmethods'"",language=""java"",service=""java-product-service"",}",6151040.0
1790100940.200,java-product-service,jvm_memory_committed_bytes,"{area=""nonheap"",id=""CodeHeap 'non-nmethods'"",language=""java"",service=""java-product-service"",}",2555904.0
1790100940.200,java-product-service,jvm_memory_committed_bytes,"{area=""heap"",id=""G1 Eden Space"",language=""java"",service=""java-product-service"",}",48234496.0
1790100940.200,java-product-service,jvm_memory_committed_bytes,"{area=""nonheap"",id=""Metaspace"",language=""java"",service=""java-product-service"",}",99352576.0
1790100940.200,java-product-service,jvm_memory_committed_bytes,"{area=""heap"",id=""G1 Old Gen"",language=""java"",service=""java-product-service"",}",52428800.0
1790100940.200,java-product-service,jvm_memory_committed_bytes,"{area=""nonheap"",id=""Compressed Class Space"",language=""java"",service=""java-product-service"",}",13434880.0
1790100940.200,java-product-service,jvm_memory_committed_bytes,"{area=""heap"",id=""G1 Survivor Space"",language=""java"",service=""java-product-service"",}",3145728.0
1790100940.200,java-product-service,jvm_memory_committed_bytes,"{area=""nonheap"",id=""CodeHeap 'profiled nmethods'"",language=""java"",service=""java-product-service"",}",26411008.0
1790100940.200,java-product-service,jvm_memory_committed_bytes,"{area=""nonheap"",id=""CodeHeap 'non-profiled nmethods'"",language=""java"",service=""java-product-service"",}",10485760.0
1790100940.200,java-product-service,tomcat_threads_config_max_threads,"{language=""java"",name=""http-nio-9082"",service=""java-product-service"",}",64.0
1790100940.200,java-product-service,hikaricp_connections_pending,"{language=""java"",pool=""HikariPool-1"",service=""java-product-service"",}",0.0
1790100940.200,java-product-service,hikaricp_connections_usage_seconds_count,"{language=""java"",pool=""HikariPool-1"",service=""java-product-service"",}",639.0
1790100940.200,java-product-service,hikaricp_connections_usage_seconds_sum,"{language=""java"",pool=""HikariPool-1"",service=""java-product-service"",}",2.642
1790100940.200,java-order-service,hikaricp_connections_acquire_seconds_count,"{language=""java"",pool=""HikariPool-1"",service=""java-order-service"",}",558.0
1790100940.200,java-order-service,hikaricp_connections_acquire_seconds_sum,"{language=""java"",pool=""HikariPool-1"",service=""java-order-service"",}",0.082529913
1790100940.200,java-order-service,jvm_gc_pause_seconds_count,"{action=""end of minor GC"",cause=""G1 Evacuation Pause"",gc=""G1 Young Generation"",language=""java"",service=""java-order-service"",}",1.0
1790100940.200,java-order-service,jvm_gc_pause_seconds_sum,"{action=""end of minor GC"",cause=""G1 Evacuation Pause"",gc=""G1 Young Generation"",language=""java"",service=""java-order-service"",}",0.006
1790100940.200,java-order-service,system_cpu_usage,"{language=""java"",service=""java-order-service"",}",0.03120040404040404
1790100940.200,java-order-service,process_cpu_usage,"{language=""java"",service=""java-order-service"",}",0.026262626262626262
1790100940.200,java-order-service,tomcat_threads_busy_threads,"{language=""java"",name=""http-nio-9083"",service=""java-order-service"",}",1.0
1790100940.200,java-order-service,tomcat_threads_config_max_threads,"{language=""java"",name=""http-nio-9083"",service=""java-order-service"",}",64.0
1790100940.200,java-order-service,jvm_memory_used_bytes,"{area=""nonheap"",id=""CodeHeap 'non-profiled nmethods'"",language=""java"",service=""java-order-service"",}",4597376.0
1790100940.200,java-order-service,jvm_memory_used_bytes,"{area=""heap"",id=""G1 Eden Space"",language=""java"",service=""java-order-service"",}",0.0
1790100940.200,java-order-service,jvm_memory_used_bytes,"{area=""nonheap"",id=""CodeHeap 'profiled nmethods'"",language=""java"",service=""java-order-service"",}",17254016.0
1790100940.200,java-order-service,jvm_memory_used_bytes,"{area=""nonheap"",id=""CodeHeap 'non-nmethods'"",language=""java"",service=""java-order-service"",}",1611264.0
1790100940.200,java-order-service,jvm_memory_used_bytes,"{area=""heap"",id=""G1 Survivor Space"",language=""java"",service=""java-order-service"",}",3621752.0
1790100940.200,java-order-service,jvm_memory_used_bytes,"{area=""nonheap"",id=""Compressed Class Space"",language=""java"",service=""java-order-service"",}",10677336.0
1790100940.200,java-order-service,jvm_memory_used_bytes,"{area=""heap"",id=""G1 Old Gen"",language=""java"",service=""java-order-service"",}",32243768.0
1790100940.200,java-order-service,jvm_memory_used_bytes,"{area=""nonheap"",id=""Metaspace"",language=""java"",service=""java-order-service"",}",79341560.0
1790100940.200,java-order-service,tomcat_threads_current_threads,"{language=""java"",name=""http-nio-9083"",service=""java-order-service"",}",10.0
1790100940.200,java-order-service,hikaricp_connections_usage_seconds_count,"{language=""java"",pool=""HikariPool-1"",service=""java-order-service"",}",558.0
1790100940.200,java-order-service,hikaricp_connections_usage_seconds_sum,"{language=""java"",pool=""HikariPool-1"",service=""java-order-service"",}",0.004
1790100940.200,java-order-service,jvm_memory_committed_bytes,"{area=""nonheap"",id=""CodeHeap 'non-profiled nmethods'"",language=""java"",service=""java-order-service"",}",4653056.0
1790100940.200,java-order-service,jvm_memory_committed_bytes,"{area=""heap"",id=""G1 Eden Space"",language=""java"",service=""java-order-service"",}",57671680.0
1790100940.200,java-order-service,jvm_memory_committed_bytes,"{area=""nonheap"",id=""CodeHeap 'profiled nmethods'"",language=""java"",service=""java-order-service"",}",17301504.0
1790100940.200,java-order-service,jvm_memory_committed_bytes,"{area=""nonheap"",id=""CodeHeap 'non-nmethods'"",language=""java"",service=""java-order-service"",}",2555904.0
1790100940.200,java-order-service,jvm_memory_committed_bytes,"{area=""heap"",id=""G1 Survivor Space"",language=""java"",service=""java-order-service"",}",4194304.0
1790100940.200,java-order-service,jvm_memory_committed_bytes,"{area=""nonheap"",id=""Compressed Class Space"",language=""java"",service=""java-order-service"",}",11075584.0
1790100940.200,java-order-service,jvm_memory_committed_bytes,"{area=""heap"",id=""G1 Old Gen"",language=""java"",service=""java-order-service"",}",37748736.0
1790100940.200,java-order-service,jvm_memory_committed_bytes,"{area=""nonheap"",id=""Metaspace"",language=""java"",service=""java-order-service"",}",80281600.0
1790100940.200,java-order-service,hikaricp_connections_active,"{language=""java"",pool=""HikariPool-1"",service=""java-order-service"",}",0.0
1790100940.200,java-order-service,hikaricp_connections_pending,"{language=""java"",pool=""HikariPool-1"",service=""java-order-service"",}",0.0
1790100945.260,java-user-service,hikaricp_connections_acquire_seconds_count,"{framework=""spring-boot"",language=""java"",pool=""HikariPool-1"",service=""java-user-service"",}",878.0
1790100945.260,java-user-service,hikaricp_connections_acquire_seconds_sum,"{framework=""spring-boot"",language=""java"",pool=""HikariPool-1"",service=""java-user-service"",}",0.136411931
1790100945.260,java-user-service,system_cpu_usage,"{framework=""spring-boot"",language=""java"",service=""java-user-service"",}",0.05853940740740741
1790100945.260,java-user-service,process_cpu_usage,"{framework=""spring-boot"",language=""java"",service=""java-user-service"",}",0.054814814814814816
1790100945.260,java-user-service,tomcat_threads_busy_threads,"{framework=""spring-boot"",language=""java"",name=""http-nio-9081"",service=""java-user-service"",}",1.0
1790100945.260,java-user-service,tomcat_threads_current_threads,"{framework=""spring-boot"",language=""java"",name=""http-nio-9081"",service=""java-user-service"",}",64.0
1790100945.260,java-user-service,jvm_memory_committed_bytes,"{area=""nonheap"",framework=""spring-boot"",id=""CodeHeap 'non-nmethods'"",language=""java"",service=""java-user-service"",}",2555904.0
1790100945.260,java-user-service,jvm_memory_committed_bytes,"{area=""nonheap"",framework=""spring-boot"",id=""CodeHeap 'non-profiled nmethods'"",language=""java"",service=""java-user-service"",}",10944512.0
1790100945.260,java-user-service,jvm_memory_committed_bytes,"{area=""heap"",framework=""spring-boot"",id=""G1 Survivor Space"",language=""java"",service=""java-user-service"",}",1048576.0
1790100945.260,java-user-service,jvm_memory_committed_bytes,"{area=""heap"",framework=""spring-boot"",id=""G1 Old Gen"",language=""java"",service=""java-user-service"",}",51380224.0
1790100945.260,java-user-service,jvm_memory_committed_bytes,"{area=""nonheap"",framework=""spring-boot"",id=""Metaspace"",language=""java"",service=""java-user-service"",}",103350272.0
1790100945.260,java-user-service,jvm_memory_committed_bytes,"{area=""heap"",framework=""spring-boot"",id=""G1 Eden Space"",language=""java"",service=""java-user-service"",}",80740352.0
1790100945.260,java-user-service,jvm_memory_committed_bytes,"{area=""nonheap"",framework=""spring-boot"",id=""Compressed Class Space"",language=""java"",service=""java-user-service"",}",13893632.0
1790100945.260,java-user-service,jvm_memory_committed_bytes,"{area=""nonheap"",framework=""spring-boot"",id=""CodeHeap 'profiled nmethods'"",language=""java"",service=""java-user-service"",}",27131904.0
1790100945.260,java-user-service,hikaricp_connections_pending,"{framework=""spring-boot"",language=""java"",pool=""HikariPool-1"",service=""java-user-service"",}",0.0
1790100945.260,java-user-service,hikaricp_connections_usage_seconds_count,"{framework=""spring-boot"",language=""java"",pool=""HikariPool-1"",service=""java-user-service"",}",878.0
1790100945.260,java-user-service,hikaricp_connections_usage_seconds_sum,"{framework=""spring-boot"",language=""java"",pool=""HikariPool-1"",service=""java-user-service"",}",22.317
1790100945.260,java-user-service,tomcat_threads_config_max_threads,"{framework=""spring-boot"",language=""java"",name=""http-nio-9081"",service=""java-user-service"",}",64.0
1790100945.260,java-user-service,hikaricp_connections_active,"{framework=""spring-boot"",language=""java"",pool=""HikariPool-1"",service=""java-user-service"",}",0.0
1790100945.260,java-user-service,jvm_memory_used_bytes,"{area=""nonheap"",framework=""spring-boot"",id=""CodeHeap 'non-nmethods'"",language=""java"",service=""java-user-service"",}",1642752.0
1790100945.260,java-user-service,jvm_memory_used_bytes,"{area=""nonheap"",framework=""spring-boot"",id=""CodeHeap 'non-profiled nmethods'"",language=""java"",service=""java-user-service"",}",9501696.0
1790100945.260,java-user-service,jvm_memory_used_bytes,"{area=""heap"",framework=""spring-boot"",id=""G1 Survivor Space"",language=""java"",service=""java-user-service"",}",1028672.0
1790100945.260,java-user-service,jvm_memory_used_bytes,"{area=""heap"",framework=""spring-boot"",id=""G1 Old Gen"",language=""java"",service=""java-user-service"",}",48192960.0
1790100945.260,java-user-service,jvm_memory_used_bytes,"{area=""nonheap"",framework=""spring-boot"",id=""Metaspace"",language=""java"",service=""java-user-service"",}",102311888.0
1790100945.260,java-user-service,jvm_memory_used_bytes,"{area=""heap"",framework=""spring-boot"",id=""G1 Eden Space"",language=""java"",service=""java-user-service"",}",23068672.0
1790100945.260,java-user-service,jvm_memory_used_bytes,"{area=""nonheap"",framework=""spring-boot"",id=""Compressed Class Space"",language=""java"",service=""java-user-service"",}",13414536.0
1790100945.260,java-user-service,jvm_memory_used_bytes,"{area=""nonheap"",framework=""spring-boot"",id=""CodeHeap 'profiled nmethods'"",language=""java"",service=""java-user-service"",}",9920000.0
1790100945.260,java-user-service,jvm_gc_pause_seconds_count,"{action=""end of minor GC"",cause=""G1 Evacuation Pause"",framework=""spring-boot"",gc=""G1 Young Generation"",language=""java"",service=""java-user-service"",}",96.0
1790100945.260,java-user-service,jvm_gc_pause_seconds_sum,"{action=""end of minor GC"",cause=""G1 Evacuation Pause"",framework=""spring-boot"",gc=""G1 Young Generation"",language=""java"",service=""java-user-service"",}",0.53
1790100945.260,java-product-service,hikaricp_connections_active,"{language=""java"",pool=""HikariPool-1"",service=""java-product-service"",}",0.0
1790100945.260,java-product-service,tomcat_threads_busy_threads,"{language=""java"",name=""http-nio-9082"",service=""java-product-service"",}",1.0
1790100945.260,java-product-service,jvm_gc_pause_seconds_count,"{action=""end of minor GC"",cause=""G1 Evacuation Pause"",gc=""G1 Young Generation"",language=""java"",service=""java-product-service"",}",44.0
1790100945.260,java-product-service,jvm_gc_pause_seconds_sum,"{action=""end of minor GC"",cause=""G1 Evacuation Pause"",gc=""G1 Young Generation"",language=""java"",service=""java-product-service"",}",0.229
1790100945.260,java-product-service,tomcat_threads_current_threads,"{language=""java"",name=""http-nio-9082"",service=""java-product-service"",}",64.0
1790100945.260,java-product-service,hikaricp_connections_acquire_seconds_count,"{language=""java"",pool=""HikariPool-1"",service=""java-product-service"",}",659.0
1790100945.260,java-product-service,hikaricp_connections_acquire_seconds_sum,"{language=""java"",pool=""HikariPool-1"",service=""java-product-service"",}",3.829462448
1790100945.260,java-product-service,process_cpu_usage,"{language=""java"",service=""java-product-service"",}",0.03939393939393939
1790100945.260,java-product-service,system_cpu_usage,"{language=""java"",service=""java-product-service"",}",0.04339621212121212
1790100945.260,java-product-service,jvm_memory_used_bytes,"{area=""nonheap"",id=""CodeHeap 'non-nmethods'"",language=""java"",service=""java-product-service"",}",1643008.0
1790100945.260,java-product-service,jvm_memory_used_bytes,"{area=""heap"",id=""G1 Eden Space"",language=""java"",service=""java-product-service"",}",25165824.0
1790100945.260,java-product-service,jvm_memory_used_bytes,"{area=""nonheap"",id=""Metaspace"",language=""java"",service=""java-product-service"",}",98361848.0
1790100945.260,java-product-service,jvm_memory_used_bytes,"{area=""heap"",id=""G1 Old Gen"",language=""java"",service=""java-product-service"",}",48511928.0
1790100945.260,java-product-service,jvm_memory_used_bytes,"{area=""nonheap"",id=""Compressed Class Space"",language=""java"",service=""java-product-service"",}",12978776.0
1790100945.260,java-product-service,jvm_memory_used_bytes,"{area=""heap"",id=""G1 Survivor Space"",language=""java"",service=""java-product-service"",}",3074240.0
1790100945.260,java-product-service,jvm_memory_used_bytes,"{area=""nonheap"",id=""CodeHeap 'profiled nmethods'"",language=""java"",service=""java-product-service"",}",5131008.0
1790100945.260,java-product-service,jvm_memory_used_bytes,"{area=""nonheap"",id=""CodeHeap 'non-profiled nmethods'"",language=""java"",service=""java-product-service"",}",6160640.0
1790100945.260,java-product-service,jvm_memory_committed_bytes,"{area=""nonheap"",id=""CodeHeap 'non-nmethods'"",language=""java"",service=""java-product-service"",}",2555904.0
1790100945.260,java-product-service,jvm_memory_committed_bytes,"{area=""heap"",id=""G1 Eden Space"",language=""java"",service=""java-product-service"",}",48234496.0
1790100945.260,java-product-service,jvm_memory_committed_bytes,"{area=""nonheap"",id=""Metaspace"",language=""java"",service=""java-product-service"",}",99352576.0
1790100945.260,java-product-service,jvm_memory_committed_bytes,"{area=""heap"",id=""G1 Old Gen"",language=""java"",service=""java-product-service"",}",52428800.0
1790100945.260,java-product-service,jvm_memory_committed_bytes,"{area=""nonheap"",id=""Compressed Class Space"",language=""java"",service=""java-product-service"",}",13434880.0
1790100945.260,java-product-service,jvm_memory_committed_bytes,"{area=""heap"",id=""G1 Survivor Space"",language=""java"",service=""java-product-service"",}",3145728.0
1790100945.260,java-product-service,jvm_memory_committed_bytes,"{area=""nonheap"",id=""CodeHeap 'profiled nmethods'"",language=""java"",service=""java-product-service"",}",26411008.0
1790100945.260,java-product-service,jvm_memory_committed_bytes,"{area=""nonheap"",id=""CodeHeap 'non-profiled nmethods'"",language=""java"",service=""java-product-service"",}",10485760.0
1790100945.260,java-product-service,tomcat_threads_config_max_threads,"{language=""java"",name=""http-nio-9082"",service=""java-product-service"",}",64.0
1790100945.260,java-product-service,hikaricp_connections_pending,"{language=""java"",pool=""HikariPool-1"",service=""java-product-service"",}",0.0
1790100945.260,java-product-service,hikaricp_connections_usage_seconds_count,"{language=""java"",pool=""HikariPool-1"",service=""java-product-service"",}",659.0
1790100945.260,java-product-service,hikaricp_connections_usage_seconds_sum,"{language=""java"",pool=""HikariPool-1"",service=""java-product-service"",}",2.642
1790100945.260,java-order-service,hikaricp_connections_acquire_seconds_count,"{language=""java"",pool=""HikariPool-1"",service=""java-order-service"",}",576.0
1790100945.260,java-order-service,hikaricp_connections_acquire_seconds_sum,"{language=""java"",pool=""HikariPool-1"",service=""java-order-service"",}",0.085642831
1790100945.260,java-order-service,jvm_gc_pause_seconds_count,"{action=""end of minor GC"",cause=""G1 Evacuation Pause"",gc=""G1 Young Generation"",language=""java"",service=""java-order-service"",}",2.0
1790100945.260,java-order-service,jvm_gc_pause_seconds_sum,"{action=""end of minor GC"",cause=""G1 Evacuation Pause"",gc=""G1 Young Generation"",language=""java"",service=""java-order-service"",}",0.023
1790100945.260,java-order-service,system_cpu_usage,"{language=""java"",service=""java-order-service"",}",0.019938205128205128
1790100945.260,java-order-service,process_cpu_usage,"{language=""java"",service=""java-order-service"",}",0.020512820512820513
1790100945.260,java-order-service,tomcat_threads_busy_threads,"{language=""java"",name=""http-nio-9083"",service=""java-order-service"",}",1.0
1790100945.260,java-order-service,tomcat_threads_config_max_threads,"{language=""java"",name=""http-nio-9083"",service=""java-order-service"",}",64.0
1790100945.260,java-order-service,jvm_memory_used_bytes,"{area=""nonheap"",id=""CodeHeap 'non-profiled nmethods'"",language=""java"",service=""java-order-service"",}",4612224.0
1790100945.260,java-order-service,jvm_memory_used_bytes,"{area=""heap"",id=""G1 Eden Space"",language=""java"",service=""java-order-service"",}",1048576.0
1790100945.260,java-order-service,jvm_memory_used_bytes,"{area=""nonheap"",id=""CodeHeap 'profiled nmethods'"",language=""java"",service=""java-order-service"",}",17297024.0
1790100945.260,java-order-service,jvm_memory_used_bytes,"{area=""nonheap"",id=""CodeHeap 'non-nmethods'"",language=""java"",service=""java-order-service"",}",1611264.0
1790100945.260,java-order-service,jvm_memory_used_bytes,"{area=""heap"",id=""G1 Survivor Space"",language=""java"",service=""java-order-service"",}",3621752.0
1790100945.260,java-order-service,jvm_memory_used_bytes,"{area=""nonheap"",id=""Compressed Class Space"",language=""java"",service=""java-order-service"",}",10677856.0
1790100945.260,java-order-service,jvm_memory_used_bytes,"{area=""heap"",id=""G1 Old Gen"",language=""java"",service=""java-order-service"",}",32243768.0
1790100945.260,java-order-service,jvm_memory_used_bytes,"{area=""nonheap"",id=""Metaspace"",language=""java"",service=""java-order-service"",}",79352024.0
1790100945.260,java-order-service,tomcat_threads_current_threads,"{language=""java"",name=""http-nio-9083"",service=""java-order-service"",}",10.0
1790100945.260,java-order-service,hikaricp_connections_usage_seconds_count,"{language=""java"",pool=""HikariPool-1"",service=""java-order-service"",}",576.0
1790100945.260,java-order-service,hikaricp_connections_usage_seconds_sum,"{language=""java"",pool=""HikariPool-1"",service=""java-order-service"",}",0.004
1790100945.260,java-order-service,jvm_memory_committed_bytes,"{area=""nonheap"",id=""CodeHeap 'non-profiled nmethods'"",language=""java"",service=""java-order-service"",}",4653056.0
1790100945.260,java-order-service,jvm_memory_committed_bytes,"{area=""heap"",id=""G1 Eden Space"",language=""java"",service=""java-order-service"",}",57671680.0
1790100945.260,java-order-service,jvm_memory_committed_bytes,"{area=""nonheap"",id=""CodeHeap 'profiled nmethods'"",language=""java"",service=""java-order-service"",}",17301504.0
1790100945.260,java-order-service,jvm_memory_committed_bytes,"{area=""nonheap"",id=""CodeHeap 'non-nmethods'"",language=""java"",service=""java-order-service"",}",2555904.0
1790100945.260,java-order-service,jvm_memory_committed_bytes,"{area=""heap"",id=""G1 Survivor Space"",language=""java"",service=""java-order-service"",}",4194304.0
1790100945.260,java-order-service,jvm_memory_committed_bytes,"{area=""nonheap"",id=""Compressed Class Space"",language=""java"",service=""java-order-service"",}",11075584.0
1790100945.260,java-order-service,jvm_memory_committed_bytes,"{area=""heap"",id=""G1 Old Gen"",language=""java"",service=""java-order-service"",}",37748736.0
1790100945.260,java-order-service,jvm_memory_committed_bytes,"{area=""nonheap"",id=""Metaspace"",language=""java"",service=""java-order-service"",}",80281600.0
1790100945.260,java-order-service,hikaricp_connections_active,"{language=""java"",pool=""HikariPool-1"",service=""java-order-service"",}",0.0
1790100945.260,java-order-service,hikaricp_connections_pending,"{language=""java"",pool=""HikariPool-1"",service=""java-order-service"",}",0.0
1790100950.312,java-user-service,hikaricp_connections_acquire_seconds_count,"{framework=""spring-boot"",language=""java"",pool=""HikariPool-1"",service=""java-user-service"",}",898.0
1790100950.312,java-user-service,hikaricp_connections_acquire_seconds_sum,"{framework=""spring-boot"",language=""java"",pool=""HikariPool-1"",service=""java-user-service"",}",0.140717471
1790100950.312,java-user-service,system_cpu_usage,"{framework=""spring-boot"",language=""java"",service=""java-user-service"",}",0.04666045454545455
1790100950.312,java-user-service,process_cpu_usage,"{framework=""spring-boot"",language=""java"",service=""java-user-service"",}",0.04696969696969697
1790100950.312,java-user-service,tomcat_threads_busy_threads,"{framework=""spring-boot"",language=""java"",name=""http-nio-9081"",service=""java-user-service"",}",1.0
1790100950.312,java-user-service,tomcat_threads_current_threads,"{framework=""spring-boot"",language=""java"",name=""http-nio-9081"",service=""java-user-service"",}",64.0
1790100950.312,java-user-service,jvm_memory_committed_bytes,"{area=""nonheap"",framework=""spring-boot"",id=""CodeHeap 'non-nmethods'"",language=""java"",service=""java-user-service"",}",2555904.0
1790100950.312,java-user-service,jvm_memory_committed_bytes,"{area=""nonheap"",framework=""spring-boot"",id=""CodeHeap 'non-profiled nmethods'"",language=""java"",service=""java-user-service"",}",10944512.0
1790100950.312,java-user-service,jvm_memory_committed_bytes,"{area=""heap"",framework=""spring-boot"",id=""G1 Survivor Space"",language=""java"",service=""java-user-service"",}",1048576.0
1790100950.312,java-user-service,jvm_memory_committed_bytes,"{area=""heap"",framework=""spring-boot"",id=""G1 Old Gen"",language=""java"",service=""java-user-service"",}",51380224.0
1790100950.312,java-user-service,jvm_memory_committed_bytes,"{area=""nonheap"",framework=""spring-boot"",id=""Metaspace"",language=""java"",service=""java-user-service"",}",103350272.0
1790100950.312,java-user-service,jvm_memory_committed_bytes,"{area=""heap"",framework=""spring-boot"",id=""G1 Eden Space"",language=""java"",service=""java-user-service"",}",80740352.0
1790100950.312,java-user-service,jvm_memory_committed_bytes,"{area=""nonheap"",framework=""spring-boot"",id=""Compressed Class Space"",language=""java"",service=""java-user-service"",}",13893632.0
1790100950.312,java-user-service,jvm_memory_committed_bytes,"{area=""nonheap"",framework=""spring-boot"",id=""CodeHeap 'profiled nmethods'"",language=""java"",service=""java-user-service"",}",27131904.0
1790100950.312,java-user-service,hikaricp_connections_pending,"{framework=""spring-boot"",language=""java"",pool=""HikariPool-1"",service=""java-user-service"",}",0.0
1790100950.312,java-user-service,hikaricp_connections_usage_seconds_count,"{framework=""spring-boot"",language=""java"",pool=""HikariPool-1"",service=""java-user-service"",}",898.0
1790100950.312,java-user-service,hikaricp_connections_usage_seconds_sum,"{framework=""spring-boot"",language=""java"",pool=""HikariPool-1"",service=""java-user-service"",}",22.317
1790100950.312,java-user-service,tomcat_threads_config_max_threads,"{framework=""spring-boot"",language=""java"",name=""http-nio-9081"",service=""java-user-service"",}",64.0
1790100950.312,java-user-service,hikaricp_connections_active,"{framework=""spring-boot"",language=""java"",pool=""HikariPool-1"",service=""java-user-service"",}",0.0
1790100950.312,java-user-service,jvm_memory_used_bytes,"{area=""nonheap"",framework=""spring-boot"",id=""CodeHeap 'non-nmethods'"",language=""java"",service=""java-user-service"",}",1642752.0
1790100950.312,java-user-service,jvm_memory_used_bytes,"{area=""nonheap"",framework=""spring-boot"",id=""CodeHeap 'non-profiled nmethods'"",language=""java"",service=""java-user-service"",}",9505024.0
1790100950.312,java-user-service,jvm_memory_used_bytes,"{area=""heap"",framework=""spring-boot"",id=""G1 Survivor Space"",language=""java"",service=""java-user-service"",}",1028672.0
1790100950.312,java-user-service,jvm_memory_used_bytes,"{area=""heap"",framework=""spring-boot"",id=""G1 Old Gen"",language=""java"",service=""java-user-service"",}",48192960.0
1790100950.312,java-user-service,jvm_memory_used_bytes,"{area=""nonheap"",framework=""spring-boot"",id=""Metaspace"",language=""java"",service=""java-user-service"",}",102315296.0
1790100950.312,java-user-service,jvm_memory_used_bytes,"{area=""heap"",framework=""spring-boot"",id=""G1 Eden Space"",language=""java"",service=""java-user-service"",}",55574528.0
1790100950.312,java-user-service,jvm_memory_used_bytes,"{area=""nonheap"",framework=""spring-boot"",id=""Compressed Class Space"",language=""java"",service=""java-user-service"",}",13415048.0
1790100950.312,java-user-service,jvm_memory_used_bytes,"{area=""nonheap"",framework=""spring-boot"",id=""CodeHeap 'profiled nmethods'"",language=""java"",service=""java-user-service"",}",9934848.0
1790100950.312,java-user-service,jvm_gc_pause_seconds_count,"{action=""end of minor GC"",cause=""G1 Evacuation Pause"",framework=""spring-boot"",gc=""G1 Young Generation"",language=""java"",service=""java-user-service"",}",96.0
1790100950.312,java-user-service,jvm_gc_pause_seconds_sum,"{action=""end of minor GC"",cause=""G1 Evacuation Pause"",framework=""spring-boot"",gc=""G1 Young Generation"",language=""java"",service=""java-user-service"",}",0.53
1790100950.312,java-product-service,hikaricp_connections_active,"{language=""java"",pool=""HikariPool-1"",service=""java-product-service"",}",0.0
1790100950.312,java-product-service,tomcat_threads_busy_threads,"{language=""java"",name=""http-nio-9082"",service=""java-product-service"",}",1.0
1790100950.312,java-product-service,jvm_gc_pause_seconds_count,"{action=""end of minor GC"",cause=""G1 Evacuation Pause"",gc=""G1 Young Generation"",language=""java"",service=""java-product-service"",}",44.0
1790100950.312,java-product-service,jvm_gc_pause_seconds_sum,"{action=""end of minor GC"",cause=""G1 Evacuation Pause"",gc=""G1 Young Generation"",language=""java"",service=""java-product-service"",}",0.229
1790100950.312,java-product-service,tomcat_threads_current_threads,"{language=""java"",name=""http-nio-9082"",service=""java-product-service"",}",64.0
1790100950.312,java-product-service,hikaricp_connections_acquire_seconds_count,"{language=""java"",pool=""HikariPool-1"",service=""java-product-service"",}",679.0
1790100950.312,java-product-service,hikaricp_connections_acquire_seconds_sum,"{language=""java"",pool=""HikariPool-1"",service=""java-product-service"",}",3.833093738
1790100950.312,java-product-service,process_cpu_usage,"{language=""java"",service=""java-product-service"",}",0.03255813953488372
1790100950.312,java-product-service,system_cpu_usage,"{language=""java"",service=""java-product-service"",}",0.03229100775193799
1790100950.312,java-product-service,jvm_memory_used_bytes,"{area=""nonheap"",id=""CodeHeap 'non-nmethods'"",language=""java"",service=""java-product-service"",}",1643008.0
1790100950.312,java-product-service,jvm_memory_used_bytes,"{area=""heap"",id=""G1 Eden Space"",language=""java"",service=""java-product-service"",}",34603008.0
1790100950.312,java-product-service,jvm_memory_used_bytes,"{area=""nonheap"",id=""Metaspace"",language=""java"",service=""java-product-service"",}",98367240.0
1790100950.312,java-product-service,jvm_memory_used_bytes,"{area=""heap"",id=""G1 Old Gen"",language=""java"",service=""java-product-service"",}",48511928.0
1790100950.312,java-product-service,jvm_memory_used_bytes,"{area=""nonheap"",id=""Compressed Class Space"",language=""java"",service=""java-product-service"",}",12978776.0
1790100950.312,java-product-service,jvm_memory_used_bytes,"{area=""heap"",id=""G1 Survivor Space"",language=""java"",service=""java-product-service"",}",3074240.0
1790100950.312,java-product-service,jvm_memory_used_bytes,"{area=""nonheap"",id=""CodeHeap 'profiled nmethods'"",language=""java"",service=""java-product-service"",}",5155072.0
1790100950.312,java-product-service,jvm_memory_used_bytes,"{area=""nonheap"",id=""CodeHeap 'non-profiled nmethods'"",language=""java"",service=""java-product-service"",}",6163712.0
1790100950.312,java-product-service,jvm_memory_committed_bytes,"{area=""nonheap"",id=""CodeHeap 'non-nmethods'"",language=""java"",service=""java-product-service"",}",2555904.0
1790100950.312,java-product-service,jvm_memory_committed_bytes,"{area=""heap"",id=""G1 Eden Space"",language=""java"",service=""java-product-service"",}",48234496.0
1790100950.312,java-product-service,jvm_memory_committed_bytes,"{area=""nonheap"",id=""Metaspace"",language=""java"",service=""java-product-service"",}",99352576.0
1790100950.312,java-product-service,jvm_memory_committed_bytes,"{area=""heap"",id=""G1 Old Gen"",language=""java"",service=""java-product-service"",}",52428800.0
1790100950.312,java-product-service,jvm_memory_committed_bytes,"{area=""nonheap"",id=""Compressed Class Space"",language=""java"",service=""java-product-service"",}",13434880.0
1790100950.312,java-product-service,jvm_memory_committed_bytes,"{area=""heap"",id=""G1 Survivor Space"",language=""java"",service=""java-product-service"",}",3145728.0
1790100950.312,java-product-service,jvm_memory_committed_bytes,"{area=""nonheap"",id=""CodeHeap 'profiled nmethods'"",language=""java"",service=""java-product-service"",}",26411008.0
1790100950.312,java-product-service,jvm_memory_committed_bytes,"{area=""nonheap"",id=""CodeHeap 'non-profiled nmethods'"",language=""java"",service=""java-product-service"",}",10485760.0
1790100950.312,java-product-service,tomcat_threads_config_max_threads,"{language=""java"",name=""http-nio-9082"",service=""java-product-service"",}",64.0
1790100950.312,java-product-service,hikaricp_connections_pending,"{language=""java"",pool=""HikariPool-1"",service=""java-product-service"",}",0.0
1790100950.312,java-product-service,hikaricp_connections_usage_seconds_count,"{language=""java"",pool=""HikariPool-1"",service=""java-product-service"",}",679.0
1790100950.312,java-product-service,hikaricp_connections_usage_seconds_sum,"{language=""java"",pool=""HikariPool-1"",service=""java-product-service"",}",2.642
1790100950.312,java-order-service,hikaricp_connections_acquire_seconds_count,"{language=""java"",pool=""HikariPool-1"",service=""java-order-service"",}",598.0
1790100950.312,java-order-service,hikaricp_connections_acquire_seconds_sum,"{language=""java"",pool=""HikariPool-1"",service=""java-order-service"",}",0.088666833
1790100950.312,java-order-service,jvm_gc_pause_seconds_count,"{action=""end of minor GC"",cause=""G1 Evacuation Pause"",gc=""G1 Young Generation"",language=""java"",service=""java-order-service"",}",2.0
1790100950.312,java-order-service,jvm_gc_pause_seconds_sum,"{action=""end of minor GC"",cause=""G1 Evacuation Pause"",gc=""G1 Young Generation"",language=""java"",service=""java-order-service"",}",0.023
1790100950.312,java-order-service,system_cpu_usage,"{language=""java"",service=""java-order-service"",}",0.026177111111111113
1790100950.312,java-order-service,process_cpu_usage,"{language=""java"",service=""java-order-service"",}",0.024444444444444446
1790100950.312,java-order-service,tomcat_threads_busy_threads,"{language=""java"",name=""http-nio-9083"",service=""java-order-service"",}",1.0
1790100950.312,java-order-service,tomcat_threads_config_max_threads,"{language=""java"",name=""http-nio-9083"",service=""java-order-service"",}",64.0
1790100950.312,java-order-service,jvm_memory_used_bytes,"{area=""nonheap"",id=""CodeHeap 'non-profiled nmethods'"",language=""java"",service=""java-order-service"",}",4624640.0
1790100950.312,java-order-service,jvm_memory_used_bytes,"{area=""heap"",id=""G1 Eden Space"",language=""java"",service=""java-order-service"",}",3145728.0
1790100950.312,java-order-service,jvm_memory_used_bytes,"{area=""nonheap"",id=""CodeHeap 'profiled nmethods'"",language=""java"",service=""java-order-service"",}",17401984.0
1790100950.312,java-order-service,jvm_memory_used_bytes,"{area=""nonheap"",id=""CodeHeap 'non-nmethods'"",language=""java"",service=""java-order-service"",}",1611264.0
1790100950.312,java-order-service,jvm_memory_used_bytes,"{area=""heap"",id=""G1 Survivor Space"",language=""java"",service=""java-order-service"",}",3621752.0
1790100950.312,java-order-service,jvm_memory_used_bytes,"{area=""nonheap"",id=""Compressed Class Space"",language=""java"",service=""java-order-service"",}",10677856.0
1790100950.312,java-order-service,jvm_memory_used_bytes,"{area=""heap"",id=""G1 Old Gen"",language=""java"",service=""java-order-service"",}",32243768.0
1790100950.312,java-order-service,jvm_memory_used_bytes,"{area=""nonheap"",id=""Metaspace"",language=""java"",service=""java-order-service"",}",79375416.0
1790100950.312,java-order-service,tomcat_threads_current_threads,"{language=""java"",name=""http-nio-9083"",service=""java-order-service"",}",10.0
1790100950.312,java-order-service,hikaricp_connections_usage_seconds_count,"{language=""java"",pool=""HikariPool-1"",service=""java-order-service"",}",598.0
1790100950.312,java-order-service,hikaricp_connections_usage_seconds_sum,"{language=""java"",pool=""HikariPool-1"",service=""java-order-service"",}",0.004
1790100950.312,java-order-service,jvm_memory_committed_bytes,"{area=""nonheap"",id=""CodeHeap 'non-profiled nmethods'"",language=""java"",service=""java-order-service"",}",4653056.0
1790100950.312,java-order-service,jvm_memory_committed_bytes,"{area=""heap"",id=""G1 Eden Space"",language=""java"",service=""java-order-service"",}",57671680.0
1790100950.312,java-order-service,jvm_memory_committed_bytes,"{area=""nonheap"",id=""CodeHeap 'profiled nmethods'"",language=""java"",service=""java-order-service"",}",17432576.0
1790100950.312,java-order-service,jvm_memory_committed_bytes,"{area=""nonheap"",id=""CodeHeap 'non-nmethods'"",language=""java"",service=""java-order-service"",}",2555904.0
1790100950.312,java-order-service,jvm_memory_committed_bytes,"{area=""heap"",id=""G1 Survivor Space"",language=""java"",service=""java-order-service"",}",4194304.0
1790100950.312,java-order-service,jvm_memory_committed_bytes,"{area=""nonheap"",id=""Compressed Class Space"",language=""java"",service=""java-order-service"",}",11075584.0
1790100950.312,java-order-service,jvm_memory_committed_bytes,"{area=""heap"",id=""G1 Old Gen"",language=""java"",service=""java-order-service"",}",37748736.0
1790100950.312,java-order-service,jvm_memory_committed_bytes,"{area=""nonheap"",id=""Metaspace"",language=""java"",service=""java-order-service"",}",80281600.0
1790100950.312,java-order-service,hikaricp_connections_active,"{language=""java"",pool=""HikariPool-1"",service=""java-order-service"",}",0.0
1790100950.312,java-order-service,hikaricp_connections_pending,"{language=""java"",pool=""HikariPool-1"",service=""java-order-service"",}",0.0
1790100955.370,java-user-service,hikaricp_connections_acquire_seconds_count,"{framework=""spring-boot"",language=""java"",pool=""HikariPool-1"",service=""java-user-service"",}",918.0
1790100955.370,java-user-service,hikaricp_connections_acquire_seconds_sum,"{framework=""spring-boot"",language=""java"",pool=""HikariPool-1"",service=""java-user-service"",}",0.145120885
1790100955.370,java-user-service,system_cpu_usage,"{framework=""spring-boot"",language=""java"",service=""java-user-service"",}",0.03502698412698413
1790100955.370,java-user-service,process_cpu_usage,"{framework=""spring-boot"",language=""java"",service=""java-user-service"",}",0.031746031746031744
1790100955.370,java-user-service,tomcat_threads_busy_threads,"{framework=""spring-boot"",language=""java"",name=""http-nio-9081"",service=""java-user-service"",}",1.0
1790100955.370,java-user-service,tomcat_threads_current_threads,"{framework=""spring-boot"",language=""java"",name=""http-nio-9081"",service=""java-user-service"",}",64.0
1790100955.370,java-user-service,jvm_memory_committed_bytes,"{area=""nonheap"",framework=""spring-boot"",id=""CodeHeap 'non-nmethods'"",language=""java"",service=""java-user-service"",}",2555904.0
1790100955.370,java-user-service,jvm_memory_committed_bytes,"{area=""nonheap"",framework=""spring-boot"",id=""CodeHeap 'non-profiled nmethods'"",language=""java"",service=""java-user-service"",}",10944512.0
1790100955.370,java-user-service,jvm_memory_committed_bytes,"{area=""heap"",framework=""spring-boot"",id=""G1 Survivor Space"",language=""java"",service=""java-user-service"",}",1048576.0
1790100955.370,java-user-service,jvm_memory_committed_bytes,"{area=""heap"",framework=""spring-boot"",id=""G1 Old Gen"",language=""java"",service=""java-user-service"",}",51380224.0
1790100955.370,java-user-service,jvm_memory_committed_bytes,"{area=""nonheap"",framework=""spring-boot"",id=""Metaspace"",language=""java"",service=""java-user-service"",}",103350272.0
1790100955.370,java-user-service,jvm_memory_committed_bytes,"{area=""heap"",framework=""spring-boot"",id=""G1 Eden Space"",language=""java"",service=""java-user-service"",}",80740352.0
1790100955.370,java-user-service,jvm_memory_committed_bytes,"{area=""nonheap"",framework=""spring-boot"",id=""Compressed Class Space"",language=""java"",service=""java-user-service"",}",13893632.0
1790100955.370,java-user-service,jvm_memory_committed_bytes,"{area=""nonheap"",framework=""spring-boot"",id=""CodeHeap 'profiled nmethods'"",language=""java"",service=""java-user-service"",}",27131904.0
1790100955.370,java-user-service,hikaricp_connections_pending,"{framework=""spring-boot"",language=""java"",pool=""HikariPool-1"",service=""java-user-service"",}",0.0
1790100955.370,java-user-service,hikaricp_connections_usage_seconds_count,"{framework=""spring-boot"",language=""java"",pool=""HikariPool-1"",service=""java-user-service"",}",918.0
1790100955.370,java-user-service,hikaricp_connections_usage_seconds_sum,"{framework=""spring-boot"",language=""java"",pool=""HikariPool-1"",service=""java-user-service"",}",22.317
1790100955.370,java-user-service,tomcat_threads_config_max_threads,"{framework=""spring-boot"",language=""java"",name=""http-nio-9081"",service=""java-user-service"",}",64.0
1790100955.370,java-user-service,hikaricp_connections_active,"{framework=""spring-boot"",language=""java"",pool=""HikariPool-1"",service=""java-user-service"",}",0.0
1790100955.370,java-user-service,jvm_memory_used_bytes,"{area=""nonheap"",framework=""spring-boot"",id=""CodeHeap 'non-nmethods'"",language=""java"",service=""java-user-service"",}",1642752.0
1790100955.370,java-user-service,jvm_memory_used_bytes,"{area=""nonheap"",framework=""spring-boot"",id=""CodeHeap 'non-profiled nmethods'"",language=""java"",service=""java-user-service"",}",9515008.0
1790100955.370,java-user-service,jvm_memory_used_bytes,"{area=""heap"",framework=""spring-boot"",id=""G1 Survivor Space"",language=""java"",service=""java-user-service"",}",1028672.0
1790100955.370,java-user-service,jvm_memory_used_bytes,"{area=""heap"",framework=""spring-boot"",id=""G1 Old Gen"",language=""java"",service=""java-user-service"",}",48192960.0
1790100955.370,java-user-service,jvm_memory_used_bytes,"{area=""nonheap"",framework=""spring-boot"",id=""Metaspace"",language=""java"",service=""java-user-service"",}",102324576.0
1790100955.370,java-user-service,jvm_memory_used_bytes,"{area=""heap"",framework=""spring-boot"",id=""G1 Eden Space"",language=""java"",service=""java-user-service"",}",72351744.0
1790100955.370,java-user-service,jvm_memory_used_bytes,"{area=""nonheap"",framework=""spring-boot"",id=""Compressed Class Space"",language=""java"",service=""java-user-service"",}",13415048.0
1790100955.370,java-user-service,jvm_memory_used_bytes,"{area=""nonheap"",framework=""spring-boot"",id=""CodeHeap 'profiled nmethods'"",language=""java"",service=""java-user-service"",}",10003328.0
1790100955.370,java-user-service,jvm_gc_pause_seconds_count,"{action=""end of minor GC"",cause=""G1 Evacuation Pause"",framework=""spring-boot"",gc=""G1 Young Generation"",language=""java"",service=""java-user-service"",}",96.0
1790100955.370,java-user-service,jvm_gc_pause_seconds_sum,"{action=""end of minor GC"",cause=""G1 Evacuation Pause"",framework=""spring-boot"",gc=""G1 Young Generation"",language=""java"",service=""java-user-service"",}",0.53
1790100955.370,java-product-service,hikaricp_connections_active,"{language=""java"",pool=""HikariPool-1"",service=""java-product-service"",}",0.0
1790100955.370,java-product-service,tomcat_threads_busy_threads,"{language=""java"",name=""http-nio-9082"",service=""java-product-service"",}",1.0
1790100955.370,java-product-service,jvm_gc_pause_seconds_count,"{action=""end of minor GC"",cause=""G1 Evacuation Pause"",gc=""G1 Young Generation"",language=""java"",service=""java-product-service"",}",44.0
1790100955.370,java-product-service,jvm_gc_pause_seconds_sum,"{action=""end of minor GC"",cause=""G1 Evacuation Pause"",gc=""G1 Young Generation"",language=""java"",service=""java-product-service"",}",0.229
1790100955.370,java-product-service,tomcat_threads_current_threads,"{language=""java"",name=""http-nio-9082"",service=""java-product-service"",}",64.0
1790100955.370,java-product-service,hikaricp_connections_acquire_seconds_count,"{language=""java"",pool=""HikariPool-1"",service=""java-product-service"",}",699.0
1790100955.370,java-product-service,hikaricp_connections_acquire_seconds_sum,"{language=""java"",pool=""HikariPool-1"",service=""java-product-service"",}",3.836756406
1790100955.370,java-product-service,process_cpu_usage,"{language=""java"",service=""java-product-service"",}",0.02945736434108527
1790100955.370,java-product-service,system_cpu_usage,"{language=""java"",service=""java-product-service"",}",0.032707596899224804
1790100955.370,java-product-service,jvm_memory_used_bytes,"{area=""nonheap"",id=""CodeHeap 'non-nmethods'"",language=""java"",service=""java-product-service"",}",1643008.0
1790100955.370,java-product-service,jvm_memory_used_bytes,"{area=""heap"",id=""G1 Eden Space"",language=""java"",service=""java-product-service"",}",39845888.0
1790100955.370,java-product-service,jvm_memory_used_bytes,"{area=""nonheap"",id=""Metaspace"",language=""java"",service=""java-product-service"",}",98377944.0
1790100955.370,java-product-service,jvm_memory_used_bytes,"{area=""heap"",id=""G1 Old Gen"",language=""java"",service=""java-product-service"",}",48511928.0
1790100955.370,java-product-service,jvm_memory_used_bytes,"{area=""nonheap"",id=""Compressed Class Space"",language=""java"",service=""java-product-service"",}",12978776.0
1790100955.370,java-product-service,jvm_memory_used_bytes,"{area=""heap"",id=""G1 Survivor Space"",language=""java"",service=""java-product-service"",}",3074240.0
1790100955.370,java-product-service,jvm_memory_used_bytes,"{area=""nonheap"",id=""CodeHeap 'profiled nmethods'"",language=""java"",service=""java-product-service"",}",5247360.0
1790100955.370,java-product-service,jvm_memory_used_bytes,"{area=""nonheap"",id=""CodeHeap 'non-profiled nmethods'"",language=""java"",service=""java-product-service"",}",6184064.0
1790100955.370,java-product-service,jvm_memory_committed_bytes,"{area=""nonheap"",id=""CodeHeap 'non-nmethods'"",language=""java"",service=""java-product-service"",}",2555904.0
1790100955.370,java-product-service,jvm_memory_committed_bytes,"{area=""heap"",id=""G1 Eden Space"",language=""java"",service=""java-product-service"",}",48234496.0
1790100955.370,java-product-service,jvm_memory_committed_bytes,"{area=""nonheap"",id=""Metaspace"",language=""java"",service=""java-product-service"",}",99352576.0
1790100955.370,java-product-service,jvm_memory_committed_bytes,"{area=""heap"",id=""G1 Old Gen"",language=""java"",service=""java-product-service"",}",52428800.0
1790100955.370,java-product-service,jvm_memory_committed_bytes,"{area=""nonheap"",id=""Compressed Class Space"",language=""java"",service=""java-product-service"",}",13434880.0
1790100955.370,java-product-service,jvm_memory_committed_bytes,"{area=""heap"",id=""G1 Survivor Space"",language=""java"",service=""java-product-service"",}",3145728.0
1790100955.370,java-product-service,jvm_memory_committed_bytes,"{area=""nonheap"",id=""CodeHeap 'profiled nmethods'"",language=""java"",service=""java-product-service"",}",26411008.0
1790100955.370,java-product-service,jvm_memory_committed_bytes,"{area=""nonheap"",id=""CodeHeap 'non-profiled nmethods'"",language=""java"",service=""java-product-service"",}",10485760.0
1790100955.370,java-product-service,tomcat_threads_config_max_threads,"{language=""java"",name=""http-nio-9082"",service=""java-product-service"",}",64.0
1790100955.370,java-product-service,hikaricp_connections_pending,"{language=""java"",pool=""HikariPool-1"",service=""java-product-service"",}",0.0
1790100955.370,java-product-service,hikaricp_connections_usage_seconds_count,"{language=""java"",pool=""HikariPool-1"",service=""java-product-service"",}",699.0
1790100955.370,java-product-service,hikaricp_connections_usage_seconds_sum,"{language=""java"",pool=""HikariPool-1"",service=""java-product-service"",}",2.642
1790100955.370,java-order-service,hikaricp_connections_acquire_seconds_count,"{language=""java"",pool=""HikariPool-1"",service=""java-order-service"",}",616.0
1790100955.370,java-order-service,hikaricp_connections_acquire_seconds_sum,"{language=""java"",pool=""HikariPool-1"",service=""java-order-service"",}",0.091962418
1790100955.370,java-order-service,jvm_gc_pause_seconds_count,"{action=""end of minor GC"",cause=""G1 Evacuation Pause"",gc=""G1 Young Generation"",language=""java"",service=""java-order-service"",}",2.0
1790100955.370,java-order-service,jvm_gc_pause_seconds_sum,"{action=""end of minor GC"",cause=""G1 Evacuation Pause"",gc=""G1 Young Generation"",language=""java"",service=""java-order-service"",}",0.023
1790100955.370,java-order-service,system_cpu_usage,"{language=""java"",service=""java-order-service"",}",0.021602962962962963
1790100955.370,java-order-service,process_cpu_usage,"{language=""java"",service=""java-order-service"",}",0.019753086419753086
1790100955.370,java-order-service,tomcat_threads_busy_threads,"{language=""java"",name=""http-nio-9083"",service=""java-order-service"",}",1.0
1790100955.370,java-order-service,tomcat_threads_config_max_threads,"{language=""java"",name=""http-nio-9083"",service=""java-order-service"",}",64.0
1790100955.370,java-order-service,jvm_memory_used_bytes,"{area=""nonheap"",id=""CodeHeap 'non-profiled nmethods'"",language=""java"",service=""java-order-service"",}",4636800.0
1790100955.370,java-order-service,jvm_memory_used_bytes,"{area=""heap"",id=""G1 Eden Space"",language=""java"",service=""java-order-service"",}",4194304.0
1790100955.370,java-order-service,jvm_memory_used_bytes,"{area=""nonheap"",id=""CodeHeap 'profiled nmethods'"",language=""java"",service=""java-order-service"",}",17439744.0
1790100955.370,java-order-service,jvm_memory_used_bytes,"{area=""nonheap"",id=""CodeHeap 'non-nmethods'"",language=""java"",service=""java-order-service"",}",1611264.0
1790100955.370,java-order-service,jvm_memory_used_bytes,"{area=""heap"",id=""G1 Survivor Space"",language=""java"",service=""java-order-service"",}",3621752.0
1790100955.370,java-order-service,jvm_memory_used_bytes,"{area=""nonheap"",id=""Compressed Class Space"",language=""java"",service=""java-order-service"",}",10677856.0
1790100955.370,java-order-service,jvm_memory_used_bytes,"{area=""heap"",id=""G1 Old Gen"",language=""java"",service=""java-order-service"",}",32243768.0
1790100955.370,java-order-service,jvm_memory_used_bytes,"{area=""nonheap"",id=""Metaspace"",language=""java"",service=""java-order-service"",}",79386664.0
1790100955.370,java-order-service,tomcat_threads_current_threads,"{language=""java"",name=""http-nio-9083"",service=""java-order-service"",}",10.0
1790100955.370,java-order-service,hikaricp_connections_usage_seconds_count,"{language=""java"",pool=""HikariPool-1"",service=""java-order-service"",}",616.0
1790100955.370,java-order-service,hikaricp_connections_usage_seconds_sum,"{language=""java"",pool=""HikariPool-1"",service=""java-order-service"",}",0.004
1790100955.370,java-order-service,jvm_memory_committed_bytes,"{area=""nonheap"",id=""CodeHeap 'non-profiled nmethods'"",language=""java"",service=""java-order-service"",}",4653056.0
1790100955.370,java-order-service,jvm_memory_committed_bytes,"{area=""heap"",id=""G1 Eden Space"",language=""java"",service=""java-order-service"",}",57671680.0
1790100955.370,java-order-service,jvm_memory_committed_bytes,"{area=""nonheap"",id=""CodeHeap 'profiled nmethods'"",language=""java"",service=""java-order-service"",}",17498112.0
1790100955.370,java-order-service,jvm_memory_committed_bytes,"{area=""nonheap"",id=""CodeHeap 'non-nmethods'"",language=""java"",service=""java-order-service"",}",2555904.0
1790100955.370,java-order-service,jvm_memory_committed_bytes,"{area=""heap"",id=""G1 Survivor Space"",language=""java"",service=""java-order-service"",}",4194304.0
1790100955.370,java-order-service,jvm_memory_committed_bytes,"{area=""nonheap"",id=""Compressed Class Space"",language=""java"",service=""java-order-service"",}",11075584.0
1790100955.370,java-order-service,jvm_memory_committed_bytes,"{area=""heap"",id=""G1 Old Gen"",language=""java"",service=""java-order-service"",}",37748736.0
1790100955.370,java-order-service,jvm_memory_committed_bytes,"{area=""nonheap"",id=""Metaspace"",language=""java"",service=""java-order-service"",}",80281600.0
1790100955.370,java-order-service,hikaricp_connections_active,"{language=""java"",pool=""HikariPool-1"",service=""java-order-service"",}",0.0
1790100955.370,java-order-service,hikaricp_connections_pending,"{language=""java"",pool=""HikariPool-1"",service=""java-order-service"",}",0.0
