t,service,metric,labels,value
1790112748.569,java-user-service,jvm_memory_used_bytes,"{area=""nonheap"",framework=""spring-boot"",id=""CodeHeap 'non-nmethods'"",language=""java"",service=""java-user-service"",}",1645952.0
1790112748.569,java-user-service,jvm_memory_used_bytes,"{area=""nonheap"",framework=""spring-boot"",id=""CodeHeap 'non-profiled nmethods'"",language=""java"",service=""java-user-service"",}",6989184.0
1790112748.569,java-user-service,jvm_memory_used_bytes,"{area=""heap"",framework=""spring-boot"",id=""G1 Survivor Space"",language=""java"",service=""java-user-service"",}",5004720.0
1790112748.569,java-user-service,jvm_memory_used_bytes,"{area=""heap"",framework=""spring-boot"",id=""G1 Old Gen"",language=""java"",service=""java-user-service"",}",37818296.0
1790112748.569,java-user-service,jvm_memory_used_bytes,"{area=""nonheap"",framework=""spring-boot"",id=""Metaspace"",language=""java"",service=""java-user-service"",}",101308600.0
1790112748.569,java-user-service,jvm_memory_used_bytes,"{area=""heap"",framework=""spring-boot"",id=""G1 Eden Space"",language=""java"",service=""java-user-service"",}",45088768.0
1790112748.569,java-user-service,jvm_memory_used_bytes,"{area=""nonheap"",framework=""spring-boot"",id=""Compressed Class Space"",language=""java"",service=""java-user-service"",}",13401392.0
1790112748.569,java-user-service,jvm_memory_used_bytes,"{area=""nonheap"",framework=""spring-boot"",id=""CodeHeap 'profiled nmethods'"",language=""java"",service=""java-user-service"",}",26029056.0
1790112748.569,java-user-service,jvm_gc_pause_seconds_count,"{action=""end of minor GC"",cause=""G1 Evacuation Pause"",framework=""spring-boot"",gc=""G1 Young Generation"",language=""java"",service=""java-user-service"",}",8.0
1790112748.569,java-user-service,jvm_gc_pause_seconds_sum,"{action=""end of minor GC"",cause=""G1 Evacuation Pause"",framework=""spring-boot"",gc=""G1 Young Generation"",language=""java"",service=""java-user-service"",}",0.103
1790112748.569,java-user-service,hikaricp_connections_acquire_seconds_count,"{framework=""spring-boot"",language=""java"",pool=""HikariPool-1"",service=""java-user-service"",}",282.0
1790112748.569,java-user-service,hikaricp_connections_acquire_seconds_sum,"{framework=""spring-boot"",language=""java"",pool=""HikariPool-1"",service=""java-user-service"",}",0.007169717
1790112748.569,java-user-service,jvm_memory_committed_bytes,"{area=""nonheap"",framework=""spring-boot"",id=""CodeHeap 'non-nmethods'"",language=""java"",service=""java-user-service"",}",2555904.0
1790112748.569,java-user-service,jvm_memory_committed_bytes,"{area=""nonheap"",framework=""spring-boot"",id=""CodeHeap 'non-profiled nmethods'"",language=""java"",service=""java-user-service"",}",7012352.0
1790112748.569,java-user-service,jvm_memory_committed_bytes,"{area=""heap"",framework=""spring-boot"",id=""G1 Survivor Space"",language=""java"",service=""java-user-service"",}",5242880.0
1790112748.569,java-user-service,jvm_memory_committed_bytes,"{area=""heap"",framework=""spring-boot"",id=""G1 Old Gen"",language=""java"",service=""java-user-service"",}",41943040.0
1790112748.569,java-user-service,jvm_memory_committed_bytes,"{area=""nonheap"",framework=""spring-boot"",id=""Metaspace"",language=""java"",service=""java-user-service"",}",102236160.0
1790112748.569,java-user-service,jvm_memory_committed_bytes,"{area=""heap"",framework=""spring-boot"",id=""G1 Eden Space"",language=""java"",service=""java-user-service"",}",66060288.0
1790112748.569,java-user-service,jvm_memory_committed_bytes,"{area=""nonheap"",framework=""spring-boot"",id=""Compressed Class Space"",language=""java"",service=""java-user-service"",}",13828096.0
1790112748.569,java-user-service,jvm_memory_committed_bytes,"{area=""nonheap"",framework=""spring-boot"",id=""CodeHeap 'profiled nmethods'"",language=""java"",service=""java-user-service"",}",26279936.0
1790112748.569,java-user-service,system_cpu_usage,"{framework=""spring-boot"",language=""java"",service=""java-user-service"",}",0.4243733333333333
1790112748.569,java-user-service,tomcat_threads_busy_threads,"{framework=""spring-boot"",language=""java"",name=""http-nio-9081"",service=""java-user-service"",}",1.0
1790112748.569,java-user-service,process_cpu_usage,"{framework=""spring-boot"",language=""java"",service=""java-user-service"",}",0.0
1790112748.569,java-user-service,tomcat_threads_current_threads,"{framework=""spring-boot"",language=""java"",name=""http-nio-9081"",service=""java-user-service"",}",10.0
1790112748.569,java-user-service,tomcat_threads_config_max_threads,"{framework=""spring-boot"",language=""java"",name=""http-nio-9081"",service=""java-user-service"",}",64.0
1790112748.569,java-user-service,hikaricp_connections_pending,"{framework=""spring-boot"",language=""java"",pool=""HikariPool-1"",service=""java-user-service"",}",0.0
1790112748.569,java-user-service,hikaricp_connections_active,"{framework=""spring-boot"",language=""java"",pool=""HikariPool-1"",service=""java-user-service"",}",0.0
1790112748.569,java-user-service,hikaricp_connections_usage_seconds_count,"{framework=""spring-boot"",language=""java"",pool=""HikariPool-1"",service=""java-user-service"",}",282.0
1790112748.569,java-user-service,hikaricp_connections_usage_seconds_sum,"{framework=""spring-boot"",language=""java"",pool=""HikariPool-1"",service=""java-user-service"",}",22.574
1790112748.569,java-product-service,hikaricp_connections_acquire_seconds_count,"{language=""java"",pool=""HikariPool-1"",service=""java-product-service"",}",17.0
1790112748.569,java-product-service,hikaricp_connections_acquire_seconds_sum,"{language=""java"",pool=""HikariPool-1"",service=""java-product-service"",}",0.003071002
1790112748.569,java-product-service,jvm_gc_pause_seconds_count,"{action=""end of minor GC"",cause=""G1 Evacuation Pause"",gc=""G1 Young Generation"",language=""java"",service=""java-product-service"",}",3.0
1790112748.569,java-product-service,jvm_gc_pause_seconds_sum,"{action=""end of minor GC"",cause=""G1 Evacuation Pause"",gc=""G1 Young Generation"",language=""java"",service=""java-product-service"",}",0.014
1790112748.569,java-product-service,tomcat_threads_config_max_threads,"{language=""java"",name=""http-nio-9082"",service=""java-product-service"",}",64.0
1790112748.569,java-product-service,tomcat_threads_busy_threads,"{language=""java"",name=""http-nio-9082"",service=""java-product-service"",}",1.0
1790112748.569,java-product-service,jvm_memory_committed_bytes,"{area=""nonheap"",id=""CodeHeap 'non-nmethods'"",language=""java"",service=""java-product-service"",}",2555904.0
1790112748.569,java-product-service,jvm_memory_committed_bytes,"{area=""heap"",id=""G1 Eden Space"",language=""java"",service=""java-product-service"",}",51380224.0
1790112748.569,java-product-service,jvm_memory_committed_bytes,"{area=""nonheap"",id=""Metaspace"",language=""java"",service=""java-product-service"",}",98238464.0
1790112748.569,java-product-service,jvm_memory_committed_bytes,"{area=""heap"",id=""G1 Old Gen"",language=""java"",service=""java-product-service"",}",42991616.0
1790112748.569,java-product-service,jvm_memory_committed_bytes,"{area=""nonheap"",id=""Compressed Class Space"",language=""java"",service=""java-product-service"",}",13369344.0
1790112748.569,java-product-service,jvm_memory_committed_bytes,"{area=""heap"",id=""G1 Survivor Space"",language=""java"",service=""java-product-service"",}",6291456.0
1790112748.569,java-product-service,jvm_memory_committed_bytes,"{area=""nonheap"",id=""CodeHeap 'profiled nmethods'"",language=""java"",service=""java-product-service"",}",24576000.0
1790112748.569,java-product-service,jvm_memory_committed_bytes,"{area=""nonheap"",id=""CodeHeap 'non-profiled nmethods'"",language=""java"",service=""java-product-service"",}",6291456.0
1790112748.569,java-product-service,jvm_memory_used_bytes,"{area=""nonheap"",id=""CodeHeap 'non-nmethods'"",language=""java"",service=""java-product-service"",}",1639296.0
1790112748.569,java-product-service,jvm_memory_used_bytes,"{area=""heap"",id=""G1 Eden Space"",language=""java"",service=""java-product-service"",}",0.0
1790112748.569,java-product-service,jvm_memory_used_bytes,"{area=""nonheap"",id=""Metaspace"",language=""java"",service=""java-product-service"",}",97322456.0
1790112748.569,java-product-service,jvm_memory_used_bytes,"{area=""heap"",id=""G1 Old Gen"",language=""java"",service=""java-product-service"",}",39634904.0
1790112748.569,java-product-service,jvm_memory_used_bytes,"{area=""nonheap"",id=""Compressed Class Space"",language=""java"",service=""java-product-service"",}",12966840.0
1790112748.569,java-product-service,jvm_memory_used_bytes,"{area=""heap"",id=""G1 Survivor Space"",language=""java"",service=""java-product-service"",}",3235992.0
1790112748.569,java-product-service,jvm_memory_used_bytes,"{area=""nonheap"",id=""CodeHeap 'profiled nmethods'"",language=""java"",service=""java-product-service"",}",24528384.0
1790112748.569,java-product-service,jvm_memory_used_bytes,"{area=""nonheap"",id=""CodeHeap 'non-profiled nmethods'"",language=""java"",service=""java-product-service"",}",6268416.0
1790112748.569,java-product-service,hikaricp_connections_pending,"{language=""java"",pool=""HikariPool-1"",service=""java-product-service"",}",0.0
1790112748.569,java-product-service,hikaricp_connections_active,"{language=""java"",pool=""HikariPool-1"",service=""java-product-service"",}",0.0
1790112748.569,java-product-service,hikaricp_connections_usage_seconds_count,"{language=""java"",pool=""HikariPool-1"",service=""java-product-service"",}",17.0
1790112748.569,java-product-service,hikaricp_connections_usage_seconds_sum,"{language=""java"",pool=""HikariPool-1"",service=""java-product-service"",}",0.459
1790112748.569,java-product-service,process_cpu_usage,"{language=""java"",service=""java-product-service"",}",0.0
1790112748.569,java-product-service,tomcat_threads_current_threads,"{language=""java"",name=""http-nio-9082"",service=""java-product-service"",}",10.0
1790112748.569,java-product-service,system_cpu_usage,"{language=""java"",service=""java-product-service"",}",0.0
1790112748.569,java-order-service,jvm_memory_used_bytes,"{area=""nonheap"",id=""CodeHeap 'non-profiled nmethods'"",language=""java"",service=""java-order-service"",}",3851776.0
1790112748.569,java-order-service,jvm_memory_used_bytes,"{area=""heap"",id=""G1 Eden Space"",language=""java"",service=""java-order-service"",}",13631488.0
1790112748.569,java-order-service,jvm_memory_used_bytes,"{area=""nonheap"",id=""CodeHeap 'profiled nmethods'"",language=""java"",service=""java-order-service"",}",13621888.0
1790112748.569,java-order-service,jvm_memory_used_bytes,"{area=""nonheap"",id=""CodeHeap 'non-nmethods'"",language=""java"",service=""java-order-service"",}",1610624.0
1790112748.569,java-order-service,jvm_memory_used_bytes,"{area=""heap"",id=""G1 Survivor Space"",language=""java"",service=""java-order-service"",}",5767168.0
1790112748.569,java-order-service,jvm_memory_used_bytes,"{area=""nonheap"",id=""Compressed Class Space"",language=""java"",service=""java-order-service"",}",10673384.0
1790112748.569,java-order-service,jvm_memory_used_bytes,"{area=""heap"",id=""G1 Old Gen"",language=""java"",service=""java-order-service"",}",28875608.0
1790112748.569,java-order-service,jvm_memory_used_bytes,"{area=""nonheap"",id=""Metaspace"",language=""java"",service=""java-order-service"",}",78031984.0
1790112748.569,java-order-service,jvm_memory_committed_bytes,"{area=""nonheap"",id=""CodeHeap 'non-profiled nmethods'"",language=""java"",service=""java-order-service"",}",3866624.0
1790112748.569,java-order-service,jvm_memory_committed_bytes,"{area=""heap"",id=""G1 Eden Space"",language=""java"",service=""java-order-service"",}",48234496.0
1790112748.569,java-order-service,jvm_memory_committed_bytes,"{area=""nonheap"",id=""CodeHeap 'profiled nmethods'"",language=""java"",service=""java-order-service"",}",13631488.0
1790112748.569,java-order-service,jvm_memory_committed_bytes,"{area=""nonheap"",id=""CodeHeap 'non-nmethods'"",language=""java"",service=""java-order-service"",}",2555904.0
1790112748.569,java-order-service,jvm_memory_committed_bytes,"{area=""heap"",id=""G1 Survivor Space"",language=""java"",service=""java-order-service"",}",6291456.0
1790112748.569,java-order-service,jvm_memory_committed_bytes,"{area=""nonheap"",id=""Compressed Class Space"",language=""java"",service=""java-order-service"",}",11010048.0
1790112748.569,java-order-service,jvm_memory_committed_bytes,"{area=""heap"",id=""G1 Old Gen"",language=""java"",service=""java-order-service"",}",33554432.0
1790112748.569,java-order-service,jvm_memory_committed_bytes,"{area=""nonheap"",id=""Metaspace"",language=""java"",service=""java-order-service"",}",78774272.0
1790112748.569,java-order-service,hikaricp_connections_active,"{language=""java"",pool=""HikariPool-1"",service=""java-order-service"",}",0.0
1790112748.569,java-order-service,jvm_gc_pause_seconds_count,"{action=""end of minor GC"",cause=""G1 Evacuation Pause"",gc=""G1 Young Generation"",language=""java"",service=""java-order-service"",}",1.0
1790112748.569,java-order-service,jvm_gc_pause_seconds_sum,"{action=""end of minor GC"",cause=""G1 Evacuation Pause"",gc=""G1 Young Generation"",language=""java"",service=""java-order-service"",}",0.005
1790112748.569,java-order-service,hikaricp_connections_acquire_seconds_count,"{language=""java"",pool=""HikariPool-1"",service=""java-order-service"",}",10.0
1790112748.569,java-order-service,hikaricp_connections_acquire_seconds_sum,"{language=""java"",pool=""HikariPool-1"",service=""java-order-service"",}",0.00172204
1790112748.569,java-order-service,tomcat_threads_config_max_threads,"{language=""java"",name=""http-nio-9083"",service=""java-order-service"",}",64.0
1790112748.569,java-order-service,tomcat_threads_busy_threads,"{language=""java"",name=""http-nio-9083"",service=""java-order-service"",}",1.0
1790112748.569,java-order-service,hikaricp_connections_pending,"{language=""java"",pool=""HikariPool-1"",service=""java-order-service"",}",0.0
1790112748.569,java-order-service,hikaricp_connections_usage_seconds_count,"{language=""java"",pool=""HikariPool-1"",service=""java-order-service"",}",10.0
1790112748.569,java-order-service,hikaricp_connections_usage_seconds_sum,"{language=""java"",pool=""HikariPool-1"",service=""java-order-service"",}",0.001
1790112748.569,java-order-service,process_cpu_usage,"{language=""java"",service=""java-order-service"",}",0.2
1790112748.569,java-order-service,system_cpu_usage,"{language=""java"",service=""java-order-service"",}",0.25084666666666666
1790112748.569,java-order-service,tomcat_threads_current_threads,"{language=""java"",name=""http-nio-9083"",service=""java-order-service"",}",10.0
1790112753.620,java-user-service,jvm_memory_used_bytes,"{area=""nonheap"",framework=""spring-boot"",id=""CodeHeap 'non-nmethods'"",language=""java"",service=""java-user-service"",}",1645952.0
1790112753.620,java-user-service,jvm_memory_used_bytes,"{area=""nonheap"",framework=""spring-boot"",id=""CodeHeap 'non-profiled nmethods'"",language=""java"",service=""java-user-service"",}",7116416.0
1790112753.620,java-user-service,jvm_memory_used_bytes,"{area=""heap"",framework=""spring-boot"",id=""G1 Survivor Space"",language=""java"",service=""java-user-service"",}",1944864.0
1790112753.620,java-user-service,jvm_memory_used_bytes,"{area=""heap"",framework=""spring-boot"",id=""G1 Old Gen"",language=""java"",service=""java-user-service"",}",39458360.0
1790112753.620,java-user-service,jvm_memory_used_bytes,"{area=""nonheap"",framework=""spring-boot"",id=""Metaspace"",language=""java"",service=""java-user-service"",}",101412760.0
1790112753.620,java-user-service,jvm_memory_used_bytes,"{area=""heap"",framework=""spring-boot"",id=""G1 Eden Space"",language=""java"",service=""java-user-service"",}",1048576.0
1790112753.620,java-user-service,jvm_memory_used_bytes,"{area=""nonheap"",framework=""spring-boot"",id=""Compressed Class Space"",language=""java"",service=""java-user-service"",}",13401392.0
1790112753.620,java-user-service,jvm_memory_used_bytes,"{area=""nonheap"",framework=""spring-boot"",id=""CodeHeap 'profiled nmethods'"",language=""java"",service=""java-user-service"",}",26461696.0
1790112753.620,java-user-service,jvm_gc_pause_seconds_count,"{action=""end of minor GC"",cause=""G1 Evacuation Pause"",framework=""spring-boot"",gc=""G1 Young Generation"",language=""java"",service=""java-user-service"",}",9.0
1790112753.620,java-user-service,jvm_gc_pause_seconds_sum,"{action=""end of minor GC"",cause=""G1 Evacuation Pause"",framework=""spring-boot"",gc=""G1 Young Generation"",language=""java"",service=""java-user-service"",}",0.11
1790112753.620,java-user-service,hikaricp_connections_acquire_seconds_count,"{framework=""spring-boot"",language=""java"",pool=""HikariPool-1"",service=""java-user-service"",}",310.0
1790112753.620,java-user-service,hikaricp_connections_acquire_seconds_sum,"{framework=""spring-boot"",language=""java"",pool=""HikariPool-1"",service=""java-user-service"",}",0.012368135
1790112753.620,java-user-service,jvm_memory_committed_bytes,"{area=""nonheap"",framework=""spring-boot"",id=""CodeHeap 'non-nmethods'"",language=""java"",service=""java-user-service"",}",2555904.0
1790112753.620,java-user-service,jvm_memory_committed_bytes,"{area=""nonheap"",framework=""spring-boot"",id=""CodeHeap 'non-profiled nmethods'"",language=""java"",service=""java-user-service"",}",7143424.0
1790112753.620,java-user-service,jvm_memory_committed_bytes,"{area=""heap"",framework=""spring-boot"",id=""G1 Survivor Space"",language=""java"",service=""java-user-service"",}",2097152.0
1790112753.620,java-user-service,jvm_memory_committed_bytes,"{area=""heap"",framework=""spring-boot"",id=""G1 Old Gen"",language=""java"",service=""java-user-service"",}",41943040.0
1790112753.620,java-user-service,jvm_memory_committed_bytes,"{area=""nonheap"",framework=""spring-boot"",id=""Metaspace"",language=""java"",service=""java-user-service"",}",102367232.0
1790112753.620,java-user-service,jvm_memory_committed_bytes,"{area=""heap"",framework=""spring-boot"",id=""G1 Eden Space"",language=""java"",service=""java-user-service"",}",69206016.0
1790112753.620,java-user-service,jvm_memory_committed_bytes,"{area=""nonheap"",framework=""spring-boot"",id=""Compressed Class Space"",language=""java"",service=""java-user-service"",}",13828096.0
1790112753.620,java-user-service,jvm_memory_committed_bytes,"{area=""nonheap"",framework=""spring-boot"",id=""CodeHeap 'profiled nmethods'"",language=""java"",service=""java-user-service"",}",26476544.0
1790112753.620,java-user-service,system_cpu_usage,"{framework=""spring-boot"",language=""java"",service=""java-user-service"",}",0.12785477477477478
1790112753.620,java-user-service,tomcat_threads_busy_threads,"{framework=""spring-boot"",language=""java"",name=""http-nio-9081"",service=""java-user-service"",}",1.0
1790112753.620,java-user-service,process_cpu_usage,"{framework=""spring-boot"",language=""java"",service=""java-user-service"",}",0.12612612612612611
1790112753.620,java-user-service,tomcat_threads_current_threads,"{framework=""spring-boot"",language=""java"",name=""http-nio-9081"",service=""java-user-service"",}",10.0
1790112753.620,java-user-service,tomcat_threads_config_max_threads,"{framework=""spring-boot"",language=""java"",name=""http-nio-9081"",service=""java-user-service"",}",64.0
1790112753.620,java-user-service,hikaricp_connections_pending,"{framework=""spring-boot"",language=""java"",pool=""HikariPool-1"",service=""java-user-service"",}",0.0
1790112753.620,java-user-service,hikaricp_connections_active,"{framework=""spring-boot"",language=""java"",pool=""HikariPool-1"",service=""java-user-service"",}",0.0
1790112753.620,java-user-service,hikaricp_connections_usage_seconds_count,"{framework=""spring-boot"",language=""java"",pool=""HikariPool-1"",service=""java-user-service"",}",310.0
1790112753.620,java-user-service,hikaricp_connections_usage_seconds_sum,"{framework=""spring-boot"",language=""java"",pool=""HikariPool-1"",service=""java-user-service"",}",22.984
1790112753.620,java-product-service,hikaricp_connections_acquire_seconds_count,"{language=""java"",pool=""HikariPool-1"",service=""java-product-service"",}",44.0
1790112753.620,java-product-service,hikaricp_connections_acquire_seconds_sum,"{language=""java"",pool=""HikariPool-1"",service=""java-product-service"",}",0.006872581
1790112753.620,java-product-service,jvm_gc_pause_seconds_count,"{action=""end of minor GC"",cause=""G1 Evacuation Pause"",gc=""G1 Young Generation"",language=""java"",service=""java-product-service"",}",4.0
1790112753.620,java-product-service,jvm_gc_pause_seconds_sum,"{action=""end of minor GC"",cause=""G1 Evacuation Pause"",gc=""G1 Young Generation"",language=""java"",service=""java-product-service"",}",0.02
1790112753.620,java-product-service,tomcat_threads_config_max_threads,"{language=""java"",name=""http-nio-9082"",service=""java-product-service"",}",64.0
1790112753.620,java-product-service,tomcat_threads_busy_threads,"{language=""java"",name=""http-nio-9082"",service=""java-product-service"",}",1.0
1790112753.620,java-product-service,jvm_memory_committed_bytes,"{area=""nonheap"",id=""CodeHeap 'non-nmethods'"",language=""java"",service=""java-product-service"",}",2555904.0
1790112753.620,java-product-service,jvm_memory_committed_bytes,"{area=""heap"",id=""G1 Eden Space"",language=""java"",service=""java-product-service"",}",52428800.0
1790112753.620,java-product-service,jvm_memory_committed_bytes,"{area=""nonheap"",id=""Metaspace"",language=""java"",service=""java-product-service"",}",98828288.0
1790112753.620,java-product-service,jvm_memory_committed_bytes,"{area=""heap"",id=""G1 Old Gen"",language=""java"",service=""java-product-service"",}",44040192.0
1790112753.620,java-product-service,jvm_memory_committed_bytes,"{area=""nonheap"",id=""Compressed Class Space"",language=""java"",service=""java-product-service"",}",13434880.0
1790112753.620,java-product-service,jvm_memory_committed_bytes,"{area=""heap"",id=""G1 Survivor Space"",language=""java"",service=""java-product-service"",}",4194304.0
1790112753.620,java-product-service,jvm_memory_committed_bytes,"{area=""nonheap"",id=""CodeHeap 'profiled nmethods'"",language=""java"",service=""java-product-service"",}",24772608.0
1790112753.620,java-product-service,jvm_memory_committed_bytes,"{area=""nonheap"",id=""CodeHeap 'non-profiled nmethods'"",language=""java"",service=""java-product-service"",}",6553600.0
1790112753.620,java-product-service,jvm_memory_used_bytes,"{area=""nonheap"",id=""CodeHeap 'non-nmethods'"",language=""java"",service=""java-product-service"",}",1639296.0
1790112753.620,java-product-service,jvm_memory_used_bytes,"{area=""heap"",id=""G1 Eden Space"",language=""java"",service=""java-product-service"",}",5242880.0
1790112753.620,java-product-service,jvm_memory_used_bytes,"{area=""nonheap"",id=""Metaspace"",language=""java"",service=""java-product-service"",}",97861152.0
1790112753.620,java-product-service,jvm_memory_used_bytes,"{area=""heap"",id=""G1 Old Gen"",language=""java"",service=""java-product-service"",}",39634904.0
1790112753.620,java-product-service,jvm_memory_used_bytes,"{area=""nonheap"",id=""Compressed Class Space"",language=""java"",service=""java-product-service"",}",13025296.0
1790112753.620,java-product-service,jvm_memory_used_bytes,"{area=""heap"",id=""G1 Survivor Space"",language=""java"",service=""java-product-service"",}",3235992.0
1790112753.620,java-product-service,jvm_memory_used_bytes,"{area=""nonheap"",id=""CodeHeap 'profiled nmethods'"",language=""java"",service=""java-product-service"",}",24767744.0
1790112753.620,java-product-service,jvm_memory_used_bytes,"{area=""nonheap"",id=""CodeHeap 'non-profiled nmethods'"",language=""java"",service=""java-product-service"",}",6503040.0
1790112753.620,java-product-service,hikaricp_connections_pending,"{language=""java"",pool=""HikariPool-1"",service=""java-product-service"",}",0.0
1790112753.620,java-product-service,hikaricp_connections_active,"{language=""java"",pool=""HikariPool-1"",service=""java-product-service"",}",0.0
1790112753.620,java-product-service,hikaricp_connections_usage_seconds_count,"{language=""java"",pool=""HikariPool-1"",service=""java-product-service"",}",44.0
1790112753.620,java-product-service,hikaricp_connections_usage_seconds_sum,"{language=""java"",pool=""HikariPool-1"",service=""java-product-service"",}",0.479
1790112753.620,java-product-service,process_cpu_usage,"{language=""java"",service=""java-product-service"",}",0.05555555555555555
1790112753.620,java-product-service,tomcat_threads_current_threads,"{language=""java"",name=""http-nio-9082"",service=""java-product-service"",}",10.0
1790112753.620,java-product-service,system_cpu_usage,"{language=""java"",service=""java-product-service"",}",0.058037962962962965
1790112753.620,java-order-service,jvm_memory_used_bytes,"{area=""nonheap"",id=""CodeHeap 'non-profiled nmethods'"",language=""java"",service=""java-order-service"",}",4026752.0
1790112753.620,java-order-service,jvm_memory_used_bytes,"{area=""heap"",id=""G1 Eden Space"",language=""java"",service=""java-order-service"",}",29360128.0
1790112753.620,java-order-service,jvm_memory_used_bytes,"{area=""nonheap"",id=""CodeHeap 'profiled nmethods'"",language=""java"",service=""java-order-service"",}",14136576.0
1790112753.620,java-order-service,jvm_memory_used_bytes,"{area=""nonheap"",id=""CodeHeap 'non-nmethods'"",language=""java"",service=""java-order-service"",}",1616640.0
1790112753.620,java-order-service,jvm_memory_used_bytes,"{area=""heap"",id=""G1 Survivor Space"",language=""java"",service=""java-order-service"",}",5767168.0
1790112753.620,java-order-service,jvm_memory_used_bytes,"{area=""nonheap"",id=""Compressed Class Space"",language=""java"",service=""java-order-service"",}",10987136.0
1790112753.620,java-order-service,jvm_memory_used_bytes,"{area=""heap"",id=""G1 Old Gen"",language=""java"",service=""java-order-service"",}",28875608.0
1790112753.620,java-order-service,jvm_memory_used_bytes,"{area=""nonheap"",id=""Metaspace"",language=""java"",service=""java-order-service"",}",80360160.0
1790112753.620,java-order-service,jvm_memory_committed_bytes,"{area=""nonheap"",id=""CodeHeap 'non-profiled nmethods'"",language=""java"",service=""java-order-service"",}",4063232.0
1790112753.620,java-order-service,jvm_memory_committed_bytes,"{area=""heap"",id=""G1 Eden Space"",language=""java"",service=""java-order-service"",}",48234496.0
1790112753.620,java-order-service,jvm_memory_committed_bytes,"{area=""nonheap"",id=""CodeHeap 'profiled nmethods'"",language=""java"",service=""java-order-service"",}",14155776.0
1790112753.620,java-order-service,jvm_memory_committed_bytes,"{area=""nonheap"",id=""CodeHeap 'non-nmethods'"",language=""java"",service=""java-order-service"",}",2555904.0
1790112753.620,java-order-service,jvm_memory_committed_bytes,"{area=""heap"",id=""G1 Survivor Space"",language=""java"",service=""java-order-service"",}",6291456.0
1790112753.620,java-order-service,jvm_memory_committed_bytes,"{area=""nonheap"",id=""Compressed Class Space"",language=""java"",service=""java-order-service"",}",11403264.0
1790112753.620,java-order-service,jvm_memory_committed_bytes,"{area=""heap"",id=""G1 Old Gen"",language=""java"",service=""java-order-service"",}",33554432.0
1790112753.620,java-order-service,jvm_memory_committed_bytes,"{area=""nonheap"",id=""Metaspace"",language=""java"",service=""java-order-service"",}",81199104.0
1790112753.620,java-order-service,hikaricp_connections_active,"{language=""java"",pool=""HikariPool-1"",service=""java-order-service"",}",0.0
1790112753.620,java-order-service,jvm_gc_pause_seconds_count,"{action=""end of minor GC"",cause=""G1 Evacuation Pause"",gc=""G1 Young Generation"",language=""java"",service=""java-order-service"",}",1.0
1790112753.620,java-order-service,jvm_gc_pause_seconds_sum,"{action=""end of minor GC"",cause=""G1 Evacuation Pause"",gc=""G1 Young Generation"",language=""java"",service=""java-order-service"",}",0.005
1790112753.620,java-order-service,hikaricp_connections_acquire_seconds_count,"{language=""java"",pool=""HikariPool-1"",service=""java-order-service"",}",29.0
1790112753.620,java-order-service,hikaricp_connections_acquire_seconds_sum,"{language=""java"",pool=""HikariPool-1"",service=""java-order-service"",}",0.004783748
1790112753.620,java-order-service,tomcat_threads_config_max_threads,"{language=""java"",name=""http-nio-9083"",service=""java-order-service"",}",64.0
1790112753.620,java-order-service,tomcat_threads_busy_threads,"{language=""java"",name=""http-nio-9083"",service=""java-order-service"",}",1.0
1790112753.620,java-order-service,hikaricp_connections_pending,"{language=""java"",pool=""HikariPool-1"",service=""java-order-service"",}",0.0
1790112753.620,java-order-service,hikaricp_connections_usage_seconds_count,"{language=""java"",pool=""HikariPool-1"",service=""java-order-service"",}",29.0
1790112753.620,java-order-service,hikaricp_connections_usage_seconds_sum,"{language=""java"",pool=""HikariPool-1"",service=""java-order-service"",}",0.037
1790112753.620,java-order-service,process_cpu_usage,"{language=""java"",service=""java-order-service"",}",0.0625
1790112753.620,java-order-service,system_cpu_usage,"{language=""java"",service=""java-order-service"",}",0.062285208333333335
1790112753.620,java-order-service,tomcat_threads_current_threads,"{language=""java"",name=""http-nio-9083"",service=""java-order-service"",}",10.0
1790112758.684,java-user-service,jvm_memory_used_bytes,"{area=""nonheap"",framework=""spring-boot"",id=""CodeHeap 'non-nmethods'"",language=""java"",service=""java-user-service"",}",1645952.0
1790112758.684,java-user-service,jvm_memory_used_bytes,"{area=""nonheap"",framework=""spring-boot"",id=""CodeHeap 'non-profiled nmethods'"",language=""java"",service=""java-user-service"",}",7256832.0
1790112758.684,java-user-service,jvm_memory_used_bytes,"{area=""heap"",framework=""spring-boot"",id=""G1 Survivor Space"",language=""java"",service=""java-user-service"",}",1944864.0
1790112758.684,java-user-service,jvm_memory_used_bytes,"{area=""heap"",framework=""spring-boot"",id=""G1 Old Gen"",language=""java"",service=""java-user-service"",}",39458360.0
1790112758.684,java-user-service,jvm_memory_used_bytes,"{area=""nonheap"",framework=""spring-boot"",id=""Metaspace"",language=""java"",service=""java-user-service"",}",101464040.0
1790112758.684,java-user-service,jvm_memory_used_bytes,"{area=""heap"",framework=""spring-boot"",id=""G1 Eden Space"",language=""java"",service=""java-user-service"",}",12582912.0
1790112758.684,java-user-service,jvm_memory_used_bytes,"{area=""nonheap"",framework=""spring-boot"",id=""Compressed Class Space"",language=""java"",service=""java-user-service"",}",13401392.0
1790112758.684,java-user-service,jvm_memory_used_bytes,"{area=""nonheap"",framework=""spring-boot"",id=""CodeHeap 'profiled nmethods'"",language=""java"",service=""java-user-service"",}",26661632.0
1790112758.684,java-user-service,jvm_gc_pause_seconds_count,"{action=""end of minor GC"",cause=""G1 Evacuation Pause"",framework=""spring-boot"",gc=""G1 Young Generation"",language=""java"",service=""java-user-service"",}",9.0
1790112758.684,java-user-service,jvm_gc_pause_seconds_sum,"{action=""end of minor GC"",cause=""G1 Evacuation Pause"",framework=""spring-boot"",gc=""G1 Young Generation"",language=""java"",service=""java-user-service"",}",0.11
1790112758.684,java-user-service,hikaricp_connections_acquire_seconds_count,"{framework=""spring-boot"",language=""java"",pool=""HikariPool-1"",service=""java-user-service"",}",335.0
1790112758.684,java-user-service,hikaricp_connections_acquire_seconds_sum,"{framework=""spring-boot"",language=""java"",pool=""HikariPool-1"",service=""java-user-service"",}",0.018697928
1790112758.684,java-user-service,jvm_memory_committed_bytes,"{area=""nonheap"",framework=""spring-boot"",id=""CodeHeap 'non-nmethods'"",language=""java"",service=""java-user-service"",}",2555904.0
1790112758.684,java-user-service,jvm_memory_committed_bytes,"{area=""nonheap"",framework=""spring-boot"",id=""CodeHeap 'non-profiled nmethods'"",language=""java"",service=""java-user-service"",}",7274496.0
1790112758.684,java-user-service,jvm_memory_committed_bytes,"{area=""heap"",framework=""spring-boot"",id=""G1 Survivor Space"",language=""java"",service=""java-user-service"",}",2097152.0
1790112758.684,java-user-service,jvm_memory_committed_bytes,"{area=""heap"",framework=""spring-boot"",id=""G1 Old Gen"",language=""java"",service=""java-user-service"",}",41943040.0
1790112758.684,java-user-service,jvm_memory_committed_bytes,"{area=""nonheap"",framework=""spring-boot"",id=""Metaspace"",language=""java"",service=""java-user-service"",}",102367232.0
1790112758.684,java-user-service,jvm_memory_committed_bytes,"{area=""heap"",framework=""spring-boot"",id=""G1 Eden Space"",language=""java"",service=""java-user-service"",}",69206016.0
1790112758.684,java-user-service,jvm_memory_committed_bytes,"{area=""nonheap"",framework=""spring-boot"",id=""Compressed Class Space"",language=""java"",service=""java-user-service"",}",13828096.0
1790112758.684,java-user-service,jvm_memory_committed_bytes,"{area=""nonheap"",framework=""spring-boot"",id=""CodeHeap 'profiled nmethods'"",language=""java"",service=""java-user-service"",}",26738688.0
1790112758.684,java-user-service,system_cpu_usage,"{framework=""spring-boot"",language=""java"",service=""java-user-service"",}",0.11949811965811966
1790112758.684,java-user-service,tomcat_threads_busy_threads,"{framework=""spring-boot"",language=""java"",name=""http-nio-9081"",service=""java-user-service"",}",1.0
1790112758.684,java-user-service,process_cpu_usage,"{framework=""spring-boot"",language=""java"",service=""java-user-service"",}",0.11794871794871795
1790112758.684,java-user-service,tomcat_threads_current_threads,"{framework=""spring-boot"",language=""java"",name=""http-nio-9081"",service=""java-user-service"",}",10.0
1790112758.684,java-user-service,tomcat_threads_config_max_threads,"{framework=""spring-boot"",language=""java"",name=""http-nio-9081"",service=""java-user-service"",}",64.0
1790112758.684,java-user-service,hikaricp_connections_pending,"{framework=""spring-boot"",language=""java"",pool=""HikariPool-1"",service=""java-user-service"",}",0.0
1790112758.684,java-user-service,hikaricp_connections_active,"{framework=""spring-boot"",language=""java"",pool=""HikariPool-1"",service=""java-user-service"",}",0.0
1790112758.684,java-user-service,hikaricp_connections_usage_seconds_count,"{framework=""spring-boot"",language=""java"",pool=""HikariPool-1"",service=""java-user-service"",}",335.0
1790112758.684,java-user-service,hikaricp_connections_usage_seconds_sum,"{framework=""spring-boot"",language=""java"",pool=""HikariPool-1"",service=""java-user-service"",}",23.323
1790112758.684,java-product-service,hikaricp_connections_acquire_seconds_count,"{language=""java"",pool=""HikariPool-1"",service=""java-product-service"",}",65.0
1790112758.684,java-product-service,hikaricp_connections_acquire_seconds_sum,"{language=""java"",pool=""HikariPool-1"",service=""java-product-service"",}",0.012758249
1790112758.684,java-product-service,jvm_gc_pause_seconds_count,"{action=""end of minor GC"",cause=""G1 Evacuation Pause"",gc=""G1 Young Generation"",language=""java"",service=""java-product-service"",}",4.0
1790112758.684,java-product-service,jvm_gc_pause_seconds_sum,"{action=""end of minor GC"",cause=""G1 Evacuation Pause"",gc=""G1 Young Generation"",language=""java"",service=""java-product-service"",}",0.02
1790112758.684,java-product-service,tomcat_threads_config_max_threads,"{language=""java"",name=""http-nio-9082"",service=""java-product-service"",}",64.0
1790112758.684,java-product-service,tomcat_threads_busy_threads,"{language=""java"",name=""http-nio-9082"",service=""java-product-service"",}",1.0
1790112758.684,java-product-service,jvm_memory_committed_bytes,"{area=""nonheap"",id=""CodeHeap 'non-nmethods'"",language=""java"",service=""java-product-service"",}",2555904.0
1790112758.684,java-product-service,jvm_memory_committed_bytes,"{area=""heap"",id=""G1 Eden Space"",language=""java"",service=""java-product-service"",}",52428800.0
1790112758.684,java-product-service,jvm_memory_committed_bytes,"{area=""nonheap"",id=""Metaspace"",language=""java"",service=""java-product-service"",}",98828288.0
1790112758.684,java-product-service,jvm_memory_committed_bytes,"{area=""heap"",id=""G1 Old Gen"",language=""java"",service=""java-product-service"",}",44040192.0
1790112758.684,java-product-service,jvm_memory_committed_bytes,"{area=""nonheap"",id=""Compressed Class Space"",language=""java"",service=""java-product-service"",}",13434880.0
1790112758.684,java-product-service,jvm_memory_committed_bytes,"{area=""heap"",id=""G1 Survivor Space"",language=""java"",service=""java-product-service"",}",4194304.0
1790112758.684,java-product-service,jvm_memory_committed_bytes,"{area=""nonheap"",id=""CodeHeap 'profiled nmethods'"",language=""java"",service=""java-product-service"",}",24969216.0
1790112758.684,java-product-service,jvm_memory_committed_bytes,"{area=""nonheap"",id=""CodeHeap 'non-profiled nmethods'"",language=""java"",service=""java-product-service"",}",6553600.0
1790112758.684,java-product-service,jvm_memory_used_bytes,"{area=""nonheap"",id=""CodeHeap 'non-nmethods'"",language=""java"",service=""java-product-service"",}",1639296.0
1790112758.684,java-product-service,jvm_memory_used_bytes,"{area=""heap"",id=""G1 Eden Space"",language=""java"",service=""java-product-service"",}",8388608.0
1790112758.684,java-product-service,jvm_memory_used_bytes,"{area=""nonheap"",id=""Metaspace"",language=""java"",service=""java-product-service"",}",97899704.0
1790112758.684,java-product-service,jvm_memory_used_bytes,"{area=""heap"",id=""G1 Old Gen"",language=""java"",service=""java-product-service"",}",39634904.0
1790112758.684,java-product-service,jvm_memory_used_bytes,"{area=""nonheap"",id=""Compressed Class Space"",language=""java"",service=""java-product-service"",}",13025296.0
1790112758.684,java-product-service,jvm_memory_used_bytes,"{area=""heap"",id=""G1 Survivor Space"",language=""java"",service=""java-product-service"",}",3235992.0
1790112758.684,java-product-service,jvm_memory_used_bytes,"{area=""nonheap"",id=""CodeHeap 'profiled nmethods'"",language=""java"",service=""java-product-service"",}",24972160.0
1790112758.684,java-product-service,jvm_memory_used_bytes,"{area=""nonheap"",id=""CodeHeap 'non-profiled nmethods'"",language=""java"",service=""java-product-service"",}",6550400.0
1790112758.684,java-product-service,hikaricp_connections_pending,"{language=""java"",pool=""HikariPool-1"",service=""java-product-service"",}",0.0
1790112758.684,java-product-service,hikaricp_connections_active,"{language=""java"",pool=""HikariPool-1"",service=""java-product-service"",}",0.0
1790112758.684,java-product-service,hikaricp_connections_usage_seconds_count,"{language=""java"",pool=""HikariPool-1"",service=""java-product-service"",}",65.0
1790112758.684,java-product-service,hikaricp_connections_usage_seconds_sum,"{language=""java"",pool=""HikariPool-1"",service=""java-product-service"",}",0.485
1790112758.684,java-product-service,process_cpu_usage,"{language=""java"",service=""java-product-service"",}",0.03232323232323232
1790112758.684,java-product-service,tomcat_threads_current_threads,"{language=""java"",name=""http-nio-9082"",service=""java-product-service"",}",10.0
1790112758.684,java-product-service,system_cpu_usage,"{language=""java"",service=""java-product-service"",}",0.03054989898989899
1790112758.684,java-order-service,jvm_memory_used_bytes,"{area=""nonheap"",id=""CodeHeap 'non-profiled nmethods'"",language=""java"",service=""java-order-service"",}",4103296.0
1790112758.684,java-order-service,jvm_memory_used_bytes,"{area=""heap"",id=""G1 Eden Space"",language=""java"",service=""java-order-service"",}",31457280.0
1790112758.684,java-order-service,jvm_memory_used_bytes,"{area=""nonheap"",id=""CodeHeap 'profiled nmethods'"",language=""java"",service=""java-order-service"",}",14483968.0
1790112758.684,java-order-service,jvm_memory_used_bytes,"{area=""nonheap"",id=""CodeHeap 'non-nmethods'"",language=""java"",service=""java-order-service"",}",1616640.0
1790112758.684,java-order-service,jvm_memory_used_bytes,"{area=""heap"",id=""G1 Survivor Space"",language=""java"",service=""java-order-service"",}",5767168.0
1790112758.684,java-order-service,jvm_memory_used_bytes,"{area=""nonheap"",id=""Compressed Class Space"",language=""java"",service=""java-order-service"",}",10987136.0
1790112758.684,java-order-service,jvm_memory_used_bytes,"{area=""heap"",id=""G1 Old Gen"",language=""java"",service=""java-order-service"",}",28875608.0
1790112758.684,java-order-service,jvm_memory_used_bytes,"{area=""nonheap"",id=""Metaspace"",language=""java"",service=""java-order-service"",}",80528128.0
1790112758.684,java-order-service,jvm_memory_committed_bytes,"{area=""nonheap"",id=""CodeHeap 'non-profiled nmethods'"",language=""java"",service=""java-order-service"",}",4128768.0
1790112758.684,java-order-service,jvm_memory_committed_bytes,"{area=""heap"",id=""G1 Eden Space"",language=""java"",service=""java-order-service"",}",48234496.0
1790112758.684,java-order-service,jvm_memory_committed_bytes,"{area=""nonheap"",id=""CodeHeap 'profiled nmethods'"",language=""java"",service=""java-order-service"",}",14548992.0
1790112758.684,java-order-service,jvm_memory_committed_bytes,"{area=""nonheap"",id=""CodeHeap 'non-nmethods'"",language=""java"",service=""java-order-service"",}",2555904.0
1790112758.684,java-order-service,jvm_memory_committed_bytes,"{area=""heap"",id=""G1 Survivor Space"",language=""java"",service=""java-order-service"",}",6291456.0
1790112758.684,java-order-service,jvm_memory_committed_bytes,"{area=""nonheap"",id=""Compressed Class Space"",language=""java"",service=""java-order-service"",}",11403264.0
1790112758.684,java-order-service,jvm_memory_committed_bytes,"{area=""heap"",id=""G1 Old Gen"",language=""java"",service=""java-order-service"",}",33554432.0
1790112758.684,java-order-service,jvm_memory_committed_bytes,"{area=""nonheap"",id=""Metaspace"",language=""java"",service=""java-order-service"",}",81395712.0
1790112758.684,java-order-service,hikaricp_connections_active,"{language=""java"",pool=""HikariPool-1"",service=""java-order-service"",}",0.0
1790112758.684,java-order-service,jvm_gc_pause_seconds_count,"{action=""end of minor GC"",cause=""G1 Evacuation Pause"",gc=""G1 Young Generation"",language=""java"",service=""java-order-service"",}",1.0
1790112758.684,java-order-service,jvm_gc_pause_seconds_sum,"{action=""end of minor GC"",cause=""G1 Evacuation Pause"",gc=""G1 Young Generation"",language=""java"",service=""java-order-service"",}",0.005
1790112758.684,java-order-service,hikaricp_connections_acquire_seconds_count,"{language=""java"",pool=""HikariPool-1"",service=""java-order-service"",}",53.0
1790112758.684,java-order-service,hikaricp_connections_acquire_seconds_sum,"{language=""java"",pool=""HikariPool-1"",service=""java-order-service"",}",0.007482828
1790112758.684,java-order-service,tomcat_threads_config_max_threads,"{language=""java"",name=""http-nio-9083"",service=""java-order-service"",}",64.0
1790112758.684,java-order-service,tomcat_threads_busy_threads,"{language=""java"",name=""http-nio-9083"",service=""java-order-service"",}",1.0
1790112758.684,java-order-service,hikaricp_connections_pending,"{language=""java"",pool=""HikariPool-1"",service=""java-order-service"",}",0.0
1790112758.684,java-order-service,hikaricp_connections_usage_seconds_count,"{language=""java"",pool=""HikariPool-1"",service=""java-order-service"",}",53.0
1790112758.684,java-order-service,hikaricp_connections_usage_seconds_sum,"{language=""java"",pool=""HikariPool-1"",service=""java-order-service"",}",0.045
1790112758.684,java-order-service,process_cpu_usage,"{language=""java"",service=""java-order-service"",}",0.03125
1790112758.684,java-order-service,system_cpu_usage,"{language=""java"",service=""java-order-service"",}",0.036191458333333336
1790112758.684,java-order-service,tomcat_threads_current_threads,"{language=""java"",name=""http-nio-9083"",service=""java-order-service"",}",10.0
1790112763.728,java-user-service,jvm_memory_used_bytes,"{area=""nonheap"",framework=""spring-boot"",id=""CodeHeap 'non-nmethods'"",language=""java"",service=""java-user-service"",}",1645952.0
1790112763.728,java-user-service,jvm_memory_used_bytes,"{area=""nonheap"",framework=""spring-boot"",id=""CodeHeap 'non-profiled nmethods'"",language=""java"",service=""java-user-service"",}",7361792.0
1790112763.728,java-user-service,jvm_memory_used_bytes,"{area=""heap"",framework=""spring-boot"",id=""G1 Survivor Space"",language=""java"",service=""java-user-service"",}",1944864.0
1790112763.728,java-user-service,jvm_memory_used_bytes,"{area=""heap"",framework=""spring-boot"",id=""G1 Old Gen"",language=""java"",service=""java-user-service"",}",39458360.0
1790112763.728,java-user-service,jvm_memory_used_bytes,"{area=""nonheap"",framework=""spring-boot"",id=""Metaspace"",language=""java"",service=""java-user-service"",}",101512488.0
1790112763.728,java-user-service,jvm_memory_used_bytes,"{area=""heap"",framework=""spring-boot"",id=""G1 Eden Space"",language=""java"",service=""java-user-service"",}",27262976.0
1790112763.728,java-user-service,jvm_memory_used_bytes,"{area=""nonheap"",framework=""spring-boot"",id=""Compressed Class Space"",language=""java"",service=""java-user-service"",}",13403472.0
1790112763.728,java-user-service,jvm_memory_used_bytes,"{area=""nonheap"",framework=""spring-boot"",id=""CodeHeap 'profiled nmethods'"",language=""java"",service=""java-user-service"",}",26778240.0
1790112763.728,java-user-service,jvm_gc_pause_seconds_count,"{action=""end of minor GC"",cause=""G1 Evacuation Pause"",framework=""spring-boot"",gc=""G1 Young Generation"",language=""java"",service=""java-user-service"",}",9.0
1790112763.728,java-user-service,jvm_gc_pause_seconds_sum,"{action=""end of minor GC"",cause=""G1 Evacuation Pause"",framework=""spring-boot"",gc=""G1 Young Generation"",language=""java"",service=""java-user-service"",}",0.11
1790112763.728,java-user-service,hikaricp_connections_acquire_seconds_count,"{framework=""spring-boot"",language=""java"",pool=""HikariPool-1"",service=""java-user-service"",}",364.0
1790112763.728,java-user-service,hikaricp_connections_acquire_seconds_sum,"{framework=""spring-boot"",language=""java"",pool=""HikariPool-1"",service=""java-user-service"",}",0.023732009
1790112763.728,java-user-service,jvm_memory_committed_bytes,"{area=""nonheap"",framework=""spring-boot"",id=""CodeHeap 'non-nmethods'"",language=""java"",service=""java-user-service"",}",2555904.0
1790112763.728,java-user-service,jvm_memory_committed_bytes,"{area=""nonheap"",framework=""spring-boot"",id=""CodeHeap 'non-profiled nmethods'"",language=""java"",service=""java-user-service"",}",7405568.0
1790112763.728,java-user-service,jvm_memory_committed_bytes,"{area=""heap"",framework=""spring-boot"",id=""G1 Survivor Space"",language=""java"",service=""java-user-service"",}",2097152.0
1790112763.728,java-user-service,jvm_memory_committed_bytes,"{area=""heap"",framework=""spring-boot"",id=""G1 Old Gen"",language=""java"",service=""java-user-service"",}",41943040.0
1790112763.728,java-user-service,jvm_memory_committed_bytes,"{area=""nonheap"",framework=""spring-boot"",id=""Metaspace"",language=""java"",service=""java-user-service"",}",102432768.0
1790112763.728,java-user-service,jvm_memory_committed_bytes,"{area=""heap"",framework=""spring-boot"",id=""G1 Eden Space"",language=""java"",service=""java-user-service"",}",69206016.0
1790112763.728,java-user-service,jvm_memory_committed_bytes,"{area=""nonheap"",framework=""spring-boot"",id=""Compressed Class Space"",language=""java"",service=""java-user-service"",}",13828096.0
1790112763.728,java-user-service,jvm_memory_committed_bytes,"{area=""nonheap"",framework=""spring-boot"",id=""CodeHeap 'profiled nmethods'"",language=""java"",service=""java-user-service"",}",26804224.0
1790112763.728,java-user-service,system_cpu_usage,"{framework=""spring-boot"",language=""java"",service=""java-user-service"",}",0.1206418018018018
1790112763.728,java-user-service,tomcat_threads_busy_threads,"{framework=""spring-boot"",language=""java"",name=""http-nio-9081"",service=""java-user-service"",}",1.0
1790112763.728,java-user-service,process_cpu_usage,"{framework=""spring-boot"",language=""java"",service=""java-user-service"",}",0.12072072072072072
1790112763.728,java-user-service,tomcat_threads_current_threads,"{framework=""spring-boot"",language=""java"",name=""http-nio-9081"",service=""java-user-service"",}",10.0
1790112763.728,java-user-service,tomcat_threads_config_max_threads,"{framework=""spring-boot"",language=""java"",name=""http-nio-9081"",service=""java-user-service"",}",64.0
1790112763.728,java-user-service,hikaricp_connections_pending,"{framework=""spring-boot"",language=""java"",pool=""HikariPool-1"",service=""java-user-service"",}",0.0
1790112763.728,java-user-service,hikaricp_connections_active,"{framework=""spring-boot"",language=""java"",pool=""HikariPool-1"",service=""java-user-service"",}",0.0
1790112763.728,java-user-service,hikaricp_connections_usage_seconds_count,"{framework=""spring-boot"",language=""java"",pool=""HikariPool-1"",service=""java-user-service"",}",364.0
1790112763.728,java-user-service,hikaricp_connections_usage_seconds_sum,"{framework=""spring-boot"",language=""java"",pool=""HikariPool-1"",service=""java-user-service"",}",23.725
1790112763.728,java-product-service,hikaricp_connections_acquire_seconds_count,"{language=""java"",pool=""HikariPool-1"",service=""java-product-service"",}",86.0
1790112763.728,java-product-service,hikaricp_connections_acquire_seconds_sum,"{language=""java"",pool=""HikariPool-1"",service=""java-product-service"",}",0.016780291
1790112763.728,java-product-service,jvm_gc_pause_seconds_count,"{action=""end of minor GC"",cause=""G1 Evacuation Pause"",gc=""G1 Young Generation"",language=""java"",service=""java-product-service"",}",4.0
1790112763.728,java-product-service,jvm_gc_pause_seconds_sum,"{action=""end of minor GC"",cause=""G1 Evacuation Pause"",gc=""G1 Young Generation"",language=""java"",service=""java-product-service"",}",0.02
1790112763.728,java-product-service,tomcat_threads_config_max_threads,"{language=""java"",name=""http-nio-9082"",service=""java-product-service"",}",64.0
1790112763.728,java-product-service,tomcat_threads_busy_threads,"{language=""java"",name=""http-nio-9082"",service=""java-product-service"",}",1.0
1790112763.728,java-product-service,jvm_memory_committed_bytes,"{area=""nonheap"",id=""CodeHeap 'non-nmethods'"",language=""java"",service=""java-product-service"",}",2555904.0
1790112763.728,java-product-service,jvm_memory_committed_bytes,"{area=""heap"",id=""G1 Eden Space"",language=""java"",service=""java-product-service"",}",52428800.0
1790112763.728,java-product-service,jvm_memory_committed_bytes,"{area=""nonheap"",id=""Metaspace"",language=""java"",service=""java-product-service"",}",98828288.0
1790112763.728,java-product-service,jvm_memory_committed_bytes,"{area=""heap"",id=""G1 Old Gen"",language=""java"",service=""java-product-service"",}",44040192.0
1790112763.728,java-product-service,jvm_memory_committed_bytes,"{area=""nonheap"",id=""Compressed Class Space"",language=""java"",service=""java-product-service"",}",13434880.0
1790112763.728,java-product-service,jvm_memory_committed_bytes,"{area=""heap"",id=""G1 Survivor Space"",language=""java"",service=""java-product-service"",}",4194304.0
1790112763.728,java-product-service,jvm_memory_committed_bytes,"{area=""nonheap"",id=""CodeHeap 'profiled nmethods'"",language=""java"",service=""java-product-service"",}",25165824.0
1790112763.728,java-product-service,jvm_memory_committed_bytes,"{area=""nonheap"",id=""CodeHeap 'non-profiled nmethods'"",language=""java"",service=""java-product-service"",}",6619136.0
1790112763.728,java-product-service,jvm_memory_used_bytes,"{area=""nonheap"",id=""CodeHeap 'non-nmethods'"",language=""java"",service=""java-product-service"",}",1639296.0
1790112763.728,java-product-service,jvm_memory_used_bytes,"{area=""heap"",id=""G1 Eden Space"",language=""java"",service=""java-product-service"",}",10485760.0
1790112763.728,java-product-service,jvm_memory_used_bytes,"{area=""nonheap"",id=""Metaspace"",language=""java"",service=""java-product-service"",}",97974144.0
1790112763.728,java-product-service,jvm_memory_used_bytes,"{area=""heap"",id=""G1 Old Gen"",language=""java"",service=""java-product-service"",}",39634904.0
1790112763.728,java-product-service,jvm_memory_used_bytes,"{area=""nonheap"",id=""Compressed Class Space"",language=""java"",service=""java-product-service"",}",13028864.0
1790112763.728,java-product-service,jvm_memory_used_bytes,"{area=""heap"",id=""G1 Survivor Space"",language=""java"",service=""java-product-service"",}",3235992.0
1790112763.728,java-product-service,jvm_memory_used_bytes,"{area=""nonheap"",id=""CodeHeap 'profiled nmethods'"",language=""java"",service=""java-product-service"",}",25149824.0
1790112763.728,java-product-service,jvm_memory_used_bytes,"{area=""nonheap"",id=""CodeHeap 'non-profiled nmethods'"",language=""java"",service=""java-product-service"",}",6619008.0
1790112763.728,java-product-service,hikaricp_connections_pending,"{language=""java"",pool=""HikariPool-1"",service=""java-product-service"",}",0.0
1790112763.728,java-product-service,hikaricp_connections_active,"{language=""java"",pool=""HikariPool-1"",service=""java-product-service"",}",0.0
1790112763.728,java-product-service,hikaricp_connections_usage_seconds_count,"{language=""java"",pool=""HikariPool-1"",service=""java-product-service"",}",86.0
1790112763.728,java-product-service,hikaricp_connections_usage_seconds_sum,"{language=""java"",pool=""HikariPool-1"",service=""java-product-service"",}",0.486
1790112763.728,java-product-service,process_cpu_usage,"{language=""java"",service=""java-product-service"",}",0.027642276422764227
1790112763.728,java-product-service,tomcat_threads_current_threads,"{language=""java"",name=""http-nio-9082"",service=""java-product-service"",}",10.0
1790112763.728,java-product-service,system_cpu_usage,"{language=""java"",service=""java-product-service"",}",0.03022520325203252
1790112763.728,java-order-service,jvm_memory_used_bytes,"{area=""nonheap"",id=""CodeHeap 'non-profiled nmethods'"",language=""java"",service=""java-order-service"",}",4231424.0
1790112763.728,java-order-service,jvm_memory_used_bytes,"{area=""heap"",id=""G1 Eden Space"",language=""java"",service=""java-order-service"",}",33554432.0
1790112763.728,java-order-service,jvm_memory_used_bytes,"{area=""nonheap"",id=""CodeHeap 'profiled nmethods'"",language=""java"",service=""java-order-service"",}",14944512.0
1790112763.728,java-order-service,jvm_memory_used_bytes,"{area=""nonheap"",id=""CodeHeap 'non-nmethods'"",language=""java"",service=""java-order-service"",}",1616640.0
1790112763.728,java-order-service,jvm_memory_used_bytes,"{area=""heap"",id=""G1 Survivor Space"",language=""java"",service=""java-order-service"",}",5767168.0
1790112763.728,java-order-service,jvm_memory_used_bytes,"{area=""nonheap"",id=""Compressed Class Space"",language=""java"",service=""java-order-service"",}",10990184.0
1790112763.728,java-order-service,jvm_memory_used_bytes,"{area=""heap"",id=""G1 Old Gen"",language=""java"",service=""java-order-service"",}",28875608.0
1790112763.728,java-order-service,jvm_memory_used_bytes,"{area=""nonheap"",id=""Metaspace"",language=""java"",service=""java-order-service"",}",80681800.0
1790112763.728,java-order-service,jvm_memory_committed_bytes,"{area=""nonheap"",id=""CodeHeap 'non-profiled nmethods'"",language=""java"",service=""java-order-service"",}",4259840.0
1790112763.728,java-order-service,jvm_memory_committed_bytes,"{area=""heap"",id=""G1 Eden Space"",language=""java"",service=""java-order-service"",}",48234496.0
1790112763.728,java-order-service,jvm_memory_committed_bytes,"{area=""nonheap"",id=""CodeHeap 'profiled nmethods'"",language=""java"",service=""java-order-service"",}",15007744.0
1790112763.728,java-order-service,jvm_memory_committed_bytes,"{area=""nonheap"",id=""CodeHeap 'non-nmethods'"",language=""java"",service=""java-order-service"",}",2555904.0
1790112763.728,java-order-service,jvm_memory_committed_bytes,"{area=""heap"",id=""G1 Survivor Space"",language=""java"",service=""java-order-service"",}",6291456.0
1790112763.728,java-order-service,jvm_memory_committed_bytes,"{area=""nonheap"",id=""Compressed Class Space"",language=""java"",service=""java-order-service"",}",11403264.0
1790112763.728,java-order-service,jvm_memory_committed_bytes,"{area=""heap"",id=""G1 Old Gen"",language=""java"",service=""java-order-service"",}",33554432.0
1790112763.728,java-order-service,jvm_memory_committed_bytes,"{area=""nonheap"",id=""Metaspace"",language=""java"",service=""java-order-service"",}",81592320.0
1790112763.728,java-order-service,hikaricp_connections_active,"{language=""java"",pool=""HikariPool-1"",service=""java-order-service"",}",0.0
1790112763.728,java-order-service,jvm_gc_pause_seconds_count,"{action=""end of minor GC"",cause=""G1 Evacuation Pause"",gc=""G1 Young Generation"",language=""java"",service=""java-order-service"",}",1.0
1790112763.728,java-order-service,jvm_gc_pause_seconds_sum,"{action=""end of minor GC"",cause=""G1 Evacuation Pause"",gc=""G1 Young Generation"",language=""java"",service=""java-order-service"",}",0.005
1790112763.728,java-order-service,hikaricp_connections_acquire_seconds_count,"{language=""java"",pool=""HikariPool-1"",service=""java-order-service"",}",77.0
1790112763.728,java-order-service,hikaricp_connections_acquire_seconds_sum,"{language=""java"",pool=""HikariPool-1"",service=""java-order-service"",}",0.009641872
1790112763.728,java-order-service,tomcat_threads_config_max_threads,"{language=""java"",name=""http-nio-9083"",service=""java-order-service"",}",64.0
1790112763.728,java-order-service,tomcat_threads_busy_threads,"{language=""java"",name=""http-nio-9083"",service=""java-order-service"",}",1.0
1790112763.728,java-order-service,hikaricp_connections_pending,"{language=""java"",pool=""HikariPool-1"",service=""java-order-service"",}",0.0
1790112763.728,java-order-service,hikaricp_connections_usage_seconds_count,"{language=""java"",pool=""HikariPool-1"",service=""java-order-service"",}",77.0
1790112763.728,java-order-service,hikaricp_connections_usage_seconds_sum,"{language=""java"",pool=""HikariPool-1"",service=""java-order-service"",}",0.078
1790112763.728,java-order-service,process_cpu_usage,"{language=""java"",service=""java-order-service"",}",0.04040404040404041
1790112763.728,java-order-service,system_cpu_usage,"{language=""java"",service=""java-order-service"",}",0.04015979797979798
1790112763.728,java-order-service,tomcat_threads_current_threads,"{language=""java"",name=""http-nio-9083"",service=""java-order-service"",}",10.0
1790112768.782,java-user-service,jvm_memory_used_bytes,"{area=""nonheap"",framework=""spring-boot"",id=""CodeHeap 'non-nmethods'"",language=""java"",service=""java-user-service"",}",1645952.0
1790112768.782,java-user-service,jvm_memory_used_bytes,"{area=""nonheap"",framework=""spring-boot"",id=""CodeHeap 'non-profiled nmethods'"",language=""java"",service=""java-user-service"",}",7564416.0
1790112768.782,java-user-service,jvm_memory_used_bytes,"{area=""heap"",framework=""spring-boot"",id=""G1 Survivor Space"",language=""java"",service=""java-user-service"",}",1944864.0
1790112768.782,java-user-service,jvm_memory_used_bytes,"{area=""heap"",framework=""spring-boot"",id=""G1 Old Gen"",language=""java"",service=""java-user-service"",}",39458360.0
1790112768.782,java-user-service,jvm_memory_used_bytes,"{area=""nonheap"",framework=""spring-boot"",id=""Metaspace"",language=""java"",service=""java-user-service"",}",101627184.0
1790112768.782,java-user-service,jvm_memory_used_bytes,"{area=""heap"",framework=""spring-boot"",id=""G1 Eden Space"",language=""java"",service=""java-user-service"",}",48234496.0
1790112768.782,java-user-service,jvm_memory_used_bytes,"{area=""nonheap"",framework=""spring-boot"",id=""Compressed Class Space"",language=""java"",service=""java-user-service"",}",13404512.0
1790112768.782,java-user-service,jvm_memory_used_bytes,"{area=""nonheap"",framework=""spring-boot"",id=""CodeHeap 'profiled nmethods'"",language=""java"",service=""java-user-service"",}",27161216.0
1790112768.782,java-user-service,jvm_gc_pause_seconds_count,"{action=""end of minor GC"",cause=""G1 Evacuation Pause"",framework=""spring-boot"",gc=""G1 Young Generation"",language=""java"",service=""java-user-service"",}",9.0
1790112768.782,java-user-service,jvm_gc_pause_seconds_sum,"{action=""end of minor GC"",cause=""G1 Evacuation Pause"",framework=""spring-boot"",gc=""G1 Young Generation"",language=""java"",service=""java-user-service"",}",0.11
1790112768.782,java-user-service,hikaricp_connections_acquire_seconds_count,"{framework=""spring-boot"",language=""java"",pool=""HikariPool-1"",service=""java-user-service"",}",397.0
1790112768.782,java-user-service,hikaricp_connections_acquire_seconds_sum,"{framework=""spring-boot"",language=""java"",pool=""HikariPool-1"",service=""java-user-service"",}",0.030123761
1790112768.782,java-user-service,jvm_memory_committed_bytes,"{area=""nonheap"",framework=""spring-boot"",id=""CodeHeap 'non-nmethods'"",language=""java"",service=""java-user-service"",}",2555904.0
1790112768.782,java-user-service,jvm_memory_committed_bytes,"{area=""nonheap"",framework=""spring-boot"",id=""CodeHeap 'non-profiled nmethods'"",language=""java"",service=""java-user-service"",}",7602176.0
1790112768.782,java-user-service,jvm_memory_committed_bytes,"{area=""heap"",framework=""spring-boot"",id=""G1 Survivor Space"",language=""java"",service=""java-user-service"",}",2097152.0
1790112768.782,java-user-service,jvm_memory_committed_bytes,"{area=""heap"",framework=""spring-boot"",id=""G1 Old Gen"",language=""java"",service=""java-user-service"",}",41943040.0
1790112768.782,java-user-service,jvm_memory_committed_bytes,"{area=""nonheap"",framework=""spring-boot"",id=""Metaspace"",language=""java"",service=""java-user-service"",}",102563840.0
1790112768.782,java-user-service,jvm_memory_committed_bytes,"{area=""heap"",framework=""spring-boot"",id=""G1 Eden Space"",language=""java"",service=""java-user-service"",}",69206016.0
1790112768.782,java-user-service,jvm_memory_committed_bytes,"{area=""nonheap"",framework=""spring-boot"",id=""Compressed Class Space"",language=""java"",service=""java-user-service"",}",13828096.0
1790112768.782,java-user-service,jvm_memory_committed_bytes,"{area=""nonheap"",framework=""spring-boot"",id=""CodeHeap 'profiled nmethods'"",language=""java"",service=""java-user-service"",}",27197440.0
1790112768.782,java-user-service,system_cpu_usage,"{framework=""spring-boot"",language=""java"",service=""java-user-service"",}",0.13812333333333332
1790112768.782,java-user-service,tomcat_threads_busy_threads,"{framework=""spring-boot"",language=""java"",name=""http-nio-9081"",service=""java-user-service"",}",1.0
1790112768.782,java-user-service,process_cpu_usage,"{framework=""spring-boot"",language=""java"",service=""java-user-service"",}",0.13478260869565217
1790112768.782,java-user-service,tomcat_threads_current_threads,"{framework=""spring-boot"",language=""java"",name=""http-nio-9081"",service=""java-user-service"",}",10.0
1790112768.782,java-user-service,tomcat_threads_config_max_threads,"{framework=""spring-boot"",language=""java"",name=""http-nio-9081"",service=""java-user-service"",}",64.0
1790112768.782,java-user-service,hikaricp_connections_pending,"{framework=""spring-boot"",language=""java"",pool=""HikariPool-1"",service=""java-user-service"",}",0.0
1790112768.782,java-user-service,hikaricp_connections_active,"{framework=""spring-boot"",language=""java"",pool=""HikariPool-1"",service=""java-user-service"",}",0.0
1790112768.782,java-user-service,hikaricp_connections_usage_seconds_count,"{framework=""spring-boot"",language=""java"",pool=""HikariPool-1"",service=""java-user-service"",}",397.0
1790112768.782,java-user-service,hikaricp_connections_usage_seconds_sum,"{framework=""spring-boot"",language=""java"",pool=""HikariPool-1"",service=""java-user-service"",}",24.345
1790112768.782,java-product-service,hikaricp_connections_acquire_seconds_count,"{language=""java"",pool=""HikariPool-1"",service=""java-product-service"",}",109.0
1790112768.782,java-product-service,hikaricp_connections_acquire_seconds_sum,"{language=""java"",pool=""HikariPool-1"",service=""java-product-service"",}",0.020840835
1790112768.782,java-product-service,jvm_gc_pause_seconds_count,"{action=""end of minor GC"",cause=""G1 Evacuation Pause"",gc=""G1 Young Generation"",language=""java"",service=""java-product-service"",}",4.0
1790112768.782,java-product-service,jvm_gc_pause_seconds_sum,"{action=""end of minor GC"",cause=""G1 Evacuation Pause"",gc=""G1 Young Generation"",language=""java"",service=""java-product-service"",}",0.02
1790112768.782,java-product-service,tomcat_threads_config_max_threads,"{language=""java"",name=""http-nio-9082"",service=""java-product-service"",}",64.0
1790112768.782,java-product-service,tomcat_threads_busy_threads,"{language=""java"",name=""http-nio-9082"",service=""java-product-service"",}",1.0
1790112768.782,java-product-service,jvm_memory_committed_bytes,"{area=""nonheap"",id=""CodeHeap 'non-nmethods'"",language=""java"",service=""java-product-service"",}",2555904.0
1790112768.782,java-product-service,jvm_memory_committed_bytes,"{area=""heap"",id=""G1 Eden Space"",language=""java"",service=""java-product-service"",}",52428800.0
1790112768.782,java-product-service,jvm_memory_committed_bytes,"{area=""nonheap"",id=""Metaspace"",language=""java"",service=""java-product-service"",}",98959360.0
1790112768.782,java-product-service,jvm_memory_committed_bytes,"{area=""heap"",id=""G1 Old Gen"",language=""java"",service=""java-product-service"",}",44040192.0
1790112768.782,java-product-service,jvm_memory_committed_bytes,"{area=""nonheap"",id=""Compressed Class Space"",language=""java"",service=""java-product-service"",}",13434880.0
1790112768.782,java-product-service,jvm_memory_committed_bytes,"{area=""heap"",id=""G1 Survivor Space"",language=""java"",service=""java-product-service"",}",4194304.0
1790112768.782,java-product-service,jvm_memory_committed_bytes,"{area=""nonheap"",id=""CodeHeap 'profiled nmethods'"",language=""java"",service=""java-product-service"",}",25296896.0
1790112768.782,java-product-service,jvm_memory_committed_bytes,"{area=""nonheap"",id=""CodeHeap 'non-profiled nmethods'"",language=""java"",service=""java-product-service"",}",6684672.0
1790112768.782,java-product-service,jvm_memory_used_bytes,"{area=""nonheap"",id=""CodeHeap 'non-nmethods'"",language=""java"",service=""java-product-service"",}",1639296.0
1790112768.782,java-product-service,jvm_memory_used_bytes,"{area=""heap"",id=""G1 Eden Space"",language=""java"",service=""java-product-service"",}",13631488.0
1790112768.782,java-product-service,jvm_memory_used_bytes,"{area=""nonheap"",id=""Metaspace"",language=""java"",service=""java-product-service"",}",98013624.0
1790112768.782,java-product-service,jvm_memory_used_bytes,"{area=""heap"",id=""G1 Old Gen"",language=""java"",service=""java-product-service"",}",39634904.0
1790112768.782,java-product-service,jvm_memory_used_bytes,"{area=""nonheap"",id=""Compressed Class Space"",language=""java"",service=""java-product-service"",}",13028864.0
1790112768.782,java-product-service,jvm_memory_used_bytes,"{area=""heap"",id=""G1 Survivor Space"",language=""java"",service=""java-product-service"",}",3235992.0
1790112768.782,java-product-service,jvm_memory_used_bytes,"{area=""nonheap"",id=""CodeHeap 'profiled nmethods'"",language=""java"",service=""java-product-service"",}",25312256.0
1790112768.782,java-product-service,jvm_memory_used_bytes,"{area=""nonheap"",id=""CodeHeap 'non-profiled nmethods'"",language=""java"",service=""java-product-service"",}",6680064.0
1790112768.782,java-product-service,hikaricp_connections_pending,"{language=""java"",pool=""HikariPool-1"",service=""java-product-service"",}",0.0
1790112768.782,java-product-service,hikaricp_connections_active,"{language=""java"",pool=""HikariPool-1"",service=""java-product-service"",}",0.0
1790112768.782,java-product-service,hikaricp_connections_usage_seconds_count,"{language=""java"",pool=""HikariPool-1"",service=""java-product-service"",}",109.0
1790112768.782,java-product-service,hikaricp_connections_usage_seconds_sum,"{language=""java"",pool=""HikariPool-1"",service=""java-product-service"",}",0.491
1790112768.782,java-product-service,process_cpu_usage,"{language=""java"",service=""java-product-service"",}",0.032432432432432434
1790112768.782,java-product-service,tomcat_threads_current_threads,"{language=""java"",name=""http-nio-9082"",service=""java-product-service"",}",10.0
1790112768.782,java-product-service,system_cpu_usage,"{language=""java"",service=""java-product-service"",}",0.03561027027027027
1790112768.782,java-order-service,jvm_memory_used_bytes,"{area=""nonheap"",id=""CodeHeap 'non-profiled nmethods'"",language=""java"",service=""java-order-service"",}",4472192.0
1790112768.782,java-order-service,jvm_memory_used_bytes,"{area=""heap"",id=""G1 Eden Space"",language=""java"",service=""java-order-service"",}",35651584.0
1790112768.782,java-order-service,jvm_memory_used_bytes,"{area=""nonheap"",id=""CodeHeap 'profiled nmethods'"",language=""java"",service=""java-order-service"",}",15608832.0
1790112768.782,java-order-service,jvm_memory_used_bytes,"{area=""nonheap"",id=""CodeHeap 'non-nmethods'"",language=""java"",service=""java-order-service"",}",1616640.0
1790112768.782,java-order-service,jvm_memory_used_bytes,"{area=""heap"",id=""G1 Survivor Space"",language=""java"",service=""java-order-service"",}",5767168.0
1790112768.782,java-order-service,jvm_memory_used_bytes,"{area=""nonheap"",id=""Compressed Class Space"",language=""java"",service=""java-order-service"",}",10991224.0
1790112768.782,java-order-service,jvm_memory_used_bytes,"{area=""heap"",id=""G1 Old Gen"",language=""java"",service=""java-order-service"",}",28875608.0
1790112768.782,java-order-service,jvm_memory_used_bytes,"{area=""nonheap"",id=""Metaspace"",language=""java"",service=""java-order-service"",}",80950080.0
1790112768.782,java-order-service,jvm_memory_committed_bytes,"{area=""nonheap"",id=""CodeHeap 'non-profiled nmethods'"",language=""java"",service=""java-order-service"",}",4521984.0
1790112768.782,java-order-service,jvm_memory_committed_bytes,"{area=""heap"",id=""G1 Eden Space"",language=""java"",service=""java-order-service"",}",48234496.0
1790112768.782,java-order-service,jvm_memory_committed_bytes,"{area=""nonheap"",id=""CodeHeap 'profiled nmethods'"",language=""java"",service=""java-order-service"",}",15663104.0
1790112768.782,java-order-service,jvm_memory_committed_bytes,"{area=""nonheap"",id=""CodeHeap 'non-nmethods'"",language=""java"",service=""java-order-service"",}",2555904.0
1790112768.782,java-order-service,jvm_memory_committed_bytes,"{area=""heap"",id=""G1 Survivor Space"",language=""java"",service=""java-order-service"",}",6291456.0
1790112768.782,java-order-service,jvm_memory_committed_bytes,"{area=""nonheap"",id=""Compressed Class Space"",language=""java"",service=""java-order-service"",}",11403264.0
1790112768.782,java-order-service,jvm_memory_committed_bytes,"{area=""heap"",id=""G1 Old Gen"",language=""java"",service=""java-order-service"",}",33554432.0
1790112768.782,java-order-service,jvm_memory_committed_bytes,"{area=""nonheap"",id=""Metaspace"",language=""java"",service=""java-order-service"",}",81854464.0
1790112768.782,java-order-service,hikaricp_connections_active,"{language=""java"",pool=""HikariPool-1"",service=""java-order-service"",}",0.0
1790112768.782,java-order-service,jvm_gc_pause_seconds_count,"{action=""end of minor GC"",cause=""G1 Evacuation Pause"",gc=""G1 Young Generation"",language=""java"",service=""java-order-service"",}",1.0
1790112768.782,java-order-service,jvm_gc_pause_seconds_sum,"{action=""end of minor GC"",cause=""G1 Evacuation Pause"",gc=""G1 Young Generation"",language=""java"",service=""java-order-service"",}",0.005
1790112768.782,java-order-service,hikaricp_connections_acquire_seconds_count,"{language=""java"",pool=""HikariPool-1"",service=""java-order-service"",}",106.0
1790112768.782,java-order-service,hikaricp_connections_acquire_seconds_sum,"{language=""java"",pool=""HikariPool-1"",service=""java-order-service"",}",0.011505041
1790112768.782,java-order-service,tomcat_threads_config_max_threads,"{language=""java"",name=""http-nio-9083"",service=""java-order-service"",}",64.0
1790112768.782,java-order-service,tomcat_threads_busy_threads,"{language=""java"",name=""http-nio-9083"",service=""java-order-service"",}",1.0
1790112768.782,java-order-service,hikaricp_connections_pending,"{language=""java"",pool=""HikariPool-1"",service=""java-order-service"",}",0.0
1790112768.782,java-order-service,hikaricp_connections_usage_seconds_count,"{language=""java"",pool=""HikariPool-1"",service=""java-order-service"",}",106.0
1790112768.782,java-order-service,hikaricp_connections_usage_seconds_sum,"{language=""java"",pool=""HikariPool-1"",service=""java-order-service"",}",0.118
1790112768.782,java-order-service,process_cpu_usage,"{language=""java"",service=""java-order-service"",}",0.06666666666666667
1790112768.782,java-order-service,system_cpu_usage,"{language=""java"",service=""java-order-service"",}",0.0690761403508772
1790112768.782,java-order-service,tomcat_threads_current_threads,"{language=""java"",name=""http-nio-9083"",service=""java-order-service"",}",10.0
1790112773.820,java-user-service,jvm_memory_used_bytes,"{area=""nonheap"",framework=""spring-boot"",id=""CodeHeap 'non-nmethods'"",language=""java"",service=""java-user-service"",}",1645952.0
1790112773.820,java-user-service,jvm_memory_used_bytes,"{area=""nonheap"",framework=""spring-boot"",id=""CodeHeap 'non-profiled nmethods'"",language=""java"",service=""java-user-service"",}",7571584.0
1790112773.820,java-user-service,jvm_memory_used_bytes,"{area=""heap"",framework=""spring-boot"",id=""G1 Survivor Space"",language=""java"",service=""java-user-service"",}",2097152.0
1790112773.820,java-user-service,jvm_memory_used_bytes,"{area=""heap"",framework=""spring-boot"",id=""G1 Old Gen"",language=""java"",service=""java-user-service"",}",39458360.0
1790112773.820,java-user-service,jvm_memory_used_bytes,"{area=""nonheap"",framework=""spring-boot"",id=""Metaspace"",language=""java"",service=""java-user-service"",}",101688368.0
1790112773.820,java-user-service,jvm_memory_used_bytes,"{area=""heap"",framework=""spring-boot"",id=""G1 Eden Space"",language=""java"",service=""java-user-service"",}",6291456.0
1790112773.820,java-user-service,jvm_memory_used_bytes,"{area=""nonheap"",framework=""spring-boot"",id=""Compressed Class Space"",language=""java"",service=""java-user-service"",}",13406576.0
1790112773.820,java-user-service,jvm_memory_used_bytes,"{area=""nonheap"",framework=""spring-boot"",id=""CodeHeap 'profiled nmethods'"",language=""java"",service=""java-user-service"",}",25353344.0
1790112773.820,java-user-service,jvm_gc_pause_seconds_count,"{action=""end of minor GC"",cause=""G1 Evacuation Pause"",framework=""spring-boot"",gc=""G1 Young Generation"",language=""java"",service=""java-user-service"",}",10.0
1790112773.820,java-user-service,jvm_gc_pause_seconds_sum,"{action=""end of minor GC"",cause=""G1 Evacuation Pause"",framework=""spring-boot"",gc=""G1 Young Generation"",language=""java"",service=""java-user-service"",}",0.114
1790112773.820,java-user-service,hikaricp_connections_acquire_seconds_count,"{framework=""spring-boot"",language=""java"",pool=""HikariPool-1"",service=""java-user-service"",}",428.0
1790112773.820,java-user-service,hikaricp_connections_acquire_seconds_sum,"{framework=""spring-boot"",language=""java"",pool=""HikariPool-1"",service=""java-user-service"",}",0.036002431
1790112773.820,java-user-service,jvm_memory_committed_bytes,"{area=""nonheap"",framework=""spring-boot"",id=""CodeHeap 'non-nmethods'"",language=""java"",service=""java-user-service"",}",2555904.0
1790112773.820,java-user-service,jvm_memory_committed_bytes,"{area=""nonheap"",framework=""spring-boot"",id=""CodeHeap 'non-profiled nmethods'"",language=""java"",service=""java-user-service"",}",7667712.0
1790112773.820,java-user-service,jvm_memory_committed_bytes,"{area=""heap"",framework=""spring-boot"",id=""G1 Survivor Space"",language=""java"",service=""java-user-service"",}",2097152.0
1790112773.820,java-user-service,jvm_memory_committed_bytes,"{area=""heap"",framework=""spring-boot"",id=""G1 Old Gen"",language=""java"",service=""java-user-service"",}",41943040.0
1790112773.820,java-user-service,jvm_memory_committed_bytes,"{area=""nonheap"",framework=""spring-boot"",id=""Metaspace"",language=""java"",service=""java-user-service"",}",102629376.0
1790112773.820,java-user-service,jvm_memory_committed_bytes,"{area=""heap"",framework=""spring-boot"",id=""G1 Eden Space"",language=""java"",service=""java-user-service"",}",69206016.0
1790112773.820,java-user-service,jvm_memory_committed_bytes,"{area=""nonheap"",framework=""spring-boot"",id=""Compressed Class Space"",language=""java"",service=""java-user-service"",}",13828096.0
1790112773.820,java-user-service,jvm_memory_committed_bytes,"{area=""nonheap"",framework=""spring-boot"",id=""CodeHeap 'profiled nmethods'"",language=""java"",service=""java-user-service"",}",27328512.0
1790112773.820,java-user-service,system_cpu_usage,"{framework=""spring-boot"",language=""java"",service=""java-user-service"",}",0.15077147286821704
1790112773.820,java-user-service,tomcat_threads_busy_threads,"{framework=""spring-boot"",language=""java"",name=""http-nio-9081"",service=""java-user-service"",}",1.0
1790112773.820,java-user-service,process_cpu_usage,"{framework=""spring-boot"",language=""java"",service=""java-user-service"",}",0.15038759689922482
1790112773.820,java-user-service,tomcat_threads_current_threads,"{framework=""spring-boot"",language=""java"",name=""http-nio-9081"",service=""java-user-service"",}",10.0
1790112773.820,java-user-service,tomcat_threads_config_max_threads,"{framework=""spring-boot"",language=""java"",name=""http-nio-9081"",service=""java-user-service"",}",64.0
1790112773.820,java-user-service,hikaricp_connections_pending,"{framework=""spring-boot"",language=""java"",pool=""HikariPool-1"",service=""java-user-service"",}",0.0
1790112773.820,java-user-service,hikaricp_connections_active,"{framework=""spring-boot"",language=""java"",pool=""HikariPool-1"",service=""java-user-service"",}",0.0
1790112773.820,java-user-service,hikaricp_connections_usage_seconds_count,"{framework=""spring-boot"",language=""java"",pool=""HikariPool-1"",service=""java-user-service"",}",428.0
1790112773.820,java-user-service,hikaricp_connections_usage_seconds_sum,"{framework=""spring-boot"",language=""java"",pool=""HikariPool-1"",service=""java-user-service"",}",25.027
1790112773.820,java-product-service,hikaricp_connections_acquire_seconds_count,"{language=""java"",pool=""HikariPool-1"",service=""java-product-service"",}",128.0
1790112773.820,java-product-service,hikaricp_connections_acquire_seconds_sum,"{language=""java"",pool=""HikariPool-1"",service=""java-product-service"",}",0.023440586
1790112773.820,java-product-service,jvm_gc_pause_seconds_count,"{action=""end of minor GC"",cause=""G1 Evacuation Pause"",gc=""G1 Young Generation"",language=""java"",service=""java-product-service"",}",4.0
1790112773.820,java-product-service,jvm_gc_pause_seconds_sum,"{action=""end of minor GC"",cause=""G1 Evacuation Pause"",gc=""G1 Young Generation"",language=""java"",service=""java-product-service"",}",0.02
1790112773.820,java-product-service,tomcat_threads_config_max_threads,"{language=""java"",name=""http-nio-9082"",service=""java-product-service"",}",64.0
1790112773.820,java-product-service,tomcat_threads_busy_threads,"{language=""java"",name=""http-nio-9082"",service=""java-product-service"",}",2.0
1790112773.820,java-product-service,jvm_memory_committed_bytes,"{area=""nonheap"",id=""CodeHeap 'non-nmethods'"",language=""java"",service=""java-product-service"",}",2555904.0
1790112773.820,java-product-service,jvm_memory_committed_bytes,"{area=""heap"",id=""G1 Eden Space"",language=""java"",service=""java-product-service"",}",52428800.0
1790112773.820,java-product-service,jvm_memory_committed_bytes,"{area=""nonheap"",id=""Metaspace"",language=""java"",service=""java-product-service"",}",98959360.0
1790112773.820,java-product-service,jvm_memory_committed_bytes,"{area=""heap"",id=""G1 Old Gen"",language=""java"",service=""java-product-service"",}",44040192.0
1790112773.820,java-product-service,jvm_memory_committed_bytes,"{area=""nonheap"",id=""Compressed Class Space"",language=""java"",service=""java-product-service"",}",13434880.0
1790112773.820,java-product-service,jvm_memory_committed_bytes,"{area=""heap"",id=""G1 Survivor Space"",language=""java"",service=""java-product-service"",}",4194304.0
1790112773.820,java-product-service,jvm_memory_committed_bytes,"{area=""nonheap"",id=""CodeHeap 'profiled nmethods'"",language=""java"",service=""java-product-service"",}",25427968.0
1790112773.820,java-product-service,jvm_memory_committed_bytes,"{area=""nonheap"",id=""CodeHeap 'non-profiled nmethods'"",language=""java"",service=""java-product-service"",}",6750208.0
1790112773.820,java-product-service,jvm_memory_used_bytes,"{area=""nonheap"",id=""CodeHeap 'non-nmethods'"",language=""java"",service=""java-product-service"",}",1639296.0
1790112773.820,java-product-service,jvm_memory_used_bytes,"{area=""heap"",id=""G1 Eden Space"",language=""java"",service=""java-product-service"",}",16777216.0
1790112773.820,java-product-service,jvm_memory_used_bytes,"{area=""nonheap"",id=""Metaspace"",language=""java"",service=""java-product-service"",}",98046408.0
1790112773.820,java-product-service,jvm_memory_used_bytes,"{area=""heap"",id=""G1 Old Gen"",language=""java"",service=""java-product-service"",}",39634904.0
1790112773.820,java-product-service,jvm_memory_used_bytes,"{area=""nonheap"",id=""Compressed Class Space"",language=""java"",service=""java-product-service"",}",13029384.0
1790112773.820,java-product-service,jvm_memory_used_bytes,"{area=""heap"",id=""G1 Survivor Space"",language=""java"",service=""java-product-service"",}",3235992.0
1790112773.820,java-product-service,jvm_memory_used_bytes,"{area=""nonheap"",id=""CodeHeap 'profiled nmethods'"",language=""java"",service=""java-product-service"",}",25433088.0
1790112773.820,java-product-service,jvm_memory_used_bytes,"{area=""nonheap"",id=""CodeHeap 'non-profiled nmethods'"",language=""java"",service=""java-product-service"",}",6750464.0
1790112773.820,java-product-service,hikaricp_connections_pending,"{language=""java"",pool=""HikariPool-1"",service=""java-product-service"",}",0.0
1790112773.820,java-product-service,hikaricp_connections_active,"{language=""java"",pool=""HikariPool-1"",service=""java-product-service"",}",1.0
1790112773.820,java-product-service,hikaricp_connections_usage_seconds_count,"{language=""java"",pool=""HikariPool-1"",service=""java-product-service"",}",130.0
1790112773.820,java-product-service,hikaricp_connections_usage_seconds_sum,"{language=""java"",pool=""HikariPool-1"",service=""java-product-service"",}",0.495
1790112773.820,java-product-service,process_cpu_usage,"{language=""java"",service=""java-product-service"",}",0.03418803418803419
1790112773.820,java-product-service,tomcat_threads_current_threads,"{language=""java"",name=""http-nio-9082"",service=""java-product-service"",}",10.0
1790112773.820,java-product-service,system_cpu_usage,"{language=""java"",service=""java-product-service"",}",0.03348786324786325
1790112773.820,java-order-service,jvm_memory_used_bytes,"{area=""nonheap"",id=""CodeHeap 'non-profiled nmethods'"",language=""java"",service=""java-order-service"",}",4638464.0
1790112773.820,java-order-service,jvm_memory_used_bytes,"{area=""heap"",id=""G1 Eden Space"",language=""java"",service=""java-order-service"",}",38797312.0
1790112773.820,java-order-service,jvm_memory_used_bytes,"{area=""nonheap"",id=""CodeHeap 'profiled nmethods'"",language=""java"",service=""java-order-service"",}",16255360.0
1790112773.820,java-order-service,jvm_memory_used_bytes,"{area=""nonheap"",id=""CodeHeap 'non-nmethods'"",language=""java"",service=""java-order-service"",}",1616640.0
1790112773.820,java-order-service,jvm_memory_used_bytes,"{area=""heap"",id=""G1 Survivor Space"",language=""java"",service=""java-order-service"",}",5767168.0
1790112773.820,java-order-service,jvm_memory_used_bytes,"{area=""nonheap"",id=""Compressed Class Space"",language=""java"",service=""java-order-service"",}",10994344.0
1790112773.820,java-order-service,jvm_memory_used_bytes,"{area=""heap"",id=""G1 Old Gen"",language=""java"",service=""java-order-service"",}",28875608.0
1790112773.820,java-order-service,jvm_memory_used_bytes,"{area=""nonheap"",id=""Metaspace"",language=""java"",service=""java-order-service"",}",81194344.0
1790112773.820,java-order-service,jvm_memory_committed_bytes,"{area=""nonheap"",id=""CodeHeap 'non-profiled nmethods'"",language=""java"",service=""java-order-service"",}",4653056.0
1790112773.820,java-order-service,jvm_memory_committed_bytes,"{area=""heap"",id=""G1 Eden Space"",language=""java"",service=""java-order-service"",}",48234496.0
1790112773.820,java-order-service,jvm_memory_committed_bytes,"{area=""nonheap"",id=""CodeHeap 'profiled nmethods'"",language=""java"",service=""java-order-service"",}",16318464.0
1790112773.820,java-order-service,jvm_memory_committed_bytes,"{area=""nonheap"",id=""CodeHeap 'non-nmethods'"",language=""java"",service=""java-order-service"",}",2555904.0
1790112773.820,java-order-service,jvm_memory_committed_bytes,"{area=""heap"",id=""G1 Survivor Space"",language=""java"",service=""java-order-service"",}",6291456.0
1790112773.820,java-order-service,jvm_memory_committed_bytes,"{area=""nonheap"",id=""Compressed Class Space"",language=""java"",service=""java-order-service"",}",11403264.0
1790112773.820,java-order-service,jvm_memory_committed_bytes,"{area=""heap"",id=""G1 Old Gen"",language=""java"",service=""java-order-service"",}",33554432.0
1790112773.820,java-order-service,jvm_memory_committed_bytes,"{area=""nonheap"",id=""Metaspace"",language=""java"",service=""java-order-service"",}",82116608.0
1790112773.820,java-order-service,hikaricp_connections_active,"{language=""java"",pool=""HikariPool-1"",service=""java-order-service"",}",0.0
1790112773.820,java-order-service,jvm_gc_pause_seconds_count,"{action=""end of minor GC"",cause=""G1 Evacuation Pause"",gc=""G1 Young Generation"",language=""java"",service=""java-order-service"",}",1.0
1790112773.820,java-order-service,jvm_gc_pause_seconds_sum,"{action=""end of minor GC"",cause=""G1 Evacuation Pause"",gc=""G1 Young Generation"",language=""java"",service=""java-order-service"",}",0.005
1790112773.820,java-order-service,hikaricp_connections_acquire_seconds_count,"{language=""java"",pool=""HikariPool-1"",service=""java-order-service"",}",136.0
1790112773.820,java-order-service,hikaricp_connections_acquire_seconds_sum,"{language=""java"",pool=""HikariPool-1"",service=""java-order-service"",}",0.01339433
1790112773.820,java-order-service,tomcat_threads_config_max_threads,"{language=""java"",name=""http-nio-9083"",service=""java-order-service"",}",64.0
1790112773.820,java-order-service,tomcat_threads_busy_threads,"{language=""java"",name=""http-nio-9083"",service=""java-order-service"",}",1.0
1790112773.820,java-order-service,hikaricp_connections_pending,"{language=""java"",pool=""HikariPool-1"",service=""java-order-service"",}",0.0
1790112773.820,java-order-service,hikaricp_connections_usage_seconds_count,"{language=""java"",pool=""HikariPool-1"",service=""java-order-service"",}",136.0
1790112773.820,java-order-service,hikaricp_connections_usage_seconds_sum,"{language=""java"",pool=""HikariPool-1"",service=""java-order-service"",}",0.171
1790112773.820,java-order-service,process_cpu_usage,"{language=""java"",service=""java-order-service"",}",0.06451612903225806
1790112773.820,java-order-service,system_cpu_usage,"{language=""java"",service=""java-order-service"",}",0.0656305376344086
1790112773.820,java-order-service,tomcat_threads_current_threads,"{language=""java"",name=""http-nio-9083"",service=""java-order-service"",}",10.0
1790112778.872,java-user-service,jvm_memory_used_bytes,"{area=""nonheap"",framework=""spring-boot"",id=""CodeHeap 'non-nmethods'"",language=""java"",service=""java-user-service"",}",1645952.0
1790112778.872,java-user-service,jvm_memory_used_bytes,"{area=""nonheap"",framework=""spring-boot"",id=""CodeHeap 'non-profiled nmethods'"",language=""java"",service=""java-user-service"",}",7706624.0
1790112778.872,java-user-service,jvm_memory_used_bytes,"{area=""heap"",framework=""spring-boot"",id=""G1 Survivor Space"",language=""java"",service=""java-user-service"",}",2097152.0
1790112778.872,java-user-service,jvm_memory_used_bytes,"{area=""heap"",framework=""spring-boot"",id=""G1 Old Gen"",language=""java"",service=""java-user-service"",}",39458360.0
1790112778.872,java-user-service,jvm_memory_used_bytes,"{area=""nonheap"",framework=""spring-boot"",id=""Metaspace"",language=""java"",service=""java-user-service"",}",101721480.0
1790112778.872,java-user-service,jvm_memory_used_bytes,"{area=""heap"",framework=""spring-boot"",id=""G1 Eden Space"",language=""java"",service=""java-user-service"",}",37748736.0
1790112778.872,java-user-service,jvm_memory_used_bytes,"{area=""nonheap"",framework=""spring-boot"",id=""Compressed Class Space"",language=""java"",service=""java-user-service"",}",13407096.0
1790112778.872,java-user-service,jvm_memory_used_bytes,"{area=""nonheap"",framework=""spring-boot"",id=""CodeHeap 'profiled nmethods'"",language=""java"",service=""java-user-service"",}",25541120.0
1790112778.872,java-user-service,jvm_gc_pause_seconds_count,"{action=""end of minor GC"",cause=""G1 Evacuation Pause"",framework=""spring-boot"",gc=""G1 Young Generation"",language=""java"",service=""java-user-service"",}",10.0
1790112778.872,java-user-service,jvm_gc_pause_seconds_sum,"{action=""end of minor GC"",cause=""G1 Evacuation Pause"",framework=""spring-boot"",gc=""G1 Young Generation"",language=""java"",service=""java-user-service"",}",0.114
1790112778.872,java-user-service,hikaricp_connections_acquire_seconds_count,"{framework=""spring-boot"",language=""java"",pool=""HikariPool-1"",service=""java-user-service"",}",466.0
1790112778.872,java-user-service,hikaricp_connections_acquire_seconds_sum,"{framework=""spring-boot"",language=""java"",pool=""HikariPool-1"",service=""java-user-service"",}",0.046575804
1790112778.872,java-user-service,jvm_memory_committed_bytes,"{area=""nonheap"",framework=""spring-boot"",id=""CodeHeap 'non-nmethods'"",language=""java"",service=""java-user-service"",}",2555904.0
1790112778.872,java-user-service,jvm_memory_committed_bytes,"{area=""nonheap"",framework=""spring-boot"",id=""CodeHeap 'non-profiled nmethods'"",language=""java"",service=""java-user-service"",}",7733248.0
1790112778.872,java-user-service,jvm_memory_committed_bytes,"{area=""heap"",framework=""spring-boot"",id=""G1 Survivor Space"",language=""java"",service=""java-user-service"",}",2097152.0
1790112778.872,java-user-service,jvm_memory_committed_bytes,"{area=""heap"",framework=""spring-boot"",id=""G1 Old Gen"",language=""java"",service=""java-user-service"",}",41943040.0
1790112778.872,java-user-service,jvm_memory_committed_bytes,"{area=""nonheap"",framework=""spring-boot"",id=""Metaspace"",language=""java"",service=""java-user-service"",}",102694912.0
1790112778.872,java-user-service,jvm_memory_committed_bytes,"{area=""heap"",framework=""spring-boot"",id=""G1 Eden Space"",language=""java"",service=""java-user-service"",}",69206016.0
1790112778.872,java-user-service,jvm_memory_committed_bytes,"{area=""nonheap"",framework=""spring-boot"",id=""Compressed Class Space"",language=""java"",service=""java-user-service"",}",13828096.0
1790112778.872,java-user-service,jvm_memory_committed_bytes,"{area=""nonheap"",framework=""spring-boot"",id=""CodeHeap 'profiled nmethods'"",language=""java"",service=""java-user-service"",}",27328512.0
1790112778.872,java-user-service,system_cpu_usage,"{framework=""spring-boot"",language=""java"",service=""java-user-service"",}",0.1830960544217687
1790112778.872,java-user-service,tomcat_threads_busy_threads,"{framework=""spring-boot"",language=""java"",name=""http-nio-9081"",service=""java-user-service"",}",1.0
1790112778.872,java-user-service,process_cpu_usage,"{framework=""spring-boot"",language=""java"",service=""java-user-service"",}",0.18231292517006803
1790112778.872,java-user-service,tomcat_threads_current_threads,"{framework=""spring-boot"",language=""java"",name=""http-nio-9081"",service=""java-user-service"",}",10.0
1790112778.872,java-user-service,tomcat_threads_config_max_threads,"{framework=""spring-boot"",language=""java"",name=""http-nio-9081"",service=""java-user-service"",}",64.0
1790112778.872,java-user-service,hikaricp_connections_pending,"{framework=""spring-boot"",language=""java"",pool=""HikariPool-1"",service=""java-user-service"",}",0.0
1790112778.872,java-user-service,hikaricp_connections_active,"{framework=""spring-boot"",language=""java"",pool=""HikariPool-1"",service=""java-user-service"",}",0.0
1790112778.872,java-user-service,hikaricp_connections_usage_seconds_count,"{framework=""spring-boot"",language=""java"",pool=""HikariPool-1"",service=""java-user-service"",}",466.0
1790112778.872,java-user-service,hikaricp_connections_usage_seconds_sum,"{framework=""spring-boot"",language=""java"",pool=""HikariPool-1"",service=""java-user-service"",}",26.013
1790112778.872,java-product-service,hikaricp_connections_acquire_seconds_count,"{language=""java"",pool=""HikariPool-1"",service=""java-product-service"",}",150.0
1790112778.872,java-product-service,hikaricp_connections_acquire_seconds_sum,"{language=""java"",pool=""HikariPool-1"",service=""java-product-service"",}",0.028010835
1790112778.872,java-product-service,jvm_gc_pause_seconds_count,"{action=""end of minor GC"",cause=""G1 Evacuation Pause"",gc=""G1 Young Generation"",language=""java"",service=""java-product-service"",}",4.0
1790112778.872,java-product-service,jvm_gc_pause_seconds_sum,"{action=""end of minor GC"",cause=""G1 Evacuation Pause"",gc=""G1 Young Generation"",language=""java"",service=""java-product-service"",}",0.02
1790112778.872,java-product-service,tomcat_threads_config_max_threads,"{language=""java"",name=""http-nio-9082"",service=""java-product-service"",}",64.0
1790112778.872,java-product-service,tomcat_threads_busy_threads,"{language=""java"",name=""http-nio-9082"",service=""java-product-service"",}",1.0
1790112778.872,java-product-service,jvm_memory_committed_bytes,"{area=""nonheap"",id=""CodeHeap 'non-nmethods'"",language=""java"",service=""java-product-service"",}",2555904.0
1790112778.872,java-product-service,jvm_memory_committed_bytes,"{area=""heap"",id=""G1 Eden Space"",language=""java"",service=""java-product-service"",}",52428800.0
1790112778.872,java-product-service,jvm_memory_committed_bytes,"{area=""nonheap"",id=""Metaspace"",language=""java"",service=""java-product-service"",}",98959360.0
1790112778.872,java-product-service,jvm_memory_committed_bytes,"{area=""heap"",id=""G1 Old Gen"",language=""java"",service=""java-product-service"",}",44040192.0
1790112778.872,java-product-service,jvm_memory_committed_bytes,"{area=""nonheap"",id=""Compressed Class Space"",language=""java"",service=""java-product-service"",}",13434880.0
1790112778.872,java-product-service,jvm_memory_committed_bytes,"{area=""heap"",id=""G1 Survivor Space"",language=""java"",service=""java-product-service"",}",4194304.0
1790112778.872,java-product-service,jvm_memory_committed_bytes,"{area=""nonheap"",id=""CodeHeap 'profiled nmethods'"",language=""java"",service=""java-product-service"",}",25559040.0
1790112778.872,java-product-service,jvm_memory_committed_bytes,"{area=""nonheap"",id=""CodeHeap 'non-profiled nmethods'"",language=""java"",service=""java-product-service"",}",6815744.0
1790112778.872,java-product-service,jvm_memory_used_bytes,"{area=""nonheap"",id=""CodeHeap 'non-nmethods'"",language=""java"",service=""java-product-service"",}",1639296.0
1790112778.872,java-product-service,jvm_memory_used_bytes,"{area=""heap"",id=""G1 Eden Space"",language=""java"",service=""java-product-service"",}",20971520.0
1790112778.872,java-product-service,jvm_memory_used_bytes,"{area=""nonheap"",id=""Metaspace"",language=""java"",service=""java-product-service"",}",98074056.0
1790112778.872,java-product-service,jvm_memory_used_bytes,"{area=""heap"",id=""G1 Old Gen"",language=""java"",service=""java-product-service"",}",39634904.0
1790112778.872,java-product-service,jvm_memory_used_bytes,"{area=""nonheap"",id=""Compressed Class Space"",language=""java"",service=""java-product-service"",}",13029904.0
1790112778.872,java-product-service,jvm_memory_used_bytes,"{area=""heap"",id=""G1 Survivor Space"",language=""java"",service=""java-product-service"",}",3235992.0
1790112778.872,java-product-service,jvm_memory_used_bytes,"{area=""nonheap"",id=""CodeHeap 'profiled nmethods'"",language=""java"",service=""java-product-service"",}",25558784.0
1790112778.872,java-product-service,jvm_memory_used_bytes,"{area=""nonheap"",id=""CodeHeap 'non-profiled nmethods'"",language=""java"",service=""java-product-service"",}",6814208.0
1790112778.872,java-product-service,hikaricp_connections_pending,"{language=""java"",pool=""HikariPool-1"",service=""java-product-service"",}",0.0
1790112778.872,java-product-service,hikaricp_connections_active,"{language=""java"",pool=""HikariPool-1"",service=""java-product-service"",}",0.0
1790112778.872,java-product-service,hikaricp_connections_usage_seconds_count,"{language=""java"",pool=""HikariPool-1"",service=""java-product-service"",}",150.0
1790112778.872,java-product-service,hikaricp_connections_usage_seconds_sum,"{language=""java"",pool=""HikariPool-1"",service=""java-product-service"",}",0.495
1790112778.872,java-product-service,process_cpu_usage,"{language=""java"",service=""java-product-service"",}",0.030303030303030304
1790112778.872,java-product-service,tomcat_threads_current_threads,"{language=""java"",name=""http-nio-9082"",service=""java-product-service"",}",10.0
1790112778.872,java-product-service,system_cpu_usage,"{language=""java"",service=""java-product-service"",}",0.031824848484848484
1790112778.872,java-order-service,jvm_memory_used_bytes,"{area=""nonheap"",id=""CodeHeap 'non-profiled nmethods'"",language=""java"",service=""java-order-service"",}",4736128.0
1790112778.872,java-order-service,jvm_memory_used_bytes,"{area=""heap"",id=""G1 Eden Space"",language=""java"",service=""java-order-service"",}",40894464.0
1790112778.872,java-order-service,jvm_memory_used_bytes,"{area=""nonheap"",id=""CodeHeap 'profiled nmethods'"",language=""java"",service=""java-order-service"",}",16957952.0
1790112778.872,java-order-service,jvm_memory_used_bytes,"{area=""nonheap"",id=""CodeHeap 'non-nmethods'"",language=""java"",service=""java-order-service"",}",1622528.0
1790112778.872,java-order-service,jvm_memory_used_bytes,"{area=""heap"",id=""G1 Survivor Space"",language=""java"",service=""java-order-service"",}",5767168.0
1790112778.872,java-order-service,jvm_memory_used_bytes,"{area=""nonheap"",id=""Compressed Class Space"",language=""java"",service=""java-order-service"",}",10998488.0
1790112778.872,java-order-service,jvm_memory_used_bytes,"{area=""heap"",id=""G1 Old Gen"",language=""java"",service=""java-order-service"",}",28875608.0
1790112778.872,java-order-service,jvm_memory_used_bytes,"{area=""nonheap"",id=""Metaspace"",language=""java"",service=""java-order-service"",}",81453832.0
1790112778.872,java-order-service,jvm_memory_committed_bytes,"{area=""nonheap"",id=""CodeHeap 'non-profiled nmethods'"",language=""java"",service=""java-order-service"",}",4784128.0
1790112778.872,java-order-service,jvm_memory_committed_bytes,"{area=""heap"",id=""G1 Eden Space"",language=""java"",service=""java-order-service"",}",48234496.0
1790112778.872,java-order-service,jvm_memory_committed_bytes,"{area=""nonheap"",id=""CodeHeap 'profiled nmethods'"",language=""java"",service=""java-order-service"",}",16973824.0
1790112778.872,java-order-service,jvm_memory_committed_bytes,"{area=""nonheap"",id=""CodeHeap 'non-nmethods'"",language=""java"",service=""java-order-service"",}",2555904.0
1790112778.872,java-order-service,jvm_memory_committed_bytes,"{area=""heap"",id=""G1 Survivor Space"",language=""java"",service=""java-order-service"",}",6291456.0
1790112778.872,java-order-service,jvm_memory_committed_bytes,"{area=""nonheap"",id=""Compressed Class Space"",language=""java"",service=""java-order-service"",}",11403264.0
1790112778.872,java-order-service,jvm_memory_committed_bytes,"{area=""heap"",id=""G1 Old Gen"",language=""java"",service=""java-order-service"",}",33554432.0
1790112778.872,java-order-service,jvm_memory_committed_bytes,"{area=""nonheap"",id=""Metaspace"",language=""java"",service=""java-order-service"",}",82313216.0
1790112778.872,java-order-service,hikaricp_connections_active,"{language=""java"",pool=""HikariPool-1"",service=""java-order-service"",}",0.0
1790112778.872,java-order-service,jvm_gc_pause_seconds_count,"{action=""end of minor GC"",cause=""G1 Evacuation Pause"",gc=""G1 Young Generation"",language=""java"",service=""java-order-service"",}",1.0
1790112778.872,java-order-service,jvm_gc_pause_seconds_sum,"{action=""end of minor GC"",cause=""G1 Evacuation Pause"",gc=""G1 Young Generation"",language=""java"",service=""java-order-service"",}",0.005
1790112778.872,java-order-service,hikaricp_connections_acquire_seconds_count,"{language=""java"",pool=""HikariPool-1"",service=""java-order-service"",}",167.0
1790112778.872,java-order-service,hikaricp_connections_acquire_seconds_sum,"{language=""java"",pool=""HikariPool-1"",service=""java-order-service"",}",0.015884122
1790112778.872,java-order-service,tomcat_threads_config_max_threads,"{language=""java"",name=""http-nio-9083"",service=""java-order-service"",}",64.0
1790112778.872,java-order-service,tomcat_threads_busy_threads,"{language=""java"",name=""http-nio-9083"",service=""java-order-service"",}",1.0
1790112778.872,java-order-service,hikaricp_connections_pending,"{language=""java"",pool=""HikariPool-1"",service=""java-order-service"",}",0.0
1790112778.872,java-order-service,hikaricp_connections_usage_seconds_count,"{language=""java"",pool=""HikariPool-1"",service=""java-order-service"",}",167.0
1790112778.872,java-order-service,hikaricp_connections_usage_seconds_sum,"{language=""java"",pool=""HikariPool-1"",service=""java-order-service"",}",0.219
1790112778.872,java-order-service,process_cpu_usage,"{language=""java"",service=""java-order-service"",}",0.04
1790112778.872,java-order-service,system_cpu_usage,"{language=""java"",service=""java-order-service"",}",0.04267183333333333
1790112778.872,java-order-service,tomcat_threads_current_threads,"{language=""java"",name=""http-nio-9083"",service=""java-order-service"",}",10.0
1790112783.915,java-user-service,jvm_memory_used_bytes,"{area=""nonheap"",framework=""spring-boot"",id=""CodeHeap 'non-nmethods'"",language=""java"",service=""java-user-service"",}",1645952.0
1790112783.915,java-user-service,jvm_memory_used_bytes,"{area=""nonheap"",framework=""spring-boot"",id=""CodeHeap 'non-profiled nmethods'"",language=""java"",service=""java-user-service"",}",7760000.0
1790112783.915,java-user-service,jvm_memory_used_bytes,"{area=""heap"",framework=""spring-boot"",id=""G1 Survivor Space"",language=""java"",service=""java-user-service"",}",2050656.0
1790112783.915,java-user-service,jvm_memory_used_bytes,"{area=""heap"",framework=""spring-boot"",id=""G1 Old Gen"",language=""java"",service=""java-user-service"",}",39458360.0
1790112783.915,java-user-service,jvm_memory_used_bytes,"{area=""nonheap"",framework=""spring-boot"",id=""Metaspace"",language=""java"",service=""java-user-service"",}",101756984.0
1790112783.915,java-user-service,jvm_memory_used_bytes,"{area=""heap"",framework=""spring-boot"",id=""G1 Eden Space"",language=""java"",service=""java-user-service"",}",11534336.0
1790112783.915,java-user-service,jvm_memory_used_bytes,"{area=""nonheap"",framework=""spring-boot"",id=""Compressed Class Space"",language=""java"",service=""java-user-service"",}",13407600.0
1790112783.915,java-user-service,jvm_memory_used_bytes,"{area=""nonheap"",framework=""spring-boot"",id=""CodeHeap 'profiled nmethods'"",language=""java"",service=""java-user-service"",}",25792000.0
1790112783.915,java-user-service,jvm_gc_pause_seconds_count,"{action=""end of minor GC"",cause=""G1 Evacuation Pause"",framework=""spring-boot"",gc=""G1 Young Generation"",language=""java"",service=""java-user-service"",}",11.0
1790112783.915,java-user-service,jvm_gc_pause_seconds_sum,"{action=""end of minor GC"",cause=""G1 Evacuation Pause"",framework=""spring-boot"",gc=""G1 Young Generation"",language=""java"",service=""java-user-service"",}",0.119
1790112783.915,java-user-service,hikaricp_connections_acquire_seconds_count,"{framework=""spring-boot"",language=""java"",pool=""HikariPool-1"",service=""java-user-service"",}",507.0
1790112783.915,java-user-service,hikaricp_connections_acquire_seconds_sum,"{framework=""spring-boot"",language=""java"",pool=""HikariPool-1"",service=""java-user-service"",}",0.052105012
1790112783.915,java-user-service,jvm_memory_committed_bytes,"{area=""nonheap"",framework=""spring-boot"",id=""CodeHeap 'non-nmethods'"",language=""java"",service=""java-user-service"",}",2555904.0
1790112783.915,java-user-service,jvm_memory_committed_bytes,"{area=""nonheap"",framework=""spring-boot"",id=""CodeHeap 'non-profiled nmethods'"",language=""java"",service=""java-user-service"",}",7798784.0
1790112783.915,java-user-service,jvm_memory_committed_bytes,"{area=""heap"",framework=""spring-boot"",id=""G1 Survivor Space"",language=""java"",service=""java-user-service"",}",2097152.0
1790112783.915,java-user-service,jvm_memory_committed_bytes,"{area=""heap"",framework=""spring-boot"",id=""G1 Old Gen"",language=""java"",service=""java-user-service"",}",41943040.0
1790112783.915,java-user-service,jvm_memory_committed_bytes,"{area=""nonheap"",framework=""spring-boot"",id=""Metaspace"",language=""java"",service=""java-user-service"",}",102694912.0
1790112783.915,java-user-service,jvm_memory_committed_bytes,"{area=""heap"",framework=""spring-boot"",id=""G1 Eden Space"",language=""java"",service=""java-user-service"",}",69206016.0
1790112783.915,java-user-service,jvm_memory_committed_bytes,"{area=""nonheap"",framework=""spring-boot"",id=""Compressed Class Space"",language=""java"",service=""java-user-service"",}",13828096.0
1790112783.915,java-user-service,jvm_memory_committed_bytes,"{area=""nonheap"",framework=""spring-boot"",id=""CodeHeap 'profiled nmethods'"",language=""java"",service=""java-user-service"",}",27328512.0
1790112783.915,java-user-service,system_cpu_usage,"{framework=""spring-boot"",language=""java"",service=""java-user-service"",}",0.1910131914893617
1790112783.915,java-user-service,tomcat_threads_busy_threads,"{framework=""spring-boot"",language=""java"",name=""http-nio-9081"",service=""java-user-service"",}",1.0
1790112783.915,java-user-service,process_cpu_usage,"{framework=""spring-boot"",language=""java"",service=""java-user-service"",}",0.19148936170212766
1790112783.915,java-user-service,tomcat_threads_current_threads,"{framework=""spring-boot"",language=""java"",name=""http-nio-9081"",service=""java-user-service"",}",10.0
1790112783.915,java-user-service,tomcat_threads_config_max_threads,"{framework=""spring-boot"",language=""java"",name=""http-nio-9081"",service=""java-user-service"",}",64.0
1790112783.915,java-user-service,hikaricp_connections_pending,"{framework=""spring-boot"",language=""java"",pool=""HikariPool-1"",service=""java-user-service"",}",0.0
1790112783.915,java-user-service,hikaricp_connections_active,"{framework=""spring-boot"",language=""java"",pool=""HikariPool-1"",service=""java-user-service"",}",0.0
1790112783.915,java-user-service,hikaricp_connections_usage_seconds_count,"{framework=""spring-boot"",language=""java"",pool=""HikariPool-1"",service=""java-user-service"",}",507.0
1790112783.915,java-user-service,hikaricp_connections_usage_seconds_sum,"{framework=""spring-boot"",language=""java"",pool=""HikariPool-1"",service=""java-user-service"",}",27.096
1790112783.915,java-product-service,hikaricp_connections_acquire_seconds_count,"{language=""java"",pool=""HikariPool-1"",service=""java-product-service"",}",172.0
1790112783.915,java-product-service,hikaricp_connections_acquire_seconds_sum,"{language=""java"",pool=""HikariPool-1"",service=""java-product-service"",}",0.032861424
1790112783.915,java-product-service,jvm_gc_pause_seconds_count,"{action=""end of minor GC"",cause=""G1 Evacuation Pause"",gc=""G1 Young Generation"",language=""java"",service=""java-product-service"",}",4.0
1790112783.915,java-product-service,jvm_gc_pause_seconds_sum,"{action=""end of minor GC"",cause=""G1 Evacuation Pause"",gc=""G1 Young Generation"",language=""java"",service=""java-product-service"",}",0.02
1790112783.915,java-product-service,tomcat_threads_config_max_threads,"{language=""java"",name=""http-nio-9082"",service=""java-product-service"",}",64.0
1790112783.915,java-product-service,tomcat_threads_busy_threads,"{language=""java"",name=""http-nio-9082"",service=""java-product-service"",}",1.0
1790112783.915,java-product-service,jvm_memory_committed_bytes,"{area=""nonheap"",id=""CodeHeap 'non-nmethods'"",language=""java"",service=""java-product-service"",}",2555904.0
1790112783.915,java-product-service,jvm_memory_committed_bytes,"{area=""heap"",id=""G1 Eden Space"",language=""java"",service=""java-product-service"",}",52428800.0
1790112783.915,java-product-service,jvm_memory_committed_bytes,"{area=""nonheap"",id=""Metaspace"",language=""java"",service=""java-product-service"",}",99024896.0
1790112783.915,java-product-service,jvm_memory_committed_bytes,"{area=""heap"",id=""G1 Old Gen"",language=""java"",service=""java-product-service"",}",44040192.0
1790112783.915,java-product-service,jvm_memory_committed_bytes,"{area=""nonheap"",id=""Compressed Class Space"",language=""java"",service=""java-product-service"",}",13434880.0
1790112783.915,java-product-service,jvm_memory_committed_bytes,"{area=""heap"",id=""G1 Survivor Space"",language=""java"",service=""java-product-service"",}",4194304.0
1790112783.915,java-product-service,jvm_memory_committed_bytes,"{area=""nonheap"",id=""CodeHeap 'profiled nmethods'"",language=""java"",service=""java-product-service"",}",25821184.0
1790112783.915,java-product-service,jvm_memory_committed_bytes,"{area=""nonheap"",id=""CodeHeap 'non-profiled nmethods'"",language=""java"",service=""java-product-service"",}",6881280.0
1790112783.915,java-product-service,jvm_memory_used_bytes,"{area=""nonheap"",id=""CodeHeap 'non-nmethods'"",language=""java"",service=""java-product-service"",}",1639296.0
1790112783.915,java-product-service,jvm_memory_used_bytes,"{area=""heap"",id=""G1 Eden Space"",language=""java"",service=""java-product-service"",}",24117248.0
1790112783.915,java-product-service,jvm_memory_used_bytes,"{area=""nonheap"",id=""Metaspace"",language=""java"",service=""java-product-service"",}",98117440.0
1790112783.915,java-product-service,jvm_memory_used_bytes,"{area=""heap"",id=""G1 Old Gen"",language=""java"",service=""java-product-service"",}",39634904.0
1790112783.915,java-product-service,jvm_memory_used_bytes,"{area=""nonheap"",id=""Compressed Class Space"",language=""java"",service=""java-product-service"",}",13030408.0
1790112783.915,java-product-service,jvm_memory_used_bytes,"{area=""heap"",id=""G1 Survivor Space"",language=""java"",service=""java-product-service"",}",3235992.0
1790112783.915,java-product-service,jvm_memory_used_bytes,"{area=""nonheap"",id=""CodeHeap 'profiled nmethods'"",language=""java"",service=""java-product-service"",}",25764480.0
1790112783.915,java-product-service,jvm_memory_used_bytes,"{area=""nonheap"",id=""CodeHeap 'non-profiled nmethods'"",language=""java"",service=""java-product-service"",}",6855552.0
1790112783.915,java-product-service,hikaricp_connections_pending,"{language=""java"",pool=""HikariPool-1"",service=""java-product-service"",}",0.0
1790112783.915,java-product-service,hikaricp_connections_active,"{language=""java"",pool=""HikariPool-1"",service=""java-product-service"",}",0.0
1790112783.915,java-product-service,hikaricp_connections_usage_seconds_count,"{language=""java"",pool=""HikariPool-1"",service=""java-product-service"",}",172.0
1790112783.915,java-product-service,hikaricp_connections_usage_seconds_sum,"{language=""java"",pool=""HikariPool-1"",service=""java-product-service"",}",0.507
1790112783.915,java-product-service,process_cpu_usage,"{language=""java"",service=""java-product-service"",}",0.02878787878787879
1790112783.915,java-product-service,tomcat_threads_current_threads,"{language=""java"",name=""http-nio-9082"",service=""java-product-service"",}",10.0
1790112783.915,java-product-service,system_cpu_usage,"{language=""java"",service=""java-product-service"",}",0.028176969696969697
1790112783.915,java-order-service,jvm_memory_used_bytes,"{area=""nonheap"",id=""CodeHeap 'non-profiled nmethods'"",language=""java"",service=""java-order-service"",}",4751616.0
1790112783.915,java-order-service,jvm_memory_used_bytes,"{area=""heap"",id=""G1 Eden Space"",language=""java"",service=""java-order-service"",}",2097152.0
1790112783.915,java-order-service,jvm_memory_used_bytes,"{area=""nonheap"",id=""CodeHeap 'profiled nmethods'"",language=""java"",service=""java-order-service"",}",16694272.0
1790112783.915,java-order-service,jvm_memory_used_bytes,"{area=""nonheap"",id=""CodeHeap 'non-nmethods'"",language=""java"",service=""java-order-service"",}",1622528.0
1790112783.915,java-order-service,jvm_memory_used_bytes,"{area=""heap"",id=""G1 Survivor Space"",language=""java"",service=""java-order-service"",}",4718592.0
1790112783.915,java-order-service,jvm_memory_used_bytes,"{area=""nonheap"",id=""Compressed Class Space"",language=""java"",service=""java-order-service"",}",11000552.0
1790112783.915,java-order-service,jvm_memory_used_bytes,"{area=""heap"",id=""G1 Old Gen"",language=""java"",service=""java-order-service"",}",31672208.0
1790112783.915,java-order-service,jvm_memory_used_bytes,"{area=""nonheap"",id=""Metaspace"",language=""java"",service=""java-order-service"",}",81616200.0
1790112783.915,java-order-service,jvm_memory_committed_bytes,"{area=""nonheap"",id=""CodeHeap 'non-profiled nmethods'"",language=""java"",service=""java-order-service"",}",4849664.0
1790112783.915,java-order-service,jvm_memory_committed_bytes,"{area=""heap"",id=""G1 Eden Space"",language=""java"",service=""java-order-service"",}",48234496.0
1790112783.915,java-order-service,jvm_memory_committed_bytes,"{area=""nonheap"",id=""CodeHeap 'profiled nmethods'"",language=""java"",service=""java-order-service"",}",17498112.0
1790112783.915,java-order-service,jvm_memory_committed_bytes,"{area=""nonheap"",id=""CodeHeap 'non-nmethods'"",language=""java"",service=""java-order-service"",}",2555904.0
1790112783.915,java-order-service,jvm_memory_committed_bytes,"{area=""heap"",id=""G1 Survivor Space"",language=""java"",service=""java-order-service"",}",5242880.0
1790112783.915,java-order-service,jvm_memory_committed_bytes,"{area=""nonheap"",id=""Compressed Class Space"",language=""java"",service=""java-order-service"",}",11403264.0
1790112783.915,java-order-service,jvm_memory_committed_bytes,"{area=""heap"",id=""G1 Old Gen"",language=""java"",service=""java-order-service"",}",35651584.0
1790112783.915,java-order-service,jvm_memory_committed_bytes,"{area=""nonheap"",id=""Metaspace"",language=""java"",service=""java-order-service"",}",82509824.0
1790112783.915,java-order-service,hikaricp_connections_active,"{language=""java"",pool=""HikariPool-1"",service=""java-order-service"",}",0.0
1790112783.915,java-order-service,jvm_gc_pause_seconds_count,"{action=""end of minor GC"",cause=""G1 Evacuation Pause"",gc=""G1 Young Generation"",language=""java"",service=""java-order-service"",}",2.0
1790112783.915,java-order-service,jvm_gc_pause_seconds_sum,"{action=""end of minor GC"",cause=""G1 Evacuation Pause"",gc=""G1 Young Generation"",language=""java"",service=""java-order-service"",}",0.012
1790112783.915,java-order-service,hikaricp_connections_acquire_seconds_count,"{language=""java"",pool=""HikariPool-1"",service=""java-order-service"",}",203.0
1790112783.915,java-order-service,hikaricp_connections_acquire_seconds_sum,"{language=""java"",pool=""HikariPool-1"",service=""java-order-service"",}",0.018385166
1790112783.915,java-order-service,tomcat_threads_config_max_threads,"{language=""java"",name=""http-nio-9083"",service=""java-order-service"",}",64.0
1790112783.915,java-order-service,tomcat_threads_busy_threads,"{language=""java"",name=""http-nio-9083"",service=""java-order-service"",}",1.0
1790112783.915,java-order-service,hikaricp_connections_pending,"{language=""java"",pool=""HikariPool-1"",service=""java-order-service"",}",0.0
1790112783.915,java-order-service,hikaricp_connections_usage_seconds_count,"{language=""java"",pool=""HikariPool-1"",service=""java-order-service"",}",203.0
1790112783.915,java-order-service,hikaricp_connections_usage_seconds_sum,"{language=""java"",pool=""HikariPool-1"",service=""java-order-service"",}",0.281
1790112783.915,java-order-service,process_cpu_usage,"{language=""java"",service=""java-order-service"",}",0.055
1790112783.915,java-order-service,system_cpu_usage,"{language=""java"",service=""java-order-service"",}",0.054705
1790112783.915,java-order-service,tomcat_threads_current_threads,"{language=""java"",name=""http-nio-9083"",service=""java-order-service"",}",10.0
1790112788.967,java-user-service,jvm_memory_used_bytes,"{area=""nonheap"",framework=""spring-boot"",id=""CodeHeap 'non-nmethods'"",language=""java"",service=""java-user-service"",}",1645952.0
1790112788.967,java-user-service,jvm_memory_used_bytes,"{area=""nonheap"",framework=""spring-boot"",id=""CodeHeap 'non-profiled nmethods'"",language=""java"",service=""java-user-service"",}",7873408.0
1790112788.967,java-user-service,jvm_memory_used_bytes,"{area=""heap"",framework=""spring-boot"",id=""G1 Survivor Space"",language=""java"",service=""java-user-service"",}",2050656.0
1790112788.967,java-user-service,jvm_memory_used_bytes,"{area=""heap"",framework=""spring-boot"",id=""G1 Old Gen"",language=""java"",service=""java-user-service"",}",39458360.0
1790112788.967,java-user-service,jvm_memory_used_bytes,"{area=""nonheap"",framework=""spring-boot"",id=""Metaspace"",language=""java"",service=""java-user-service"",}",102018408.0
1790112788.967,java-user-service,jvm_memory_used_bytes,"{area=""heap"",framework=""spring-boot"",id=""G1 Eden Space"",language=""java"",service=""java-user-service"",}",56623104.0
1790112788.967,java-user-service,jvm_memory_used_bytes,"{area=""nonheap"",framework=""spring-boot"",id=""Compressed Class Space"",language=""java"",service=""java-user-service"",}",13407600.0
1790112788.967,java-user-service,jvm_memory_used_bytes,"{area=""nonheap"",framework=""spring-boot"",id=""CodeHeap 'profiled nmethods'"",language=""java"",service=""java-user-service"",}",26557312.0
1790112788.967,java-user-service,jvm_gc_pause_seconds_count,"{action=""end of minor GC"",cause=""G1 Evacuation Pause"",framework=""spring-boot"",gc=""G1 Young Generation"",language=""java"",service=""java-user-service"",}",11.0
1790112788.967,java-user-service,jvm_gc_pause_seconds_sum,"{action=""end of minor GC"",cause=""G1 Evacuation Pause"",framework=""spring-boot"",gc=""G1 Young Generation"",language=""java"",service=""java-user-service"",}",0.119
1790112788.967,java-user-service,hikaricp_connections_acquire_seconds_count,"{framework=""spring-boot"",language=""java"",pool=""HikariPool-1"",service=""java-user-service"",}",557.0
1790112788.967,java-user-service,hikaricp_connections_acquire_seconds_sum,"{framework=""spring-boot"",language=""java"",pool=""HikariPool-1"",service=""java-user-service"",}",0.057112386
1790112788.967,java-user-service,jvm_memory_committed_bytes,"{area=""nonheap"",framework=""spring-boot"",id=""CodeHeap 'non-nmethods'"",language=""java"",service=""java-user-service"",}",2555904.0
1790112788.967,java-user-service,jvm_memory_committed_bytes,"{area=""nonheap"",framework=""spring-boot"",id=""CodeHeap 'non-profiled nmethods'"",language=""java"",service=""java-user-service"",}",7929856.0
1790112788.967,java-user-service,jvm_memory_committed_bytes,"{area=""heap"",framework=""spring-boot"",id=""G1 Survivor Space"",language=""java"",service=""java-user-service"",}",2097152.0
1790112788.967,java-user-service,jvm_memory_committed_bytes,"{area=""heap"",framework=""spring-boot"",id=""G1 Old Gen"",language=""java"",service=""java-user-service"",}",41943040.0
1790112788.967,java-user-service,jvm_memory_committed_bytes,"{area=""nonheap"",framework=""spring-boot"",id=""Metaspace"",language=""java"",service=""java-user-service"",}",102957056.0
1790112788.967,java-user-service,jvm_memory_committed_bytes,"{area=""heap"",framework=""spring-boot"",id=""G1 Eden Space"",language=""java"",service=""java-user-service"",}",69206016.0
1790112788.967,java-user-service,jvm_memory_committed_bytes,"{area=""nonheap"",framework=""spring-boot"",id=""Compressed Class Space"",language=""java"",service=""java-user-service"",}",13828096.0
1790112788.967,java-user-service,jvm_memory_committed_bytes,"{area=""nonheap"",framework=""spring-boot"",id=""CodeHeap 'profiled nmethods'"",language=""java"",service=""java-user-service"",}",27328512.0
1790112788.967,java-user-service,system_cpu_usage,"{framework=""spring-boot"",language=""java"",service=""java-user-service"",}",0.23718281481481482
1790112788.967,java-user-service,tomcat_threads_busy_threads,"{framework=""spring-boot"",language=""java"",name=""http-nio-9081"",service=""java-user-service"",}",2.0
1790112788.967,java-user-service,process_cpu_usage,"{framework=""spring-boot"",language=""java"",service=""java-user-service"",}",0.23407407407407407
1790112788.967,java-user-service,tomcat_threads_current_threads,"{framework=""spring-boot"",language=""java"",name=""http-nio-9081"",service=""java-user-service"",}",10.0
1790112788.967,java-user-service,tomcat_threads_config_max_threads,"{framework=""spring-boot"",language=""java"",name=""http-nio-9081"",service=""java-user-service"",}",64.0
1790112788.967,java-user-service,hikaricp_connections_pending,"{framework=""spring-boot"",language=""java"",pool=""HikariPool-1"",service=""java-user-service"",}",0.0
1790112788.967,java-user-service,hikaricp_connections_active,"{framework=""spring-boot"",language=""java"",pool=""HikariPool-1"",service=""java-user-service"",}",1.0
1790112788.967,java-user-service,hikaricp_connections_usage_seconds_count,"{framework=""spring-boot"",language=""java"",pool=""HikariPool-1"",service=""java-user-service"",}",556.0
1790112788.967,java-user-service,hikaricp_connections_usage_seconds_sum,"{framework=""spring-boot"",language=""java"",pool=""HikariPool-1"",service=""java-user-service"",}",28.391
1790112788.967,java-product-service,hikaricp_connections_acquire_seconds_count,"{language=""java"",pool=""HikariPool-1"",service=""java-product-service"",}",193.0
1790112788.967,java-product-service,hikaricp_connections_acquire_seconds_sum,"{language=""java"",pool=""HikariPool-1"",service=""java-product-service"",}",0.035592008
1790112788.967,java-product-service,jvm_gc_pause_seconds_count,"{action=""end of minor GC"",cause=""G1 Evacuation Pause"",gc=""G1 Young Generation"",language=""java"",service=""java-product-service"",}",4.0
1790112788.967,java-product-service,jvm_gc_pause_seconds_sum,"{action=""end of minor GC"",cause=""G1 Evacuation Pause"",gc=""G1 Young Generation"",language=""java"",service=""java-product-service"",}",0.02
1790112788.967,java-product-service,tomcat_threads_config_max_threads,"{language=""java"",name=""http-nio-9082"",service=""java-product-service"",}",64.0
1790112788.967,java-product-service,tomcat_threads_busy_threads,"{language=""java"",name=""http-nio-9082"",service=""java-product-service"",}",1.0
1790112788.967,java-product-service,jvm_memory_committed_bytes,"{area=""nonheap"",id=""CodeHeap 'non-nmethods'"",language=""java"",service=""java-product-service"",}",2555904.0
1790112788.967,java-product-service,jvm_memory_committed_bytes,"{area=""heap"",id=""G1 Eden Space"",language=""java"",service=""java-product-service"",}",52428800.0
1790112788.967,java-product-service,jvm_memory_committed_bytes,"{area=""nonheap"",id=""Metaspace"",language=""java"",service=""java-product-service"",}",99090432.0
1790112788.967,java-product-service,jvm_memory_committed_bytes,"{area=""heap"",id=""G1 Old Gen"",language=""java"",service=""java-product-service"",}",44040192.0
1790112788.967,java-product-service,jvm_memory_committed_bytes,"{area=""nonheap"",id=""Compressed Class Space"",language=""java"",service=""java-product-service"",}",13434880.0
1790112788.967,java-product-service,jvm_memory_committed_bytes,"{area=""heap"",id=""G1 Survivor Space"",language=""java"",service=""java-product-service"",}",4194304.0
1790112788.967,java-product-service,jvm_memory_committed_bytes,"{area=""nonheap"",id=""CodeHeap 'profiled nmethods'"",language=""java"",service=""java-product-service"",}",26017792.0
1790112788.967,java-product-service,jvm_memory_committed_bytes,"{area=""nonheap"",id=""CodeHeap 'non-profiled nmethods'"",language=""java"",service=""java-product-service"",}",6946816.0
1790112788.967,java-product-service,jvm_memory_used_bytes,"{area=""nonheap"",id=""CodeHeap 'non-nmethods'"",language=""java"",service=""java-product-service"",}",1639296.0
1790112788.967,java-product-service,jvm_memory_used_bytes,"{area=""heap"",id=""G1 Eden Space"",language=""java"",service=""java-product-service"",}",28311552.0
1790112788.967,java-product-service,jvm_memory_used_bytes,"{area=""nonheap"",id=""Metaspace"",language=""java"",service=""java-product-service"",}",98195024.0
1790112788.967,java-product-service,jvm_memory_used_bytes,"{area=""heap"",id=""G1 Old Gen"",language=""java"",service=""java-product-service"",}",39634904.0
1790112788.967,java-product-service,jvm_memory_used_bytes,"{area=""nonheap"",id=""Compressed Class Space"",language=""java"",service=""java-product-service"",}",13030408.0
1790112788.967,java-product-service,jvm_memory_used_bytes,"{area=""heap"",id=""G1 Survivor Space"",language=""java"",service=""java-product-service"",}",3235992.0
1790112788.967,java-product-service,jvm_memory_used_bytes,"{area=""nonheap"",id=""CodeHeap 'profiled nmethods'"",language=""java"",service=""java-product-service"",}",25959168.0
1790112788.967,java-product-service,jvm_memory_used_bytes,"{area=""nonheap"",id=""CodeHeap 'non-profiled nmethods'"",language=""java"",service=""java-product-service"",}",6925568.0
1790112788.967,java-product-service,hikaricp_connections_pending,"{language=""java"",pool=""HikariPool-1"",service=""java-product-service"",}",0.0
1790112788.967,java-product-service,hikaricp_connections_active,"{language=""java"",pool=""HikariPool-1"",service=""java-product-service"",}",0.0
1790112788.967,java-product-service,hikaricp_connections_usage_seconds_count,"{language=""java"",pool=""HikariPool-1"",service=""java-product-service"",}",193.0
1790112788.967,java-product-service,hikaricp_connections_usage_seconds_sum,"{language=""java"",pool=""HikariPool-1"",service=""java-product-service"",}",0.508
1790112788.967,java-product-service,process_cpu_usage,"{language=""java"",service=""java-product-service"",}",0.034108527131782945
1790112788.967,java-product-service,tomcat_threads_current_threads,"{language=""java"",name=""http-nio-9082"",service=""java-product-service"",}",10.0
1790112788.967,java-product-service,system_cpu_usage,"{language=""java"",service=""java-product-service"",}",0.03621503875968992
1790112788.967,java-order-service,jvm_memory_used_bytes,"{area=""nonheap"",id=""CodeHeap 'non-profiled nmethods'"",language=""java"",service=""java-order-service"",}",4939008.0
1790112788.967,java-order-service,jvm_memory_used_bytes,"{area=""heap"",id=""G1 Eden Space"",language=""java"",service=""java-order-service"",}",4194304.0
1790112788.967,java-order-service,jvm_memory_used_bytes,"{area=""nonheap"",id=""CodeHeap 'profiled nmethods'"",language=""java"",service=""java-order-service"",}",17360640.0
1790112788.967,java-order-service,jvm_memory_used_bytes,"{area=""nonheap"",id=""CodeHeap 'non-nmethods'"",language=""java"",service=""java-order-service"",}",1622528.0
1790112788.967,java-order-service,jvm_memory_used_bytes,"{area=""heap"",id=""G1 Survivor Space"",language=""java"",service=""java-order-service"",}",4718592.0
1790112788.967,java-order-service,jvm_memory_used_bytes,"{area=""nonheap"",id=""Compressed Class Space"",language=""java"",service=""java-order-service"",}",11005752.0
1790112788.967,java-order-service,jvm_memory_used_bytes,"{area=""heap"",id=""G1 Old Gen"",language=""java"",service=""java-order-service"",}",31672208.0
1790112788.967,java-order-service,jvm_memory_used_bytes,"{area=""nonheap"",id=""Metaspace"",language=""java"",service=""java-order-service"",}",81769896.0
1790112788.967,java-order-service,jvm_memory_committed_bytes,"{area=""nonheap"",id=""CodeHeap 'non-profiled nmethods'"",language=""java"",service=""java-order-service"",}",4980736.0
1790112788.967,java-order-service,jvm_memory_committed_bytes,"{area=""heap"",id=""G1 Eden Space"",language=""java"",service=""java-order-service"",}",48234496.0
1790112788.967,java-order-service,jvm_memory_committed_bytes,"{area=""nonheap"",id=""CodeHeap 'profiled nmethods'"",language=""java"",service=""java-order-service"",}",17498112.0
1790112788.967,java-order-service,jvm_memory_committed_bytes,"{area=""nonheap"",id=""CodeHeap 'non-nmethods'"",language=""java"",service=""java-order-service"",}",2555904.0
1790112788.967,java-order-service,jvm_memory_committed_bytes,"{area=""heap"",id=""G1 Survivor Space"",language=""java"",service=""java-order-service"",}",5242880.0
1790112788.967,java-order-service,jvm_memory_committed_bytes,"{area=""nonheap"",id=""Compressed Class Space"",language=""java"",service=""java-order-service"",}",11403264.0
1790112788.967,java-order-service,jvm_memory_committed_bytes,"{area=""heap"",id=""G1 Old Gen"",language=""java"",service=""java-order-service"",}",35651584.0
1790112788.967,java-order-service,jvm_memory_committed_bytes,"{area=""nonheap"",id=""Metaspace"",language=""java"",service=""java-order-service"",}",82706432.0
1790112788.967,java-order-service,hikaricp_connections_active,"{language=""java"",pool=""HikariPool-1"",service=""java-order-service"",}",0.0
1790112788.967,java-order-service,jvm_gc_pause_seconds_count,"{action=""end of minor GC"",cause=""G1 Evacuation Pause"",gc=""G1 Young Generation"",language=""java"",service=""java-order-service"",}",2.0
1790112788.967,java-order-service,jvm_gc_pause_seconds_sum,"{action=""end of minor GC"",cause=""G1 Evacuation Pause"",gc=""G1 Young Generation"",language=""java"",service=""java-order-service"",}",0.012
1790112788.967,java-order-service,hikaricp_connections_acquire_seconds_count,"{language=""java"",pool=""HikariPool-1"",service=""java-order-service"",}",241.0
1790112788.967,java-order-service,hikaricp_connections_acquire_seconds_sum,"{language=""java"",pool=""HikariPool-1"",service=""java-order-service"",}",0.020705582
1790112788.967,java-order-service,tomcat_threads_config_max_threads,"{language=""java"",name=""http-nio-9083"",service=""java-order-service"",}",64.0
1790112788.967,java-order-service,tomcat_threads_busy_threads,"{language=""java"",name=""http-nio-9083"",service=""java-order-service"",}",1.0
1790112788.967,java-order-service,hikaricp_connections_pending,"{language=""java"",pool=""HikariPool-1"",service=""java-order-service"",}",0.0
1790112788.967,java-order-service,hikaricp_connections_usage_seconds_count,"{language=""java"",pool=""HikariPool-1"",service=""java-order-service"",}",241.0
1790112788.967,java-order-service,hikaricp_connections_usage_seconds_sum,"{language=""java"",pool=""HikariPool-1"",service=""java-order-service"",}",0.354
1790112788.967,java-order-service,process_cpu_usage,"{language=""java"",service=""java-order-service"",}",0.05185185185185185
1790112788.967,java-order-service,system_cpu_usage,"{language=""java"",service=""java-order-service"",}",0.05628925925925926
1790112788.967,java-order-service,tomcat_threads_current_threads,"{language=""java"",name=""http-nio-9083"",service=""java-order-service"",}",10.0
1790112794.002,java-user-service,jvm_memory_used_bytes,"{area=""nonheap"",framework=""spring-boot"",id=""CodeHeap 'non-nmethods'"",language=""java"",service=""java-user-service"",}",1645952.0
1790112794.002,java-user-service,jvm_memory_used_bytes,"{area=""nonheap"",framework=""spring-boot"",id=""CodeHeap 'non-profiled nmethods'"",language=""java"",service=""java-user-service"",}",7960192.0
1790112794.002,java-user-service,jvm_memory_used_bytes,"{area=""heap"",framework=""spring-boot"",id=""G1 Survivor Space"",language=""java"",service=""java-user-service"",}",2294624.0
1790112794.002,java-user-service,jvm_memory_used_bytes,"{area=""heap"",framework=""spring-boot"",id=""G1 Old Gen"",language=""java"",service=""java-user-service"",}",39077624.0
1790112794.002,java-user-service,jvm_memory_used_bytes,"{area=""nonheap"",framework=""spring-boot"",id=""Metaspace"",language=""java"",service=""java-user-service"",}",102165504.0
1790112794.002,java-user-service,jvm_memory_used_bytes,"{area=""heap"",framework=""spring-boot"",id=""G1 Eden Space"",language=""java"",service=""java-user-service"",}",52428800.0
1790112794.002,java-user-service,jvm_memory_used_bytes,"{area=""nonheap"",framework=""spring-boot"",id=""Compressed Class Space"",language=""java"",service=""java-user-service"",}",13408104.0
1790112794.002,java-user-service,jvm_memory_used_bytes,"{area=""nonheap"",framework=""spring-boot"",id=""CodeHeap 'profiled nmethods'"",language=""java"",service=""java-user-service"",}",27097600.0
1790112794.002,java-user-service,jvm_gc_pause_seconds_count,"{action=""end of minor GC"",cause=""G1 Evacuation Pause"",framework=""spring-boot"",gc=""G1 Young Generation"",language=""java"",service=""java-user-service"",}",12.0
1790112794.002,java-user-service,jvm_gc_pause_seconds_sum,"{action=""end of minor GC"",cause=""G1 Evacuation Pause"",framework=""spring-boot"",gc=""G1 Young Generation"",language=""java"",service=""java-user-service"",}",0.123
1790112794.002,java-user-service,hikaricp_connections_acquire_seconds_count,"{framework=""spring-boot"",language=""java"",pool=""HikariPool-1"",service=""java-user-service"",}",612.0
1790112794.002,java-user-service,hikaricp_connections_acquire_seconds_sum,"{framework=""spring-boot"",language=""java"",pool=""HikariPool-1"",service=""java-user-service"",}",0.060259177
1790112794.002,java-user-service,jvm_memory_committed_bytes,"{area=""nonheap"",framework=""spring-boot"",id=""CodeHeap 'non-nmethods'"",language=""java"",service=""java-user-service"",}",2555904.0
1790112794.002,java-user-service,jvm_memory_committed_bytes,"{area=""nonheap"",framework=""spring-boot"",id=""CodeHeap 'non-profiled nmethods'"",language=""java"",service=""java-user-service"",}",7995392.0
1790112794.002,java-user-service,jvm_memory_committed_bytes,"{area=""heap"",framework=""spring-boot"",id=""G1 Survivor Space"",language=""java"",service=""java-user-service"",}",3145728.0
1790112794.002,java-user-service,jvm_memory_committed_bytes,"{area=""heap"",framework=""spring-boot"",id=""G1 Old Gen"",language=""java"",service=""java-user-service"",}",41943040.0
1790112794.002,java-user-service,jvm_memory_committed_bytes,"{area=""nonheap"",framework=""spring-boot"",id=""Metaspace"",language=""java"",service=""java-user-service"",}",103088128.0
1790112794.002,java-user-service,jvm_memory_committed_bytes,"{area=""heap"",framework=""spring-boot"",id=""G1 Eden Space"",language=""java"",service=""java-user-service"",}",68157440.0
1790112794.002,java-user-service,jvm_memory_committed_bytes,"{area=""nonheap"",framework=""spring-boot"",id=""Compressed Class Space"",language=""java"",service=""java-user-service"",}",13828096.0
1790112794.002,java-user-service,jvm_memory_committed_bytes,"{area=""nonheap"",framework=""spring-boot"",id=""CodeHeap 'profiled nmethods'"",language=""java"",service=""java-user-service"",}",27328512.0
1790112794.002,java-user-service,system_cpu_usage,"{framework=""spring-boot"",language=""java"",service=""java-user-service"",}",0.24712093333333332
1790112794.002,java-user-service,tomcat_threads_busy_threads,"{framework=""spring-boot"",language=""java"",name=""http-nio-9081"",service=""java-user-service"",}",1.0
1790112794.002,java-user-service,process_cpu_usage,"{framework=""spring-boot"",language=""java"",service=""java-user-service"",}",0.248
1790112794.002,java-user-service,tomcat_threads_current_threads,"{framework=""spring-boot"",language=""java"",name=""http-nio-9081"",service=""java-user-service"",}",10.0
1790112794.002,java-user-service,tomcat_threads_config_max_threads,"{framework=""spring-boot"",language=""java"",name=""http-nio-9081"",service=""java-user-service"",}",64.0
1790112794.002,java-user-service,hikaricp_connections_pending,"{framework=""spring-boot"",language=""java"",pool=""HikariPool-1"",service=""java-user-service"",}",0.0
1790112794.002,java-user-service,hikaricp_connections_active,"{framework=""spring-boot"",language=""java"",pool=""HikariPool-1"",service=""java-user-service"",}",0.0
1790112794.002,java-user-service,hikaricp_connections_usage_seconds_count,"{framework=""spring-boot"",language=""java"",pool=""HikariPool-1"",service=""java-user-service"",}",612.0
1790112794.002,java-user-service,hikaricp_connections_usage_seconds_sum,"{framework=""spring-boot"",language=""java"",pool=""HikariPool-1"",service=""java-user-service"",}",30.074
1790112794.002,java-product-service,hikaricp_connections_acquire_seconds_count,"{language=""java"",pool=""HikariPool-1"",service=""java-product-service"",}",214.0
1790112794.002,java-product-service,hikaricp_connections_acquire_seconds_sum,"{language=""java"",pool=""HikariPool-1"",service=""java-product-service"",}",0.037767175
1790112794.002,java-product-service,jvm_gc_pause_seconds_count,"{action=""end of minor GC"",cause=""G1 Evacuation Pause"",gc=""G1 Young Generation"",language=""java"",service=""java-product-service"",}",4.0
1790112794.002,java-product-service,jvm_gc_pause_seconds_sum,"{action=""end of minor GC"",cause=""G1 Evacuation Pause"",gc=""G1 Young Generation"",language=""java"",service=""java-product-service"",}",0.02
1790112794.002,java-product-service,tomcat_threads_config_max_threads,"{language=""java"",name=""http-nio-9082"",service=""java-product-service"",}",64.0
1790112794.002,java-product-service,tomcat_threads_busy_threads,"{language=""java"",name=""http-nio-9082"",service=""java-product-service"",}",1.0
1790112794.002,java-product-service,jvm_memory_committed_bytes,"{area=""nonheap"",id=""CodeHeap 'non-nmethods'"",language=""java"",service=""java-product-service"",}",2555904.0
1790112794.002,java-product-service,jvm_memory_committed_bytes,"{area=""heap"",id=""G1 Eden Space"",language=""java"",service=""java-product-service"",}",52428800.0
1790112794.002,java-product-service,jvm_memory_committed_bytes,"{area=""nonheap"",id=""Metaspace"",language=""java"",service=""java-product-service"",}",99155968.0
1790112794.002,java-product-service,jvm_memory_committed_bytes,"{area=""heap"",id=""G1 Old Gen"",language=""java"",service=""java-product-service"",}",44040192.0
1790112794.002,java-product-service,jvm_memory_committed_bytes,"{area=""nonheap"",id=""Compressed Class Space"",language=""java"",service=""java-product-service"",}",13434880.0
1790112794.002,java-product-service,jvm_memory_committed_bytes,"{area=""heap"",id=""G1 Survivor Space"",language=""java"",service=""java-product-service"",}",4194304.0
1790112794.002,java-product-service,jvm_memory_committed_bytes,"{area=""nonheap"",id=""CodeHeap 'profiled nmethods'"",language=""java"",service=""java-product-service"",}",26148864.0
1790112794.002,java-product-service,jvm_memory_committed_bytes,"{area=""nonheap"",id=""CodeHeap 'non-profiled nmethods'"",language=""java"",service=""java-product-service"",}",7077888.0
1790112794.002,java-product-service,jvm_memory_used_bytes,"{area=""nonheap"",id=""CodeHeap 'non-nmethods'"",language=""java"",service=""java-product-service"",}",1639296.0
1790112794.002,java-product-service,jvm_memory_used_bytes,"{area=""heap"",id=""G1 Eden Space"",language=""java"",service=""java-product-service"",}",32505856.0
1790112794.002,java-product-service,jvm_memory_used_bytes,"{area=""nonheap"",id=""Metaspace"",language=""java"",service=""java-product-service"",}",98274328.0
1790112794.002,java-product-service,jvm_memory_used_bytes,"{area=""heap"",id=""G1 Old Gen"",language=""java"",service=""java-product-service"",}",39634904.0
1790112794.002,java-product-service,jvm_memory_used_bytes,"{area=""nonheap"",id=""Compressed Class Space"",language=""java"",service=""java-product-service"",}",13030408.0
1790112794.002,java-product-service,jvm_memory_used_bytes,"{area=""heap"",id=""G1 Survivor Space"",language=""java"",service=""java-product-service"",}",3235992.0
1790112794.002,java-product-service,jvm_memory_used_bytes,"{area=""nonheap"",id=""CodeHeap 'profiled nmethods'"",language=""java"",service=""java-product-service"",}",26135680.0
1790112794.002,java-product-service,jvm_memory_used_bytes,"{area=""nonheap"",id=""CodeHeap 'non-profiled nmethods'"",language=""java"",service=""java-product-service"",}",7073792.0
1790112794.002,java-product-service,hikaricp_connections_pending,"{language=""java"",pool=""HikariPool-1"",service=""java-product-service"",}",0.0
1790112794.002,java-product-service,hikaricp_connections_active,"{language=""java"",pool=""HikariPool-1"",service=""java-product-service"",}",0.0
1790112794.002,java-product-service,hikaricp_connections_usage_seconds_count,"{language=""java"",pool=""HikariPool-1"",service=""java-product-service"",}",214.0
1790112794.002,java-product-service,hikaricp_connections_usage_seconds_sum,"{language=""java"",pool=""HikariPool-1"",service=""java-product-service"",}",0.51
1790112794.002,java-product-service,process_cpu_usage,"{language=""java"",service=""java-product-service"",}",0.036734693877551024
1790112794.002,java-product-service,tomcat_threads_current_threads,"{language=""java"",name=""http-nio-9082"",service=""java-product-service"",}",10.0
1790112794.002,java-product-service,system_cpu_usage,"{language=""java"",service=""java-product-service"",}",0.0381847619047619
1790112794.002,java-order-service,jvm_memory_used_bytes,"{area=""nonheap"",id=""CodeHeap 'non-profiled nmethods'"",language=""java"",service=""java-order-service"",}",5009536.0
1790112794.002,java-order-service,jvm_memory_used_bytes,"{area=""heap"",id=""G1 Eden Space"",language=""java"",service=""java-order-service"",}",8388608.0
1790112794.002,java-order-service,jvm_memory_used_bytes,"{area=""nonheap"",id=""CodeHeap 'profiled nmethods'"",language=""java"",service=""java-order-service"",}",18179072.0
1790112794.002,java-order-service,jvm_memory_used_bytes,"{area=""nonheap"",id=""CodeHeap 'non-nmethods'"",language=""java"",service=""java-order-service"",}",1622528.0
1790112794.002,java-order-service,jvm_memory_used_bytes,"{area=""heap"",id=""G1 Survivor Space"",language=""java"",service=""java-order-service"",}",4718592.0
1790112794.002,java-order-service,jvm_memory_used_bytes,"{area=""nonheap"",id=""Compressed Class Space"",language=""java"",service=""java-order-service"",}",11005752.0
1790112794.002,java-order-service,jvm_memory_used_bytes,"{area=""heap"",id=""G1 Old Gen"",language=""java"",service=""java-order-service"",}",31672208.0
1790112794.002,java-order-service,jvm_memory_used_bytes,"{area=""nonheap"",id=""Metaspace"",language=""java"",service=""java-order-service"",}",82050920.0
1790112794.002,java-order-service,jvm_memory_committed_bytes,"{area=""nonheap"",id=""CodeHeap 'non-profiled nmethods'"",language=""java"",service=""java-order-service"",}",5046272.0
1790112794.002,java-order-service,jvm_memory_committed_bytes,"{area=""heap"",id=""G1 Eden Space"",language=""java"",service=""java-order-service"",}",48234496.0
1790112794.002,java-order-service,jvm_memory_committed_bytes,"{area=""nonheap"",id=""CodeHeap 'profiled nmethods'"",language=""java"",service=""java-order-service"",}",18219008.0
1790112794.002,java-order-service,jvm_memory_committed_bytes,"{area=""nonheap"",id=""CodeHeap 'non-nmethods'"",language=""java"",service=""java-order-service"",}",2555904.0
1790112794.002,java-order-service,jvm_memory_committed_bytes,"{area=""heap"",id=""G1 Survivor Space"",language=""java"",service=""java-order-service"",}",5242880.0
1790112794.002,java-order-service,jvm_memory_committed_bytes,"{area=""nonheap"",id=""Compressed Class Space"",language=""java"",service=""java-order-service"",}",11403264.0
1790112794.002,java-order-service,jvm_memory_committed_bytes,"{area=""heap"",id=""G1 Old Gen"",language=""java"",service=""java-order-service"",}",35651584.0
1790112794.002,java-order-service,jvm_memory_committed_bytes,"{area=""nonheap"",id=""Metaspace"",language=""java"",service=""java-order-service"",}",82903040.0
1790112794.002,java-order-service,hikaricp_connections_active,"{language=""java"",pool=""HikariPool-1"",service=""java-order-service"",}",0.0
1790112794.002,java-order-service,jvm_gc_pause_seconds_count,"{action=""end of minor GC"",cause=""G1 Evacuation Pause"",gc=""G1 Young Generation"",language=""java"",service=""java-order-service"",}",2.0
1790112794.002,java-order-service,jvm_gc_pause_seconds_sum,"{action=""end of minor GC"",cause=""G1 Evacuation Pause"",gc=""G1 Young Generation"",language=""java"",service=""java-order-service"",}",0.012
1790112794.002,java-order-service,hikaricp_connections_acquire_seconds_count,"{language=""java"",pool=""HikariPool-1"",service=""java-order-service"",}",285.0
1790112794.002,java-order-service,hikaricp_connections_acquire_seconds_sum,"{language=""java"",pool=""HikariPool-1"",service=""java-order-service"",}",0.023265999
1790112794.002,java-order-service,tomcat_threads_config_max_threads,"{language=""java"",name=""http-nio-9083"",service=""java-order-service"",}",64.0
1790112794.002,java-order-service,tomcat_threads_busy_threads,"{language=""java"",name=""http-nio-9083"",service=""java-order-service"",}",1.0
1790112794.002,java-order-service,hikaricp_connections_pending,"{language=""java"",pool=""HikariPool-1"",service=""java-order-service"",}",0.0
1790112794.002,java-order-service,hikaricp_connections_usage_seconds_count,"{language=""java"",pool=""HikariPool-1"",service=""java-order-service"",}",285.0
1790112794.002,java-order-service,hikaricp_connections_usage_seconds_sum,"{language=""java"",pool=""HikariPool-1"",service=""java-order-service"",}",0.436
1790112794.002,java-order-service,process_cpu_usage,"{language=""java"",service=""java-order-service"",}",0.04878048780487805
1790112794.002,java-order-service,system_cpu_usage,"{language=""java"",service=""java-order-service"",}",0.04735853658536585
1790112794.002,java-order-service,tomcat_threads_current_threads,"{language=""java"",name=""http-nio-9083"",service=""java-order-service"",}",10.0
1790112799.053,java-user-service,jvm_memory_used_bytes,"{area=""nonheap"",framework=""spring-boot"",id=""CodeHeap 'non-nmethods'"",language=""java"",service=""java-user-service"",}",1645952.0
1790112799.053,java-user-service,jvm_memory_used_bytes,"{area=""nonheap"",framework=""spring-boot"",id=""CodeHeap 'non-profiled nmethods'"",language=""java"",service=""java-user-service"",}",7563904.0
1790112799.053,java-user-service,jvm_memory_used_bytes,"{area=""heap"",framework=""spring-boot"",id=""G1 Survivor Space"",language=""java"",service=""java-user-service"",}",2300960.0
1790112799.053,java-user-service,jvm_memory_used_bytes,"{area=""heap"",framework=""spring-boot"",id=""G1 Old Gen"",language=""java"",service=""java-user-service"",}",39077624.0
1790112799.053,java-user-service,jvm_memory_used_bytes,"{area=""nonheap"",framework=""spring-boot"",id=""Metaspace"",language=""java"",service=""java-user-service"",}",102251168.0
1790112799.053,java-user-service,jvm_memory_used_bytes,"{area=""heap"",framework=""spring-boot"",id=""G1 Eden Space"",language=""java"",service=""java-user-service"",}",56623104.0
1790112799.053,java-user-service,jvm_memory_used_bytes,"{area=""nonheap"",framework=""spring-boot"",id=""Compressed Class Space"",language=""java"",service=""java-user-service"",}",13408624.0
1790112799.053,java-user-service,jvm_memory_used_bytes,"{area=""nonheap"",framework=""spring-boot"",id=""CodeHeap 'profiled nmethods'"",language=""java"",service=""java-user-service"",}",22216192.0
1790112799.053,java-user-service,jvm_gc_pause_seconds_count,"{action=""end of minor GC"",cause=""G1 Evacuation Pause"",framework=""spring-boot"",gc=""G1 Young Generation"",language=""java"",service=""java-user-service"",}",13.0
1790112799.053,java-user-service,jvm_gc_pause_seconds_sum,"{action=""end of minor GC"",cause=""G1 Evacuation Pause"",framework=""spring-boot"",gc=""G1 Young Generation"",language=""java"",service=""java-user-service"",}",0.128
1790112799.053,java-user-service,hikaricp_connections_acquire_seconds_count,"{framework=""spring-boot"",language=""java"",pool=""HikariPool-1"",service=""java-user-service"",}",676.0
1790112799.053,java-user-service,hikaricp_connections_acquire_seconds_sum,"{framework=""spring-boot"",language=""java"",pool=""HikariPool-1"",service=""java-user-service"",}",0.063651807
1790112799.053,java-user-service,jvm_memory_committed_bytes,"{area=""nonheap"",framework=""spring-boot"",id=""CodeHeap 'non-nmethods'"",language=""java"",service=""java-user-service"",}",2555904.0
1790112799.053,java-user-service,jvm_memory_committed_bytes,"{area=""nonheap"",framework=""spring-boot"",id=""CodeHeap 'non-profiled nmethods'"",language=""java"",service=""java-user-service"",}",8126464.0
1790112799.053,java-user-service,jvm_memory_committed_bytes,"{area=""heap"",framework=""spring-boot"",id=""G1 Survivor Space"",language=""java"",service=""java-user-service"",}",3145728.0
1790112799.053,java-user-service,jvm_memory_committed_bytes,"{area=""heap"",framework=""spring-boot"",id=""G1 Old Gen"",language=""java"",service=""java-user-service"",}",41943040.0
1790112799.053,java-user-service,jvm_memory_committed_bytes,"{area=""nonheap"",framework=""spring-boot"",id=""Metaspace"",language=""java"",service=""java-user-service"",}",103219200.0
1790112799.053,java-user-service,jvm_memory_committed_bytes,"{area=""heap"",framework=""spring-boot"",id=""G1 Eden Space"",language=""java"",service=""java-user-service"",}",68157440.0
1790112799.053,java-user-service,jvm_memory_committed_bytes,"{area=""nonheap"",framework=""spring-boot"",id=""Compressed Class Space"",language=""java"",service=""java-user-service"",}",13828096.0
1790112799.053,java-user-service,jvm_memory_committed_bytes,"{area=""nonheap"",framework=""spring-boot"",id=""CodeHeap 'profiled nmethods'"",language=""java"",service=""java-user-service"",}",27328512.0
1790112799.053,java-user-service,system_cpu_usage,"{framework=""spring-boot"",language=""java"",service=""java-user-service"",}",0.3194484
1790112799.053,java-user-service,tomcat_threads_busy_threads,"{framework=""spring-boot"",language=""java"",name=""http-nio-9081"",service=""java-user-service"",}",1.0
1790112799.053,java-user-service,process_cpu_usage,"{framework=""spring-boot"",language=""java"",service=""java-user-service"",}",0.31866666666666665
1790112799.053,java-user-service,tomcat_threads_current_threads,"{framework=""spring-boot"",language=""java"",name=""http-nio-9081"",service=""java-user-service"",}",10.0
1790112799.053,java-user-service,tomcat_threads_config_max_threads,"{framework=""spring-boot"",language=""java"",name=""http-nio-9081"",service=""java-user-service"",}",64.0
1790112799.053,java-user-service,hikaricp_connections_pending,"{framework=""spring-boot"",language=""java"",pool=""HikariPool-1"",service=""java-user-service"",}",0.0
1790112799.053,java-user-service,hikaricp_connections_active,"{framework=""spring-boot"",language=""java"",pool=""HikariPool-1"",service=""java-user-service"",}",0.0
1790112799.053,java-user-service,hikaricp_connections_usage_seconds_count,"{framework=""spring-boot"",language=""java"",pool=""HikariPool-1"",service=""java-user-service"",}",676.0
1790112799.053,java-user-service,hikaricp_connections_usage_seconds_sum,"{framework=""spring-boot"",language=""java"",pool=""HikariPool-1"",service=""java-user-service"",}",31.95
1790112799.053,java-product-service,hikaricp_connections_acquire_seconds_count,"{language=""java"",pool=""HikariPool-1"",service=""java-product-service"",}",237.0
1790112799.053,java-product-service,hikaricp_connections_acquire_seconds_sum,"{language=""java"",pool=""HikariPool-1"",service=""java-product-service"",}",0.040148841
1790112799.053,java-product-service,jvm_gc_pause_seconds_count,"{action=""end of minor GC"",cause=""G1 Evacuation Pause"",gc=""G1 Young Generation"",language=""java"",service=""java-product-service"",}",4.0
1790112799.053,java-product-service,jvm_gc_pause_seconds_sum,"{action=""end of minor GC"",cause=""G1 Evacuation Pause"",gc=""G1 Young Generation"",language=""java"",service=""java-product-service"",}",0.02
1790112799.053,java-product-service,tomcat_threads_config_max_threads,"{language=""java"",name=""http-nio-9082"",service=""java-product-service"",}",64.0
1790112799.053,java-product-service,tomcat_threads_busy_threads,"{language=""java"",name=""http-nio-9082"",service=""java-product-service"",}",1.0
1790112799.053,java-product-service,jvm_memory_committed_bytes,"{area=""nonheap"",id=""CodeHeap 'non-nmethods'"",language=""java"",service=""java-product-service"",}",2555904.0
1790112799.053,java-product-service,jvm_memory_committed_bytes,"{area=""heap"",id=""G1 Eden Space"",language=""java"",service=""java-product-service"",}",52428800.0
1790112799.053,java-product-service,jvm_memory_committed_bytes,"{area=""nonheap"",id=""Metaspace"",language=""java"",service=""java-product-service"",}",99287040.0
1790112799.053,java-product-service,jvm_memory_committed_bytes,"{area=""heap"",id=""G1 Old Gen"",language=""java"",service=""java-product-service"",}",44040192.0
1790112799.053,java-product-service,jvm_memory_committed_bytes,"{area=""nonheap"",id=""Compressed Class Space"",language=""java"",service=""java-product-service"",}",13434880.0
1790112799.053,java-product-service,jvm_memory_committed_bytes,"{area=""heap"",id=""G1 Survivor Space"",language=""java"",service=""java-product-service"",}",4194304.0
1790112799.053,java-product-service,jvm_memory_committed_bytes,"{area=""nonheap"",id=""CodeHeap 'profiled nmethods'"",language=""java"",service=""java-product-service"",}",26279936.0
1790112799.053,java-product-service,jvm_memory_committed_bytes,"{area=""nonheap"",id=""CodeHeap 'non-profiled nmethods'"",language=""java"",service=""java-product-service"",}",7208960.0
1790112799.053,java-product-service,jvm_memory_used_bytes,"{area=""nonheap"",id=""CodeHeap 'non-nmethods'"",language=""java"",service=""java-product-service"",}",1639296.0
1790112799.053,java-product-service,jvm_memory_used_bytes,"{area=""heap"",id=""G1 Eden Space"",language=""java"",service=""java-product-service"",}",38797312.0
1790112799.053,java-product-service,jvm_memory_used_bytes,"{area=""nonheap"",id=""Metaspace"",language=""java"",service=""java-product-service"",}",98305592.0
1790112799.053,java-product-service,jvm_memory_used_bytes,"{area=""heap"",id=""G1 Old Gen"",language=""java"",service=""java-product-service"",}",39634904.0
1790112799.053,java-product-service,jvm_memory_used_bytes,"{area=""nonheap"",id=""Compressed Class Space"",language=""java"",service=""java-product-service"",}",13032544.0
1790112799.053,java-product-service,jvm_memory_used_bytes,"{area=""heap"",id=""G1 Survivor Space"",language=""java"",service=""java-product-service"",}",3235992.0
1790112799.053,java-product-service,jvm_memory_used_bytes,"{area=""nonheap"",id=""CodeHeap 'profiled nmethods'"",language=""java"",service=""java-product-service"",}",26239488.0
1790112799.053,java-product-service,jvm_memory_used_bytes,"{area=""nonheap"",id=""CodeHeap 'non-profiled nmethods'"",language=""java"",service=""java-product-service"",}",7153024.0
1790112799.053,java-product-service,hikaricp_connections_pending,"{language=""java"",pool=""HikariPool-1"",service=""java-product-service"",}",0.0
1790112799.053,java-product-service,hikaricp_connections_active,"{language=""java"",pool=""HikariPool-1"",service=""java-product-service"",}",0.0
1790112799.053,java-product-service,hikaricp_connections_usage_seconds_count,"{language=""java"",pool=""HikariPool-1"",service=""java-product-service"",}",237.0
1790112799.053,java-product-service,hikaricp_connections_usage_seconds_sum,"{language=""java"",pool=""HikariPool-1"",service=""java-product-service"",}",0.512
1790112799.053,java-product-service,process_cpu_usage,"{language=""java"",service=""java-product-service"",}",0.02857142857142857
1790112799.053,java-product-service,tomcat_threads_current_threads,"{language=""java"",name=""http-nio-9082"",service=""java-product-service"",}",10.0
1790112799.053,java-product-service,system_cpu_usage,"{language=""java"",service=""java-product-service"",}",0.029501768707482993
1790112799.053,java-order-service,jvm_memory_used_bytes,"{area=""nonheap"",id=""CodeHeap 'non-profiled nmethods'"",language=""java"",service=""java-order-service"",}",5093376.0
1790112799.053,java-order-service,jvm_memory_used_bytes,"{area=""heap"",id=""G1 Eden Space"",language=""java"",service=""java-order-service"",}",12582912.0
1790112799.053,java-order-service,jvm_memory_used_bytes,"{area=""nonheap"",id=""CodeHeap 'profiled nmethods'"",language=""java"",service=""java-order-service"",}",18744960.0
1790112799.053,java-order-service,jvm_memory_used_bytes,"{area=""nonheap"",id=""CodeHeap 'non-nmethods'"",language=""java"",service=""java-order-service"",}",1622528.0
1790112799.053,java-order-service,jvm_memory_used_bytes,"{area=""heap"",id=""G1 Survivor Space"",language=""java"",service=""java-order-service"",}",4718592.0
1790112799.053,java-order-service,jvm_memory_used_bytes,"{area=""nonheap"",id=""Compressed Class Space"",language=""java"",service=""java-order-service"",}",11005752.0
1790112799.053,java-order-service,jvm_memory_used_bytes,"{area=""heap"",id=""G1 Old Gen"",language=""java"",service=""java-order-service"",}",31672208.0
1790112799.053,java-order-service,jvm_memory_used_bytes,"{area=""nonheap"",id=""Metaspace"",language=""java"",service=""java-order-service"",}",82210088.0
1790112799.053,java-order-service,jvm_memory_committed_bytes,"{area=""nonheap"",id=""CodeHeap 'non-profiled nmethods'"",language=""java"",service=""java-order-service"",}",5111808.0
1790112799.053,java-order-service,jvm_memory_committed_bytes,"{area=""heap"",id=""G1 Eden Space"",language=""java"",service=""java-order-service"",}",48234496.0
1790112799.053,java-order-service,jvm_memory_committed_bytes,"{area=""nonheap"",id=""CodeHeap 'profiled nmethods'"",language=""java"",service=""java-order-service"",}",18808832.0
1790112799.053,java-order-service,jvm_memory_committed_bytes,"{area=""nonheap"",id=""CodeHeap 'non-nmethods'"",language=""java"",service=""java-order-service"",}",2555904.0
1790112799.053,java-order-service,jvm_memory_committed_bytes,"{area=""heap"",id=""G1 Survivor Space"",language=""java"",service=""java-order-service"",}",5242880.0
1790112799.053,java-order-service,jvm_memory_committed_bytes,"{area=""nonheap"",id=""Compressed Class Space"",language=""java"",service=""java-order-service"",}",11403264.0
1790112799.053,java-order-service,jvm_memory_committed_bytes,"{area=""heap"",id=""G1 Old Gen"",language=""java"",service=""java-order-service"",}",35651584.0
1790112799.053,java-order-service,jvm_memory_committed_bytes,"{area=""nonheap"",id=""Metaspace"",language=""java"",service=""java-order-service"",}",83099648.0
1790112799.053,java-order-service,hikaricp_connections_active,"{language=""java"",pool=""HikariPool-1"",service=""java-order-service"",}",0.0
1790112799.053,java-order-service,jvm_gc_pause_seconds_count,"{action=""end of minor GC"",cause=""G1 Evacuation Pause"",gc=""G1 Young Generation"",language=""java"",service=""java-order-service"",}",2.0
1790112799.053,java-order-service,jvm_gc_pause_seconds_sum,"{action=""end of minor GC"",cause=""G1 Evacuation Pause"",gc=""G1 Young Generation"",language=""java"",service=""java-order-service"",}",0.012
1790112799.053,java-order-service,hikaricp_connections_acquire_seconds_count,"{language=""java"",pool=""HikariPool-1"",service=""java-order-service"",}",334.0
1790112799.053,java-order-service,hikaricp_connections_acquire_seconds_sum,"{language=""java"",pool=""HikariPool-1"",service=""java-order-service"",}",0.024848503
1790112799.053,java-order-service,tomcat_threads_config_max_threads,"{language=""java"",name=""http-nio-9083"",service=""java-order-service"",}",64.0
1790112799.053,java-order-service,tomcat_threads_busy_threads,"{language=""java"",name=""http-nio-9083"",service=""java-order-service"",}",1.0
1790112799.053,java-order-service,hikaricp_connections_pending,"{language=""java"",pool=""HikariPool-1"",service=""java-order-service"",}",0.0
1790112799.053,java-order-service,hikaricp_connections_usage_seconds_count,"{language=""java"",pool=""HikariPool-1"",service=""java-order-service"",}",334.0
1790112799.053,java-order-service,hikaricp_connections_usage_seconds_sum,"{language=""java"",pool=""HikariPool-1"",service=""java-order-service"",}",0.506
1790112799.053,java-order-service,process_cpu_usage,"{language=""java"",service=""java-order-service"",}",0.03577235772357724
1790112799.053,java-order-service,system_cpu_usage,"{language=""java"",service=""java-order-service"",}",0.0395990243902439
1790112799.053,java-order-service,tomcat_threads_current_threads,"{language=""java"",name=""http-nio-9083"",service=""java-order-service"",}",10.0
1790112804.098,java-user-service,jvm_memory_used_bytes,"{area=""nonheap"",framework=""spring-boot"",id=""CodeHeap 'non-nmethods'"",language=""java"",service=""java-user-service"",}",1645952.0
1790112804.098,java-user-service,jvm_memory_used_bytes,"{area=""nonheap"",framework=""spring-boot"",id=""CodeHeap 'non-profiled nmethods'"",language=""java"",service=""java-user-service"",}",7792768.0
1790112804.098,java-user-service,jvm_memory_used_bytes,"{area=""heap"",framework=""spring-boot"",id=""G1 Survivor Space"",language=""java"",service=""java-user-service"",}",2529008.0
1790112804.098,java-user-service,jvm_memory_used_bytes,"{area=""heap"",framework=""spring-boot"",id=""G1 Old Gen"",language=""java"",service=""java-user-service"",}",38585816.0
1790112804.098,java-user-service,jvm_memory_used_bytes,"{area=""nonheap"",framework=""spring-boot"",id=""Metaspace"",language=""java"",service=""java-user-service"",}",102767744.0
1790112804.098,java-user-service,jvm_memory_used_bytes,"{area=""heap"",framework=""spring-boot"",id=""G1 Eden Space"",language=""java"",service=""java-user-service"",}",11534336.0
1790112804.098,java-user-service,jvm_memory_used_bytes,"{area=""nonheap"",framework=""spring-boot"",id=""Compressed Class Space"",language=""java"",service=""java-user-service"",}",13410168.0
1790112804.098,java-user-service,jvm_memory_used_bytes,"{area=""nonheap"",framework=""spring-boot"",id=""CodeHeap 'profiled nmethods'"",language=""java"",service=""java-user-service"",}",23240448.0
1790112804.098,java-user-service,jvm_gc_pause_seconds_count,"{action=""end of minor GC"",cause=""G1 Evacuation Pause"",framework=""spring-boot"",gc=""G1 Young Generation"",language=""java"",service=""java-user-service"",}",15.0
1790112804.098,java-user-service,jvm_gc_pause_seconds_sum,"{action=""end of minor GC"",cause=""G1 Evacuation Pause"",framework=""spring-boot"",gc=""G1 Young Generation"",language=""java"",service=""java-user-service"",}",0.142
1790112804.098,java-user-service,hikaricp_connections_acquire_seconds_count,"{framework=""spring-boot"",language=""java"",pool=""HikariPool-1"",service=""java-user-service"",}",748.0
1790112804.098,java-user-service,hikaricp_connections_acquire_seconds_sum,"{framework=""spring-boot"",language=""java"",pool=""HikariPool-1"",service=""java-user-service"",}",0.066735932
1790112804.098,java-user-service,jvm_memory_committed_bytes,"{area=""nonheap"",framework=""spring-boot"",id=""CodeHeap 'non-nmethods'"",language=""java"",service=""java-user-service"",}",2555904.0
1790112804.098,java-user-service,jvm_memory_committed_bytes,"{area=""nonheap"",framework=""spring-boot"",id=""CodeHeap 'non-profiled nmethods'"",language=""java"",service=""java-user-service"",}",8257536.0
1790112804.098,java-user-service,jvm_memory_committed_bytes,"{area=""heap"",framework=""spring-boot"",id=""G1 Survivor Space"",language=""java"",service=""java-user-service"",}",3145728.0
1790112804.098,java-user-service,jvm_memory_committed_bytes,"{area=""heap"",framework=""spring-boot"",id=""G1 Old Gen"",language=""java"",service=""java-user-service"",}",41943040.0
1790112804.098,java-user-service,jvm_memory_committed_bytes,"{area=""nonheap"",framework=""spring-boot"",id=""Metaspace"",language=""java"",service=""java-user-service"",}",103743488.0
1790112804.098,java-user-service,jvm_memory_committed_bytes,"{area=""heap"",framework=""spring-boot"",id=""G1 Eden Space"",language=""java"",service=""java-user-service"",}",68157440.0
1790112804.098,java-user-service,jvm_memory_committed_bytes,"{area=""nonheap"",framework=""spring-boot"",id=""Compressed Class Space"",language=""java"",service=""java-user-service"",}",13828096.0
1790112804.098,java-user-service,jvm_memory_committed_bytes,"{area=""nonheap"",framework=""spring-boot"",id=""CodeHeap 'profiled nmethods'"",language=""java"",service=""java-user-service"",}",27328512.0
1790112804.098,java-user-service,system_cpu_usage,"{framework=""spring-boot"",language=""java"",service=""java-user-service"",}",0.3415792
1790112804.098,java-user-service,tomcat_threads_busy_threads,"{framework=""spring-boot"",language=""java"",name=""http-nio-9081"",service=""java-user-service"",}",1.0
1790112804.098,java-user-service,process_cpu_usage,"{framework=""spring-boot"",language=""java"",service=""java-user-service"",}",0.3413333333333333
1790112804.098,java-user-service,tomcat_threads_current_threads,"{framework=""spring-boot"",language=""java"",name=""http-nio-9081"",service=""java-user-service"",}",10.0
1790112804.098,java-user-service,tomcat_threads_config_max_threads,"{framework=""spring-boot"",language=""java"",name=""http-nio-9081"",service=""java-user-service"",}",64.0
1790112804.098,java-user-service,hikaricp_connections_pending,"{framework=""spring-boot"",language=""java"",pool=""HikariPool-1"",service=""java-user-service"",}",0.0
1790112804.098,java-user-service,hikaricp_connections_active,"{framework=""spring-boot"",language=""java"",pool=""HikariPool-1"",service=""java-user-service"",}",0.0
1790112804.098,java-user-service,hikaricp_connections_usage_seconds_count,"{framework=""spring-boot"",language=""java"",pool=""HikariPool-1"",service=""java-user-service"",}",748.0
1790112804.098,java-user-service,hikaricp_connections_usage_seconds_sum,"{framework=""spring-boot"",language=""java"",pool=""HikariPool-1"",service=""java-user-service"",}",34.111
1790112804.098,java-product-service,hikaricp_connections_acquire_seconds_count,"{language=""java"",pool=""HikariPool-1"",service=""java-product-service"",}",258.0
1790112804.098,java-product-service,hikaricp_connections_acquire_seconds_sum,"{language=""java"",pool=""HikariPool-1"",service=""java-product-service"",}",0.042195921
1790112804.098,java-product-service,jvm_gc_pause_seconds_count,"{action=""end of minor GC"",cause=""G1 Evacuation Pause"",gc=""G1 Young Generation"",language=""java"",service=""java-product-service"",}",4.0
1790112804.098,java-product-service,jvm_gc_pause_seconds_sum,"{action=""end of minor GC"",cause=""G1 Evacuation Pause"",gc=""G1 Young Generation"",language=""java"",service=""java-product-service"",}",0.02
1790112804.098,java-product-service,tomcat_threads_config_max_threads,"{language=""java"",name=""http-nio-9082"",service=""java-product-service"",}",64.0
1790112804.098,java-product-service,tomcat_threads_busy_threads,"{language=""java"",name=""http-nio-9082"",service=""java-product-service"",}",1.0
1790112804.098,java-product-service,jvm_memory_committed_bytes,"{area=""nonheap"",id=""CodeHeap 'non-nmethods'"",language=""java"",service=""java-product-service"",}",2555904.0
1790112804.098,java-product-service,jvm_memory_committed_bytes,"{area=""heap"",id=""G1 Eden Space"",language=""java"",service=""java-product-service"",}",52428800.0
1790112804.098,java-product-service,jvm_memory_committed_bytes,"{area=""nonheap"",id=""Metaspace"",language=""java"",service=""java-product-service"",}",99352576.0
1790112804.098,java-product-service,jvm_memory_committed_bytes,"{area=""heap"",id=""G1 Old Gen"",language=""java"",service=""java-product-service"",}",44040192.0
1790112804.098,java-product-service,jvm_memory_committed_bytes,"{area=""nonheap"",id=""Compressed Class Space"",language=""java"",service=""java-product-service"",}",13434880.0
1790112804.098,java-product-service,jvm_memory_committed_bytes,"{area=""heap"",id=""G1 Survivor Space"",language=""java"",service=""java-product-service"",}",4194304.0
1790112804.098,java-product-service,jvm_memory_committed_bytes,"{area=""nonheap"",id=""CodeHeap 'profiled nmethods'"",language=""java"",service=""java-product-service"",}",26476544.0
1790112804.098,java-product-service,jvm_memory_committed_bytes,"{area=""nonheap"",id=""CodeHeap 'non-profiled nmethods'"",language=""java"",service=""java-product-service"",}",7340032.0
1790112804.098,java-product-service,jvm_memory_used_bytes,"{area=""nonheap"",id=""CodeHeap 'non-nmethods'"",language=""java"",service=""java-product-service"",}",1639296.0
1790112804.098,java-product-service,jvm_memory_used_bytes,"{area=""heap"",id=""G1 Eden Space"",language=""java"",service=""java-product-service"",}",44040192.0
1790112804.098,java-product-service,jvm_memory_used_bytes,"{area=""nonheap"",id=""Metaspace"",language=""java"",service=""java-product-service"",}",98411376.0
1790112804.098,java-product-service,jvm_memory_used_bytes,"{area=""heap"",id=""G1 Old Gen"",language=""java"",service=""java-product-service"",}",39634904.0
1790112804.098,java-product-service,jvm_memory_used_bytes,"{area=""nonheap"",id=""Compressed Class Space"",language=""java"",service=""java-product-service"",}",13033064.0
1790112804.098,java-product-service,jvm_memory_used_bytes,"{area=""heap"",id=""G1 Survivor Space"",language=""java"",service=""java-product-service"",}",3235992.0
1790112804.098,java-product-service,jvm_memory_used_bytes,"{area=""nonheap"",id=""CodeHeap 'profiled nmethods'"",language=""java"",service=""java-product-service"",}",26461952.0
1790112804.098,java-product-service,jvm_memory_used_bytes,"{area=""nonheap"",id=""CodeHeap 'non-profiled nmethods'"",language=""java"",service=""java-product-service"",}",7340928.0
1790112804.098,java-product-service,hikaricp_connections_pending,"{language=""java"",pool=""HikariPool-1"",service=""java-product-service"",}",0.0
1790112804.098,java-product-service,hikaricp_connections_active,"{language=""java"",pool=""HikariPool-1"",service=""java-product-service"",}",0.0
1790112804.098,java-product-service,hikaricp_connections_usage_seconds_count,"{language=""java"",pool=""HikariPool-1"",service=""java-product-service"",}",258.0
1790112804.098,java-product-service,hikaricp_connections_usage_seconds_sum,"{language=""java"",pool=""HikariPool-1"",service=""java-product-service"",}",0.513
1790112804.098,java-product-service,process_cpu_usage,"{language=""java"",service=""java-product-service"",}",0.042666666666666665
1790112804.098,java-product-service,tomcat_threads_current_threads,"{language=""java"",name=""http-nio-9082"",service=""java-product-service"",}",10.0
1790112804.098,java-product-service,system_cpu_usage,"{language=""java"",service=""java-product-service"",}",0.04186413333333333
1790112804.098,java-order-service,jvm_memory_used_bytes,"{area=""nonheap"",id=""CodeHeap 'non-profiled nmethods'"",language=""java"",service=""java-order-service"",}",5337216.0
1790112804.098,java-order-service,jvm_memory_used_bytes,"{area=""heap"",id=""G1 Eden Space"",language=""java"",service=""java-order-service"",}",17825792.0
1790112804.098,java-order-service,jvm_memory_used_bytes,"{area=""nonheap"",id=""CodeHeap 'profiled nmethods'"",language=""java"",service=""java-order-service"",}",19759616.0
1790112804.098,java-order-service,jvm_memory_used_bytes,"{area=""nonheap"",id=""CodeHeap 'non-nmethods'"",language=""java"",service=""java-order-service"",}",1622528.0
1790112804.098,java-order-service,jvm_memory_used_bytes,"{area=""heap"",id=""G1 Survivor Space"",language=""java"",service=""java-order-service"",}",4718592.0
1790112804.098,java-order-service,jvm_memory_used_bytes,"{area=""nonheap"",id=""Compressed Class Space"",language=""java"",service=""java-order-service"",}",11019800.0
1790112804.098,java-order-service,jvm_memory_used_bytes,"{area=""heap"",id=""G1 Old Gen"",language=""java"",service=""java-order-service"",}",31672208.0
1790112804.098,java-order-service,jvm_memory_used_bytes,"{area=""nonheap"",id=""Metaspace"",language=""java"",service=""java-order-service"",}",82646576.0
1790112804.098,java-order-service,jvm_memory_committed_bytes,"{area=""nonheap"",id=""CodeHeap 'non-profiled nmethods'"",language=""java"",service=""java-order-service"",}",5373952.0
1790112804.098,java-order-service,jvm_memory_committed_bytes,"{area=""heap"",id=""G1 Eden Space"",language=""java"",service=""java-order-service"",}",48234496.0
1790112804.098,java-order-service,jvm_memory_committed_bytes,"{area=""nonheap"",id=""CodeHeap 'profiled nmethods'"",language=""java"",service=""java-order-service"",}",19791872.0
1790112804.098,java-order-service,jvm_memory_committed_bytes,"{area=""nonheap"",id=""CodeHeap 'non-nmethods'"",language=""java"",service=""java-order-service"",}",2555904.0
1790112804.098,java-order-service,jvm_memory_committed_bytes,"{area=""heap"",id=""G1 Survivor Space"",language=""java"",service=""java-order-service"",}",5242880.0
1790112804.098,java-order-service,jvm_memory_committed_bytes,"{area=""nonheap"",id=""Compressed Class Space"",language=""java"",service=""java-order-service"",}",11468800.0
1790112804.098,java-order-service,jvm_memory_committed_bytes,"{area=""heap"",id=""G1 Old Gen"",language=""java"",service=""java-order-service"",}",35651584.0
1790112804.098,java-order-service,jvm_memory_committed_bytes,"{area=""nonheap"",id=""Metaspace"",language=""java"",service=""java-order-service"",}",83623936.0
1790112804.098,java-order-service,hikaricp_connections_active,"{language=""java"",pool=""HikariPool-1"",service=""java-order-service"",}",0.0
1790112804.098,java-order-service,jvm_gc_pause_seconds_count,"{action=""end of minor GC"",cause=""G1 Evacuation Pause"",gc=""G1 Young Generation"",language=""java"",service=""java-order-service"",}",2.0
1790112804.098,java-order-service,jvm_gc_pause_seconds_sum,"{action=""end of minor GC"",cause=""G1 Evacuation Pause"",gc=""G1 Young Generation"",language=""java"",service=""java-order-service"",}",0.012
1790112804.098,java-order-service,hikaricp_connections_acquire_seconds_count,"{language=""java"",pool=""HikariPool-1"",service=""java-order-service"",}",388.0
1790112804.098,java-order-service,hikaricp_connections_acquire_seconds_sum,"{language=""java"",pool=""HikariPool-1"",service=""java-order-service"",}",0.026194041
1790112804.098,java-order-service,tomcat_threads_config_max_threads,"{language=""java"",name=""http-nio-9083"",service=""java-order-service"",}",64.0
1790112804.098,java-order-service,tomcat_threads_busy_threads,"{language=""java"",name=""http-nio-9083"",service=""java-order-service"",}",1.0
1790112804.098,java-order-service,hikaricp_connections_pending,"{language=""java"",pool=""HikariPool-1"",service=""java-order-service"",}",0.0
1790112804.098,java-order-service,hikaricp_connections_usage_seconds_count,"{language=""java"",pool=""HikariPool-1"",service=""java-order-service"",}",388.0
1790112804.098,java-order-service,hikaricp_connections_usage_seconds_sum,"{language=""java"",pool=""HikariPool-1"",service=""java-order-service"",}",0.594
1790112804.098,java-order-service,process_cpu_usage,"{language=""java"",service=""java-order-service"",}",0.05333333333333334
1790112804.098,java-order-service,system_cpu_usage,"{language=""java"",service=""java-order-service"",}",0.05413288888888889
1790112804.098,java-order-service,tomcat_threads_current_threads,"{language=""java"",name=""http-nio-9083"",service=""java-order-service"",}",10.0
1790112809.134,java-user-service,jvm_memory_used_bytes,"{area=""nonheap"",framework=""spring-boot"",id=""CodeHeap 'non-nmethods'"",language=""java"",service=""java-user-service"",}",1645952.0
1790112809.134,java-user-service,jvm_memory_used_bytes,"{area=""nonheap"",framework=""spring-boot"",id=""CodeHeap 'non-profiled nmethods'"",language=""java"",service=""java-user-service"",}",7807360.0
1790112809.134,java-user-service,jvm_memory_used_bytes,"{area=""heap"",framework=""spring-boot"",id=""G1 Survivor Space"",language=""java"",service=""java-user-service"",}",2545760.0
1790112809.134,java-user-service,jvm_memory_used_bytes,"{area=""heap"",framework=""spring-boot"",id=""G1 Old Gen"",language=""java"",service=""java-user-service"",}",38585816.0
1790112809.134,java-user-service,jvm_memory_used_bytes,"{area=""nonheap"",framework=""spring-boot"",id=""Metaspace"",language=""java"",service=""java-user-service"",}",102880864.0
1790112809.134,java-user-service,jvm_memory_used_bytes,"{area=""heap"",framework=""spring-boot"",id=""G1 Eden Space"",language=""java"",service=""java-user-service"",}",39845888.0
1790112809.134,java-user-service,jvm_memory_used_bytes,"{area=""nonheap"",framework=""spring-boot"",id=""Compressed Class Space"",language=""java"",service=""java-user-service"",}",13410168.0
1790112809.134,java-user-service,jvm_memory_used_bytes,"{area=""nonheap"",framework=""spring-boot"",id=""CodeHeap 'profiled nmethods'"",language=""java"",service=""java-user-service"",}",23315968.0
1790112809.134,java-user-service,jvm_gc_pause_seconds_count,"{action=""end of minor GC"",cause=""G1 Evacuation Pause"",framework=""spring-boot"",gc=""G1 Young Generation"",language=""java"",service=""java-user-service"",}",16.0
1790112809.134,java-user-service,jvm_gc_pause_seconds_sum,"{action=""end of minor GC"",cause=""G1 Evacuation Pause"",framework=""spring-boot"",gc=""G1 Young Generation"",language=""java"",service=""java-user-service"",}",0.144
1790112809.134,java-user-service,hikaricp_connections_acquire_seconds_count,"{framework=""spring-boot"",language=""java"",pool=""HikariPool-1"",service=""java-user-service"",}",828.0
1790112809.134,java-user-service,hikaricp_connections_acquire_seconds_sum,"{framework=""spring-boot"",language=""java"",pool=""HikariPool-1"",service=""java-user-service"",}",0.069850058
1790112809.134,java-user-service,jvm_memory_committed_bytes,"{area=""nonheap"",framework=""spring-boot"",id=""CodeHeap 'non-nmethods'"",language=""java"",service=""java-user-service"",}",2555904.0
1790112809.134,java-user-service,jvm_memory_committed_bytes,"{area=""nonheap"",framework=""spring-boot"",id=""CodeHeap 'non-profiled nmethods'"",language=""java"",service=""java-user-service"",}",8323072.0
1790112809.134,java-user-service,jvm_memory_committed_bytes,"{area=""heap"",framework=""spring-boot"",id=""G1 Survivor Space"",language=""java"",service=""java-user-service"",}",3145728.0
1790112809.134,java-user-service,jvm_memory_committed_bytes,"{area=""heap"",framework=""spring-boot"",id=""G1 Old Gen"",language=""java"",service=""java-user-service"",}",41943040.0
1790112809.134,java-user-service,jvm_memory_committed_bytes,"{area=""nonheap"",framework=""spring-boot"",id=""Metaspace"",language=""java"",service=""java-user-service"",}",103809024.0
1790112809.134,java-user-service,jvm_memory_committed_bytes,"{area=""heap"",framework=""spring-boot"",id=""G1 Eden Space"",language=""java"",service=""java-user-service"",}",68157440.0
1790112809.134,java-user-service,jvm_memory_committed_bytes,"{area=""nonheap"",framework=""spring-boot"",id=""Compressed Class Space"",language=""java"",service=""java-user-service"",}",13828096.0
1790112809.134,java-user-service,jvm_memory_committed_bytes,"{area=""nonheap"",framework=""spring-boot"",id=""CodeHeap 'profiled nmethods'"",language=""java"",service=""java-user-service"",}",27328512.0
1790112809.134,java-user-service,system_cpu_usage,"{framework=""spring-boot"",language=""java"",service=""java-user-service"",}",0.38278797385620916
1790112809.134,java-user-service,tomcat_threads_busy_threads,"{framework=""spring-boot"",language=""java"",name=""http-nio-9081"",service=""java-user-service"",}",1.0
1790112809.134,java-user-service,process_cpu_usage,"{framework=""spring-boot"",language=""java"",service=""java-user-service"",}",0.38169934640522873
1790112809.134,java-user-service,tomcat_threads_current_threads,"{framework=""spring-boot"",language=""java"",name=""http-nio-9081"",service=""java-user-service"",}",10.0
1790112809.134,java-user-service,tomcat_threads_config_max_threads,"{framework=""spring-boot"",language=""java"",name=""http-nio-9081"",service=""java-user-service"",}",64.0
1790112809.134,java-user-service,hikaricp_connections_pending,"{framework=""spring-boot"",language=""java"",pool=""HikariPool-1"",service=""java-user-service"",}",0.0
1790112809.134,java-user-service,hikaricp_connections_active,"{framework=""spring-boot"",language=""java"",pool=""HikariPool-1"",service=""java-user-service"",}",0.0
1790112809.134,java-user-service,hikaricp_connections_usage_seconds_count,"{framework=""spring-boot"",language=""java"",pool=""HikariPool-1"",service=""java-user-service"",}",828.0
1790112809.134,java-user-service,hikaricp_connections_usage_seconds_sum,"{framework=""spring-boot"",language=""java"",pool=""HikariPool-1"",service=""java-user-service"",}",36.891
1790112809.134,java-product-service,hikaricp_connections_acquire_seconds_count,"{language=""java"",pool=""HikariPool-1"",service=""java-product-service"",}",280.0
1790112809.134,java-product-service,hikaricp_connections_acquire_seconds_sum,"{language=""java"",pool=""HikariPool-1"",service=""java-product-service"",}",0.043948671
1790112809.134,java-product-service,jvm_gc_pause_seconds_count,"{action=""end of minor GC"",cause=""G1 Evacuation Pause"",gc=""G1 Young Generation"",language=""java"",service=""java-product-service"",}",5.0
1790112809.134,java-product-service,jvm_gc_pause_seconds_sum,"{action=""end of minor GC"",cause=""G1 Evacuation Pause"",gc=""G1 Young Generation"",language=""java"",service=""java-product-service"",}",0.027
1790112809.134,java-product-service,tomcat_threads_config_max_threads,"{language=""java"",name=""http-nio-9082"",service=""java-product-service"",}",64.0
1790112809.134,java-product-service,tomcat_threads_busy_threads,"{language=""java"",name=""http-nio-9082"",service=""java-product-service"",}",1.0
1790112809.134,java-product-service,jvm_memory_committed_bytes,"{area=""nonheap"",id=""CodeHeap 'non-nmethods'"",language=""java"",service=""java-product-service"",}",2555904.0
1790112809.134,java-product-service,jvm_memory_committed_bytes,"{area=""heap"",id=""G1 Eden Space"",language=""java"",service=""java-product-service"",}",53477376.0
1790112809.134,java-product-service,jvm_memory_committed_bytes,"{area=""nonheap"",id=""Metaspace"",language=""java"",service=""java-product-service"",}",99352576.0
1790112809.134,java-product-service,jvm_memory_committed_bytes,"{area=""heap"",id=""G1 Old Gen"",language=""java"",service=""java-product-service"",}",42991616.0
1790112809.134,java-product-service,jvm_memory_committed_bytes,"{area=""nonheap"",id=""Compressed Class Space"",language=""java"",service=""java-product-service"",}",13434880.0
1790112809.134,java-product-service,jvm_memory_committed_bytes,"{area=""heap"",id=""G1 Survivor Space"",language=""java"",service=""java-product-service"",}",4194304.0
1790112809.134,java-product-service,jvm_memory_committed_bytes,"{area=""nonheap"",id=""CodeHeap 'profiled nmethods'"",language=""java"",service=""java-product-service"",}",26738688.0
1790112809.134,java-product-service,jvm_memory_committed_bytes,"{area=""nonheap"",id=""CodeHeap 'non-profiled nmethods'"",language=""java"",service=""java-product-service"",}",7471104.0
1790112809.134,java-product-service,jvm_memory_used_bytes,"{area=""nonheap"",id=""CodeHeap 'non-nmethods'"",language=""java"",service=""java-product-service"",}",1639296.0
1790112809.134,java-product-service,jvm_memory_used_bytes,"{area=""heap"",id=""G1 Eden Space"",language=""java"",service=""java-product-service"",}",3145728.0
1790112809.134,java-product-service,jvm_memory_used_bytes,"{area=""nonheap"",id=""Metaspace"",language=""java"",service=""java-product-service"",}",98470936.0
1790112809.134,java-product-service,jvm_memory_used_bytes,"{area=""heap"",id=""G1 Old Gen"",language=""java"",service=""java-product-service"",}",39634904.0
1790112809.134,java-product-service,jvm_memory_used_bytes,"{area=""nonheap"",id=""Compressed Class Space"",language=""java"",service=""java-product-service"",}",13033064.0
1790112809.134,java-product-service,jvm_memory_used_bytes,"{area=""heap"",id=""G1 Survivor Space"",language=""java"",service=""java-product-service"",}",4003616.0
1790112809.134,java-product-service,jvm_memory_used_bytes,"{area=""nonheap"",id=""CodeHeap 'profiled nmethods'"",language=""java"",service=""java-product-service"",}",26732288.0
1790112809.134,java-product-service,jvm_memory_used_bytes,"{area=""nonheap"",id=""CodeHeap 'non-profiled nmethods'"",language=""java"",service=""java-product-service"",}",7436288.0
1790112809.134,java-product-service,hikaricp_connections_pending,"{language=""java"",pool=""HikariPool-1"",service=""java-product-service"",}",0.0
1790112809.134,java-product-service,hikaricp_connections_active,"{language=""java"",pool=""HikariPool-1"",service=""java-product-service"",}",0.0
1790112809.134,java-product-service,hikaricp_connections_usage_seconds_count,"{language=""java"",pool=""HikariPool-1"",service=""java-product-service"",}",280.0
1790112809.134,java-product-service,hikaricp_connections_usage_seconds_sum,"{language=""java"",pool=""HikariPool-1"",service=""java-product-service"",}",0.513
1790112809.134,java-product-service,process_cpu_usage,"{language=""java"",service=""java-product-service"",}",0.03333333333333333
1790112809.134,java-product-service,tomcat_threads_current_threads,"{language=""java"",name=""http-nio-9082"",service=""java-product-service"",}",10.0
1790112809.134,java-product-service,system_cpu_usage,"{language=""java"",service=""java-product-service"",}",0.035810289855072466
1790112809.134,java-order-service,jvm_memory_used_bytes,"{area=""nonheap"",id=""CodeHeap 'non-profiled nmethods'"",language=""java"",service=""java-order-service"",}",5400192.0
1790112809.134,java-order-service,jvm_memory_used_bytes,"{area=""heap"",id=""G1 Eden Space"",language=""java"",service=""java-order-service"",}",24117248.0
1790112809.134,java-order-service,jvm_memory_used_bytes,"{area=""nonheap"",id=""CodeHeap 'profiled nmethods'"",language=""java"",service=""java-order-service"",}",20669952.0
1790112809.134,java-order-service,jvm_memory_used_bytes,"{area=""nonheap"",id=""CodeHeap 'non-nmethods'"",language=""java"",service=""java-order-service"",}",1622528.0
1790112809.134,java-order-service,jvm_memory_used_bytes,"{area=""heap"",id=""G1 Survivor Space"",language=""java"",service=""java-order-service"",}",4718592.0
1790112809.134,java-order-service,jvm_memory_used_bytes,"{area=""nonheap"",id=""Compressed Class Space"",language=""java"",service=""java-order-service"",}",11019800.0
1790112809.134,java-order-service,jvm_memory_used_bytes,"{area=""heap"",id=""G1 Old Gen"",language=""java"",service=""java-order-service"",}",31672208.0
1790112809.134,java-order-service,jvm_memory_used_bytes,"{area=""nonheap"",id=""Metaspace"",language=""java"",service=""java-order-service"",}",82892160.0
1790112809.134,java-order-service,jvm_memory_committed_bytes,"{area=""nonheap"",id=""CodeHeap 'non-profiled nmethods'"",language=""java"",service=""java-order-service"",}",5439488.0
1790112809.134,java-order-service,jvm_memory_committed_bytes,"{area=""heap"",id=""G1 Eden Space"",language=""java"",service=""java-order-service"",}",48234496.0
1790112809.134,java-order-service,jvm_memory_committed_bytes,"{area=""nonheap"",id=""CodeHeap 'profiled nmethods'"",language=""java"",service=""java-order-service"",}",20709376.0
1790112809.134,java-order-service,jvm_memory_committed_bytes,"{area=""nonheap"",id=""CodeHeap 'non-nmethods'"",language=""java"",service=""java-order-service"",}",2555904.0
1790112809.134,java-order-service,jvm_memory_committed_bytes,"{area=""heap"",id=""G1 Survivor Space"",language=""java"",service=""java-order-service"",}",5242880.0
1790112809.134,java-order-service,jvm_memory_committed_bytes,"{area=""nonheap"",id=""Compressed Class Space"",language=""java"",service=""java-order-service"",}",11468800.0
1790112809.134,java-order-service,jvm_memory_committed_bytes,"{area=""heap"",id=""G1 Old Gen"",language=""java"",service=""java-order-service"",}",35651584.0
1790112809.134,java-order-service,jvm_memory_committed_bytes,"{area=""nonheap"",id=""Metaspace"",language=""java"",service=""java-order-service"",}",83820544.0
1790112809.134,java-order-service,hikaricp_connections_active,"{language=""java"",pool=""HikariPool-1"",service=""java-order-service"",}",0.0
1790112809.134,java-order-service,jvm_gc_pause_seconds_count,"{action=""end of minor GC"",cause=""G1 Evacuation Pause"",gc=""G1 Young Generation"",language=""java"",service=""java-order-service"",}",2.0
1790112809.134,java-order-service,jvm_gc_pause_seconds_sum,"{action=""end of minor GC"",cause=""G1 Evacuation Pause"",gc=""G1 Young Generation"",language=""java"",service=""java-order-service"",}",0.012
1790112809.134,java-order-service,hikaricp_connections_acquire_seconds_count,"{language=""java"",pool=""HikariPool-1"",service=""java-order-service"",}",447.0
1790112809.134,java-order-service,hikaricp_connections_acquire_seconds_sum,"{language=""java"",pool=""HikariPool-1"",service=""java-order-service"",}",0.027823288
1790112809.134,java-order-service,tomcat_threads_config_max_threads,"{language=""java"",name=""http-nio-9083"",service=""java-order-service"",}",64.0
1790112809.134,java-order-service,tomcat_threads_busy_threads,"{language=""java"",name=""http-nio-9083"",service=""java-order-service"",}",1.0
1790112809.134,java-order-service,hikaricp_connections_pending,"{language=""java"",pool=""HikariPool-1"",service=""java-order-service"",}",0.0
1790112809.134,java-order-service,hikaricp_connections_usage_seconds_count,"{language=""java"",pool=""HikariPool-1"",service=""java-order-service"",}",447.0
1790112809.134,java-order-service,hikaricp_connections_usage_seconds_sum,"{language=""java"",pool=""HikariPool-1"",service=""java-order-service"",}",0.679
1790112809.134,java-order-service,process_cpu_usage,"{language=""java"",service=""java-order-service"",}",0.04090909090909091
1790112809.134,java-order-service,system_cpu_usage,"{language=""java"",service=""java-order-service"",}",0.04227651515151515
1790112809.134,java-order-service,tomcat_threads_current_threads,"{language=""java"",name=""http-nio-9083"",service=""java-order-service"",}",10.0
1790112814.169,java-user-service,jvm_memory_used_bytes,"{area=""nonheap"",framework=""spring-boot"",id=""CodeHeap 'non-nmethods'"",language=""java"",service=""java-user-service"",}",1645952.0
1790112814.169,java-user-service,jvm_memory_used_bytes,"{area=""nonheap"",framework=""spring-boot"",id=""CodeHeap 'non-profiled nmethods'"",language=""java"",service=""java-user-service"",}",7972096.0
1790112814.169,java-user-service,jvm_memory_used_bytes,"{area=""heap"",framework=""spring-boot"",id=""G1 Survivor Space"",language=""java"",service=""java-user-service"",}",1279920.0
1790112814.169,java-user-service,jvm_memory_used_bytes,"{area=""heap"",framework=""spring-boot"",id=""G1 Old Gen"",language=""java"",service=""java-user-service"",}",39450488.0
1790112814.169,java-user-service,jvm_memory_used_bytes,"{area=""nonheap"",framework=""spring-boot"",id=""Metaspace"",language=""java"",service=""java-user-service"",}",102954440.0
1790112814.169,java-user-service,jvm_memory_used_bytes,"{area=""heap"",framework=""spring-boot"",id=""G1 Eden Space"",language=""java"",service=""java-user-service"",}",7340032.0
1790112814.169,java-user-service,jvm_memory_used_bytes,"{area=""nonheap"",framework=""spring-boot"",id=""Compressed Class Space"",language=""java"",service=""java-user-service"",}",13413808.0
1790112814.169,java-user-service,jvm_memory_used_bytes,"{area=""nonheap"",framework=""spring-boot"",id=""CodeHeap 'profiled nmethods'"",language=""java"",service=""java-user-service"",}",23619968.0
1790112814.169,java-user-service,jvm_gc_pause_seconds_count,"{action=""end of minor GC"",cause=""G1 Evacuation Pause"",framework=""spring-boot"",gc=""G1 Young Generation"",language=""java"",service=""java-user-service"",}",18.0
1790112814.169,java-user-service,jvm_gc_pause_seconds_sum,"{action=""end of minor GC"",cause=""G1 Evacuation Pause"",framework=""spring-boot"",gc=""G1 Young Generation"",language=""java"",service=""java-user-service"",}",0.152
1790112814.169,java-user-service,hikaricp_connections_acquire_seconds_count,"{framework=""spring-boot"",language=""java"",pool=""HikariPool-1"",service=""java-user-service"",}",905.0
1790112814.169,java-user-service,hikaricp_connections_acquire_seconds_sum,"{framework=""spring-boot"",language=""java"",pool=""HikariPool-1"",service=""java-user-service"",}",0.071962729
1790112814.169,java-user-service,jvm_memory_committed_bytes,"{area=""nonheap"",framework=""spring-boot"",id=""CodeHeap 'non-nmethods'"",language=""java"",service=""java-user-service"",}",2555904.0
1790112814.169,java-user-service,jvm_memory_committed_bytes,"{area=""nonheap"",framework=""spring-boot"",id=""CodeHeap 'non-profiled nmethods'"",language=""java"",service=""java-user-service"",}",8323072.0
1790112814.169,java-user-service,jvm_memory_committed_bytes,"{area=""heap"",framework=""spring-boot"",id=""G1 Survivor Space"",language=""java"",service=""java-user-service"",}",2097152.0
1790112814.169,java-user-service,jvm_memory_committed_bytes,"{area=""heap"",framework=""spring-boot"",id=""G1 Old Gen"",language=""java"",service=""java-user-service"",}",41943040.0
1790112814.169,java-user-service,jvm_memory_committed_bytes,"{area=""nonheap"",framework=""spring-boot"",id=""Metaspace"",language=""java"",service=""java-user-service"",}",103940096.0
1790112814.169,java-user-service,jvm_memory_committed_bytes,"{area=""heap"",framework=""spring-boot"",id=""G1 Eden Space"",language=""java"",service=""java-user-service"",}",69206016.0
1790112814.169,java-user-service,jvm_memory_committed_bytes,"{area=""nonheap"",framework=""spring-boot"",id=""Compressed Class Space"",language=""java"",service=""java-user-service"",}",13893632.0
1790112814.169,java-user-service,jvm_memory_committed_bytes,"{area=""nonheap"",framework=""spring-boot"",id=""CodeHeap 'profiled nmethods'"",language=""java"",service=""java-user-service"",}",27328512.0
1790112814.169,java-user-service,system_cpu_usage,"{framework=""spring-boot"",language=""java"",service=""java-user-service"",}",0.37734026666666665
1790112814.169,java-user-service,tomcat_threads_busy_threads,"{framework=""spring-boot"",language=""java"",name=""http-nio-9081"",service=""java-user-service"",}",2.0
1790112814.169,java-user-service,process_cpu_usage,"{framework=""spring-boot"",language=""java"",service=""java-user-service"",}",0.376
1790112814.169,java-user-service,tomcat_threads_current_threads,"{framework=""spring-boot"",language=""java"",name=""http-nio-9081"",service=""java-user-service"",}",10.0
1790112814.169,java-user-service,tomcat_threads_config_max_threads,"{framework=""spring-boot"",language=""java"",name=""http-nio-9081"",service=""java-user-service"",}",64.0
1790112814.169,java-user-service,hikaricp_connections_pending,"{framework=""spring-boot"",language=""java"",pool=""HikariPool-1"",service=""java-user-service"",}",0.0
1790112814.169,java-user-service,hikaricp_connections_active,"{framework=""spring-boot"",language=""java"",pool=""HikariPool-1"",service=""java-user-service"",}",1.0
1790112814.169,java-user-service,hikaricp_connections_usage_seconds_count,"{framework=""spring-boot"",language=""java"",pool=""HikariPool-1"",service=""java-user-service"",}",904.0
1790112814.169,java-user-service,hikaricp_connections_usage_seconds_sum,"{framework=""spring-boot"",language=""java"",pool=""HikariPool-1"",service=""java-user-service"",}",39.404
1790112814.169,java-product-service,hikaricp_connections_acquire_seconds_count,"{language=""java"",pool=""HikariPool-1"",service=""java-product-service"",}",301.0
1790112814.169,java-product-service,hikaricp_connections_acquire_seconds_sum,"{language=""java"",pool=""HikariPool-1"",service=""java-product-service"",}",0.045977629
1790112814.169,java-product-service,jvm_gc_pause_seconds_count,"{action=""end of minor GC"",cause=""G1 Evacuation Pause"",gc=""G1 Young Generation"",language=""java"",service=""java-product-service"",}",5.0
1790112814.169,java-product-service,jvm_gc_pause_seconds_sum,"{action=""end of minor GC"",cause=""G1 Evacuation Pause"",gc=""G1 Young Generation"",language=""java"",service=""java-product-service"",}",0.027
1790112814.169,java-product-service,tomcat_threads_config_max_threads,"{language=""java"",name=""http-nio-9082"",service=""java-product-service"",}",64.0
1790112814.169,java-product-service,tomcat_threads_busy_threads,"{language=""java"",name=""http-nio-9082"",service=""java-product-service"",}",1.0
1790112814.169,java-product-service,jvm_memory_committed_bytes,"{area=""nonheap"",id=""CodeHeap 'non-nmethods'"",language=""java"",service=""java-product-service"",}",2555904.0
1790112814.169,java-product-service,jvm_memory_committed_bytes,"{area=""heap"",id=""G1 Eden Space"",language=""java"",service=""java-product-service"",}",53477376.0
1790112814.169,java-product-service,jvm_memory_committed_bytes,"{area=""nonheap"",id=""Metaspace"",language=""java"",service=""java-product-service"",}",99483648.0
1790112814.169,java-product-service,jvm_memory_committed_bytes,"{area=""heap"",id=""G1 Old Gen"",language=""java"",service=""java-product-service"",}",42991616.0
1790112814.169,java-product-service,jvm_memory_committed_bytes,"{area=""nonheap"",id=""Compressed Class Space"",language=""java"",service=""java-product-service"",}",13434880.0
1790112814.169,java-product-service,jvm_memory_committed_bytes,"{area=""heap"",id=""G1 Survivor Space"",language=""java"",service=""java-product-service"",}",4194304.0
1790112814.169,java-product-service,jvm_memory_committed_bytes,"{area=""nonheap"",id=""CodeHeap 'profiled nmethods'"",language=""java"",service=""java-product-service"",}",27000832.0
1790112814.169,java-product-service,jvm_memory_committed_bytes,"{area=""nonheap"",id=""CodeHeap 'non-profiled nmethods'"",language=""java"",service=""java-product-service"",}",7602176.0
1790112814.169,java-product-service,jvm_memory_used_bytes,"{area=""nonheap"",id=""CodeHeap 'non-nmethods'"",language=""java"",service=""java-product-service"",}",1639296.0
1790112814.169,java-product-service,jvm_memory_used_bytes,"{area=""heap"",id=""G1 Eden Space"",language=""java"",service=""java-product-service"",}",8388608.0
1790112814.169,java-product-service,jvm_memory_used_bytes,"{area=""nonheap"",id=""Metaspace"",language=""java"",service=""java-product-service"",}",98553568.0
1790112814.169,java-product-service,jvm_memory_used_bytes,"{area=""heap"",id=""G1 Old Gen"",language=""java"",service=""java-product-service"",}",39634904.0
1790112814.169,java-product-service,jvm_memory_used_bytes,"{area=""nonheap"",id=""Compressed Class Space"",language=""java"",service=""java-product-service"",}",13038248.0
1790112814.169,java-product-service,jvm_memory_used_bytes,"{area=""heap"",id=""G1 Survivor Space"",language=""java"",service=""java-product-service"",}",4003616.0
1790112814.169,java-product-service,jvm_memory_used_bytes,"{area=""nonheap"",id=""CodeHeap 'profiled nmethods'"",language=""java"",service=""java-product-service"",}",26994944.0
1790112814.169,java-product-service,jvm_memory_used_bytes,"{area=""nonheap"",id=""CodeHeap 'non-profiled nmethods'"",language=""java"",service=""java-product-service"",}",7545856.0
1790112814.169,java-product-service,hikaricp_connections_pending,"{language=""java"",pool=""HikariPool-1"",service=""java-product-service"",}",0.0
1790112814.169,java-product-service,hikaricp_connections_active,"{language=""java"",pool=""HikariPool-1"",service=""java-product-service"",}",0.0
1790112814.169,java-product-service,hikaricp_connections_usage_seconds_count,"{language=""java"",pool=""HikariPool-1"",service=""java-product-service"",}",301.0
1790112814.169,java-product-service,hikaricp_connections_usage_seconds_sum,"{language=""java"",pool=""HikariPool-1"",service=""java-product-service"",}",0.517
1790112814.169,java-product-service,process_cpu_usage,"{language=""java"",service=""java-product-service"",}",0.029931972789115645
1790112814.169,java-product-service,tomcat_threads_current_threads,"{language=""java"",name=""http-nio-9082"",service=""java-product-service"",}",10.0
1790112814.169,java-product-service,system_cpu_usage,"{language=""java"",service=""java-product-service"",}",0.029607891156462587
1790112814.169,java-order-service,jvm_memory_used_bytes,"{area=""nonheap"",id=""CodeHeap 'non-profiled nmethods'"",language=""java"",service=""java-order-service"",}",5549056.0
1790112814.169,java-order-service,jvm_memory_used_bytes,"{area=""heap"",id=""G1 Eden Space"",language=""java"",service=""java-order-service"",}",29360128.0
1790112814.169,java-order-service,jvm_memory_used_bytes,"{area=""nonheap"",id=""CodeHeap 'profiled nmethods'"",language=""java"",service=""java-order-service"",}",21325824.0
1790112814.169,java-order-service,jvm_memory_used_bytes,"{area=""nonheap"",id=""CodeHeap 'non-nmethods'"",language=""java"",service=""java-order-service"",}",1622528.0
1790112814.169,java-order-service,jvm_memory_used_bytes,"{area=""heap"",id=""G1 Survivor Space"",language=""java"",service=""java-order-service"",}",4718592.0
1790112814.169,java-order-service,jvm_memory_used_bytes,"{area=""nonheap"",id=""Compressed Class Space"",language=""java"",service=""java-order-service"",}",11025584.0
1790112814.169,java-order-service,jvm_memory_used_bytes,"{area=""heap"",id=""G1 Old Gen"",language=""java"",service=""java-order-service"",}",31672208.0
1790112814.169,java-order-service,jvm_memory_used_bytes,"{area=""nonheap"",id=""Metaspace"",language=""java"",service=""java-order-service"",}",83134352.0
1790112814.169,java-order-service,jvm_memory_committed_bytes,"{area=""nonheap"",id=""CodeHeap 'non-profiled nmethods'"",language=""java"",service=""java-order-service"",}",5570560.0
1790112814.169,java-order-service,jvm_memory_committed_bytes,"{area=""heap"",id=""G1 Eden Space"",language=""java"",service=""java-order-service"",}",48234496.0
1790112814.169,java-order-service,jvm_memory_committed_bytes,"{area=""nonheap"",id=""CodeHeap 'profiled nmethods'"",language=""java"",service=""java-order-service"",}",21364736.0
1790112814.169,java-order-service,jvm_memory_committed_bytes,"{area=""nonheap"",id=""CodeHeap 'non-nmethods'"",language=""java"",service=""java-order-service"",}",2555904.0
1790112814.169,java-order-service,jvm_memory_committed_bytes,"{area=""heap"",id=""G1 Survivor Space"",language=""java"",service=""java-order-service"",}",5242880.0
1790112814.169,java-order-service,jvm_memory_committed_bytes,"{area=""nonheap"",id=""Compressed Class Space"",language=""java"",service=""java-order-service"",}",11468800.0
1790112814.169,java-order-service,jvm_memory_committed_bytes,"{area=""heap"",id=""G1 Old Gen"",language=""java"",service=""java-order-service"",}",35651584.0
1790112814.169,java-order-service,jvm_memory_committed_bytes,"{area=""nonheap"",id=""Metaspace"",language=""java"",service=""java-order-service"",}",84082688.0
1790112814.169,java-order-service,hikaricp_connections_active,"{language=""java"",pool=""HikariPool-1"",service=""java-order-service"",}",0.0
1790112814.169,java-order-service,jvm_gc_pause_seconds_count,"{action=""end of minor GC"",cause=""G1 Evacuation Pause"",gc=""G1 Young Generation"",language=""java"",service=""java-order-service"",}",2.0
1790112814.169,java-order-service,jvm_gc_pause_seconds_sum,"{action=""end of minor GC"",cause=""G1 Evacuation Pause"",gc=""G1 Young Generation"",language=""java"",service=""java-order-service"",}",0.012
1790112814.169,java-order-service,hikaricp_connections_acquire_seconds_count,"{language=""java"",pool=""HikariPool-1"",service=""java-order-service"",}",507.0
1790112814.169,java-order-service,hikaricp_connections_acquire_seconds_sum,"{language=""java"",pool=""HikariPool-1"",service=""java-order-service"",}",0.029218834
1790112814.169,java-order-service,tomcat_threads_config_max_threads,"{language=""java"",name=""http-nio-9083"",service=""java-order-service"",}",64.0
1790112814.169,java-order-service,tomcat_threads_busy_threads,"{language=""java"",name=""http-nio-9083"",service=""java-order-service"",}",1.0
1790112814.169,java-order-service,hikaricp_connections_pending,"{language=""java"",pool=""HikariPool-1"",service=""java-order-service"",}",0.0
1790112814.169,java-order-service,hikaricp_connections_usage_seconds_count,"{language=""java"",pool=""HikariPool-1"",service=""java-order-service"",}",507.0
1790112814.169,java-order-service,hikaricp_connections_usage_seconds_sum,"{language=""java"",pool=""HikariPool-1"",service=""java-order-service"",}",0.797
1790112814.169,java-order-service,process_cpu_usage,"{language=""java"",service=""java-order-service"",}",0.06349206349206349
1790112814.169,java-order-service,system_cpu_usage,"{language=""java"",service=""java-order-service"",}",0.06500126984126985
1790112814.169,java-order-service,tomcat_threads_current_threads,"{language=""java"",name=""http-nio-9083"",service=""java-order-service"",}",10.0
1790112819.201,java-user-service,jvm_memory_used_bytes,"{area=""nonheap"",framework=""spring-boot"",id=""CodeHeap 'non-nmethods'"",language=""java"",service=""java-user-service"",}",1645952.0
1790112819.201,java-user-service,jvm_memory_used_bytes,"{area=""nonheap"",framework=""spring-boot"",id=""CodeHeap 'non-profiled nmethods'"",language=""java"",service=""java-user-service"",}",7810944.0
1790112819.201,java-user-service,jvm_memory_used_bytes,"{area=""heap"",framework=""spring-boot"",id=""G1 Survivor Space"",language=""java"",service=""java-user-service"",}",1048576.0
1790112819.201,java-user-service,jvm_memory_used_bytes,"{area=""heap"",framework=""spring-boot"",id=""G1 Old Gen"",language=""java"",service=""java-user-service"",}",39820920.0
1790112819.201,java-user-service,jvm_memory_used_bytes,"{area=""nonheap"",framework=""spring-boot"",id=""Metaspace"",language=""java"",service=""java-user-service"",}",103107120.0
1790112819.201,java-user-service,jvm_memory_used_bytes,"{area=""heap"",framework=""spring-boot"",id=""G1 Eden Space"",language=""java"",service=""java-user-service"",}",50331648.0
1790112819.201,java-user-service,jvm_memory_used_bytes,"{area=""nonheap"",framework=""spring-boot"",id=""Compressed Class Space"",language=""java"",service=""java-user-service"",}",13399872.0
1790112819.201,java-user-service,jvm_memory_used_bytes,"{area=""nonheap"",framework=""spring-boot"",id=""CodeHeap 'profiled nmethods'"",language=""java"",service=""java-user-service"",}",22764416.0
1790112819.201,java-user-service,jvm_gc_pause_seconds_count,"{action=""end of minor GC"",cause=""G1 Evacuation Pause"",framework=""spring-boot"",gc=""G1 Young Generation"",language=""java"",service=""java-user-service"",}",19.0
1790112819.201,java-user-service,jvm_gc_pause_seconds_sum,"{action=""end of minor GC"",cause=""G1 Evacuation Pause"",framework=""spring-boot"",gc=""G1 Young Generation"",language=""java"",service=""java-user-service"",}",0.155
1790112819.201,java-user-service,hikaricp_connections_acquire_seconds_count,"{framework=""spring-boot"",language=""java"",pool=""HikariPool-1"",service=""java-user-service"",}",996.0
1790112819.201,java-user-service,hikaricp_connections_acquire_seconds_sum,"{framework=""spring-boot"",language=""java"",pool=""HikariPool-1"",service=""java-user-service"",}",0.073186479
1790112819.201,java-user-service,jvm_memory_committed_bytes,"{area=""nonheap"",framework=""spring-boot"",id=""CodeHeap 'non-nmethods'"",language=""java"",service=""java-user-service"",}",2555904.0
1790112819.201,java-user-service,jvm_memory_committed_bytes,"{area=""nonheap"",framework=""spring-boot"",id=""CodeHeap 'non-profiled nmethods'"",language=""java"",service=""java-user-service"",}",8323072.0
1790112819.201,java-user-service,jvm_memory_committed_bytes,"{area=""heap"",framework=""spring-boot"",id=""G1 Survivor Space"",language=""java"",service=""java-user-service"",}",1048576.0
1790112819.201,java-user-service,jvm_memory_committed_bytes,"{area=""heap"",framework=""spring-boot"",id=""G1 Old Gen"",language=""java"",service=""java-user-service"",}",41943040.0
1790112819.201,java-user-service,jvm_memory_committed_bytes,"{area=""nonheap"",framework=""spring-boot"",id=""Metaspace"",language=""java"",service=""java-user-service"",}",104071168.0
1790112819.201,java-user-service,jvm_memory_committed_bytes,"{area=""heap"",framework=""spring-boot"",id=""G1 Eden Space"",language=""java"",service=""java-user-service"",}",70254592.0
1790112819.201,java-user-service,jvm_memory_committed_bytes,"{area=""nonheap"",framework=""spring-boot"",id=""Compressed Class Space"",language=""java"",service=""java-user-service"",}",13893632.0
1790112819.201,java-user-service,jvm_memory_committed_bytes,"{area=""nonheap"",framework=""spring-boot"",id=""CodeHeap 'profiled nmethods'"",language=""java"",service=""java-user-service"",}",27328512.0
1790112819.201,java-user-service,system_cpu_usage,"{framework=""spring-boot"",language=""java"",service=""java-user-service"",}",0.4227729333333333
1790112819.201,java-user-service,tomcat_threads_busy_threads,"{framework=""spring-boot"",language=""java"",name=""http-nio-9081"",service=""java-user-service"",}",1.0
1790112819.201,java-user-service,process_cpu_usage,"{framework=""spring-boot"",language=""java"",service=""java-user-service"",}",0.42133333333333334
1790112819.201,java-user-service,tomcat_threads_current_threads,"{framework=""spring-boot"",language=""java"",name=""http-nio-9081"",service=""java-user-service"",}",10.0
1790112819.201,java-user-service,tomcat_threads_config_max_threads,"{framework=""spring-boot"",language=""java"",name=""http-nio-9081"",service=""java-user-service"",}",64.0
1790112819.201,java-user-service,hikaricp_connections_pending,"{framework=""spring-boot"",language=""java"",pool=""HikariPool-1"",service=""java-user-service"",}",0.0
1790112819.201,java-user-service,hikaricp_connections_active,"{framework=""spring-boot"",language=""java"",pool=""HikariPool-1"",service=""java-user-service"",}",0.0
1790112819.201,java-user-service,hikaricp_connections_usage_seconds_count,"{framework=""spring-boot"",language=""java"",pool=""HikariPool-1"",service=""java-user-service"",}",996.0
1790112819.201,java-user-service,hikaricp_connections_usage_seconds_sum,"{framework=""spring-boot"",language=""java"",pool=""HikariPool-1"",service=""java-user-service"",}",42.527
1790112819.201,java-product-service,hikaricp_connections_acquire_seconds_count,"{language=""java"",pool=""HikariPool-1"",service=""java-product-service"",}",324.0
1790112819.201,java-product-service,hikaricp_connections_acquire_seconds_sum,"{language=""java"",pool=""HikariPool-1"",service=""java-product-service"",}",0.047679921
1790112819.201,java-product-service,jvm_gc_pause_seconds_count,"{action=""end of minor GC"",cause=""G1 Evacuation Pause"",gc=""G1 Young Generation"",language=""java"",service=""java-product-service"",}",5.0
1790112819.201,java-product-service,jvm_gc_pause_seconds_sum,"{action=""end of minor GC"",cause=""G1 Evacuation Pause"",gc=""G1 Young Generation"",language=""java"",service=""java-product-service"",}",0.027
1790112819.201,java-product-service,tomcat_threads_config_max_threads,"{language=""java"",name=""http-nio-9082"",service=""java-product-service"",}",64.0
1790112819.201,java-product-service,tomcat_threads_busy_threads,"{language=""java"",name=""http-nio-9082"",service=""java-product-service"",}",1.0
1790112819.201,java-product-service,jvm_memory_committed_bytes,"{area=""nonheap"",id=""CodeHeap 'non-nmethods'"",language=""java"",service=""java-product-service"",}",2555904.0
1790112819.201,java-product-service,jvm_memory_committed_bytes,"{area=""heap"",id=""G1 Eden Space"",language=""java"",service=""java-product-service"",}",53477376.0
1790112819.201,java-product-service,jvm_memory_committed_bytes,"{area=""nonheap"",id=""Metaspace"",language=""java"",service=""java-product-service"",}",99483648.0
1790112819.201,java-product-service,jvm_memory_committed_bytes,"{area=""heap"",id=""G1 Old Gen"",language=""java"",service=""java-product-service"",}",42991616.0
1790112819.201,java-product-service,jvm_memory_committed_bytes,"{area=""nonheap"",id=""Compressed Class Space"",language=""java"",service=""java-product-service"",}",13434880.0
1790112819.201,java-product-service,jvm_memory_committed_bytes,"{area=""heap"",id=""G1 Survivor Space"",language=""java"",service=""java-product-service"",}",4194304.0
1790112819.201,java-product-service,jvm_memory_committed_bytes,"{area=""nonheap"",id=""CodeHeap 'profiled nmethods'"",language=""java"",service=""java-product-service"",}",27131904.0
1790112819.201,java-product-service,jvm_memory_committed_bytes,"{area=""nonheap"",id=""CodeHeap 'non-profiled nmethods'"",language=""java"",service=""java-product-service"",}",7733248.0
1790112819.201,java-product-service,jvm_memory_used_bytes,"{area=""nonheap"",id=""CodeHeap 'non-nmethods'"",language=""java"",service=""java-product-service"",}",1639296.0
1790112819.201,java-product-service,jvm_memory_used_bytes,"{area=""heap"",id=""G1 Eden Space"",language=""java"",service=""java-product-service"",}",15728640.0
1790112819.201,java-product-service,jvm_memory_used_bytes,"{area=""nonheap"",id=""Metaspace"",language=""java"",service=""java-product-service"",}",98598288.0
1790112819.201,java-product-service,jvm_memory_used_bytes,"{area=""heap"",id=""G1 Old Gen"",language=""java"",service=""java-product-service"",}",39634904.0
1790112819.201,java-product-service,jvm_memory_used_bytes,"{area=""nonheap"",id=""Compressed Class Space"",language=""java"",service=""java-product-service"",}",13038248.0
1790112819.201,java-product-service,jvm_memory_used_bytes,"{area=""heap"",id=""G1 Survivor Space"",language=""java"",service=""java-product-service"",}",4003616.0
1790112819.201,java-product-service,jvm_memory_used_bytes,"{area=""nonheap"",id=""CodeHeap 'profiled nmethods'"",language=""java"",service=""java-product-service"",}",27122560.0
1790112819.201,java-product-service,jvm_memory_used_bytes,"{area=""nonheap"",id=""CodeHeap 'non-profiled nmethods'"",language=""java"",service=""java-product-service"",}",7681664.0
1790112819.201,java-product-service,hikaricp_connections_pending,"{language=""java"",pool=""HikariPool-1"",service=""java-product-service"",}",0.0
1790112819.201,java-product-service,hikaricp_connections_active,"{language=""java"",pool=""HikariPool-1"",service=""java-product-service"",}",0.0
1790112819.201,java-product-service,hikaricp_connections_usage_seconds_count,"{language=""java"",pool=""HikariPool-1"",service=""java-product-service"",}",324.0
1790112819.201,java-product-service,hikaricp_connections_usage_seconds_sum,"{language=""java"",pool=""HikariPool-1"",service=""java-product-service"",}",0.518
1790112819.201,java-product-service,process_cpu_usage,"{language=""java"",service=""java-product-service"",}",0.0392156862745098
1790112819.201,java-product-service,tomcat_threads_current_threads,"{language=""java"",name=""http-nio-9082"",service=""java-product-service"",}",10.0
1790112819.201,java-product-service,system_cpu_usage,"{language=""java"",service=""java-product-service"",}",0.03976287581699346
1790112819.201,java-order-service,jvm_memory_used_bytes,"{area=""nonheap"",id=""CodeHeap 'non-profiled nmethods'"",language=""java"",service=""java-order-service"",}",5623680.0
1790112819.201,java-order-service,jvm_memory_used_bytes,"{area=""heap"",id=""G1 Eden Space"",language=""java"",service=""java-order-service"",}",35651584.0
1790112819.201,java-order-service,jvm_memory_used_bytes,"{area=""nonheap"",id=""CodeHeap 'profiled nmethods'"",language=""java"",service=""java-order-service"",}",22436864.0
1790112819.201,java-order-service,jvm_memory_used_bytes,"{area=""nonheap"",id=""CodeHeap 'non-nmethods'"",language=""java"",service=""java-order-service"",}",1622528.0
1790112819.201,java-order-service,jvm_memory_used_bytes,"{area=""heap"",id=""G1 Survivor Space"",language=""java"",service=""java-order-service"",}",4718592.0
1790112819.201,java-order-service,jvm_memory_used_bytes,"{area=""nonheap"",id=""Compressed Class Space"",language=""java"",service=""java-order-service"",}",11026608.0
1790112819.201,java-order-service,jvm_memory_used_bytes,"{area=""heap"",id=""G1 Old Gen"",language=""java"",service=""java-order-service"",}",31672208.0
1790112819.201,java-order-service,jvm_memory_used_bytes,"{area=""nonheap"",id=""Metaspace"",language=""java"",service=""java-order-service"",}",83783032.0
1790112819.201,java-order-service,jvm_memory_committed_bytes,"{area=""nonheap"",id=""CodeHeap 'non-profiled nmethods'"",language=""java"",service=""java-order-service"",}",5636096.0
1790112819.201,java-order-service,jvm_memory_committed_bytes,"{area=""heap"",id=""G1 Eden Space"",language=""java"",service=""java-order-service"",}",48234496.0
1790112819.201,java-order-service,jvm_memory_committed_bytes,"{area=""nonheap"",id=""CodeHeap 'profiled nmethods'"",language=""java"",service=""java-order-service"",}",22478848.0
1790112819.201,java-order-service,jvm_memory_committed_bytes,"{area=""nonheap"",id=""CodeHeap 'non-nmethods'"",language=""java"",service=""java-order-service"",}",2555904.0
1790112819.201,java-order-service,jvm_memory_committed_bytes,"{area=""heap"",id=""G1 Survivor Space"",language=""java"",service=""java-order-service"",}",5242880.0
1790112819.201,java-order-service,jvm_memory_committed_bytes,"{area=""nonheap"",id=""Compressed Class Space"",language=""java"",service=""java-order-service"",}",11468800.0
1790112819.201,java-order-service,jvm_memory_committed_bytes,"{area=""heap"",id=""G1 Old Gen"",language=""java"",service=""java-order-service"",}",35651584.0
1790112819.201,java-order-service,jvm_memory_committed_bytes,"{area=""nonheap"",id=""Metaspace"",language=""java"",service=""java-order-service"",}",84672512.0
1790112819.201,java-order-service,hikaricp_connections_active,"{language=""java"",pool=""HikariPool-1"",service=""java-order-service"",}",0.0
1790112819.201,java-order-service,jvm_gc_pause_seconds_count,"{action=""end of minor GC"",cause=""G1 Evacuation Pause"",gc=""G1 Young Generation"",language=""java"",service=""java-order-service"",}",2.0
1790112819.201,java-order-service,jvm_gc_pause_seconds_sum,"{action=""end of minor GC"",cause=""G1 Evacuation Pause"",gc=""G1 Young Generation"",language=""java"",service=""java-order-service"",}",0.012
1790112819.201,java-order-service,hikaricp_connections_acquire_seconds_count,"{language=""java"",pool=""HikariPool-1"",service=""java-order-service"",}",572.0
1790112819.201,java-order-service,hikaricp_connections_acquire_seconds_sum,"{language=""java"",pool=""HikariPool-1"",service=""java-order-service"",}",0.030712252
1790112819.201,java-order-service,tomcat_threads_config_max_threads,"{language=""java"",name=""http-nio-9083"",service=""java-order-service"",}",64.0
1790112819.201,java-order-service,tomcat_threads_busy_threads,"{language=""java"",name=""http-nio-9083"",service=""java-order-service"",}",1.0
1790112819.201,java-order-service,hikaricp_connections_pending,"{language=""java"",pool=""HikariPool-1"",service=""java-order-service"",}",0.0
1790112819.201,java-order-service,hikaricp_connections_usage_seconds_count,"{language=""java"",pool=""HikariPool-1"",service=""java-order-service"",}",572.0
1790112819.201,java-order-service,hikaricp_connections_usage_seconds_sum,"{language=""java"",pool=""HikariPool-1"",service=""java-order-service"",}",0.896
1790112819.201,java-order-service,process_cpu_usage,"{language=""java"",service=""java-order-service"",}",0.04539007092198582
1790112819.201,java-order-service,system_cpu_usage,"{language=""java"",service=""java-order-service"",}",0.04407177304964539
1790112819.201,java-order-service,tomcat_threads_current_threads,"{language=""java"",name=""http-nio-9083"",service=""java-order-service"",}",10.0
1790112824.244,java-user-service,jvm_memory_used_bytes,"{area=""nonheap"",framework=""spring-boot"",id=""CodeHeap 'non-nmethods'"",language=""java"",service=""java-user-service"",}",1645952.0
1790112824.244,java-user-service,jvm_memory_used_bytes,"{area=""nonheap"",framework=""spring-boot"",id=""CodeHeap 'non-profiled nmethods'"",language=""java"",service=""java-user-service"",}",7937920.0
1790112824.244,java-user-service,jvm_memory_used_bytes,"{area=""heap"",framework=""spring-boot"",id=""G1 Survivor Space"",language=""java"",service=""java-user-service"",}",1151416.0
1790112824.244,java-user-service,jvm_memory_used_bytes,"{area=""heap"",framework=""spring-boot"",id=""G1 Old Gen"",language=""java"",service=""java-user-service"",}",39577528.0
1790112824.244,java-user-service,jvm_memory_used_bytes,"{area=""nonheap"",framework=""spring-boot"",id=""Metaspace"",language=""java"",service=""java-user-service"",}",103179912.0
1790112824.244,java-user-service,jvm_memory_used_bytes,"{area=""heap"",framework=""spring-boot"",id=""G1 Eden Space"",language=""java"",service=""java-user-service"",}",48234496.0
1790112824.244,java-user-service,jvm_memory_used_bytes,"{area=""nonheap"",framework=""spring-boot"",id=""Compressed Class Space"",language=""java"",service=""java-user-service"",}",13399872.0
1790112824.244,java-user-service,jvm_memory_used_bytes,"{area=""nonheap"",framework=""spring-boot"",id=""CodeHeap 'profiled nmethods'"",language=""java"",service=""java-user-service"",}",23215616.0
1790112824.244,java-user-service,jvm_gc_pause_seconds_count,"{action=""end of minor GC"",cause=""G1 Evacuation Pause"",framework=""spring-boot"",gc=""G1 Young Generation"",language=""java"",service=""java-user-service"",}",21.0
1790112824.244,java-user-service,jvm_gc_pause_seconds_sum,"{action=""end of minor GC"",cause=""G1 Evacuation Pause"",framework=""spring-boot"",gc=""G1 Young Generation"",language=""java"",service=""java-user-service"",}",0.162
1790112824.244,java-user-service,hikaricp_connections_acquire_seconds_count,"{framework=""spring-boot"",language=""java"",pool=""HikariPool-1"",service=""java-user-service"",}",1099.0
1790112824.244,java-user-service,hikaricp_connections_acquire_seconds_sum,"{framework=""spring-boot"",language=""java"",pool=""HikariPool-1"",service=""java-user-service"",}",0.074421517
1790112824.244,java-user-service,jvm_memory_committed_bytes,"{area=""nonheap"",framework=""spring-boot"",id=""CodeHeap 'non-nmethods'"",language=""java"",service=""java-user-service"",}",2555904.0
1790112824.244,java-user-service,jvm_memory_committed_bytes,"{area=""nonheap"",framework=""spring-boot"",id=""CodeHeap 'non-profiled nmethods'"",language=""java"",service=""java-user-service"",}",8323072.0
1790112824.244,java-user-service,jvm_memory_committed_bytes,"{area=""heap"",framework=""spring-boot"",id=""G1 Survivor Space"",language=""java"",service=""java-user-service"",}",2097152.0
1790112824.244,java-user-service,jvm_memory_committed_bytes,"{area=""heap"",framework=""spring-boot"",id=""G1 Old Gen"",language=""java"",service=""java-user-service"",}",41943040.0
1790112824.244,java-user-service,jvm_memory_committed_bytes,"{area=""nonheap"",framework=""spring-boot"",id=""Metaspace"",language=""java"",service=""java-user-service"",}",104202240.0
1790112824.244,java-user-service,jvm_memory_committed_bytes,"{area=""heap"",framework=""spring-boot"",id=""G1 Eden Space"",language=""java"",service=""java-user-service"",}",69206016.0
1790112824.244,java-user-service,jvm_memory_committed_bytes,"{area=""nonheap"",framework=""spring-boot"",id=""Compressed Class Space"",language=""java"",service=""java-user-service"",}",13893632.0
1790112824.244,java-user-service,jvm_memory_committed_bytes,"{area=""nonheap"",framework=""spring-boot"",id=""CodeHeap 'profiled nmethods'"",language=""java"",service=""java-user-service"",}",27328512.0
1790112824.244,java-user-service,system_cpu_usage,"{framework=""spring-boot"",language=""java"",service=""java-user-service"",}",0.46780065359477124
1790112824.244,java-user-service,tomcat_threads_busy_threads,"{framework=""spring-boot"",language=""java"",name=""http-nio-9081"",service=""java-user-service"",}",1.0
1790112824.244,java-user-service,process_cpu_usage,"{framework=""spring-boot"",language=""java"",service=""java-user-service"",}",0.46797385620915033
1790112824.244,java-user-service,tomcat_threads_current_threads,"{framework=""spring-boot"",language=""java"",name=""http-nio-9081"",service=""java-user-service"",}",10.0
1790112824.244,java-user-service,tomcat_threads_config_max_threads,"{framework=""spring-boot"",language=""java"",name=""http-nio-9081"",service=""java-user-service"",}",64.0
1790112824.244,java-user-service,hikaricp_connections_pending,"{framework=""spring-boot"",language=""java"",pool=""HikariPool-1"",service=""java-user-service"",}",0.0
1790112824.244,java-user-service,hikaricp_connections_active,"{framework=""spring-boot"",language=""java"",pool=""HikariPool-1"",service=""java-user-service"",}",0.0
1790112824.244,java-user-service,hikaricp_connections_usage_seconds_count,"{framework=""spring-boot"",language=""java"",pool=""HikariPool-1"",service=""java-user-service"",}",1099.0
1790112824.244,java-user-service,hikaricp_connections_usage_seconds_sum,"{framework=""spring-boot"",language=""java"",pool=""HikariPool-1"",service=""java-user-service"",}",46.313
1790112824.244,java-product-service,hikaricp_connections_acquire_seconds_count,"{language=""java"",pool=""HikariPool-1"",service=""java-product-service"",}",345.0
1790112824.244,java-product-service,hikaricp_connections_acquire_seconds_sum,"{language=""java"",pool=""HikariPool-1"",service=""java-product-service"",}",0.049180131
1790112824.244,java-product-service,jvm_gc_pause_seconds_count,"{action=""end of minor GC"",cause=""G1 Evacuation Pause"",gc=""G1 Young Generation"",language=""java"",service=""java-product-service"",}",5.0
1790112824.244,java-product-service,jvm_gc_pause_seconds_sum,"{action=""end of minor GC"",cause=""G1 Evacuation Pause"",gc=""G1 Young Generation"",language=""java"",service=""java-product-service"",}",0.027
1790112824.244,java-product-service,tomcat_threads_config_max_threads,"{language=""java"",name=""http-nio-9082"",service=""java-product-service"",}",64.0
1790112824.244,java-product-service,tomcat_threads_busy_threads,"{language=""java"",name=""http-nio-9082"",service=""java-product-service"",}",1.0
1790112824.244,java-product-service,jvm_memory_committed_bytes,"{area=""nonheap"",id=""CodeHeap 'non-nmethods'"",language=""java"",service=""java-product-service"",}",2555904.0
1790112824.244,java-product-service,jvm_memory_committed_bytes,"{area=""heap"",id=""G1 Eden Space"",language=""java"",service=""java-product-service"",}",53477376.0
1790112824.244,java-product-service,jvm_memory_committed_bytes,"{area=""nonheap"",id=""Metaspace"",language=""java"",service=""java-product-service"",}",99483648.0
1790112824.244,java-product-service,jvm_memory_committed_bytes,"{area=""heap"",id=""G1 Old Gen"",language=""java"",service=""java-product-service"",}",42991616.0
1790112824.244,java-product-service,jvm_memory_committed_bytes,"{area=""nonheap"",id=""Compressed Class Space"",language=""java"",service=""java-product-service"",}",13434880.0
1790112824.244,java-product-service,jvm_memory_committed_bytes,"{area=""heap"",id=""G1 Survivor Space"",language=""java"",service=""java-product-service"",}",4194304.0
1790112824.244,java-product-service,jvm_memory_committed_bytes,"{area=""nonheap"",id=""CodeHeap 'profiled nmethods'"",language=""java"",service=""java-product-service"",}",27197440.0
1790112824.244,java-product-service,jvm_memory_committed_bytes,"{area=""nonheap"",id=""CodeHeap 'non-profiled nmethods'"",language=""java"",service=""java-product-service"",}",7929856.0
1790112824.244,java-product-service,jvm_memory_used_bytes,"{area=""nonheap"",id=""CodeHeap 'non-nmethods'"",language=""java"",service=""java-product-service"",}",1639296.0
1790112824.244,java-product-service,jvm_memory_used_bytes,"{area=""heap"",id=""G1 Eden Space"",language=""java"",service=""java-product-service"",}",23068672.0
1790112824.244,java-product-service,jvm_memory_used_bytes,"{area=""nonheap"",id=""Metaspace"",language=""java"",service=""java-product-service"",}",98608936.0
1790112824.244,java-product-service,jvm_memory_used_bytes,"{area=""heap"",id=""G1 Old Gen"",language=""java"",service=""java-product-service"",}",39634904.0
1790112824.244,java-product-service,jvm_memory_used_bytes,"{area=""nonheap"",id=""Compressed Class Space"",language=""java"",service=""java-product-service"",}",13038248.0
1790112824.244,java-product-service,jvm_memory_used_bytes,"{area=""heap"",id=""G1 Survivor Space"",language=""java"",service=""java-product-service"",}",4003616.0
1790112824.244,java-product-service,jvm_memory_used_bytes,"{area=""nonheap"",id=""CodeHeap 'profiled nmethods'"",language=""java"",service=""java-product-service"",}",27195776.0
1790112824.244,java-product-service,jvm_memory_used_bytes,"{area=""nonheap"",id=""CodeHeap 'non-profiled nmethods'"",language=""java"",service=""java-product-service"",}",7867648.0
1790112824.244,java-product-service,hikaricp_connections_pending,"{language=""java"",pool=""HikariPool-1"",service=""java-product-service"",}",0.0
1790112824.244,java-product-service,hikaricp_connections_active,"{language=""java"",pool=""HikariPool-1"",service=""java-product-service"",}",0.0
1790112824.244,java-product-service,hikaricp_connections_usage_seconds_count,"{language=""java"",pool=""HikariPool-1"",service=""java-product-service"",}",345.0
1790112824.244,java-product-service,hikaricp_connections_usage_seconds_sum,"{language=""java"",pool=""HikariPool-1"",service=""java-product-service"",}",0.52
1790112824.244,java-product-service,process_cpu_usage,"{language=""java"",service=""java-product-service"",}",0.04217687074829932
1790112824.244,java-product-service,tomcat_threads_current_threads,"{language=""java"",name=""http-nio-9082"",service=""java-product-service"",}",10.0
1790112824.244,java-product-service,system_cpu_usage,"{language=""java"",service=""java-product-service"",}",0.042569387755102044
1790112824.244,java-order-service,jvm_memory_used_bytes,"{area=""nonheap"",id=""CodeHeap 'non-profiled nmethods'"",language=""java"",service=""java-order-service"",}",5734528.0
1790112824.244,java-order-service,jvm_memory_used_bytes,"{area=""heap"",id=""G1 Eden Space"",language=""java"",service=""java-order-service"",}",42991616.0
1790112824.244,java-order-service,jvm_memory_used_bytes,"{area=""nonheap"",id=""CodeHeap 'profiled nmethods'"",language=""java"",service=""java-order-service"",}",23179264.0
1790112824.244,java-order-service,jvm_memory_used_bytes,"{area=""nonheap"",id=""CodeHeap 'non-nmethods'"",language=""java"",service=""java-order-service"",}",1622528.0
1790112824.244,java-order-service,jvm_memory_used_bytes,"{area=""heap"",id=""G1 Survivor Space"",language=""java"",service=""java-order-service"",}",4718592.0
1790112824.244,java-order-service,jvm_memory_used_bytes,"{area=""nonheap"",id=""Compressed Class Space"",language=""java"",service=""java-order-service"",}",11026608.0
1790112824.244,java-order-service,jvm_memory_used_bytes,"{area=""heap"",id=""G1 Old Gen"",language=""java"",service=""java-order-service"",}",31672208.0
1790112824.244,java-order-service,jvm_memory_used_bytes,"{area=""nonheap"",id=""Metaspace"",language=""java"",service=""java-order-service"",}",83932064.0
1790112824.244,java-order-service,jvm_memory_committed_bytes,"{area=""nonheap"",id=""CodeHeap 'non-profiled nmethods'"",language=""java"",service=""java-order-service"",}",5767168.0
1790112824.244,java-order-service,jvm_memory_committed_bytes,"{area=""heap"",id=""G1 Eden Space"",language=""java"",service=""java-order-service"",}",48234496.0
1790112824.244,java-order-service,jvm_memory_committed_bytes,"{area=""nonheap"",id=""CodeHeap 'profiled nmethods'"",language=""java"",service=""java-order-service"",}",23199744.0
1790112824.244,java-order-service,jvm_memory_committed_bytes,"{area=""nonheap"",id=""CodeHeap 'non-nmethods'"",language=""java"",service=""java-order-service"",}",2555904.0
1790112824.244,java-order-service,jvm_memory_committed_bytes,"{area=""heap"",id=""G1 Survivor Space"",language=""java"",service=""java-order-service"",}",5242880.0
1790112824.244,java-order-service,jvm_memory_committed_bytes,"{area=""nonheap"",id=""Compressed Class Space"",language=""java"",service=""java-order-service"",}",11468800.0
1790112824.244,java-order-service,jvm_memory_committed_bytes,"{area=""heap"",id=""G1 Old Gen"",language=""java"",service=""java-order-service"",}",35651584.0
1790112824.244,java-order-service,jvm_memory_committed_bytes,"{area=""nonheap"",id=""Metaspace"",language=""java"",service=""java-order-service"",}",84869120.0
1790112824.244,java-order-service,hikaricp_connections_active,"{language=""java"",pool=""HikariPool-1"",service=""java-order-service"",}",0.0
1790112824.244,java-order-service,jvm_gc_pause_seconds_count,"{action=""end of minor GC"",cause=""G1 Evacuation Pause"",gc=""G1 Young Generation"",language=""java"",service=""java-order-service"",}",2.0
1790112824.244,java-order-service,jvm_gc_pause_seconds_sum,"{action=""end of minor GC"",cause=""G1 Evacuation Pause"",gc=""G1 Young Generation"",language=""java"",service=""java-order-service"",}",0.012
1790112824.244,java-order-service,hikaricp_connections_acquire_seconds_count,"{language=""java"",pool=""HikariPool-1"",service=""java-order-service"",}",645.0
1790112824.244,java-order-service,hikaricp_connections_acquire_seconds_sum,"{language=""java"",pool=""HikariPool-1"",service=""java-order-service"",}",0.03201388
1790112824.244,java-order-service,tomcat_threads_config_max_threads,"{language=""java"",name=""http-nio-9083"",service=""java-order-service"",}",64.0
1790112824.244,java-order-service,tomcat_threads_busy_threads,"{language=""java"",name=""http-nio-9083"",service=""java-order-service"",}",1.0
1790112824.244,java-order-service,hikaricp_connections_pending,"{language=""java"",pool=""HikariPool-1"",service=""java-order-service"",}",0.0
1790112824.244,java-order-service,hikaricp_connections_usage_seconds_count,"{language=""java"",pool=""HikariPool-1"",service=""java-order-service"",}",645.0
1790112824.244,java-order-service,hikaricp_connections_usage_seconds_sum,"{language=""java"",pool=""HikariPool-1"",service=""java-order-service"",}",0.973
1790112824.244,java-order-service,process_cpu_usage,"{language=""java"",service=""java-order-service"",}",0.03945578231292517
1790112824.244,java-order-service,system_cpu_usage,"{language=""java"",service=""java-order-service"",}",0.04133224489795918
1790112824.244,java-order-service,tomcat_threads_current_threads,"{language=""java"",name=""http-nio-9083"",service=""java-order-service"",}",10.0
1790112829.281,java-user-service,jvm_memory_used_bytes,"{area=""nonheap"",framework=""spring-boot"",id=""CodeHeap 'non-nmethods'"",language=""java"",service=""java-user-service"",}",1645952.0
1790112829.281,java-user-service,jvm_memory_used_bytes,"{area=""nonheap"",framework=""spring-boot"",id=""CodeHeap 'non-profiled nmethods'"",language=""java"",service=""java-user-service"",}",8199936.0
1790112829.281,java-user-service,jvm_memory_used_bytes,"{area=""heap"",framework=""spring-boot"",id=""G1 Survivor Space"",language=""java"",service=""java-user-service"",}",1254064.0
1790112829.281,java-user-service,jvm_memory_used_bytes,"{area=""heap"",framework=""spring-boot"",id=""G1 Old Gen"",language=""java"",service=""java-user-service"",}",39887144.0
1790112829.281,java-user-service,jvm_memory_used_bytes,"{area=""nonheap"",framework=""spring-boot"",id=""Metaspace"",language=""java"",service=""java-user-service"",}",103225312.0
1790112829.281,java-user-service,jvm_memory_used_bytes,"{area=""heap"",framework=""spring-boot"",id=""G1 Eden Space"",language=""java"",service=""java-user-service"",}",57671680.0
1790112829.281,java-user-service,jvm_memory_used_bytes,"{area=""nonheap"",framework=""spring-boot"",id=""Compressed Class Space"",language=""java"",service=""java-user-service"",}",13400384.0
1790112829.281,java-user-service,jvm_memory_used_bytes,"{area=""nonheap"",framework=""spring-boot"",id=""CodeHeap 'profiled nmethods'"",language=""java"",service=""java-user-service"",}",23213568.0
1790112829.281,java-user-service,jvm_gc_pause_seconds_count,"{action=""end of minor GC"",cause=""G1 Evacuation Pause"",framework=""spring-boot"",gc=""G1 Young Generation"",language=""java"",service=""java-user-service"",}",23.0
1790112829.281,java-user-service,jvm_gc_pause_seconds_sum,"{action=""end of minor GC"",cause=""G1 Evacuation Pause"",framework=""spring-boot"",gc=""G1 Young Generation"",language=""java"",service=""java-user-service"",}",0.166
1790112829.281,java-user-service,hikaricp_connections_acquire_seconds_count,"{framework=""spring-boot"",language=""java"",pool=""HikariPool-1"",service=""java-user-service"",}",1215.0
1790112829.281,java-user-service,hikaricp_connections_acquire_seconds_sum,"{framework=""spring-boot"",language=""java"",pool=""HikariPool-1"",service=""java-user-service"",}",0.075254555
1790112829.281,java-user-service,jvm_memory_committed_bytes,"{area=""nonheap"",framework=""spring-boot"",id=""CodeHeap 'non-nmethods'"",language=""java"",service=""java-user-service"",}",2555904.0
1790112829.281,java-user-service,jvm_memory_committed_bytes,"{area=""nonheap"",framework=""spring-boot"",id=""CodeHeap 'non-profiled nmethods'"",language=""java"",service=""java-user-service"",}",8454144.0
1790112829.281,java-user-service,jvm_memory_committed_bytes,"{area=""heap"",framework=""spring-boot"",id=""G1 Survivor Space"",language=""java"",service=""java-user-service"",}",2097152.0
1790112829.281,java-user-service,jvm_memory_committed_bytes,"{area=""heap"",framework=""spring-boot"",id=""G1 Old Gen"",language=""java"",service=""java-user-service"",}",42991616.0
1790112829.281,java-user-service,jvm_memory_committed_bytes,"{area=""nonheap"",framework=""spring-boot"",id=""Metaspace"",language=""java"",service=""java-user-service"",}",104267776.0
1790112829.281,java-user-service,jvm_memory_committed_bytes,"{area=""heap"",framework=""spring-boot"",id=""G1 Eden Space"",language=""java"",service=""java-user-service"",}",68157440.0
1790112829.281,java-user-service,jvm_memory_committed_bytes,"{area=""nonheap"",framework=""spring-boot"",id=""Compressed Class Space"",language=""java"",service=""java-user-service"",}",13893632.0
1790112829.281,java-user-service,jvm_memory_committed_bytes,"{area=""nonheap"",framework=""spring-boot"",id=""CodeHeap 'profiled nmethods'"",language=""java"",service=""java-user-service"",}",27328512.0
1790112829.281,java-user-service,system_cpu_usage,"{framework=""spring-boot"",language=""java"",service=""java-user-service"",}",0.5414682666666667
1790112829.281,java-user-service,tomcat_threads_busy_threads,"{framework=""spring-boot"",language=""java"",name=""http-nio-9081"",service=""java-user-service"",}",1.0
1790112829.281,java-user-service,process_cpu_usage,"{framework=""spring-boot"",language=""java"",service=""java-user-service"",}",0.54
1790112829.281,java-user-service,tomcat_threads_current_threads,"{framework=""spring-boot"",language=""java"",name=""http-nio-9081"",service=""java-user-service"",}",10.0
1790112829.281,java-user-service,tomcat_threads_config_max_threads,"{framework=""spring-boot"",language=""java"",name=""http-nio-9081"",service=""java-user-service"",}",64.0
1790112829.281,java-user-service,hikaricp_connections_pending,"{framework=""spring-boot"",language=""java"",pool=""HikariPool-1"",service=""java-user-service"",}",0.0
1790112829.281,java-user-service,hikaricp_connections_active,"{framework=""spring-boot"",language=""java"",pool=""HikariPool-1"",service=""java-user-service"",}",0.0
1790112829.281,java-user-service,hikaricp_connections_usage_seconds_count,"{framework=""spring-boot"",language=""java"",pool=""HikariPool-1"",service=""java-user-service"",}",1215.0
1790112829.281,java-user-service,hikaricp_connections_usage_seconds_sum,"{framework=""spring-boot"",language=""java"",pool=""HikariPool-1"",service=""java-user-service"",}",50.33
1790112829.281,java-product-service,hikaricp_connections_acquire_seconds_count,"{language=""java"",pool=""HikariPool-1"",service=""java-product-service"",}",368.0
1790112829.281,java-product-service,hikaricp_connections_acquire_seconds_sum,"{language=""java"",pool=""HikariPool-1"",service=""java-product-service"",}",0.050998383
1790112829.281,java-product-service,jvm_gc_pause_seconds_count,"{action=""end of minor GC"",cause=""G1 Evacuation Pause"",gc=""G1 Young Generation"",language=""java"",service=""java-product-service"",}",5.0
1790112829.281,java-product-service,jvm_gc_pause_seconds_sum,"{action=""end of minor GC"",cause=""G1 Evacuation Pause"",gc=""G1 Young Generation"",language=""java"",service=""java-product-service"",}",0.027
1790112829.281,java-product-service,tomcat_threads_config_max_threads,"{language=""java"",name=""http-nio-9082"",service=""java-product-service"",}",64.0
1790112829.281,java-product-service,tomcat_threads_busy_threads,"{language=""java"",name=""http-nio-9082"",service=""java-product-service"",}",1.0
1790112829.281,java-product-service,jvm_memory_committed_bytes,"{area=""nonheap"",id=""CodeHeap 'non-nmethods'"",language=""java"",service=""java-product-service"",}",2555904.0
1790112829.281,java-product-service,jvm_memory_committed_bytes,"{area=""heap"",id=""G1 Eden Space"",language=""java"",service=""java-product-service"",}",53477376.0
1790112829.281,java-product-service,jvm_memory_committed_bytes,"{area=""nonheap"",id=""Metaspace"",language=""java"",service=""java-product-service"",}",99614720.0
1790112829.281,java-product-service,jvm_memory_committed_bytes,"{area=""heap"",id=""G1 Old Gen"",language=""java"",service=""java-product-service"",}",42991616.0
1790112829.281,java-product-service,jvm_memory_committed_bytes,"{area=""nonheap"",id=""Compressed Class Space"",language=""java"",service=""java-product-service"",}",13500416.0
1790112829.281,java-product-service,jvm_memory_committed_bytes,"{area=""heap"",id=""G1 Survivor Space"",language=""java"",service=""java-product-service"",}",4194304.0
1790112829.281,java-product-service,jvm_memory_committed_bytes,"{area=""nonheap"",id=""CodeHeap 'profiled nmethods'"",language=""java"",service=""java-product-service"",}",27328512.0
1790112829.281,java-product-service,jvm_memory_committed_bytes,"{area=""nonheap"",id=""CodeHeap 'non-profiled nmethods'"",language=""java"",service=""java-product-service"",}",8060928.0
1790112829.281,java-product-service,jvm_memory_used_bytes,"{area=""nonheap"",id=""CodeHeap 'non-nmethods'"",language=""java"",service=""java-product-service"",}",1639296.0
1790112829.281,java-product-service,jvm_memory_used_bytes,"{area=""heap"",id=""G1 Eden Space"",language=""java"",service=""java-product-service"",}",31457280.0
1790112829.281,java-product-service,jvm_memory_used_bytes,"{area=""nonheap"",id=""Metaspace"",language=""java"",service=""java-product-service"",}",98645464.0
1790112829.281,java-product-service,jvm_memory_used_bytes,"{area=""heap"",id=""G1 Old Gen"",language=""java"",service=""java-product-service"",}",39634904.0
1790112829.281,java-product-service,jvm_memory_used_bytes,"{area=""nonheap"",id=""Compressed Class Space"",language=""java"",service=""java-product-service"",}",13039288.0
1790112829.281,java-product-service,jvm_memory_used_bytes,"{area=""heap"",id=""G1 Survivor Space"",language=""java"",service=""java-product-service"",}",4003616.0
1790112829.281,java-product-service,jvm_memory_used_bytes,"{area=""nonheap"",id=""CodeHeap 'profiled nmethods'"",language=""java"",service=""java-product-service"",}",27312128.0
1790112829.281,java-product-service,jvm_memory_used_bytes,"{area=""nonheap"",id=""CodeHeap 'non-profiled nmethods'"",language=""java"",service=""java-product-service"",}",8057984.0
1790112829.281,java-product-service,hikaricp_connections_pending,"{language=""java"",pool=""HikariPool-1"",service=""java-product-service"",}",0.0
1790112829.281,java-product-service,hikaricp_connections_active,"{language=""java"",pool=""HikariPool-1"",service=""java-product-service"",}",0.0
1790112829.281,java-product-service,hikaricp_connections_usage_seconds_count,"{language=""java"",pool=""HikariPool-1"",service=""java-product-service"",}",368.0
1790112829.281,java-product-service,hikaricp_connections_usage_seconds_sum,"{language=""java"",pool=""HikariPool-1"",service=""java-product-service"",}",0.523
1790112829.281,java-product-service,process_cpu_usage,"{language=""java"",service=""java-product-service"",}",0.04217687074829932
1790112829.281,java-product-service,tomcat_threads_current_threads,"{language=""java"",name=""http-nio-9082"",service=""java-product-service"",}",10.0
1790112829.281,java-product-service,system_cpu_usage,"{language=""java"",service=""java-product-service"",}",0.04492544217687075
1790112829.281,java-order-service,jvm_memory_used_bytes,"{area=""nonheap"",id=""CodeHeap 'non-profiled nmethods'"",language=""java"",service=""java-order-service"",}",5883904.0
1790112829.281,java-order-service,jvm_memory_used_bytes,"{area=""heap"",id=""G1 Eden Space"",language=""java"",service=""java-order-service"",}",7340032.0
1790112829.281,java-order-service,jvm_memory_used_bytes,"{area=""nonheap"",id=""CodeHeap 'profiled nmethods'"",language=""java"",service=""java-order-service"",}",24410240.0
1790112829.281,java-order-service,jvm_memory_used_bytes,"{area=""nonheap"",id=""CodeHeap 'non-nmethods'"",language=""java"",service=""java-order-service"",}",1622528.0
1790112829.281,java-order-service,jvm_memory_used_bytes,"{area=""heap"",id=""G1 Survivor Space"",language=""java"",service=""java-order-service"",}",3017200.0
1790112829.281,java-order-service,jvm_memory_used_bytes,"{area=""nonheap"",id=""Compressed Class Space"",language=""java"",service=""java-order-service"",}",11026608.0
1790112829.281,java-order-service,jvm_memory_used_bytes,"{area=""heap"",id=""G1 Old Gen"",language=""java"",service=""java-order-service"",}",34543736.0
1790112829.281,java-order-service,jvm_memory_used_bytes,"{area=""nonheap"",id=""Metaspace"",language=""java"",service=""java-order-service"",}",84402656.0
1790112829.281,java-order-service,jvm_memory_committed_bytes,"{area=""nonheap"",id=""CodeHeap 'non-profiled nmethods'"",language=""java"",service=""java-order-service"",}",5898240.0
1790112829.281,java-order-service,jvm_memory_committed_bytes,"{area=""heap"",id=""G1 Eden Space"",language=""java"",service=""java-order-service"",}",48234496.0
1790112829.281,java-order-service,jvm_memory_committed_bytes,"{area=""nonheap"",id=""CodeHeap 'profiled nmethods'"",language=""java"",service=""java-order-service"",}",24444928.0
1790112829.281,java-order-service,jvm_memory_committed_bytes,"{area=""nonheap"",id=""CodeHeap 'non-nmethods'"",language=""java"",service=""java-order-service"",}",2555904.0
1790112829.281,java-order-service,jvm_memory_committed_bytes,"{area=""heap"",id=""G1 Survivor Space"",language=""java"",service=""java-order-service"",}",3145728.0
1790112829.281,java-order-service,jvm_memory_committed_bytes,"{area=""nonheap"",id=""Compressed Class Space"",language=""java"",service=""java-order-service"",}",11468800.0
1790112829.281,java-order-service,jvm_memory_committed_bytes,"{area=""heap"",id=""G1 Old Gen"",language=""java"",service=""java-order-service"",}",37748736.0
1790112829.281,java-order-service,jvm_memory_committed_bytes,"{area=""nonheap"",id=""Metaspace"",language=""java"",service=""java-order-service"",}",85327872.0
1790112829.281,java-order-service,hikaricp_connections_active,"{language=""java"",pool=""HikariPool-1"",service=""java-order-service"",}",0.0
1790112829.281,java-order-service,jvm_gc_pause_seconds_count,"{action=""end of minor GC"",cause=""G1 Evacuation Pause"",gc=""G1 Young Generation"",language=""java"",service=""java-order-service"",}",3.0
1790112829.281,java-order-service,jvm_gc_pause_seconds_sum,"{action=""end of minor GC"",cause=""G1 Evacuation Pause"",gc=""G1 Young Generation"",language=""java"",service=""java-order-service"",}",0.017
1790112829.281,java-order-service,hikaricp_connections_acquire_seconds_count,"{language=""java"",pool=""HikariPool-1"",service=""java-order-service"",}",724.0
1790112829.281,java-order-service,hikaricp_connections_acquire_seconds_sum,"{language=""java"",pool=""HikariPool-1"",service=""java-order-service"",}",0.032907792
1790112829.281,java-order-service,tomcat_threads_config_max_threads,"{language=""java"",name=""http-nio-9083"",service=""java-order-service"",}",64.0
1790112829.281,java-order-service,tomcat_threads_busy_threads,"{language=""java"",name=""http-nio-9083"",service=""java-order-service"",}",1.0
1790112829.281,java-order-service,hikaricp_connections_pending,"{language=""java"",pool=""HikariPool-1"",service=""java-order-service"",}",0.0
1790112829.281,java-order-service,hikaricp_connections_usage_seconds_count,"{language=""java"",pool=""HikariPool-1"",service=""java-order-service"",}",724.0
1790112829.281,java-order-service,hikaricp_connections_usage_seconds_sum,"{language=""java"",pool=""HikariPool-1"",service=""java-order-service"",}",1.066
1790112829.281,java-order-service,process_cpu_usage,"{language=""java"",service=""java-order-service"",}",0.04964539007092199
1790112829.281,java-order-service,system_cpu_usage,"{language=""java"",service=""java-order-service"",}",0.0505645390070922
1790112829.281,java-order-service,tomcat_threads_current_threads,"{language=""java"",name=""http-nio-9083"",service=""java-order-service"",}",10.0
1790112834.321,java-user-service,jvm_memory_used_bytes,"{area=""nonheap"",framework=""spring-boot"",id=""CodeHeap 'non-nmethods'"",language=""java"",service=""java-user-service"",}",1645952.0
1790112834.321,java-user-service,jvm_memory_used_bytes,"{area=""nonheap"",framework=""spring-boot"",id=""CodeHeap 'non-profiled nmethods'"",language=""java"",service=""java-user-service"",}",6857728.0
1790112834.321,java-user-service,jvm_memory_used_bytes,"{area=""heap"",framework=""spring-boot"",id=""G1 Survivor Space"",language=""java"",service=""java-user-service"",}",1028544.0
1790112834.321,java-user-service,jvm_memory_used_bytes,"{area=""heap"",framework=""spring-boot"",id=""G1 Old Gen"",language=""java"",service=""java-user-service"",}",39896368.0
1790112834.321,java-user-service,jvm_memory_used_bytes,"{area=""nonheap"",framework=""spring-boot"",id=""Metaspace"",language=""java"",service=""java-user-service"",}",103677544.0
1790112834.321,java-user-service,jvm_memory_used_bytes,"{area=""heap"",framework=""spring-boot"",id=""G1 Eden Space"",language=""java"",service=""java-user-service"",}",63963136.0
1790112834.321,java-user-service,jvm_memory_used_bytes,"{area=""nonheap"",framework=""spring-boot"",id=""Compressed Class Space"",language=""java"",service=""java-user-service"",}",13400384.0
1790112834.321,java-user-service,jvm_memory_used_bytes,"{area=""nonheap"",framework=""spring-boot"",id=""CodeHeap 'profiled nmethods'"",language=""java"",service=""java-user-service"",}",18829312.0
1790112834.321,java-user-service,jvm_gc_pause_seconds_count,"{action=""end of minor GC"",cause=""G1 Evacuation Pause"",framework=""spring-boot"",gc=""G1 Young Generation"",language=""java"",service=""java-user-service"",}",25.0
1790112834.321,java-user-service,jvm_gc_pause_seconds_sum,"{action=""end of minor GC"",cause=""G1 Evacuation Pause"",framework=""spring-boot"",gc=""G1 Young Generation"",language=""java"",service=""java-user-service"",}",0.17
1790112834.321,java-user-service,hikaricp_connections_acquire_seconds_count,"{framework=""spring-boot"",language=""java"",pool=""HikariPool-1"",service=""java-user-service"",}",1323.0
1790112834.321,java-user-service,hikaricp_connections_acquire_seconds_sum,"{framework=""spring-boot"",language=""java"",pool=""HikariPool-1"",service=""java-user-service"",}",0.076549346
1790112834.321,java-user-service,jvm_memory_committed_bytes,"{area=""nonheap"",framework=""spring-boot"",id=""CodeHeap 'non-nmethods'"",language=""java"",service=""java-user-service"",}",2555904.0
1790112834.321,java-user-service,jvm_memory_committed_bytes,"{area=""nonheap"",framework=""spring-boot"",id=""CodeHeap 'non-profiled nmethods'"",language=""java"",service=""java-user-service"",}",8519680.0
1790112834.321,java-user-service,jvm_memory_committed_bytes,"{area=""heap"",framework=""spring-boot"",id=""G1 Survivor Space"",language=""java"",service=""java-user-service"",}",1048576.0
1790112834.321,java-user-service,jvm_memory_committed_bytes,"{area=""heap"",framework=""spring-boot"",id=""G1 Old Gen"",language=""java"",service=""java-user-service"",}",42991616.0
1790112834.321,java-user-service,jvm_memory_committed_bytes,"{area=""nonheap"",framework=""spring-boot"",id=""Metaspace"",language=""java"",service=""java-user-service"",}",104660992.0
1790112834.321,java-user-service,jvm_memory_committed_bytes,"{area=""heap"",framework=""spring-boot"",id=""G1 Eden Space"",language=""java"",service=""java-user-service"",}",69206016.0
1790112834.321,java-user-service,jvm_memory_committed_bytes,"{area=""nonheap"",framework=""spring-boot"",id=""Compressed Class Space"",language=""java"",service=""java-user-service"",}",13893632.0
1790112834.321,java-user-service,jvm_memory_committed_bytes,"{area=""nonheap"",framework=""spring-boot"",id=""CodeHeap 'profiled nmethods'"",language=""java"",service=""java-user-service"",}",27328512.0
1790112834.321,java-user-service,system_cpu_usage,"{framework=""spring-boot"",language=""java"",service=""java-user-service"",}",0.5038317647058823
1790112834.321,java-user-service,tomcat_threads_busy_threads,"{framework=""spring-boot"",language=""java"",name=""http-nio-9081"",service=""java-user-service"",}",2.0
1790112834.321,java-user-service,process_cpu_usage,"{framework=""spring-boot"",language=""java"",service=""java-user-service"",}",0.5032679738562091
1790112834.321,java-user-service,tomcat_threads_current_threads,"{framework=""spring-boot"",language=""java"",name=""http-nio-9081"",service=""java-user-service"",}",10.0
1790112834.321,java-user-service,tomcat_threads_config_max_threads,"{framework=""spring-boot"",language=""java"",name=""http-nio-9081"",service=""java-user-service"",}",64.0
1790112834.321,java-user-service,hikaricp_connections_pending,"{framework=""spring-boot"",language=""java"",pool=""HikariPool-1"",service=""java-user-service"",}",0.0
1790112834.321,java-user-service,hikaricp_connections_active,"{framework=""spring-boot"",language=""java"",pool=""HikariPool-1"",service=""java-user-service"",}",1.0
1790112834.321,java-user-service,hikaricp_connections_usage_seconds_count,"{framework=""spring-boot"",language=""java"",pool=""HikariPool-1"",service=""java-user-service"",}",1322.0
1790112834.321,java-user-service,hikaricp_connections_usage_seconds_sum,"{framework=""spring-boot"",language=""java"",pool=""HikariPool-1"",service=""java-user-service"",}",53.85
1790112834.321,java-product-service,hikaricp_connections_acquire_seconds_count,"{language=""java"",pool=""HikariPool-1"",service=""java-product-service"",}",389.0
1790112834.321,java-product-service,hikaricp_connections_acquire_seconds_sum,"{language=""java"",pool=""HikariPool-1"",service=""java-product-service"",}",0.052454005
1790112834.321,java-product-service,jvm_gc_pause_seconds_count,"{action=""end of minor GC"",cause=""G1 Evacuation Pause"",gc=""G1 Young Generation"",language=""java"",service=""java-product-service"",}",5.0
1790112834.321,java-product-service,jvm_gc_pause_seconds_sum,"{action=""end of minor GC"",cause=""G1 Evacuation Pause"",gc=""G1 Young Generation"",language=""java"",service=""java-product-service"",}",0.027
1790112834.321,java-product-service,tomcat_threads_config_max_threads,"{language=""java"",name=""http-nio-9082"",service=""java-product-service"",}",64.0
1790112834.321,java-product-service,tomcat_threads_busy_threads,"{language=""java"",name=""http-nio-9082"",service=""java-product-service"",}",2.0
1790112834.321,java-product-service,jvm_memory_committed_bytes,"{area=""nonheap"",id=""CodeHeap 'non-nmethods'"",language=""java"",service=""java-product-service"",}",2555904.0
1790112834.321,java-product-service,jvm_memory_committed_bytes,"{area=""heap"",id=""G1 Eden Space"",language=""java"",service=""java-product-service"",}",53477376.0
1790112834.321,java-product-service,jvm_memory_committed_bytes,"{area=""nonheap"",id=""Metaspace"",language=""java"",service=""java-product-service"",}",99745792.0
1790112834.321,java-product-service,jvm_memory_committed_bytes,"{area=""heap"",id=""G1 Old Gen"",language=""java"",service=""java-product-service"",}",42991616.0
1790112834.321,java-product-service,jvm_memory_committed_bytes,"{area=""nonheap"",id=""Compressed Class Space"",language=""java"",service=""java-product-service"",}",13500416.0
1790112834.321,java-product-service,jvm_memory_committed_bytes,"{area=""heap"",id=""G1 Survivor Space"",language=""java"",service=""java-product-service"",}",4194304.0
1790112834.321,java-product-service,jvm_memory_committed_bytes,"{area=""nonheap"",id=""CodeHeap 'profiled nmethods'"",language=""java"",service=""java-product-service"",}",27525120.0
1790112834.321,java-product-service,jvm_memory_committed_bytes,"{area=""nonheap"",id=""CodeHeap 'non-profiled nmethods'"",language=""java"",service=""java-product-service"",}",8192000.0
1790112834.321,java-product-service,jvm_memory_used_bytes,"{area=""nonheap"",id=""CodeHeap 'non-nmethods'"",language=""java"",service=""java-product-service"",}",1639296.0
1790112834.321,java-product-service,jvm_memory_used_bytes,"{area=""heap"",id=""G1 Eden Space"",language=""java"",service=""java-product-service"",}",39845888.0
1790112834.321,java-product-service,jvm_memory_used_bytes,"{area=""nonheap"",id=""Metaspace"",language=""java"",service=""java-product-service"",}",98725864.0
1790112834.321,java-product-service,jvm_memory_used_bytes,"{area=""heap"",id=""G1 Old Gen"",language=""java"",service=""java-product-service"",}",39634904.0
1790112834.321,java-product-service,jvm_memory_used_bytes,"{area=""nonheap"",id=""Compressed Class Space"",language=""java"",service=""java-product-service"",}",13039288.0
1790112834.321,java-product-service,jvm_memory_used_bytes,"{area=""heap"",id=""G1 Survivor Space"",language=""java"",service=""java-product-service"",}",4003616.0
1790112834.321,java-product-service,jvm_memory_used_bytes,"{area=""nonheap"",id=""CodeHeap 'profiled nmethods'"",language=""java"",service=""java-product-service"",}",27519616.0
1790112834.321,java-product-service,jvm_memory_used_bytes,"{area=""nonheap"",id=""CodeHeap 'non-profiled nmethods'"",language=""java"",service=""java-product-service"",}",8169344.0
1790112834.321,java-product-service,hikaricp_connections_pending,"{language=""java"",pool=""HikariPool-1"",service=""java-product-service"",}",0.0
1790112834.321,java-product-service,hikaricp_connections_active,"{language=""java"",pool=""HikariPool-1"",service=""java-product-service"",}",0.0
1790112834.321,java-product-service,hikaricp_connections_usage_seconds_count,"{language=""java"",pool=""HikariPool-1"",service=""java-product-service"",}",389.0
1790112834.321,java-product-service,hikaricp_connections_usage_seconds_sum,"{language=""java"",pool=""HikariPool-1"",service=""java-product-service"",}",0.524
1790112834.321,java-product-service,process_cpu_usage,"{language=""java"",service=""java-product-service"",}",0.03137254901960784
1790112834.321,java-product-service,tomcat_threads_current_threads,"{language=""java"",name=""http-nio-9082"",service=""java-product-service"",}",10.0
1790112834.321,java-product-service,system_cpu_usage,"{language=""java"",service=""java-product-service"",}",0.030420130718954247
1790112834.321,java-order-service,jvm_memory_used_bytes,"{area=""nonheap"",id=""CodeHeap 'non-profiled nmethods'"",language=""java"",service=""java-order-service"",}",6031488.0
1790112834.321,java-order-service,jvm_memory_used_bytes,"{area=""heap"",id=""G1 Eden Space"",language=""java"",service=""java-order-service"",}",15728640.0
1790112834.321,java-order-service,jvm_memory_used_bytes,"{area=""nonheap"",id=""CodeHeap 'profiled nmethods'"",language=""java"",service=""java-order-service"",}",25405440.0
1790112834.321,java-order-service,jvm_memory_used_bytes,"{area=""nonheap"",id=""CodeHeap 'non-nmethods'"",language=""java"",service=""java-order-service"",}",1622528.0
1790112834.321,java-order-service,jvm_memory_used_bytes,"{area=""heap"",id=""G1 Survivor Space"",language=""java"",service=""java-order-service"",}",3017200.0
1790112834.321,java-order-service,jvm_memory_used_bytes,"{area=""nonheap"",id=""Compressed Class Space"",language=""java"",service=""java-order-service"",}",11026608.0
1790112834.321,java-order-service,jvm_memory_used_bytes,"{area=""heap"",id=""G1 Old Gen"",language=""java"",service=""java-order-service"",}",34543736.0
1790112834.321,java-order-service,jvm_memory_used_bytes,"{area=""nonheap"",id=""Metaspace"",language=""java"",service=""java-order-service"",}",84552008.0
1790112834.321,java-order-service,jvm_memory_committed_bytes,"{area=""nonheap"",id=""CodeHeap 'non-profiled nmethods'"",language=""java"",service=""java-order-service"",}",6094848.0
1790112834.321,java-order-service,jvm_memory_committed_bytes,"{area=""heap"",id=""G1 Eden Space"",language=""java"",service=""java-order-service"",}",48234496.0
1790112834.321,java-order-service,jvm_memory_committed_bytes,"{area=""nonheap"",id=""CodeHeap 'profiled nmethods'"",language=""java"",service=""java-order-service"",}",25427968.0
1790112834.321,java-order-service,jvm_memory_committed_bytes,"{area=""nonheap"",id=""CodeHeap 'non-nmethods'"",language=""java"",service=""java-order-service"",}",2555904.0
1790112834.321,java-order-service,jvm_memory_committed_bytes,"{area=""heap"",id=""G1 Survivor Space"",language=""java"",service=""java-order-service"",}",3145728.0
1790112834.321,java-order-service,jvm_memory_committed_bytes,"{area=""nonheap"",id=""Compressed Class Space"",language=""java"",service=""java-order-service"",}",11468800.0
1790112834.321,java-order-service,jvm_memory_committed_bytes,"{area=""heap"",id=""G1 Old Gen"",language=""java"",service=""java-order-service"",}",37748736.0
1790112834.321,java-order-service,jvm_memory_committed_bytes,"{area=""nonheap"",id=""Metaspace"",language=""java"",service=""java-order-service"",}",85524480.0
1790112834.321,java-order-service,hikaricp_connections_active,"{language=""java"",pool=""HikariPool-1"",service=""java-order-service"",}",0.0
1790112834.321,java-order-service,jvm_gc_pause_seconds_count,"{action=""end of minor GC"",cause=""G1 Evacuation Pause"",gc=""G1 Young Generation"",language=""java"",service=""java-order-service"",}",3.0
1790112834.321,java-order-service,jvm_gc_pause_seconds_sum,"{action=""end of minor GC"",cause=""G1 Evacuation Pause"",gc=""G1 Young Generation"",language=""java"",service=""java-order-service"",}",0.017
1790112834.321,java-order-service,hikaricp_connections_acquire_seconds_count,"{language=""java"",pool=""HikariPool-1"",service=""java-order-service"",}",806.0
1790112834.321,java-order-service,hikaricp_connections_acquire_seconds_sum,"{language=""java"",pool=""HikariPool-1"",service=""java-order-service"",}",0.033513085
1790112834.321,java-order-service,tomcat_threads_config_max_threads,"{language=""java"",name=""http-nio-9083"",service=""java-order-service"",}",64.0
1790112834.321,java-order-service,tomcat_threads_busy_threads,"{language=""java"",name=""http-nio-9083"",service=""java-order-service"",}",1.0
1790112834.321,java-order-service,hikaricp_connections_pending,"{language=""java"",pool=""HikariPool-1"",service=""java-order-service"",}",0.0
1790112834.321,java-order-service,hikaricp_connections_usage_seconds_count,"{language=""java"",pool=""HikariPool-1"",service=""java-order-service"",}",806.0
1790112834.321,java-order-service,hikaricp_connections_usage_seconds_sum,"{language=""java"",pool=""HikariPool-1"",service=""java-order-service"",}",1.152
1790112834.321,java-order-service,process_cpu_usage,"{language=""java"",service=""java-order-service"",}",0.04583333333333333
1790112834.321,java-order-service,system_cpu_usage,"{language=""java"",service=""java-order-service"",}",0.0474675
1790112834.321,java-order-service,tomcat_threads_current_threads,"{language=""java"",name=""http-nio-9083"",service=""java-order-service"",}",10.0
1790112839.354,java-user-service,jvm_memory_used_bytes,"{area=""nonheap"",framework=""spring-boot"",id=""CodeHeap 'non-nmethods'"",language=""java"",service=""java-user-service"",}",1645952.0
1790112839.354,java-user-service,jvm_memory_used_bytes,"{area=""nonheap"",framework=""spring-boot"",id=""CodeHeap 'non-profiled nmethods'"",language=""java"",service=""java-user-service"",}",7122176.0
1790112839.354,java-user-service,jvm_memory_used_bytes,"{area=""heap"",framework=""spring-boot"",id=""G1 Survivor Space"",language=""java"",service=""java-user-service"",}",754784.0
1790112839.354,java-user-service,jvm_memory_used_bytes,"{area=""heap"",framework=""spring-boot"",id=""G1 Old Gen"",language=""java"",service=""java-user-service"",}",39883712.0
1790112839.354,java-user-service,jvm_memory_used_bytes,"{area=""nonheap"",framework=""spring-boot"",id=""Metaspace"",language=""java"",service=""java-user-service"",}",103701344.0
1790112839.354,java-user-service,jvm_memory_used_bytes,"{area=""heap"",framework=""spring-boot"",id=""G1 Eden Space"",language=""java"",service=""java-user-service"",}",26214400.0
1790112839.354,java-user-service,jvm_memory_used_bytes,"{area=""nonheap"",framework=""spring-boot"",id=""Compressed Class Space"",language=""java"",service=""java-user-service"",}",13400384.0
1790112839.354,java-user-service,jvm_memory_used_bytes,"{area=""nonheap"",framework=""spring-boot"",id=""CodeHeap 'profiled nmethods'"",language=""java"",service=""java-user-service"",}",18828928.0
1790112839.354,java-user-service,jvm_gc_pause_seconds_count,"{action=""end of minor GC"",cause=""G1 Evacuation Pause"",framework=""spring-boot"",gc=""G1 Young Generation"",language=""java"",service=""java-user-service"",}",28.0
1790112839.354,java-user-service,jvm_gc_pause_seconds_sum,"{action=""end of minor GC"",cause=""G1 Evacuation Pause"",framework=""spring-boot"",gc=""G1 Young Generation"",language=""java"",service=""java-user-service"",}",0.175
1790112839.354,java-user-service,hikaricp_connections_acquire_seconds_count,"{framework=""spring-boot"",language=""java"",pool=""HikariPool-1"",service=""java-user-service"",}",1449.0
1790112839.354,java-user-service,hikaricp_connections_acquire_seconds_sum,"{framework=""spring-boot"",language=""java"",pool=""HikariPool-1"",service=""java-user-service"",}",0.07726548
1790112839.354,java-user-service,jvm_memory_committed_bytes,"{area=""nonheap"",framework=""spring-boot"",id=""CodeHeap 'non-nmethods'"",language=""java"",service=""java-user-service"",}",2555904.0
1790112839.354,java-user-service,jvm_memory_committed_bytes,"{area=""nonheap"",framework=""spring-boot"",id=""CodeHeap 'non-profiled nmethods'"",language=""java"",service=""java-user-service"",}",8519680.0
1790112839.354,java-user-service,jvm_memory_committed_bytes,"{area=""heap"",framework=""spring-boot"",id=""G1 Survivor Space"",language=""java"",service=""java-user-service"",}",1048576.0
1790112839.354,java-user-service,jvm_memory_committed_bytes,"{area=""heap"",framework=""spring-boot"",id=""G1 Old Gen"",language=""java"",service=""java-user-service"",}",42991616.0
1790112839.354,java-user-service,jvm_memory_committed_bytes,"{area=""nonheap"",framework=""spring-boot"",id=""Metaspace"",language=""java"",service=""java-user-service"",}",104660992.0
1790112839.354,java-user-service,jvm_memory_committed_bytes,"{area=""heap"",framework=""spring-boot"",id=""G1 Eden Space"",language=""java"",service=""java-user-service"",}",69206016.0
1790112839.354,java-user-service,jvm_memory_committed_bytes,"{area=""nonheap"",framework=""spring-boot"",id=""Compressed Class Space"",language=""java"",service=""java-user-service"",}",13893632.0
1790112839.354,java-user-service,jvm_memory_committed_bytes,"{area=""nonheap"",framework=""spring-boot"",id=""CodeHeap 'profiled nmethods'"",language=""java"",service=""java-user-service"",}",27328512.0
1790112839.354,java-user-service,system_cpu_usage,"{framework=""spring-boot"",language=""java"",service=""java-user-service"",}",0.5984554666666667
1790112839.354,java-user-service,tomcat_threads_busy_threads,"{framework=""spring-boot"",language=""java"",name=""http-nio-9081"",service=""java-user-service"",}",1.0
1790112839.354,java-user-service,process_cpu_usage,"{framework=""spring-boot"",language=""java"",service=""java-user-service"",}",0.5973333333333334
1790112839.354,java-user-service,tomcat_threads_current_threads,"{framework=""spring-boot"",language=""java"",name=""http-nio-9081"",service=""java-user-service"",}",10.0
1790112839.354,java-user-service,tomcat_threads_config_max_threads,"{framework=""spring-boot"",language=""java"",name=""http-nio-9081"",service=""java-user-service"",}",64.0
1790112839.354,java-user-service,hikaricp_connections_pending,"{framework=""spring-boot"",language=""java"",pool=""HikariPool-1"",service=""java-user-service"",}",0.0
1790112839.354,java-user-service,hikaricp_connections_active,"{framework=""spring-boot"",language=""java"",pool=""HikariPool-1"",service=""java-user-service"",}",0.0
1790112839.354,java-user-service,hikaricp_connections_usage_seconds_count,"{framework=""spring-boot"",language=""java"",pool=""HikariPool-1"",service=""java-user-service"",}",1449.0
1790112839.354,java-user-service,hikaricp_connections_usage_seconds_sum,"{framework=""spring-boot"",language=""java"",pool=""HikariPool-1"",service=""java-user-service"",}",58.41
1790112839.354,java-product-service,hikaricp_connections_acquire_seconds_count,"{language=""java"",pool=""HikariPool-1"",service=""java-product-service"",}",409.0
1790112839.354,java-product-service,hikaricp_connections_acquire_seconds_sum,"{language=""java"",pool=""HikariPool-1"",service=""java-product-service"",}",0.053837008
1790112839.354,java-product-service,jvm_gc_pause_seconds_count,"{action=""end of minor GC"",cause=""G1 Evacuation Pause"",gc=""G1 Young Generation"",language=""java"",service=""java-product-service"",}",5.0
1790112839.354,java-product-service,jvm_gc_pause_seconds_sum,"{action=""end of minor GC"",cause=""G1 Evacuation Pause"",gc=""G1 Young Generation"",language=""java"",service=""java-product-service"",}",0.027
1790112839.354,java-product-service,tomcat_threads_config_max_threads,"{language=""java"",name=""http-nio-9082"",service=""java-product-service"",}",64.0
1790112839.354,java-product-service,tomcat_threads_busy_threads,"{language=""java"",name=""http-nio-9082"",service=""java-product-service"",}",1.0
1790112839.354,java-product-service,jvm_memory_committed_bytes,"{area=""nonheap"",id=""CodeHeap 'non-nmethods'"",language=""java"",service=""java-product-service"",}",2555904.0
1790112839.354,java-product-service,jvm_memory_committed_bytes,"{area=""heap"",id=""G1 Eden Space"",language=""java"",service=""java-product-service"",}",53477376.0
1790112839.354,java-product-service,jvm_memory_committed_bytes,"{area=""nonheap"",id=""Metaspace"",language=""java"",service=""java-product-service"",}",99745792.0
1790112839.354,java-product-service,jvm_memory_committed_bytes,"{area=""heap"",id=""G1 Old Gen"",language=""java"",service=""java-product-service"",}",42991616.0
1790112839.354,java-product-service,jvm_memory_committed_bytes,"{area=""nonheap"",id=""Compressed Class Space"",language=""java"",service=""java-product-service"",}",13500416.0
1790112839.354,java-product-service,jvm_memory_committed_bytes,"{area=""heap"",id=""G1 Survivor Space"",language=""java"",service=""java-product-service"",}",4194304.0
1790112839.354,java-product-service,jvm_memory_committed_bytes,"{area=""nonheap"",id=""CodeHeap 'profiled nmethods'"",language=""java"",service=""java-product-service"",}",27656192.0
1790112839.354,java-product-service,jvm_memory_committed_bytes,"{area=""nonheap"",id=""CodeHeap 'non-profiled nmethods'"",language=""java"",service=""java-product-service"",}",8257536.0
1790112839.354,java-product-service,jvm_memory_used_bytes,"{area=""nonheap"",id=""CodeHeap 'non-nmethods'"",language=""java"",service=""java-product-service"",}",1639296.0
1790112839.354,java-product-service,jvm_memory_used_bytes,"{area=""heap"",id=""G1 Eden Space"",language=""java"",service=""java-product-service"",}",48234496.0
1790112839.354,java-product-service,jvm_memory_used_bytes,"{area=""nonheap"",id=""Metaspace"",language=""java"",service=""java-product-service"",}",98748080.0
1790112839.354,java-product-service,jvm_memory_used_bytes,"{area=""heap"",id=""G1 Old Gen"",language=""java"",service=""java-product-service"",}",39634904.0
1790112839.354,java-product-service,jvm_memory_used_bytes,"{area=""nonheap"",id=""Compressed Class Space"",language=""java"",service=""java-product-service"",}",13039288.0
1790112839.354,java-product-service,jvm_memory_used_bytes,"{area=""heap"",id=""G1 Survivor Space"",language=""java"",service=""java-product-service"",}",4003616.0
1790112839.354,java-product-service,jvm_memory_used_bytes,"{area=""nonheap"",id=""CodeHeap 'profiled nmethods'"",language=""java"",service=""java-product-service"",}",27635456.0
1790112839.354,java-product-service,jvm_memory_used_bytes,"{area=""nonheap"",id=""CodeHeap 'non-profiled nmethods'"",language=""java"",service=""java-product-service"",}",8214784.0
1790112839.354,java-product-service,hikaricp_connections_pending,"{language=""java"",pool=""HikariPool-1"",service=""java-product-service"",}",0.0
1790112839.354,java-product-service,hikaricp_connections_active,"{language=""java"",pool=""HikariPool-1"",service=""java-product-service"",}",0.0
1790112839.354,java-product-service,hikaricp_connections_usage_seconds_count,"{language=""java"",pool=""HikariPool-1"",service=""java-product-service"",}",409.0
1790112839.354,java-product-service,hikaricp_connections_usage_seconds_sum,"{language=""java"",pool=""HikariPool-1"",service=""java-product-service"",}",0.524
1790112839.354,java-product-service,process_cpu_usage,"{language=""java"",service=""java-product-service"",}",0.02266666666666667
1790112839.354,java-product-service,tomcat_threads_current_threads,"{language=""java"",name=""http-nio-9082"",service=""java-product-service"",}",10.0
1790112839.354,java-product-service,system_cpu_usage,"{language=""java"",service=""java-product-service"",}",0.024432666666666665
1790112839.354,java-order-service,jvm_memory_used_bytes,"{area=""nonheap"",id=""CodeHeap 'non-profiled nmethods'"",language=""java"",service=""java-order-service"",}",6178816.0
1790112839.354,java-order-service,jvm_memory_used_bytes,"{area=""heap"",id=""G1 Eden Space"",language=""java"",service=""java-order-service"",}",23068672.0
1790112839.354,java-order-service,jvm_memory_used_bytes,"{area=""nonheap"",id=""CodeHeap 'profiled nmethods'"",language=""java"",service=""java-order-service"",}",26294400.0
1790112839.354,java-order-service,jvm_memory_used_bytes,"{area=""nonheap"",id=""CodeHeap 'non-nmethods'"",language=""java"",service=""java-order-service"",}",1636608.0
1790112839.354,java-order-service,jvm_memory_used_bytes,"{area=""heap"",id=""G1 Survivor Space"",language=""java"",service=""java-order-service"",}",3017200.0
1790112839.354,java-order-service,jvm_memory_used_bytes,"{area=""nonheap"",id=""Compressed Class Space"",language=""java"",service=""java-order-service"",}",11026608.0
1790112839.354,java-order-service,jvm_memory_used_bytes,"{area=""heap"",id=""G1 Old Gen"",language=""java"",service=""java-order-service"",}",34543736.0
1790112839.354,java-order-service,jvm_memory_used_bytes,"{area=""nonheap"",id=""Metaspace"",language=""java"",service=""java-order-service"",}",84803888.0
1790112839.354,java-order-service,jvm_memory_committed_bytes,"{area=""nonheap"",id=""CodeHeap 'non-profiled nmethods'"",language=""java"",service=""java-order-service"",}",6225920.0
1790112839.354,java-order-service,jvm_memory_committed_bytes,"{area=""heap"",id=""G1 Eden Space"",language=""java"",service=""java-order-service"",}",48234496.0
1790112839.354,java-order-service,jvm_memory_committed_bytes,"{area=""nonheap"",id=""CodeHeap 'profiled nmethods'"",language=""java"",service=""java-order-service"",}",26345472.0
1790112839.354,java-order-service,jvm_memory_committed_bytes,"{area=""nonheap"",id=""CodeHeap 'non-nmethods'"",language=""java"",service=""java-order-service"",}",2555904.0
1790112839.354,java-order-service,jvm_memory_committed_bytes,"{area=""heap"",id=""G1 Survivor Space"",language=""java"",service=""java-order-service"",}",3145728.0
1790112839.354,java-order-service,jvm_memory_committed_bytes,"{area=""nonheap"",id=""Compressed Class Space"",language=""java"",service=""java-order-service"",}",11468800.0
1790112839.354,java-order-service,jvm_memory_committed_bytes,"{area=""heap"",id=""G1 Old Gen"",language=""java"",service=""java-order-service"",}",37748736.0
1790112839.354,java-order-service,jvm_memory_committed_bytes,"{area=""nonheap"",id=""Metaspace"",language=""java"",service=""java-order-service"",}",85721088.0
1790112839.354,java-order-service,hikaricp_connections_active,"{language=""java"",pool=""HikariPool-1"",service=""java-order-service"",}",0.0
1790112839.354,java-order-service,jvm_gc_pause_seconds_count,"{action=""end of minor GC"",cause=""G1 Evacuation Pause"",gc=""G1 Young Generation"",language=""java"",service=""java-order-service"",}",3.0
1790112839.354,java-order-service,jvm_gc_pause_seconds_sum,"{action=""end of minor GC"",cause=""G1 Evacuation Pause"",gc=""G1 Young Generation"",language=""java"",service=""java-order-service"",}",0.017
1790112839.354,java-order-service,hikaricp_connections_acquire_seconds_count,"{language=""java"",pool=""HikariPool-1"",service=""java-order-service"",}",890.0
1790112839.354,java-order-service,hikaricp_connections_acquire_seconds_sum,"{language=""java"",pool=""HikariPool-1"",service=""java-order-service"",}",0.03400942
1790112839.354,java-order-service,tomcat_threads_config_max_threads,"{language=""java"",name=""http-nio-9083"",service=""java-order-service"",}",64.0
1790112839.354,java-order-service,tomcat_threads_busy_threads,"{language=""java"",name=""http-nio-9083"",service=""java-order-service"",}",1.0
1790112839.354,java-order-service,hikaricp_connections_pending,"{language=""java"",pool=""HikariPool-1"",service=""java-order-service"",}",0.0
1790112839.354,java-order-service,hikaricp_connections_usage_seconds_count,"{language=""java"",pool=""HikariPool-1"",service=""java-order-service"",}",890.0
1790112839.354,java-order-service,hikaricp_connections_usage_seconds_sum,"{language=""java"",pool=""HikariPool-1"",service=""java-order-service"",}",1.236
1790112839.354,java-order-service,process_cpu_usage,"{language=""java"",service=""java-order-service"",}",0.04217687074829932
1790112839.354,java-order-service,system_cpu_usage,"{language=""java"",service=""java-order-service"",}",0.04209659863945578
1790112839.354,java-order-service,tomcat_threads_current_threads,"{language=""java"",name=""http-nio-9083"",service=""java-order-service"",}",10.0
1790112844.386,java-user-service,jvm_memory_used_bytes,"{area=""nonheap"",framework=""spring-boot"",id=""CodeHeap 'non-nmethods'"",language=""java"",service=""java-user-service"",}",1645952.0
1790112844.386,java-user-service,jvm_memory_used_bytes,"{area=""nonheap"",framework=""spring-boot"",id=""CodeHeap 'non-profiled nmethods'"",language=""java"",service=""java-user-service"",}",7484544.0
1790112844.386,java-user-service,jvm_memory_used_bytes,"{area=""heap"",framework=""spring-boot"",id=""G1 Survivor Space"",language=""java"",service=""java-user-service"",}",798864.0
1790112844.386,java-user-service,jvm_memory_used_bytes,"{area=""heap"",framework=""spring-boot"",id=""G1 Old Gen"",language=""java"",service=""java-user-service"",}",39918648.0
1790112844.386,java-user-service,jvm_memory_used_bytes,"{area=""nonheap"",framework=""spring-boot"",id=""Metaspace"",language=""java"",service=""java-user-service"",}",103773736.0
1790112844.386,java-user-service,jvm_memory_used_bytes,"{area=""heap"",framework=""spring-boot"",id=""G1 Eden Space"",language=""java"",service=""java-user-service"",}",61865984.0
1790112844.386,java-user-service,jvm_memory_used_bytes,"{area=""nonheap"",framework=""spring-boot"",id=""Compressed Class Space"",language=""java"",service=""java-user-service"",}",13400384.0
1790112844.386,java-user-service,jvm_memory_used_bytes,"{area=""nonheap"",framework=""spring-boot"",id=""CodeHeap 'profiled nmethods'"",language=""java"",service=""java-user-service"",}",19717376.0
1790112844.386,java-user-service,jvm_gc_pause_seconds_count,"{action=""end of minor GC"",cause=""G1 Evacuation Pause"",framework=""spring-boot"",gc=""G1 Young Generation"",language=""java"",service=""java-user-service"",}",30.0
1790112844.386,java-user-service,jvm_gc_pause_seconds_sum,"{action=""end of minor GC"",cause=""G1 Evacuation Pause"",framework=""spring-boot"",gc=""G1 Young Generation"",language=""java"",service=""java-user-service"",}",0.179
1790112844.386,java-user-service,hikaricp_connections_acquire_seconds_count,"{framework=""spring-boot"",language=""java"",pool=""HikariPool-1"",service=""java-user-service"",}",1585.0
1790112844.386,java-user-service,hikaricp_connections_acquire_seconds_sum,"{framework=""spring-boot"",language=""java"",pool=""HikariPool-1"",service=""java-user-service"",}",0.091830236
1790112844.386,java-user-service,jvm_memory_committed_bytes,"{area=""nonheap"",framework=""spring-boot"",id=""CodeHeap 'non-nmethods'"",language=""java"",service=""java-user-service"",}",2555904.0
1790112844.386,java-user-service,jvm_memory_committed_bytes,"{area=""nonheap"",framework=""spring-boot"",id=""CodeHeap 'non-profiled nmethods'"",language=""java"",service=""java-user-service"",}",8519680.0
1790112844.386,java-user-service,jvm_memory_committed_bytes,"{area=""heap"",framework=""spring-boot"",id=""G1 Survivor Space"",language=""java"",service=""java-user-service"",}",1048576.0
1790112844.386,java-user-service,jvm_memory_committed_bytes,"{area=""heap"",framework=""spring-boot"",id=""G1 Old Gen"",language=""java"",service=""java-user-service"",}",42991616.0
1790112844.386,java-user-service,jvm_memory_committed_bytes,"{area=""nonheap"",framework=""spring-boot"",id=""Metaspace"",language=""java"",service=""java-user-service"",}",104726528.0
1790112844.386,java-user-service,jvm_memory_committed_bytes,"{area=""heap"",framework=""spring-boot"",id=""G1 Eden Space"",language=""java"",service=""java-user-service"",}",69206016.0
1790112844.386,java-user-service,jvm_memory_committed_bytes,"{area=""nonheap"",framework=""spring-boot"",id=""Compressed Class Space"",language=""java"",service=""java-user-service"",}",13893632.0
1790112844.386,java-user-service,jvm_memory_committed_bytes,"{area=""nonheap"",framework=""spring-boot"",id=""CodeHeap 'profiled nmethods'"",language=""java"",service=""java-user-service"",}",27328512.0
1790112844.386,java-user-service,system_cpu_usage,"{framework=""spring-boot"",language=""java"",service=""java-user-service"",}",0.7332653594771242
1790112844.386,java-user-service,tomcat_threads_busy_threads,"{framework=""spring-boot"",language=""java"",name=""http-nio-9081"",service=""java-user-service"",}",4.0
1790112844.386,java-user-service,process_cpu_usage,"{framework=""spring-boot"",language=""java"",service=""java-user-service"",}",0.7359477124183007
1790112844.386,java-user-service,tomcat_threads_current_threads,"{framework=""spring-boot"",language=""java"",name=""http-nio-9081"",service=""java-user-service"",}",11.0
1790112844.386,java-user-service,tomcat_threads_config_max_threads,"{framework=""spring-boot"",language=""java"",name=""http-nio-9081"",service=""java-user-service"",}",64.0
1790112844.386,java-user-service,hikaricp_connections_pending,"{framework=""spring-boot"",language=""java"",pool=""HikariPool-1"",service=""java-user-service"",}",0.0
1790112844.386,java-user-service,hikaricp_connections_active,"{framework=""spring-boot"",language=""java"",pool=""HikariPool-1"",service=""java-user-service"",}",2.0
1790112844.386,java-user-service,hikaricp_connections_usage_seconds_count,"{framework=""spring-boot"",language=""java"",pool=""HikariPool-1"",service=""java-user-service"",}",1583.0
1790112844.386,java-user-service,hikaricp_connections_usage_seconds_sum,"{framework=""spring-boot"",language=""java"",pool=""HikariPool-1"",service=""java-user-service"",}",68.533
1790112844.386,java-product-service,hikaricp_connections_acquire_seconds_count,"{language=""java"",pool=""HikariPool-1"",service=""java-product-service"",}",430.0
1790112844.386,java-product-service,hikaricp_connections_acquire_seconds_sum,"{language=""java"",pool=""HikariPool-1"",service=""java-product-service"",}",0.055928093
1790112844.386,java-product-service,jvm_gc_pause_seconds_count,"{action=""end of minor GC"",cause=""G1 Evacuation Pause"",gc=""G1 Young Generation"",language=""java"",service=""java-product-service"",}",6.0
1790112844.386,java-product-service,jvm_gc_pause_seconds_sum,"{action=""end of minor GC"",cause=""G1 Evacuation Pause"",gc=""G1 Young Generation"",language=""java"",service=""java-product-service"",}",0.031
1790112844.386,java-product-service,tomcat_threads_config_max_threads,"{language=""java"",name=""http-nio-9082"",service=""java-product-service"",}",64.0
1790112844.386,java-product-service,tomcat_threads_busy_threads,"{language=""java"",name=""http-nio-9082"",service=""java-product-service"",}",1.0
1790112844.386,java-product-service,jvm_memory_committed_bytes,"{area=""nonheap"",id=""CodeHeap 'non-nmethods'"",language=""java"",service=""java-product-service"",}",2555904.0
1790112844.386,java-product-service,jvm_memory_committed_bytes,"{area=""heap"",id=""G1 Eden Space"",language=""java"",service=""java-product-service"",}",53477376.0
1790112844.386,java-product-service,jvm_memory_committed_bytes,"{area=""nonheap"",id=""Metaspace"",language=""java"",service=""java-product-service"",}",99811328.0
1790112844.386,java-product-service,jvm_memory_committed_bytes,"{area=""heap"",id=""G1 Old Gen"",language=""java"",service=""java-product-service"",}",42991616.0
1790112844.386,java-product-service,jvm_memory_committed_bytes,"{area=""nonheap"",id=""Compressed Class Space"",language=""java"",service=""java-product-service"",}",13500416.0
1790112844.386,java-product-service,jvm_memory_committed_bytes,"{area=""heap"",id=""G1 Survivor Space"",language=""java"",service=""java-product-service"",}",4194304.0
1790112844.386,java-product-service,jvm_memory_committed_bytes,"{area=""nonheap"",id=""CodeHeap 'profiled nmethods'"",language=""java"",service=""java-product-service"",}",27852800.0
1790112844.386,java-product-service,jvm_memory_committed_bytes,"{area=""nonheap"",id=""CodeHeap 'non-profiled nmethods'"",language=""java"",service=""java-product-service"",}",8388608.0
1790112844.386,java-product-service,jvm_memory_used_bytes,"{area=""nonheap"",id=""CodeHeap 'non-nmethods'"",language=""java"",service=""java-product-service"",}",1639296.0
1790112844.386,java-product-service,jvm_memory_used_bytes,"{area=""heap"",id=""G1 Eden Space"",language=""java"",service=""java-product-service"",}",9437184.0
1790112844.386,java-product-service,jvm_memory_used_bytes,"{area=""nonheap"",id=""Metaspace"",language=""java"",service=""java-product-service"",}",98795032.0
1790112844.386,java-product-service,jvm_memory_used_bytes,"{area=""heap"",id=""G1 Old Gen"",language=""java"",service=""java-product-service"",}",39634904.0
1790112844.386,java-product-service,jvm_memory_used_bytes,"{area=""nonheap"",id=""Compressed Class Space"",language=""java"",service=""java-product-service"",}",13039288.0
1790112844.386,java-product-service,jvm_memory_used_bytes,"{area=""heap"",id=""G1 Survivor Space"",language=""java"",service=""java-product-service"",}",4150104.0
1790112844.386,java-product-service,jvm_memory_used_bytes,"{area=""nonheap"",id=""CodeHeap 'profiled nmethods'"",language=""java"",service=""java-product-service"",}",27796736.0
1790112844.386,java-product-service,jvm_memory_used_bytes,"{area=""nonheap"",id=""CodeHeap 'non-profiled nmethods'"",language=""java"",service=""java-product-service"",}",8371200.0
1790112844.386,java-product-service,hikaricp_connections_pending,"{language=""java"",pool=""HikariPool-1"",service=""java-product-service"",}",0.0
1790112844.386,java-product-service,hikaricp_connections_active,"{language=""java"",pool=""HikariPool-1"",service=""java-product-service"",}",0.0
1790112844.386,java-product-service,hikaricp_connections_usage_seconds_count,"{language=""java"",pool=""HikariPool-1"",service=""java-product-service"",}",430.0
1790112844.386,java-product-service,hikaricp_connections_usage_seconds_sum,"{language=""java"",pool=""HikariPool-1"",service=""java-product-service"",}",0.527
1790112844.386,java-product-service,process_cpu_usage,"{language=""java"",service=""java-product-service"",}",0.06274509803921569
1790112844.386,java-product-service,tomcat_threads_current_threads,"{language=""java"",name=""http-nio-9082"",service=""java-product-service"",}",10.0
1790112844.386,java-product-service,system_cpu_usage,"{language=""java"",service=""java-product-service"",}",0.06290457516339869
1790112844.386,java-order-service,jvm_memory_used_bytes,"{area=""nonheap"",id=""CodeHeap 'non-profiled nmethods'"",language=""java"",service=""java-order-service"",}",6312448.0
1790112844.386,java-order-service,jvm_memory_used_bytes,"{area=""heap"",id=""G1 Eden Space"",language=""java"",service=""java-order-service"",}",31457280.0
1790112844.386,java-order-service,jvm_memory_used_bytes,"{area=""nonheap"",id=""CodeHeap 'profiled nmethods'"",language=""java"",service=""java-order-service"",}",27278080.0
1790112844.386,java-order-service,jvm_memory_used_bytes,"{area=""nonheap"",id=""CodeHeap 'non-nmethods'"",language=""java"",service=""java-order-service"",}",1622528.0
1790112844.386,java-order-service,jvm_memory_used_bytes,"{area=""heap"",id=""G1 Survivor Space"",language=""java"",service=""java-order-service"",}",3017200.0
1790112844.386,java-order-service,jvm_memory_used_bytes,"{area=""nonheap"",id=""Compressed Class Space"",language=""java"",service=""java-order-service"",}",11027112.0
1790112844.386,java-order-service,jvm_memory_used_bytes,"{area=""heap"",id=""G1 Old Gen"",language=""java"",service=""java-order-service"",}",34543736.0
1790112844.386,java-order-service,jvm_memory_used_bytes,"{area=""nonheap"",id=""Metaspace"",language=""java"",service=""java-order-service"",}",84896232.0
1790112844.386,java-order-service,jvm_memory_committed_bytes,"{area=""nonheap"",id=""CodeHeap 'non-profiled nmethods'"",language=""java"",service=""java-order-service"",}",6356992.0
1790112844.386,java-order-service,jvm_memory_committed_bytes,"{area=""heap"",id=""G1 Eden Space"",language=""java"",service=""java-order-service"",}",48234496.0
1790112844.386,java-order-service,jvm_memory_committed_bytes,"{area=""nonheap"",id=""CodeHeap 'profiled nmethods'"",language=""java"",service=""java-order-service"",}",27328512.0
1790112844.386,java-order-service,jvm_memory_committed_bytes,"{area=""nonheap"",id=""CodeHeap 'non-nmethods'"",language=""java"",service=""java-order-service"",}",2555904.0
1790112844.386,java-order-service,jvm_memory_committed_bytes,"{area=""heap"",id=""G1 Survivor Space"",language=""java"",service=""java-order-service"",}",3145728.0
1790112844.386,java-order-service,jvm_memory_committed_bytes,"{area=""nonheap"",id=""Compressed Class Space"",language=""java"",service=""java-order-service"",}",11468800.0
1790112844.386,java-order-service,jvm_memory_committed_bytes,"{area=""heap"",id=""G1 Old Gen"",language=""java"",service=""java-order-service"",}",37748736.0
1790112844.386,java-order-service,jvm_memory_committed_bytes,"{area=""nonheap"",id=""Metaspace"",language=""java"",service=""java-order-service"",}",85852160.0
1790112844.386,java-order-service,hikaricp_connections_active,"{language=""java"",pool=""HikariPool-1"",service=""java-order-service"",}",0.0
1790112844.386,java-order-service,jvm_gc_pause_seconds_count,"{action=""end of minor GC"",cause=""G1 Evacuation Pause"",gc=""G1 Young Generation"",language=""java"",service=""java-order-service"",}",3.0
1790112844.386,java-order-service,jvm_gc_pause_seconds_sum,"{action=""end of minor GC"",cause=""G1 Evacuation Pause"",gc=""G1 Young Generation"",language=""java"",service=""java-order-service"",}",0.017
1790112844.386,java-order-service,hikaricp_connections_acquire_seconds_count,"{language=""java"",pool=""HikariPool-1"",service=""java-order-service"",}",980.0
1790112844.386,java-order-service,hikaricp_connections_acquire_seconds_sum,"{language=""java"",pool=""HikariPool-1"",service=""java-order-service"",}",0.036639629
1790112844.386,java-order-service,tomcat_threads_config_max_threads,"{language=""java"",name=""http-nio-9083"",service=""java-order-service"",}",64.0
1790112844.386,java-order-service,tomcat_threads_busy_threads,"{language=""java"",name=""http-nio-9083"",service=""java-order-service"",}",1.0
1790112844.386,java-order-service,hikaricp_connections_pending,"{language=""java"",pool=""HikariPool-1"",service=""java-order-service"",}",0.0
1790112844.386,java-order-service,hikaricp_connections_usage_seconds_count,"{language=""java"",pool=""HikariPool-1"",service=""java-order-service"",}",980.0
1790112844.386,java-order-service,hikaricp_connections_usage_seconds_sum,"{language=""java"",pool=""HikariPool-1"",service=""java-order-service"",}",1.45
1790112844.386,java-order-service,process_cpu_usage,"{language=""java"",service=""java-order-service"",}",0.058666666666666666
1790112844.386,java-order-service,system_cpu_usage,"{language=""java"",service=""java-order-service"",}",0.061595866666666665
1790112844.386,java-order-service,tomcat_threads_current_threads,"{language=""java"",name=""http-nio-9083"",service=""java-order-service"",}",10.0
1790112849.488,java-user-service,jvm_memory_used_bytes,"{area=""nonheap"",framework=""spring-boot"",id=""CodeHeap 'non-nmethods'"",language=""java"",service=""java-user-service"",}",1645952.0
1790112849.488,java-user-service,jvm_memory_used_bytes,"{area=""nonheap"",framework=""spring-boot"",id=""CodeHeap 'non-profiled nmethods'"",language=""java"",service=""java-user-service"",}",7315456.0
1790112849.488,java-user-service,jvm_memory_used_bytes,"{area=""heap"",framework=""spring-boot"",id=""G1 Survivor Space"",language=""java"",service=""java-user-service"",}",2272672.0
1790112849.488,java-user-service,jvm_memory_used_bytes,"{area=""heap"",framework=""spring-boot"",id=""G1 Old Gen"",language=""java"",service=""java-user-service"",}",39994800.0
1790112849.488,java-user-service,jvm_memory_used_bytes,"{area=""nonheap"",framework=""spring-boot"",id=""Metaspace"",language=""java"",service=""java-user-service"",}",103851536.0
1790112849.488,java-user-service,jvm_memory_used_bytes,"{area=""heap"",framework=""spring-boot"",id=""G1 Eden Space"",language=""java"",service=""java-user-service"",}",32505856.0
1790112849.488,java-user-service,jvm_memory_used_bytes,"{area=""nonheap"",framework=""spring-boot"",id=""Compressed Class Space"",language=""java"",service=""java-user-service"",}",13400384.0
1790112849.488,java-user-service,jvm_memory_used_bytes,"{area=""nonheap"",framework=""spring-boot"",id=""CodeHeap 'profiled nmethods'"",language=""java"",service=""java-user-service"",}",18243712.0
1790112849.488,java-user-service,jvm_gc_pause_seconds_count,"{action=""end of minor GC"",cause=""G1 Evacuation Pause"",framework=""spring-boot"",gc=""G1 Young Generation"",language=""java"",service=""java-user-service"",}",33.0
1790112849.488,java-user-service,jvm_gc_pause_seconds_sum,"{action=""end of minor GC"",cause=""G1 Evacuation Pause"",framework=""spring-boot"",gc=""G1 Young Generation"",language=""java"",service=""java-user-service"",}",0.192
1790112849.488,java-user-service,hikaricp_connections_acquire_seconds_count,"{framework=""spring-boot"",language=""java"",pool=""HikariPool-1"",service=""java-user-service"",}",1705.0
1790112849.488,java-user-service,hikaricp_connections_acquire_seconds_sum,"{framework=""spring-boot"",language=""java"",pool=""HikariPool-1"",service=""java-user-service"",}",0.328302815
1790112849.488,java-user-service,jvm_memory_committed_bytes,"{area=""nonheap"",framework=""spring-boot"",id=""CodeHeap 'non-nmethods'"",language=""java"",service=""java-user-service"",}",2555904.0
1790112849.488,java-user-service,jvm_memory_committed_bytes,"{area=""nonheap"",framework=""spring-boot"",id=""CodeHeap 'non-profiled nmethods'"",language=""java"",service=""java-user-service"",}",8519680.0
1790112849.488,java-user-service,jvm_memory_committed_bytes,"{area=""heap"",framework=""spring-boot"",id=""G1 Survivor Space"",language=""java"",service=""java-user-service"",}",3145728.0
1790112849.488,java-user-service,jvm_memory_committed_bytes,"{area=""heap"",framework=""spring-boot"",id=""G1 Old Gen"",language=""java"",service=""java-user-service"",}",42991616.0
1790112849.488,java-user-service,jvm_memory_committed_bytes,"{area=""nonheap"",framework=""spring-boot"",id=""Metaspace"",language=""java"",service=""java-user-service"",}",104857600.0
1790112849.488,java-user-service,jvm_memory_committed_bytes,"{area=""heap"",framework=""spring-boot"",id=""G1 Eden Space"",language=""java"",service=""java-user-service"",}",67108864.0
1790112849.488,java-user-service,jvm_memory_committed_bytes,"{area=""nonheap"",framework=""spring-boot"",id=""Compressed Class Space"",language=""java"",service=""java-user-service"",}",13893632.0
1790112849.488,java-user-service,jvm_memory_committed_bytes,"{area=""nonheap"",framework=""spring-boot"",id=""CodeHeap 'profiled nmethods'"",language=""java"",service=""java-user-service"",}",27328512.0
1790112849.488,java-user-service,system_cpu_usage,"{framework=""spring-boot"",language=""java"",service=""java-user-service"",}",0.9079262745098039
1790112849.488,java-user-service,tomcat_threads_busy_threads,"{framework=""spring-boot"",language=""java"",name=""http-nio-9081"",service=""java-user-service"",}",4.0
1790112849.488,java-user-service,process_cpu_usage,"{framework=""spring-boot"",language=""java"",service=""java-user-service"",}",0.9045751633986928
1790112849.488,java-user-service,tomcat_threads_current_threads,"{framework=""spring-boot"",language=""java"",name=""http-nio-9081"",service=""java-user-service"",}",18.0
1790112849.488,java-user-service,tomcat_threads_config_max_threads,"{framework=""spring-boot"",language=""java"",name=""http-nio-9081"",service=""java-user-service"",}",64.0
1790112849.488,java-user-service,hikaricp_connections_pending,"{framework=""spring-boot"",language=""java"",pool=""HikariPool-1"",service=""java-user-service"",}",0.0
1790112849.488,java-user-service,hikaricp_connections_active,"{framework=""spring-boot"",language=""java"",pool=""HikariPool-1"",service=""java-user-service"",}",3.0
1790112849.488,java-user-service,hikaricp_connections_usage_seconds_count,"{framework=""spring-boot"",language=""java"",pool=""HikariPool-1"",service=""java-user-service"",}",1702.0
1790112849.488,java-user-service,hikaricp_connections_usage_seconds_sum,"{framework=""spring-boot"",language=""java"",pool=""HikariPool-1"",service=""java-user-service"",}",102.357
1790112849.488,java-product-service,hikaricp_connections_acquire_seconds_count,"{language=""java"",pool=""HikariPool-1"",service=""java-product-service"",}",450.0
1790112849.488,java-product-service,hikaricp_connections_acquire_seconds_sum,"{language=""java"",pool=""HikariPool-1"",service=""java-product-service"",}",0.057604593
1790112849.488,java-product-service,jvm_gc_pause_seconds_count,"{action=""end of minor GC"",cause=""G1 Evacuation Pause"",gc=""G1 Young Generation"",language=""java"",service=""java-product-service"",}",6.0
1790112849.488,java-product-service,jvm_gc_pause_seconds_sum,"{action=""end of minor GC"",cause=""G1 Evacuation Pause"",gc=""G1 Young Generation"",language=""java"",service=""java-product-service"",}",0.031
1790112849.488,java-product-service,tomcat_threads_config_max_threads,"{language=""java"",name=""http-nio-9082"",service=""java-product-service"",}",64.0
1790112849.488,java-product-service,tomcat_threads_busy_threads,"{language=""java"",name=""http-nio-9082"",service=""java-product-service"",}",1.0
1790112849.488,java-product-service,jvm_memory_committed_bytes,"{area=""nonheap"",id=""CodeHeap 'non-nmethods'"",language=""java"",service=""java-product-service"",}",2555904.0
1790112849.488,java-product-service,jvm_memory_committed_bytes,"{area=""heap"",id=""G1 Eden Space"",language=""java"",service=""java-product-service"",}",53477376.0
1790112849.488,java-product-service,jvm_memory_committed_bytes,"{area=""nonheap"",id=""Metaspace"",language=""java"",service=""java-product-service"",}",99811328.0
1790112849.488,java-product-service,jvm_memory_committed_bytes,"{area=""heap"",id=""G1 Old Gen"",language=""java"",service=""java-product-service"",}",42991616.0
1790112849.488,java-product-service,jvm_memory_committed_bytes,"{area=""nonheap"",id=""Compressed Class Space"",language=""java"",service=""java-product-service"",}",13500416.0
1790112849.488,java-product-service,jvm_memory_committed_bytes,"{area=""heap"",id=""G1 Survivor Space"",language=""java"",service=""java-product-service"",}",4194304.0
1790112849.488,java-product-service,jvm_memory_committed_bytes,"{area=""nonheap"",id=""CodeHeap 'profiled nmethods'"",language=""java"",service=""java-product-service"",}",27983872.0
1790112849.488,java-product-service,jvm_memory_committed_bytes,"{area=""nonheap"",id=""CodeHeap 'non-profiled nmethods'"",language=""java"",service=""java-product-service"",}",8454144.0
1790112849.488,java-product-service,jvm_memory_used_bytes,"{area=""nonheap"",id=""CodeHeap 'non-nmethods'"",language=""java"",service=""java-product-service"",}",1639296.0
1790112849.488,java-product-service,jvm_memory_used_bytes,"{area=""heap"",id=""G1 Eden Space"",language=""java"",service=""java-product-service"",}",17825792.0
1790112849.488,java-product-service,jvm_memory_used_bytes,"{area=""nonheap"",id=""Metaspace"",language=""java"",service=""java-product-service"",}",98825240.0
1790112849.488,java-product-service,jvm_memory_used_bytes,"{area=""heap"",id=""G1 Old Gen"",language=""java"",service=""java-product-service"",}",39634904.0
1790112849.488,java-product-service,jvm_memory_used_bytes,"{area=""nonheap"",id=""Compressed Class Space"",language=""java"",service=""java-product-service"",}",13039288.0
1790112849.488,java-product-service,jvm_memory_used_bytes,"{area=""heap"",id=""G1 Survivor Space"",language=""java"",service=""java-product-service"",}",4150104.0
1790112849.488,java-product-service,jvm_memory_used_bytes,"{area=""nonheap"",id=""CodeHeap 'profiled nmethods'"",language=""java"",service=""java-product-service"",}",27932672.0
1790112849.488,java-product-service,jvm_memory_used_bytes,"{area=""nonheap"",id=""CodeHeap 'non-profiled nmethods'"",language=""java"",service=""java-product-service"",}",8446720.0
1790112849.488,java-product-service,hikaricp_connections_pending,"{language=""java"",pool=""HikariPool-1"",service=""java-product-service"",}",0.0
1790112849.488,java-product-service,hikaricp_connections_active,"{language=""java"",pool=""HikariPool-1"",service=""java-product-service"",}",0.0
1790112849.488,java-product-service,hikaricp_connections_usage_seconds_count,"{language=""java"",pool=""HikariPool-1"",service=""java-product-service"",}",450.0
1790112849.488,java-product-service,hikaricp_connections_usage_seconds_sum,"{language=""java"",pool=""HikariPool-1"",service=""java-product-service"",}",0.534
1790112849.488,java-product-service,process_cpu_usage,"{language=""java"",service=""java-product-service"",}",0.04183006535947712
1790112849.488,java-product-service,tomcat_threads_current_threads,"{language=""java"",name=""http-nio-9082"",service=""java-product-service"",}",10.0
1790112849.488,java-product-service,system_cpu_usage,"{language=""java"",service=""java-product-service"",}",0.04307581699346405
1790112849.488,java-order-service,jvm_memory_used_bytes,"{area=""nonheap"",id=""CodeHeap 'non-profiled nmethods'"",language=""java"",service=""java-order-service"",}",6405248.0
1790112849.488,java-order-service,jvm_memory_used_bytes,"{area=""heap"",id=""G1 Eden Space"",language=""java"",service=""java-order-service"",}",39845888.0
1790112849.488,java-order-service,jvm_memory_used_bytes,"{area=""nonheap"",id=""CodeHeap 'profiled nmethods'"",language=""java"",service=""java-order-service"",}",27765632.0
1790112849.488,java-order-service,jvm_memory_used_bytes,"{area=""nonheap"",id=""CodeHeap 'non-nmethods'"",language=""java"",service=""java-order-service"",}",1622528.0
1790112849.488,java-order-service,jvm_memory_used_bytes,"{area=""heap"",id=""G1 Survivor Space"",language=""java"",service=""java-order-service"",}",3017200.0
1790112849.488,java-order-service,jvm_memory_used_bytes,"{area=""nonheap"",id=""Compressed Class Space"",language=""java"",service=""java-order-service"",}",11027112.0
1790112849.488,java-order-service,jvm_memory_used_bytes,"{area=""heap"",id=""G1 Old Gen"",language=""java"",service=""java-order-service"",}",34543736.0
1790112849.488,java-order-service,jvm_memory_used_bytes,"{area=""nonheap"",id=""Metaspace"",language=""java"",service=""java-order-service"",}",84959128.0
1790112849.488,java-order-service,jvm_memory_committed_bytes,"{area=""nonheap"",id=""CodeHeap 'non-profiled nmethods'"",language=""java"",service=""java-order-service"",}",6422528.0
1790112849.488,java-order-service,jvm_memory_committed_bytes,"{area=""heap"",id=""G1 Eden Space"",language=""java"",service=""java-order-service"",}",48234496.0
1790112849.488,java-order-service,jvm_memory_committed_bytes,"{area=""nonheap"",id=""CodeHeap 'profiled nmethods'"",language=""java"",service=""java-order-service"",}",27787264.0
1790112849.488,java-order-service,jvm_memory_committed_bytes,"{area=""nonheap"",id=""CodeHeap 'non-nmethods'"",language=""java"",service=""java-order-service"",}",2555904.0
1790112849.488,java-order-service,jvm_memory_committed_bytes,"{area=""heap"",id=""G1 Survivor Space"",language=""java"",service=""java-order-service"",}",3145728.0
1790112849.488,java-order-service,jvm_memory_committed_bytes,"{area=""nonheap"",id=""Compressed Class Space"",language=""java"",service=""java-order-service"",}",11468800.0
1790112849.488,java-order-service,jvm_memory_committed_bytes,"{area=""heap"",id=""G1 Old Gen"",language=""java"",service=""java-order-service"",}",37748736.0
1790112849.488,java-order-service,jvm_memory_committed_bytes,"{area=""nonheap"",id=""Metaspace"",language=""java"",service=""java-order-service"",}",85917696.0
1790112849.488,java-order-service,hikaricp_connections_active,"{language=""java"",pool=""HikariPool-1"",service=""java-order-service"",}",1.0
1790112849.488,java-order-service,jvm_gc_pause_seconds_count,"{action=""end of minor GC"",cause=""G1 Evacuation Pause"",gc=""G1 Young Generation"",language=""java"",service=""java-order-service"",}",3.0
1790112849.488,java-order-service,jvm_gc_pause_seconds_sum,"{action=""end of minor GC"",cause=""G1 Evacuation Pause"",gc=""G1 Young Generation"",language=""java"",service=""java-order-service"",}",0.017
1790112849.488,java-order-service,hikaricp_connections_acquire_seconds_count,"{language=""java"",pool=""HikariPool-1"",service=""java-order-service"",}",1061.0
1790112849.488,java-order-service,hikaricp_connections_acquire_seconds_sum,"{language=""java"",pool=""HikariPool-1"",service=""java-order-service"",}",0.040099589
1790112849.488,java-order-service,tomcat_threads_config_max_threads,"{language=""java"",name=""http-nio-9083"",service=""java-order-service"",}",64.0
1790112849.488,java-order-service,tomcat_threads_busy_threads,"{language=""java"",name=""http-nio-9083"",service=""java-order-service"",}",2.0
1790112849.488,java-order-service,hikaricp_connections_pending,"{language=""java"",pool=""HikariPool-1"",service=""java-order-service"",}",0.0
1790112849.488,java-order-service,hikaricp_connections_usage_seconds_count,"{language=""java"",pool=""HikariPool-1"",service=""java-order-service"",}",1061.0
1790112849.488,java-order-service,hikaricp_connections_usage_seconds_sum,"{language=""java"",pool=""HikariPool-1"",service=""java-order-service"",}",1.619
1790112849.488,java-order-service,process_cpu_usage,"{language=""java"",service=""java-order-service"",}",0.04964539007092199
1790112849.488,java-order-service,system_cpu_usage,"{language=""java"",service=""java-order-service"",}",0.04903943262411348
1790112849.488,java-order-service,tomcat_threads_current_threads,"{language=""java"",name=""http-nio-9083"",service=""java-order-service"",}",10.0
1790112854.551,java-user-service,jvm_memory_used_bytes,"{area=""nonheap"",framework=""spring-boot"",id=""CodeHeap 'non-nmethods'"",language=""java"",service=""java-user-service"",}",1645952.0
1790112854.551,java-user-service,jvm_memory_used_bytes,"{area=""nonheap"",framework=""spring-boot"",id=""CodeHeap 'non-profiled nmethods'"",language=""java"",service=""java-user-service"",}",7478528.0
1790112854.551,java-user-service,jvm_memory_used_bytes,"{area=""heap"",framework=""spring-boot"",id=""G1 Survivor Space"",language=""java"",service=""java-user-service"",}",2097152.0
1790112854.551,java-user-service,jvm_memory_used_bytes,"{area=""heap"",framework=""spring-boot"",id=""G1 Old Gen"",language=""java"",service=""java-user-service"",}",40070040.0
1790112854.551,java-user-service,jvm_memory_used_bytes,"{area=""nonheap"",framework=""spring-boot"",id=""Metaspace"",language=""java"",service=""java-user-service"",}",103882752.0
1790112854.551,java-user-service,jvm_memory_used_bytes,"{area=""heap"",framework=""spring-boot"",id=""G1 Eden Space"",language=""java"",service=""java-user-service"",}",28311552.0
1790112854.551,java-user-service,jvm_memory_used_bytes,"{area=""nonheap"",framework=""spring-boot"",id=""Compressed Class Space"",language=""java"",service=""java-user-service"",}",13400384.0
1790112854.551,java-user-service,jvm_memory_used_bytes,"{area=""nonheap"",framework=""spring-boot"",id=""CodeHeap 'profiled nmethods'"",language=""java"",service=""java-user-service"",}",18302976.0
1790112854.551,java-user-service,jvm_gc_pause_seconds_count,"{action=""end of minor GC"",cause=""G1 Evacuation Pause"",framework=""spring-boot"",gc=""G1 Young Generation"",language=""java"",service=""java-user-service"",}",36.0
1790112854.551,java-user-service,jvm_gc_pause_seconds_sum,"{action=""end of minor GC"",cause=""G1 Evacuation Pause"",framework=""spring-boot"",gc=""G1 Young Generation"",language=""java"",service=""java-user-service"",}",0.199
1790112854.551,java-user-service,hikaricp_connections_acquire_seconds_count,"{framework=""spring-boot"",language=""java"",pool=""HikariPool-1"",service=""java-user-service"",}",1839.0
1790112854.551,java-user-service,hikaricp_connections_acquire_seconds_sum,"{framework=""spring-boot"",language=""java"",pool=""HikariPool-1"",service=""java-user-service"",}",0.335955854
1790112854.551,java-user-service,jvm_memory_committed_bytes,"{area=""nonheap"",framework=""spring-boot"",id=""CodeHeap 'non-nmethods'"",language=""java"",service=""java-user-service"",}",2555904.0
1790112854.551,java-user-service,jvm_memory_committed_bytes,"{area=""nonheap"",framework=""spring-boot"",id=""CodeHeap 'non-profiled nmethods'"",language=""java"",service=""java-user-service"",}",8585216.0
1790112854.551,java-user-service,jvm_memory_committed_bytes,"{area=""heap"",framework=""spring-boot"",id=""G1 Survivor Space"",language=""java"",service=""java-user-service"",}",2097152.0
1790112854.551,java-user-service,jvm_memory_committed_bytes,"{area=""heap"",framework=""spring-boot"",id=""G1 Old Gen"",language=""java"",service=""java-user-service"",}",42991616.0
1790112854.551,java-user-service,jvm_memory_committed_bytes,"{area=""nonheap"",framework=""spring-boot"",id=""Metaspace"",language=""java"",service=""java-user-service"",}",104923136.0
1790112854.551,java-user-service,jvm_memory_committed_bytes,"{area=""heap"",framework=""spring-boot"",id=""G1 Eden Space"",language=""java"",service=""java-user-service"",}",68157440.0
1790112854.551,java-user-service,jvm_memory_committed_bytes,"{area=""nonheap"",framework=""spring-boot"",id=""Compressed Class Space"",language=""java"",service=""java-user-service"",}",13893632.0
1790112854.551,java-user-service,jvm_memory_committed_bytes,"{area=""nonheap"",framework=""spring-boot"",id=""CodeHeap 'profiled nmethods'"",language=""java"",service=""java-user-service"",}",27328512.0
1790112854.551,java-user-service,system_cpu_usage,"{framework=""spring-boot"",language=""java"",service=""java-user-service"",}",0.7180104575163399
1790112854.551,java-user-service,tomcat_threads_busy_threads,"{framework=""spring-boot"",language=""java"",name=""http-nio-9081"",service=""java-user-service"",}",5.0
1790112854.551,java-user-service,process_cpu_usage,"{framework=""spring-boot"",language=""java"",service=""java-user-service"",}",0.7176470588235294
1790112854.551,java-user-service,tomcat_threads_current_threads,"{framework=""spring-boot"",language=""java"",name=""http-nio-9081"",service=""java-user-service"",}",18.0
1790112854.551,java-user-service,tomcat_threads_config_max_threads,"{framework=""spring-boot"",language=""java"",name=""http-nio-9081"",service=""java-user-service"",}",64.0
1790112854.551,java-user-service,hikaricp_connections_pending,"{framework=""spring-boot"",language=""java"",pool=""HikariPool-1"",service=""java-user-service"",}",0.0
1790112854.551,java-user-service,hikaricp_connections_active,"{framework=""spring-boot"",language=""java"",pool=""HikariPool-1"",service=""java-user-service"",}",3.0
1790112854.551,java-user-service,hikaricp_connections_usage_seconds_count,"{framework=""spring-boot"",language=""java"",pool=""HikariPool-1"",service=""java-user-service"",}",1837.0
1790112854.551,java-user-service,hikaricp_connections_usage_seconds_sum,"{framework=""spring-boot"",language=""java"",pool=""HikariPool-1"",service=""java-user-service"",}",110.129
1790112854.551,java-product-service,hikaricp_connections_acquire_seconds_count,"{language=""java"",pool=""HikariPool-1"",service=""java-product-service"",}",471.0
1790112854.551,java-product-service,hikaricp_connections_acquire_seconds_sum,"{language=""java"",pool=""HikariPool-1"",service=""java-product-service"",}",0.059944468
1790112854.551,java-product-service,jvm_gc_pause_seconds_count,"{action=""end of minor GC"",cause=""G1 Evacuation Pause"",gc=""G1 Young Generation"",language=""java"",service=""java-product-service"",}",6.0
1790112854.551,java-product-service,jvm_gc_pause_seconds_sum,"{action=""end of minor GC"",cause=""G1 Evacuation Pause"",gc=""G1 Young Generation"",language=""java"",service=""java-product-service"",}",0.031
1790112854.551,java-product-service,tomcat_threads_config_max_threads,"{language=""java"",name=""http-nio-9082"",service=""java-product-service"",}",64.0
1790112854.551,java-product-service,tomcat_threads_busy_threads,"{language=""java"",name=""http-nio-9082"",service=""java-product-service"",}",1.0
1790112854.551,java-product-service,jvm_memory_committed_bytes,"{area=""nonheap"",id=""CodeHeap 'non-nmethods'"",language=""java"",service=""java-product-service"",}",2555904.0
1790112854.551,java-product-service,jvm_memory_committed_bytes,"{area=""heap"",id=""G1 Eden Space"",language=""java"",service=""java-product-service"",}",53477376.0
1790112854.551,java-product-service,jvm_memory_committed_bytes,"{area=""nonheap"",id=""Metaspace"",language=""java"",service=""java-product-service"",}",99811328.0
1790112854.551,java-product-service,jvm_memory_committed_bytes,"{area=""heap"",id=""G1 Old Gen"",language=""java"",service=""java-product-service"",}",42991616.0
1790112854.551,java-product-service,jvm_memory_committed_bytes,"{area=""nonheap"",id=""Compressed Class Space"",language=""java"",service=""java-product-service"",}",13500416.0
1790112854.551,java-product-service,jvm_memory_committed_bytes,"{area=""heap"",id=""G1 Survivor Space"",language=""java"",service=""java-product-service"",}",4194304.0
1790112854.551,java-product-service,jvm_memory_committed_bytes,"{area=""nonheap"",id=""CodeHeap 'profiled nmethods'"",language=""java"",service=""java-product-service"",}",28246016.0
1790112854.551,java-product-service,jvm_memory_committed_bytes,"{area=""nonheap"",id=""CodeHeap 'non-profiled nmethods'"",language=""java"",service=""java-product-service"",}",8650752.0
1790112854.551,java-product-service,jvm_memory_used_bytes,"{area=""nonheap"",id=""CodeHeap 'non-nmethods'"",language=""java"",service=""java-product-service"",}",1639296.0
1790112854.551,java-product-service,jvm_memory_used_bytes,"{area=""heap"",id=""G1 Eden Space"",language=""java"",service=""java-product-service"",}",28311552.0
1790112854.551,java-product-service,jvm_memory_used_bytes,"{area=""nonheap"",id=""Metaspace"",language=""java"",service=""java-product-service"",}",98874296.0
1790112854.551,java-product-service,jvm_memory_used_bytes,"{area=""heap"",id=""G1 Old Gen"",language=""java"",service=""java-product-service"",}",39634904.0
1790112854.551,java-product-service,jvm_memory_used_bytes,"{area=""nonheap"",id=""Compressed Class Space"",language=""java"",service=""java-product-service"",}",13039288.0
1790112854.551,java-product-service,jvm_memory_used_bytes,"{area=""heap"",id=""G1 Survivor Space"",language=""java"",service=""java-product-service"",}",4150104.0
1790112854.551,java-product-service,jvm_memory_used_bytes,"{area=""nonheap"",id=""CodeHeap 'profiled nmethods'"",language=""java"",service=""java-product-service"",}",28200064.0
1790112854.551,java-product-service,jvm_memory_used_bytes,"{area=""nonheap"",id=""CodeHeap 'non-profiled nmethods'"",language=""java"",service=""java-product-service"",}",8630400.0
1790112854.551,java-product-service,hikaricp_connections_pending,"{language=""java"",pool=""HikariPool-1"",service=""java-product-service"",}",0.0
1790112854.551,java-product-service,hikaricp_connections_active,"{language=""java"",pool=""HikariPool-1"",service=""java-product-service"",}",0.0
1790112854.551,java-product-service,hikaricp_connections_usage_seconds_count,"{language=""java"",pool=""HikariPool-1"",service=""java-product-service"",}",471.0
1790112854.551,java-product-service,hikaricp_connections_usage_seconds_sum,"{language=""java"",pool=""HikariPool-1"",service=""java-product-service"",}",0.537
1790112854.551,java-product-service,process_cpu_usage,"{language=""java"",service=""java-product-service"",}",0.06133333333333333
1790112854.551,java-product-service,tomcat_threads_current_threads,"{language=""java"",name=""http-nio-9082"",service=""java-product-service"",}",10.0
1790112854.551,java-product-service,system_cpu_usage,"{language=""java"",service=""java-product-service"",}",0.06147333333333333
1790112854.551,java-order-service,jvm_memory_used_bytes,"{area=""nonheap"",id=""CodeHeap 'non-profiled nmethods'"",language=""java"",service=""java-order-service"",}",6517760.0
1790112854.551,java-order-service,jvm_memory_used_bytes,"{area=""heap"",id=""G1 Eden Space"",language=""java"",service=""java-order-service"",}",6291456.0
1790112854.551,java-order-service,jvm_memory_used_bytes,"{area=""nonheap"",id=""CodeHeap 'profiled nmethods'"",language=""java"",service=""java-order-service"",}",27924736.0
1790112854.551,java-order-service,jvm_memory_used_bytes,"{area=""nonheap"",id=""CodeHeap 'non-nmethods'"",language=""java"",service=""java-order-service"",}",1622528.0
1790112854.551,java-order-service,jvm_memory_used_bytes,"{area=""heap"",id=""G1 Survivor Space"",language=""java"",service=""java-order-service"",}",3145728.0
1790112854.551,java-order-service,jvm_memory_used_bytes,"{area=""nonheap"",id=""Compressed Class Space"",language=""java"",service=""java-order-service"",}",11027664.0
1790112854.551,java-order-service,jvm_memory_used_bytes,"{area=""heap"",id=""G1 Old Gen"",language=""java"",service=""java-order-service"",}",33780176.0
1790112854.551,java-order-service,jvm_memory_used_bytes,"{area=""nonheap"",id=""Metaspace"",language=""java"",service=""java-order-service"",}",84982624.0
1790112854.551,java-order-service,jvm_memory_committed_bytes,"{area=""nonheap"",id=""CodeHeap 'non-profiled nmethods'"",language=""java"",service=""java-order-service"",}",6553600.0
1790112854.551,java-order-service,jvm_memory_committed_bytes,"{area=""heap"",id=""G1 Eden Space"",language=""java"",service=""java-order-service"",}",49283072.0
1790112854.551,java-order-service,jvm_memory_committed_bytes,"{area=""nonheap"",id=""CodeHeap 'profiled nmethods'"",language=""java"",service=""java-order-service"",}",27983872.0
1790112854.551,java-order-service,jvm_memory_committed_bytes,"{area=""nonheap"",id=""CodeHeap 'non-nmethods'"",language=""java"",service=""java-order-service"",}",2555904.0
1790112854.551,java-order-service,jvm_memory_committed_bytes,"{area=""heap"",id=""G1 Survivor Space"",language=""java"",service=""java-order-service"",}",3145728.0
1790112854.551,java-order-service,jvm_memory_committed_bytes,"{area=""nonheap"",id=""Compressed Class Space"",language=""java"",service=""java-order-service"",}",11468800.0
1790112854.551,java-order-service,jvm_memory_committed_bytes,"{area=""heap"",id=""G1 Old Gen"",language=""java"",service=""java-order-service"",}",36700160.0
1790112854.551,java-order-service,jvm_memory_committed_bytes,"{area=""nonheap"",id=""Metaspace"",language=""java"",service=""java-order-service"",}",85917696.0
1790112854.551,java-order-service,hikaricp_connections_active,"{language=""java"",pool=""HikariPool-1"",service=""java-order-service"",}",0.0
1790112854.551,java-order-service,jvm_gc_pause_seconds_count,"{action=""end of minor GC"",cause=""G1 Evacuation Pause"",gc=""G1 Young Generation"",language=""java"",service=""java-order-service"",}",4.0
1790112854.551,java-order-service,jvm_gc_pause_seconds_sum,"{action=""end of minor GC"",cause=""G1 Evacuation Pause"",gc=""G1 Young Generation"",language=""java"",service=""java-order-service"",}",0.027
1790112854.551,java-order-service,hikaricp_connections_acquire_seconds_count,"{language=""java"",pool=""HikariPool-1"",service=""java-order-service"",}",1162.0
1790112854.551,java-order-service,hikaricp_connections_acquire_seconds_sum,"{language=""java"",pool=""HikariPool-1"",service=""java-order-service"",}",0.042591507
1790112854.551,java-order-service,tomcat_threads_config_max_threads,"{language=""java"",name=""http-nio-9083"",service=""java-order-service"",}",64.0
1790112854.551,java-order-service,tomcat_threads_busy_threads,"{language=""java"",name=""http-nio-9083"",service=""java-order-service"",}",1.0
1790112854.551,java-order-service,hikaricp_connections_pending,"{language=""java"",pool=""HikariPool-1"",service=""java-order-service"",}",0.0
1790112854.551,java-order-service,hikaricp_connections_usage_seconds_count,"{language=""java"",pool=""HikariPool-1"",service=""java-order-service"",}",1162.0
1790112854.551,java-order-service,hikaricp_connections_usage_seconds_sum,"{language=""java"",pool=""HikariPool-1"",service=""java-order-service"",}",1.743
1790112854.551,java-order-service,process_cpu_usage,"{language=""java"",service=""java-order-service"",}",0.04666666666666667
1790112854.551,java-order-service,system_cpu_usage,"{language=""java"",service=""java-order-service"",}",0.048192
1790112854.551,java-order-service,tomcat_threads_current_threads,"{language=""java"",name=""http-nio-9083"",service=""java-order-service"",}",10.0
1790112859.648,java-user-service,jvm_memory_used_bytes,"{area=""nonheap"",framework=""spring-boot"",id=""CodeHeap 'non-nmethods'"",language=""java"",service=""java-user-service"",}",1645952.0
1790112859.648,java-user-service,jvm_memory_used_bytes,"{area=""nonheap"",framework=""spring-boot"",id=""CodeHeap 'non-profiled nmethods'"",language=""java"",service=""java-user-service"",}",7671808.0
1790112859.648,java-user-service,jvm_memory_used_bytes,"{area=""heap"",framework=""spring-boot"",id=""G1 Survivor Space"",language=""java"",service=""java-user-service"",}",2097152.0
1790112859.648,java-user-service,jvm_memory_used_bytes,"{area=""heap"",framework=""spring-boot"",id=""G1 Old Gen"",language=""java"",service=""java-user-service"",}",40124280.0
1790112859.648,java-user-service,jvm_memory_used_bytes,"{area=""nonheap"",framework=""spring-boot"",id=""Metaspace"",language=""java"",service=""java-user-service"",}",103953592.0
1790112859.648,java-user-service,jvm_memory_used_bytes,"{area=""heap"",framework=""spring-boot"",id=""G1 Eden Space"",language=""java"",service=""java-user-service"",}",16777216.0
1790112859.648,java-user-service,jvm_memory_used_bytes,"{area=""nonheap"",framework=""spring-boot"",id=""Compressed Class Space"",language=""java"",service=""java-user-service"",}",13401472.0
1790112859.648,java-user-service,jvm_memory_used_bytes,"{area=""nonheap"",framework=""spring-boot"",id=""CodeHeap 'profiled nmethods'"",language=""java"",service=""java-user-service"",}",18479360.0
1790112859.648,java-user-service,jvm_gc_pause_seconds_count,"{action=""end of minor GC"",cause=""G1 Evacuation Pause"",framework=""spring-boot"",gc=""G1 Young Generation"",language=""java"",service=""java-user-service"",}",39.0
1790112859.648,java-user-service,jvm_gc_pause_seconds_sum,"{action=""end of minor GC"",cause=""G1 Evacuation Pause"",framework=""spring-boot"",gc=""G1 Young Generation"",language=""java"",service=""java-user-service"",}",0.206
1790112859.648,java-user-service,hikaricp_connections_acquire_seconds_count,"{framework=""spring-boot"",language=""java"",pool=""HikariPool-1"",service=""java-user-service"",}",1980.0
1790112859.648,java-user-service,hikaricp_connections_acquire_seconds_sum,"{framework=""spring-boot"",language=""java"",pool=""HikariPool-1"",service=""java-user-service"",}",0.344863652
1790112859.648,java-user-service,jvm_memory_committed_bytes,"{area=""nonheap"",framework=""spring-boot"",id=""CodeHeap 'non-nmethods'"",language=""java"",service=""java-user-service"",}",2555904.0
1790112859.648,java-user-service,jvm_memory_committed_bytes,"{area=""nonheap"",framework=""spring-boot"",id=""CodeHeap 'non-profiled nmethods'"",language=""java"",service=""java-user-service"",}",8650752.0
1790112859.648,java-user-service,jvm_memory_committed_bytes,"{area=""heap"",framework=""spring-boot"",id=""G1 Survivor Space"",language=""java"",service=""java-user-service"",}",2097152.0
1790112859.648,java-user-service,jvm_memory_committed_bytes,"{area=""heap"",framework=""spring-boot"",id=""G1 Old Gen"",language=""java"",service=""java-user-service"",}",42991616.0
1790112859.648,java-user-service,jvm_memory_committed_bytes,"{area=""nonheap"",framework=""spring-boot"",id=""Metaspace"",language=""java"",service=""java-user-service"",}",104923136.0
1790112859.648,java-user-service,jvm_memory_committed_bytes,"{area=""heap"",framework=""spring-boot"",id=""G1 Eden Space"",language=""java"",service=""java-user-service"",}",68157440.0
1790112859.648,java-user-service,jvm_memory_committed_bytes,"{area=""nonheap"",framework=""spring-boot"",id=""Compressed Class Space"",language=""java"",service=""java-user-service"",}",13893632.0
1790112859.648,java-user-service,jvm_memory_committed_bytes,"{area=""nonheap"",framework=""spring-boot"",id=""CodeHeap 'profiled nmethods'"",language=""java"",service=""java-user-service"",}",27328512.0
1790112859.648,java-user-service,system_cpu_usage,"{framework=""spring-boot"",language=""java"",service=""java-user-service"",}",0.7716049673202614
1790112859.648,java-user-service,tomcat_threads_busy_threads,"{framework=""spring-boot"",language=""java"",name=""http-nio-9081"",service=""java-user-service"",}",16.0
1790112859.648,java-user-service,process_cpu_usage,"{framework=""spring-boot"",language=""java"",service=""java-user-service"",}",0.7699346405228759
1790112859.648,java-user-service,tomcat_threads_current_threads,"{framework=""spring-boot"",language=""java"",name=""http-nio-9081"",service=""java-user-service"",}",18.0
1790112859.648,java-user-service,tomcat_threads_config_max_threads,"{framework=""spring-boot"",language=""java"",name=""http-nio-9081"",service=""java-user-service"",}",64.0
1790112859.648,java-user-service,hikaricp_connections_pending,"{framework=""spring-boot"",language=""java"",pool=""HikariPool-1"",service=""java-user-service"",}",0.0
1790112859.648,java-user-service,hikaricp_connections_active,"{framework=""spring-boot"",language=""java"",pool=""HikariPool-1"",service=""java-user-service"",}",14.0
1790112859.648,java-user-service,hikaricp_connections_usage_seconds_count,"{framework=""spring-boot"",language=""java"",pool=""HikariPool-1"",service=""java-user-service"",}",1967.0
1790112859.648,java-user-service,hikaricp_connections_usage_seconds_sum,"{framework=""spring-boot"",language=""java"",pool=""HikariPool-1"",service=""java-user-service"",}",122.443
1790112859.648,java-product-service,hikaricp_connections_acquire_seconds_count,"{language=""java"",pool=""HikariPool-1"",service=""java-product-service"",}",494.0
1790112859.648,java-product-service,hikaricp_connections_acquire_seconds_sum,"{language=""java"",pool=""HikariPool-1"",service=""java-product-service"",}",0.061997009
1790112859.648,java-product-service,jvm_gc_pause_seconds_count,"{action=""end of minor GC"",cause=""G1 Evacuation Pause"",gc=""G1 Young Generation"",language=""java"",service=""java-product-service"",}",6.0
1790112859.648,java-product-service,jvm_gc_pause_seconds_sum,"{action=""end of minor GC"",cause=""G1 Evacuation Pause"",gc=""G1 Young Generation"",language=""java"",service=""java-product-service"",}",0.031
1790112859.648,java-product-service,tomcat_threads_config_max_threads,"{language=""java"",name=""http-nio-9082"",service=""java-product-service"",}",64.0
1790112859.648,java-product-service,tomcat_threads_busy_threads,"{language=""java"",name=""http-nio-9082"",service=""java-product-service"",}",1.0
1790112859.648,java-product-service,jvm_memory_committed_bytes,"{area=""nonheap"",id=""CodeHeap 'non-nmethods'"",language=""java"",service=""java-product-service"",}",2555904.0
1790112859.648,java-product-service,jvm_memory_committed_bytes,"{area=""heap"",id=""G1 Eden Space"",language=""java"",service=""java-product-service"",}",53477376.0
1790112859.648,java-product-service,jvm_memory_committed_bytes,"{area=""nonheap"",id=""Metaspace"",language=""java"",service=""java-product-service"",}",99942400.0
1790112859.648,java-product-service,jvm_memory_committed_bytes,"{area=""heap"",id=""G1 Old Gen"",language=""java"",service=""java-product-service"",}",42991616.0
1790112859.648,java-product-service,jvm_memory_committed_bytes,"{area=""nonheap"",id=""Compressed Class Space"",language=""java"",service=""java-product-service"",}",13500416.0
1790112859.648,java-product-service,jvm_memory_committed_bytes,"{area=""heap"",id=""G1 Survivor Space"",language=""java"",service=""java-product-service"",}",4194304.0
1790112859.648,java-product-service,jvm_memory_committed_bytes,"{area=""nonheap"",id=""CodeHeap 'profiled nmethods'"",language=""java"",service=""java-product-service"",}",28377088.0
1790112859.648,java-product-service,jvm_memory_committed_bytes,"{area=""nonheap"",id=""CodeHeap 'non-profiled nmethods'"",language=""java"",service=""java-product-service"",}",8847360.0
1790112859.648,java-product-service,jvm_memory_used_bytes,"{area=""nonheap"",id=""CodeHeap 'non-nmethods'"",language=""java"",service=""java-product-service"",}",1639296.0
1790112859.648,java-product-service,jvm_memory_used_bytes,"{area=""heap"",id=""G1 Eden Space"",language=""java"",service=""java-product-service"",}",37748736.0
1790112859.648,java-product-service,jvm_memory_used_bytes,"{area=""nonheap"",id=""Metaspace"",language=""java"",service=""java-product-service"",}",98916608.0
1790112859.648,java-product-service,jvm_memory_used_bytes,"{area=""heap"",id=""G1 Old Gen"",language=""java"",service=""java-product-service"",}",39634904.0
1790112859.648,java-product-service,jvm_memory_used_bytes,"{area=""nonheap"",id=""Compressed Class Space"",language=""java"",service=""java-product-service"",}",13039288.0
1790112859.648,java-product-service,jvm_memory_used_bytes,"{area=""heap"",id=""G1 Survivor Space"",language=""java"",service=""java-product-service"",}",4150104.0
1790112859.648,java-product-service,jvm_memory_used_bytes,"{area=""nonheap"",id=""CodeHeap 'profiled nmethods'"",language=""java"",service=""java-product-service"",}",28336384.0
1790112859.648,java-product-service,jvm_memory_used_bytes,"{area=""nonheap"",id=""CodeHeap 'non-profiled nmethods'"",language=""java"",service=""java-product-service"",}",8791808.0
1790112859.648,java-product-service,hikaricp_connections_pending,"{language=""java"",pool=""HikariPool-1"",service=""java-product-service"",}",0.0
1790112859.648,java-product-service,hikaricp_connections_active,"{language=""java"",pool=""HikariPool-1"",service=""java-product-service"",}",0.0
1790112859.648,java-product-service,hikaricp_connections_usage_seconds_count,"{language=""java"",pool=""HikariPool-1"",service=""java-product-service"",}",494.0
1790112859.648,java-product-service,hikaricp_connections_usage_seconds_sum,"{language=""java"",pool=""HikariPool-1"",service=""java-product-service"",}",0.538
1790112859.648,java-product-service,process_cpu_usage,"{language=""java"",service=""java-product-service"",}",0.047435897435897434
1790112859.648,java-product-service,tomcat_threads_current_threads,"{language=""java"",name=""http-nio-9082"",service=""java-product-service"",}",10.0
1790112859.648,java-product-service,system_cpu_usage,"{language=""java"",service=""java-product-service"",}",0.04892
1790112859.648,java-order-service,jvm_memory_used_bytes,"{area=""nonheap"",id=""CodeHeap 'non-profiled nmethods'"",language=""java"",service=""java-order-service"",}",6646912.0
1790112859.648,java-order-service,jvm_memory_used_bytes,"{area=""heap"",id=""G1 Eden Space"",language=""java"",service=""java-order-service"",}",13631488.0
1790112859.648,java-order-service,jvm_memory_used_bytes,"{area=""nonheap"",id=""CodeHeap 'profiled nmethods'"",language=""java"",service=""java-order-service"",}",28090112.0
1790112859.648,java-order-service,jvm_memory_used_bytes,"{area=""nonheap"",id=""CodeHeap 'non-nmethods'"",language=""java"",service=""java-order-service"",}",1622528.0
1790112859.648,java-order-service,jvm_memory_used_bytes,"{area=""heap"",id=""G1 Survivor Space"",language=""java"",service=""java-order-service"",}",3145728.0
1790112859.648,java-order-service,jvm_memory_used_bytes,"{area=""nonheap"",id=""Compressed Class Space"",language=""java"",service=""java-order-service"",}",11027664.0
1790112859.648,java-order-service,jvm_memory_used_bytes,"{area=""heap"",id=""G1 Old Gen"",language=""java"",service=""java-order-service"",}",33780176.0
1790112859.648,java-order-service,jvm_memory_used_bytes,"{area=""nonheap"",id=""Metaspace"",language=""java"",service=""java-order-service"",}",85008128.0
1790112859.648,java-order-service,jvm_memory_committed_bytes,"{area=""nonheap"",id=""CodeHeap 'non-profiled nmethods'"",language=""java"",service=""java-order-service"",}",6684672.0
1790112859.648,java-order-service,jvm_memory_committed_bytes,"{area=""heap"",id=""G1 Eden Space"",language=""java"",service=""java-order-service"",}",49283072.0
1790112859.648,java-order-service,jvm_memory_committed_bytes,"{area=""nonheap"",id=""CodeHeap 'profiled nmethods'"",language=""java"",service=""java-order-service"",}",28114944.0
1790112859.648,java-order-service,jvm_memory_committed_bytes,"{area=""nonheap"",id=""CodeHeap 'non-nmethods'"",language=""java"",service=""java-order-service"",}",2555904.0
1790112859.648,java-order-service,jvm_memory_committed_bytes,"{area=""heap"",id=""G1 Survivor Space"",language=""java"",service=""java-order-service"",}",3145728.0
1790112859.648,java-order-service,jvm_memory_committed_bytes,"{area=""nonheap"",id=""Compressed Class Space"",language=""java"",service=""java-order-service"",}",11468800.0
1790112859.648,java-order-service,jvm_memory_committed_bytes,"{area=""heap"",id=""G1 Old Gen"",language=""java"",service=""java-order-service"",}",36700160.0
1790112859.648,java-order-service,jvm_memory_committed_bytes,"{area=""nonheap"",id=""Metaspace"",language=""java"",service=""java-order-service"",}",85917696.0
1790112859.648,java-order-service,hikaricp_connections_active,"{language=""java"",pool=""HikariPool-1"",service=""java-order-service"",}",0.0
1790112859.648,java-order-service,jvm_gc_pause_seconds_count,"{action=""end of minor GC"",cause=""G1 Evacuation Pause"",gc=""G1 Young Generation"",language=""java"",service=""java-order-service"",}",4.0
1790112859.648,java-order-service,jvm_gc_pause_seconds_sum,"{action=""end of minor GC"",cause=""G1 Evacuation Pause"",gc=""G1 Young Generation"",language=""java"",service=""java-order-service"",}",0.027
1790112859.648,java-order-service,hikaricp_connections_acquire_seconds_count,"{language=""java"",pool=""HikariPool-1"",service=""java-order-service"",}",1259.0
1790112859.648,java-order-service,hikaricp_connections_acquire_seconds_sum,"{language=""java"",pool=""HikariPool-1"",service=""java-order-service"",}",0.045732972
1790112859.648,java-order-service,tomcat_threads_config_max_threads,"{language=""java"",name=""http-nio-9083"",service=""java-order-service"",}",64.0
1790112859.648,java-order-service,tomcat_threads_busy_threads,"{language=""java"",name=""http-nio-9083"",service=""java-order-service"",}",1.0
1790112859.648,java-order-service,hikaricp_connections_pending,"{language=""java"",pool=""HikariPool-1"",service=""java-order-service"",}",0.0
1790112859.648,java-order-service,hikaricp_connections_usage_seconds_count,"{language=""java"",pool=""HikariPool-1"",service=""java-order-service"",}",1259.0
1790112859.648,java-order-service,hikaricp_connections_usage_seconds_sum,"{language=""java"",pool=""HikariPool-1"",service=""java-order-service"",}",1.882
1790112859.648,java-order-service,process_cpu_usage,"{language=""java"",service=""java-order-service"",}",0.0392156862745098
1790112859.648,java-order-service,system_cpu_usage,"{language=""java"",service=""java-order-service"",}",0.04076745098039216
1790112859.648,java-order-service,tomcat_threads_current_threads,"{language=""java"",name=""http-nio-9083"",service=""java-order-service"",}",10.0
1790112864.855,java-user-service,jvm_memory_used_bytes,"{area=""nonheap"",framework=""spring-boot"",id=""CodeHeap 'non-nmethods'"",language=""java"",service=""java-user-service"",}",1645952.0
1790112864.855,java-user-service,jvm_memory_used_bytes,"{area=""nonheap"",framework=""spring-boot"",id=""CodeHeap 'non-profiled nmethods'"",language=""java"",service=""java-user-service"",}",7796224.0
1790112864.855,java-user-service,jvm_memory_used_bytes,"{area=""heap"",framework=""spring-boot"",id=""G1 Survivor Space"",language=""java"",service=""java-user-service"",}",3865200.0
1790112864.855,java-user-service,jvm_memory_used_bytes,"{area=""heap"",framework=""spring-boot"",id=""G1 Old Gen"",language=""java"",service=""java-user-service"",}",40298720.0
1790112864.855,java-user-service,jvm_memory_used_bytes,"{area=""nonheap"",framework=""spring-boot"",id=""Metaspace"",language=""java"",service=""java-user-service"",}",104008056.0
1790112864.855,java-user-service,jvm_memory_used_bytes,"{area=""heap"",framework=""spring-boot"",id=""G1 Eden Space"",language=""java"",service=""java-user-service"",}",49283072.0
1790112864.855,java-user-service,jvm_memory_used_bytes,"{area=""nonheap"",framework=""spring-boot"",id=""Compressed Class Space"",language=""java"",service=""java-user-service"",}",13401472.0
1790112864.855,java-user-service,jvm_memory_used_bytes,"{area=""nonheap"",framework=""spring-boot"",id=""CodeHeap 'profiled nmethods'"",language=""java"",service=""java-user-service"",}",18454528.0
1790112864.855,java-user-service,jvm_gc_pause_seconds_count,"{action=""end of minor GC"",cause=""G1 Evacuation Pause"",framework=""spring-boot"",gc=""G1 Young Generation"",language=""java"",service=""java-user-service"",}",41.0
1790112864.855,java-user-service,jvm_gc_pause_seconds_sum,"{action=""end of minor GC"",cause=""G1 Evacuation Pause"",framework=""spring-boot"",gc=""G1 Young Generation"",language=""java"",service=""java-user-service"",}",0.213
1790112864.855,java-user-service,hikaricp_connections_acquire_seconds_count,"{framework=""spring-boot"",language=""java"",pool=""HikariPool-1"",service=""java-user-service"",}",2090.0
1790112864.855,java-user-service,hikaricp_connections_acquire_seconds_sum,"{framework=""spring-boot"",language=""java"",pool=""HikariPool-1"",service=""java-user-service"",}",2.775557032
1790112864.855,java-user-service,jvm_memory_committed_bytes,"{area=""nonheap"",framework=""spring-boot"",id=""CodeHeap 'non-nmethods'"",language=""java"",service=""java-user-service"",}",2555904.0
1790112864.855,java-user-service,jvm_memory_committed_bytes,"{area=""nonheap"",framework=""spring-boot"",id=""CodeHeap 'non-profiled nmethods'"",language=""java"",service=""java-user-service"",}",8650752.0
1790112864.855,java-user-service,jvm_memory_committed_bytes,"{area=""heap"",framework=""spring-boot"",id=""G1 Survivor Space"",language=""java"",service=""java-user-service"",}",4194304.0
1790112864.855,java-user-service,jvm_memory_committed_bytes,"{area=""heap"",framework=""spring-boot"",id=""G1 Old Gen"",language=""java"",service=""java-user-service"",}",42991616.0
1790112864.855,java-user-service,jvm_memory_committed_bytes,"{area=""nonheap"",framework=""spring-boot"",id=""Metaspace"",language=""java"",service=""java-user-service"",}",104988672.0
1790112864.855,java-user-service,jvm_memory_committed_bytes,"{area=""heap"",framework=""spring-boot"",id=""G1 Eden Space"",language=""java"",service=""java-user-service"",}",66060288.0
1790112864.855,java-user-service,jvm_memory_committed_bytes,"{area=""nonheap"",framework=""spring-boot"",id=""Compressed Class Space"",language=""java"",service=""java-user-service"",}",13893632.0
1790112864.855,java-user-service,jvm_memory_committed_bytes,"{area=""nonheap"",framework=""spring-boot"",id=""CodeHeap 'profiled nmethods'"",language=""java"",service=""java-user-service"",}",27328512.0
1790112864.855,java-user-service,system_cpu_usage,"{framework=""spring-boot"",language=""java"",service=""java-user-service"",}",0.9571519230769231
1790112864.855,java-user-service,tomcat_threads_busy_threads,"{framework=""spring-boot"",language=""java"",name=""http-nio-9081"",service=""java-user-service"",}",16.0
1790112864.855,java-user-service,process_cpu_usage,"{framework=""spring-boot"",language=""java"",service=""java-user-service"",}",0.9471698113207547
1790112864.855,java-user-service,tomcat_threads_current_threads,"{framework=""spring-boot"",language=""java"",name=""http-nio-9081"",service=""java-user-service"",}",27.0
1790112864.855,java-user-service,tomcat_threads_config_max_threads,"{framework=""spring-boot"",language=""java"",name=""http-nio-9081"",service=""java-user-service"",}",64.0
1790112864.855,java-user-service,hikaricp_connections_pending,"{framework=""spring-boot"",language=""java"",pool=""HikariPool-1"",service=""java-user-service"",}",0.0
1790112864.855,java-user-service,hikaricp_connections_active,"{framework=""spring-boot"",language=""java"",pool=""HikariPool-1"",service=""java-user-service"",}",11.0
1790112864.855,java-user-service,hikaricp_connections_usage_seconds_count,"{framework=""spring-boot"",language=""java"",pool=""HikariPool-1"",service=""java-user-service"",}",2081.0
1790112864.855,java-user-service,hikaricp_connections_usage_seconds_sum,"{framework=""spring-boot"",language=""java"",pool=""HikariPool-1"",service=""java-user-service"",}",191.772
1790112864.855,java-product-service,hikaricp_connections_acquire_seconds_count,"{language=""java"",pool=""HikariPool-1"",service=""java-product-service"",}",511.0
1790112864.855,java-product-service,hikaricp_connections_acquire_seconds_sum,"{language=""java"",pool=""HikariPool-1"",service=""java-product-service"",}",0.064599554
1790112864.855,java-product-service,jvm_gc_pause_seconds_count,"{action=""end of minor GC"",cause=""G1 Evacuation Pause"",gc=""G1 Young Generation"",language=""java"",service=""java-product-service"",}",6.0
1790112864.855,java-product-service,jvm_gc_pause_seconds_sum,"{action=""end of minor GC"",cause=""G1 Evacuation Pause"",gc=""G1 Young Generation"",language=""java"",service=""java-product-service"",}",0.031
1790112864.855,java-product-service,tomcat_threads_config_max_threads,"{language=""java"",name=""http-nio-9082"",service=""java-product-service"",}",64.0
1790112864.855,java-product-service,tomcat_threads_busy_threads,"{language=""java"",name=""http-nio-9082"",service=""java-product-service"",}",1.0
1790112864.855,java-product-service,jvm_memory_committed_bytes,"{area=""nonheap"",id=""CodeHeap 'non-nmethods'"",language=""java"",service=""java-product-service"",}",2555904.0
1790112864.855,java-product-service,jvm_memory_committed_bytes,"{area=""heap"",id=""G1 Eden Space"",language=""java"",service=""java-product-service"",}",53477376.0
1790112864.855,java-product-service,jvm_memory_committed_bytes,"{area=""nonheap"",id=""Metaspace"",language=""java"",service=""java-product-service"",}",99942400.0
1790112864.855,java-product-service,jvm_memory_committed_bytes,"{area=""heap"",id=""G1 Old Gen"",language=""java"",service=""java-product-service"",}",42991616.0
1790112864.855,java-product-service,jvm_memory_committed_bytes,"{area=""nonheap"",id=""Compressed Class Space"",language=""java"",service=""java-product-service"",}",13500416.0
1790112864.855,java-product-service,jvm_memory_committed_bytes,"{area=""heap"",id=""G1 Survivor Space"",language=""java"",service=""java-product-service"",}",4194304.0
1790112864.855,java-product-service,jvm_memory_committed_bytes,"{area=""nonheap"",id=""CodeHeap 'profiled nmethods'"",language=""java"",service=""java-product-service"",}",28442624.0
1790112864.855,java-product-service,jvm_memory_committed_bytes,"{area=""nonheap"",id=""CodeHeap 'non-profiled nmethods'"",language=""java"",service=""java-product-service"",}",8912896.0
1790112864.855,java-product-service,jvm_memory_used_bytes,"{area=""nonheap"",id=""CodeHeap 'non-nmethods'"",language=""java"",service=""java-product-service"",}",1639296.0
1790112864.855,java-product-service,jvm_memory_used_bytes,"{area=""heap"",id=""G1 Eden Space"",language=""java"",service=""java-product-service"",}",47185920.0
1790112864.855,java-product-service,jvm_memory_used_bytes,"{area=""nonheap"",id=""Metaspace"",language=""java"",service=""java-product-service"",}",98939952.0
1790112864.855,java-product-service,jvm_memory_used_bytes,"{area=""heap"",id=""G1 Old Gen"",language=""java"",service=""java-product-service"",}",39634904.0
1790112864.855,java-product-service,jvm_memory_used_bytes,"{area=""nonheap"",id=""Compressed Class Space"",language=""java"",service=""java-product-service"",}",13039288.0
1790112864.855,java-product-service,jvm_memory_used_bytes,"{area=""heap"",id=""G1 Survivor Space"",language=""java"",service=""java-product-service"",}",4150104.0
1790112864.855,java-product-service,jvm_memory_used_bytes,"{area=""nonheap"",id=""CodeHeap 'profiled nmethods'"",language=""java"",service=""java-product-service"",}",28419456.0
1790112864.855,java-product-service,jvm_memory_used_bytes,"{area=""nonheap"",id=""CodeHeap 'non-profiled nmethods'"",language=""java"",service=""java-product-service"",}",8909696.0
1790112864.855,java-product-service,hikaricp_connections_pending,"{language=""java"",pool=""HikariPool-1"",service=""java-product-service"",}",0.0
1790112864.855,java-product-service,hikaricp_connections_active,"{language=""java"",pool=""HikariPool-1"",service=""java-product-service"",}",0.0
1790112864.855,java-product-service,hikaricp_connections_usage_seconds_count,"{language=""java"",pool=""HikariPool-1"",service=""java-product-service"",}",511.0
1790112864.855,java-product-service,hikaricp_connections_usage_seconds_sum,"{language=""java"",pool=""HikariPool-1"",service=""java-product-service"",}",0.541
1790112864.855,java-product-service,process_cpu_usage,"{language=""java"",service=""java-product-service"",}",0.04230769230769231
1790112864.855,java-product-service,tomcat_threads_current_threads,"{language=""java"",name=""http-nio-9082"",service=""java-product-service"",}",10.0
1790112864.855,java-product-service,system_cpu_usage,"{language=""java"",service=""java-product-service"",}",0.04120076923076923
1790112864.855,java-order-service,jvm_memory_used_bytes,"{area=""nonheap"",id=""CodeHeap 'non-profiled nmethods'"",language=""java"",service=""java-order-service"",}",6785792.0
1790112864.855,java-order-service,jvm_memory_used_bytes,"{area=""heap"",id=""G1 Eden Space"",language=""java"",service=""java-order-service"",}",22020096.0
1790112864.855,java-order-service,jvm_memory_used_bytes,"{area=""nonheap"",id=""CodeHeap 'profiled nmethods'"",language=""java"",service=""java-order-service"",}",28202112.0
1790112864.855,java-order-service,jvm_memory_used_bytes,"{area=""nonheap"",id=""CodeHeap 'non-nmethods'"",language=""java"",service=""java-order-service"",}",1622528.0
1790112864.855,java-order-service,jvm_memory_used_bytes,"{area=""heap"",id=""G1 Survivor Space"",language=""java"",service=""java-order-service"",}",3145728.0
1790112864.855,java-order-service,jvm_memory_used_bytes,"{area=""nonheap"",id=""Compressed Class Space"",language=""java"",service=""java-order-service"",}",11027664.0
1790112864.855,java-order-service,jvm_memory_used_bytes,"{area=""heap"",id=""G1 Old Gen"",language=""java"",service=""java-order-service"",}",33780176.0
1790112864.855,java-order-service,jvm_memory_used_bytes,"{area=""nonheap"",id=""Metaspace"",language=""java"",service=""java-order-service"",}",85029992.0
1790112864.855,java-order-service,jvm_memory_committed_bytes,"{area=""nonheap"",id=""CodeHeap 'non-profiled nmethods'"",language=""java"",service=""java-order-service"",}",6815744.0
1790112864.855,java-order-service,jvm_memory_committed_bytes,"{area=""heap"",id=""G1 Eden Space"",language=""java"",service=""java-order-service"",}",49283072.0
1790112864.855,java-order-service,jvm_memory_committed_bytes,"{area=""nonheap"",id=""CodeHeap 'profiled nmethods'"",language=""java"",service=""java-order-service"",}",28246016.0
1790112864.855,java-order-service,jvm_memory_committed_bytes,"{area=""nonheap"",id=""CodeHeap 'non-nmethods'"",language=""java"",service=""java-order-service"",}",2555904.0
1790112864.855,java-order-service,jvm_memory_committed_bytes,"{area=""heap"",id=""G1 Survivor Space"",language=""java"",service=""java-order-service"",}",3145728.0
1790112864.855,java-order-service,jvm_memory_committed_bytes,"{area=""nonheap"",id=""Compressed Class Space"",language=""java"",service=""java-order-service"",}",11468800.0
1790112864.855,java-order-service,jvm_memory_committed_bytes,"{area=""heap"",id=""G1 Old Gen"",language=""java"",service=""java-order-service"",}",36700160.0
1790112864.855,java-order-service,jvm_memory_committed_bytes,"{area=""nonheap"",id=""Metaspace"",language=""java"",service=""java-order-service"",}",85917696.0
1790112864.855,java-order-service,hikaricp_connections_active,"{language=""java"",pool=""HikariPool-1"",service=""java-order-service"",}",0.0
1790112864.855,java-order-service,jvm_gc_pause_seconds_count,"{action=""end of minor GC"",cause=""G1 Evacuation Pause"",gc=""G1 Young Generation"",language=""java"",service=""java-order-service"",}",4.0
1790112864.855,java-order-service,jvm_gc_pause_seconds_sum,"{action=""end of minor GC"",cause=""G1 Evacuation Pause"",gc=""G1 Young Generation"",language=""java"",service=""java-order-service"",}",0.027
1790112864.855,java-order-service,hikaricp_connections_acquire_seconds_count,"{language=""java"",pool=""HikariPool-1"",service=""java-order-service"",}",1336.0
1790112864.855,java-order-service,hikaricp_connections_acquire_seconds_sum,"{language=""java"",pool=""HikariPool-1"",service=""java-order-service"",}",0.048752641
1790112864.855,java-order-service,tomcat_threads_config_max_threads,"{language=""java"",name=""http-nio-9083"",service=""java-order-service"",}",64.0
1790112864.855,java-order-service,tomcat_threads_busy_threads,"{language=""java"",name=""http-nio-9083"",service=""java-order-service"",}",1.0
1790112864.855,java-order-service,hikaricp_connections_pending,"{language=""java"",pool=""HikariPool-1"",service=""java-order-service"",}",0.0
1790112864.855,java-order-service,hikaricp_connections_usage_seconds_count,"{language=""java"",pool=""HikariPool-1"",service=""java-order-service"",}",1336.0
1790112864.855,java-order-service,hikaricp_connections_usage_seconds_sum,"{language=""java"",pool=""HikariPool-1"",service=""java-order-service"",}",1.999
1790112864.855,java-order-service,process_cpu_usage,"{language=""java"",service=""java-order-service"",}",0.047407407407407405
1790112864.855,java-order-service,system_cpu_usage,"{language=""java"",service=""java-order-service"",}",0.049154666666666666
1790112864.855,java-order-service,tomcat_threads_current_threads,"{language=""java"",name=""http-nio-9083"",service=""java-order-service"",}",10.0
1790112870.064,java-user-service,jvm_memory_used_bytes,"{area=""nonheap"",framework=""spring-boot"",id=""CodeHeap 'non-nmethods'"",language=""java"",service=""java-user-service"",}",1645952.0
1790112870.064,java-user-service,jvm_memory_used_bytes,"{area=""nonheap"",framework=""spring-boot"",id=""CodeHeap 'non-profiled nmethods'"",language=""java"",service=""java-user-service"",}",8029952.0
1790112870.064,java-user-service,jvm_memory_used_bytes,"{area=""heap"",framework=""spring-boot"",id=""G1 Survivor Space"",language=""java"",service=""java-user-service"",}",4194304.0
1790112870.064,java-user-service,jvm_memory_used_bytes,"{area=""heap"",framework=""spring-boot"",id=""G1 Old Gen"",language=""java"",service=""java-user-service"",}",40338360.0
1790112870.064,java-user-service,jvm_memory_used_bytes,"{area=""nonheap"",framework=""spring-boot"",id=""Metaspace"",language=""java"",service=""java-user-service"",}",104031920.0
1790112870.064,java-user-service,jvm_memory_used_bytes,"{area=""heap"",framework=""spring-boot"",id=""G1 Eden Space"",language=""java"",service=""java-user-service"",}",42991616.0
1790112870.064,java-user-service,jvm_memory_used_bytes,"{area=""nonheap"",framework=""spring-boot"",id=""Compressed Class Space"",language=""java"",service=""java-user-service"",}",13401472.0
1790112870.064,java-user-service,jvm_memory_used_bytes,"{area=""nonheap"",framework=""spring-boot"",id=""CodeHeap 'profiled nmethods'"",language=""java"",service=""java-user-service"",}",18411904.0
1790112870.064,java-user-service,jvm_gc_pause_seconds_count,"{action=""end of minor GC"",cause=""G1 Evacuation Pause"",framework=""spring-boot"",gc=""G1 Young Generation"",language=""java"",service=""java-user-service"",}",44.0
1790112870.064,java-user-service,jvm_gc_pause_seconds_sum,"{action=""end of minor GC"",cause=""G1 Evacuation Pause"",framework=""spring-boot"",gc=""G1 Young Generation"",language=""java"",service=""java-user-service"",}",0.228
1790112870.064,java-user-service,hikaricp_connections_acquire_seconds_count,"{framework=""spring-boot"",language=""java"",pool=""HikariPool-1"",service=""java-user-service"",}",2224.0
1790112870.064,java-user-service,hikaricp_connections_acquire_seconds_sum,"{framework=""spring-boot"",language=""java"",pool=""HikariPool-1"",service=""java-user-service"",}",7.951189286
1790112870.064,java-user-service,jvm_memory_committed_bytes,"{area=""nonheap"",framework=""spring-boot"",id=""CodeHeap 'non-nmethods'"",language=""java"",service=""java-user-service"",}",2555904.0
1790112870.064,java-user-service,jvm_memory_committed_bytes,"{area=""nonheap"",framework=""spring-boot"",id=""CodeHeap 'non-profiled nmethods'"",language=""java"",service=""java-user-service"",}",8716288.0
1790112870.064,java-user-service,jvm_memory_committed_bytes,"{area=""heap"",framework=""spring-boot"",id=""G1 Survivor Space"",language=""java"",service=""java-user-service"",}",4194304.0
1790112870.064,java-user-service,jvm_memory_committed_bytes,"{area=""heap"",framework=""spring-boot"",id=""G1 Old Gen"",language=""java"",service=""java-user-service"",}",42991616.0
1790112870.064,java-user-service,jvm_memory_committed_bytes,"{area=""nonheap"",framework=""spring-boot"",id=""Metaspace"",language=""java"",service=""java-user-service"",}",105054208.0
1790112870.064,java-user-service,jvm_memory_committed_bytes,"{area=""heap"",framework=""spring-boot"",id=""G1 Eden Space"",language=""java"",service=""java-user-service"",}",66060288.0
1790112870.064,java-user-service,jvm_memory_committed_bytes,"{area=""nonheap"",framework=""spring-boot"",id=""Compressed Class Space"",language=""java"",service=""java-user-service"",}",13893632.0
1790112870.064,java-user-service,jvm_memory_committed_bytes,"{area=""nonheap"",framework=""spring-boot"",id=""CodeHeap 'profiled nmethods'"",language=""java"",service=""java-user-service"",}",27328512.0
1790112870.064,java-user-service,system_cpu_usage,"{framework=""spring-boot"",language=""java"",service=""java-user-service"",}",0.8644616993464053
1790112870.064,java-user-service,tomcat_threads_busy_threads,"{framework=""spring-boot"",language=""java"",name=""http-nio-9081"",service=""java-user-service"",}",1.0
1790112870.064,java-user-service,process_cpu_usage,"{framework=""spring-boot"",language=""java"",service=""java-user-service"",}",0.872
1790112870.064,java-user-service,tomcat_threads_current_threads,"{framework=""spring-boot"",language=""java"",name=""http-nio-9081"",service=""java-user-service"",}",31.0
1790112870.064,java-user-service,tomcat_threads_config_max_threads,"{framework=""spring-boot"",language=""java"",name=""http-nio-9081"",service=""java-user-service"",}",64.0
1790112870.064,java-user-service,hikaricp_connections_pending,"{framework=""spring-boot"",language=""java"",pool=""HikariPool-1"",service=""java-user-service"",}",0.0
1790112870.064,java-user-service,hikaricp_connections_active,"{framework=""spring-boot"",language=""java"",pool=""HikariPool-1"",service=""java-user-service"",}",0.0
1790112870.064,java-user-service,hikaricp_connections_usage_seconds_count,"{framework=""spring-boot"",language=""java"",pool=""HikariPool-1"",service=""java-user-service"",}",2224.0
1790112870.064,java-user-service,hikaricp_connections_usage_seconds_sum,"{framework=""spring-boot"",language=""java"",pool=""HikariPool-1"",service=""java-user-service"",}",242.74
1790112870.064,java-product-service,hikaricp_connections_acquire_seconds_count,"{language=""java"",pool=""HikariPool-1"",service=""java-product-service"",}",527.0
1790112870.064,java-product-service,hikaricp_connections_acquire_seconds_sum,"{language=""java"",pool=""HikariPool-1"",service=""java-product-service"",}",0.066213678
1790112870.064,java-product-service,jvm_gc_pause_seconds_count,"{action=""end of minor GC"",cause=""G1 Evacuation Pause"",gc=""G1 Young Generation"",language=""java"",service=""java-product-service"",}",7.0
1790112870.064,java-product-service,jvm_gc_pause_seconds_sum,"{action=""end of minor GC"",cause=""G1 Evacuation Pause"",gc=""G1 Young Generation"",language=""java"",service=""java-product-service"",}",0.04
1790112870.064,java-product-service,tomcat_threads_config_max_threads,"{language=""java"",name=""http-nio-9082"",service=""java-product-service"",}",64.0
1790112870.064,java-product-service,tomcat_threads_busy_threads,"{language=""java"",name=""http-nio-9082"",service=""java-product-service"",}",1.0
1790112870.064,java-product-service,jvm_memory_committed_bytes,"{area=""nonheap"",id=""CodeHeap 'non-nmethods'"",language=""java"",service=""java-product-service"",}",2555904.0
1790112870.064,java-product-service,jvm_memory_committed_bytes,"{area=""heap"",id=""G1 Eden Space"",language=""java"",service=""java-product-service"",}",52428800.0
1790112870.064,java-product-service,jvm_memory_committed_bytes,"{area=""nonheap"",id=""Metaspace"",language=""java"",service=""java-product-service"",}",99942400.0
1790112870.064,java-product-service,jvm_memory_committed_bytes,"{area=""heap"",id=""G1 Old Gen"",language=""java"",service=""java-product-service"",}",46137344.0
1790112870.064,java-product-service,jvm_memory_committed_bytes,"{area=""nonheap"",id=""Compressed Class Space"",language=""java"",service=""java-product-service"",}",13500416.0
1790112870.064,java-product-service,jvm_memory_committed_bytes,"{area=""heap"",id=""G1 Survivor Space"",language=""java"",service=""java-product-service"",}",2097152.0
1790112870.064,java-product-service,jvm_memory_committed_bytes,"{area=""nonheap"",id=""CodeHeap 'profiled nmethods'"",language=""java"",service=""java-product-service"",}",28508160.0
1790112870.064,java-product-service,jvm_memory_committed_bytes,"{area=""nonheap"",id=""CodeHeap 'non-profiled nmethods'"",language=""java"",service=""java-product-service"",}",9109504.0
1790112870.064,java-product-service,jvm_memory_used_bytes,"{area=""nonheap"",id=""CodeHeap 'non-nmethods'"",language=""java"",service=""java-product-service"",}",1639296.0
1790112870.064,java-product-service,jvm_memory_used_bytes,"{area=""heap"",id=""G1 Eden Space"",language=""java"",service=""java-product-service"",}",6291456.0
1790112870.064,java-product-service,jvm_memory_used_bytes,"{area=""nonheap"",id=""Metaspace"",language=""java"",service=""java-product-service"",}",98964240.0
1790112870.064,java-product-service,jvm_memory_used_bytes,"{area=""heap"",id=""G1 Old Gen"",language=""java"",service=""java-product-service"",}",42161272.0
1790112870.064,java-product-service,jvm_memory_used_bytes,"{area=""nonheap"",id=""Compressed Class Space"",language=""java"",service=""java-product-service"",}",13039288.0
1790112870.064,java-product-service,jvm_memory_used_bytes,"{area=""heap"",id=""G1 Survivor Space"",language=""java"",service=""java-product-service"",}",2097152.0
1790112870.064,java-product-service,jvm_memory_used_bytes,"{area=""nonheap"",id=""CodeHeap 'profiled nmethods'"",language=""java"",service=""java-product-service"",}",28493696.0
1790112870.064,java-product-service,jvm_memory_used_bytes,"{area=""nonheap"",id=""CodeHeap 'non-profiled nmethods'"",language=""java"",service=""java-product-service"",}",9055104.0
1790112870.064,java-product-service,hikaricp_connections_pending,"{language=""java"",pool=""HikariPool-1"",service=""java-product-service"",}",0.0
1790112870.064,java-product-service,hikaricp_connections_active,"{language=""java"",pool=""HikariPool-1"",service=""java-product-service"",}",0.0
1790112870.064,java-product-service,hikaricp_connections_usage_seconds_count,"{language=""java"",pool=""HikariPool-1"",service=""java-product-service"",}",527.0
1790112870.064,java-product-service,hikaricp_connections_usage_seconds_sum,"{language=""java"",pool=""HikariPool-1"",service=""java-product-service"",}",0.541
1790112870.064,java-product-service,process_cpu_usage,"{language=""java"",service=""java-product-service"",}",0.03866666666666667
1790112870.064,java-product-service,tomcat_threads_current_threads,"{language=""java"",name=""http-nio-9082"",service=""java-product-service"",}",10.0
1790112870.064,java-product-service,system_cpu_usage,"{language=""java"",service=""java-product-service"",}",0.040104266666666666
1790112870.064,java-order-service,jvm_memory_used_bytes,"{area=""nonheap"",id=""CodeHeap 'non-profiled nmethods'"",language=""java"",service=""java-order-service"",}",6883584.0
1790112870.064,java-order-service,jvm_memory_used_bytes,"{area=""heap"",id=""G1 Eden Space"",language=""java"",service=""java-order-service"",}",31457280.0
1790112870.064,java-order-service,jvm_memory_used_bytes,"{area=""nonheap"",id=""CodeHeap 'profiled nmethods'"",language=""java"",service=""java-order-service"",}",28393856.0
1790112870.064,java-order-service,jvm_memory_used_bytes,"{area=""nonheap"",id=""CodeHeap 'non-nmethods'"",language=""java"",service=""java-order-service"",}",1622528.0
1790112870.064,java-order-service,jvm_memory_used_bytes,"{area=""heap"",id=""G1 Survivor Space"",language=""java"",service=""java-order-service"",}",3145728.0
1790112870.064,java-order-service,jvm_memory_used_bytes,"{area=""nonheap"",id=""Compressed Class Space"",language=""java"",service=""java-order-service"",}",11028232.0
1790112870.064,java-order-service,jvm_memory_used_bytes,"{area=""heap"",id=""G1 Old Gen"",language=""java"",service=""java-order-service"",}",33780176.0
1790112870.064,java-order-service,jvm_memory_used_bytes,"{area=""nonheap"",id=""Metaspace"",language=""java"",service=""java-order-service"",}",85065312.0
1790112870.064,java-order-service,jvm_memory_committed_bytes,"{area=""nonheap"",id=""CodeHeap 'non-profiled nmethods'"",language=""java"",service=""java-order-service"",}",6946816.0
1790112870.064,java-order-service,jvm_memory_committed_bytes,"{area=""heap"",id=""G1 Eden Space"",language=""java"",service=""java-order-service"",}",49283072.0
1790112870.064,java-order-service,jvm_memory_committed_bytes,"{area=""nonheap"",id=""CodeHeap 'profiled nmethods'"",language=""java"",service=""java-order-service"",}",28442624.0
1790112870.064,java-order-service,jvm_memory_committed_bytes,"{area=""nonheap"",id=""CodeHeap 'non-nmethods'"",language=""java"",service=""java-order-service"",}",2555904.0
1790112870.064,java-order-service,jvm_memory_committed_bytes,"{area=""heap"",id=""G1 Survivor Space"",language=""java"",service=""java-order-service"",}",3145728.0
1790112870.064,java-order-service,jvm_memory_committed_bytes,"{area=""nonheap"",id=""Compressed Class Space"",language=""java"",service=""java-order-service"",}",11468800.0
1790112870.064,java-order-service,jvm_memory_committed_bytes,"{area=""heap"",id=""G1 Old Gen"",language=""java"",service=""java-order-service"",}",36700160.0
1790112870.064,java-order-service,jvm_memory_committed_bytes,"{area=""nonheap"",id=""Metaspace"",language=""java"",service=""java-order-service"",}",85983232.0
1790112870.064,java-order-service,hikaricp_connections_active,"{language=""java"",pool=""HikariPool-1"",service=""java-order-service"",}",0.0
1790112870.064,java-order-service,jvm_gc_pause_seconds_count,"{action=""end of minor GC"",cause=""G1 Evacuation Pause"",gc=""G1 Young Generation"",language=""java"",service=""java-order-service"",}",4.0
1790112870.064,java-order-service,jvm_gc_pause_seconds_sum,"{action=""end of minor GC"",cause=""G1 Evacuation Pause"",gc=""G1 Young Generation"",language=""java"",service=""java-order-service"",}",0.027
1790112870.064,java-order-service,hikaricp_connections_acquire_seconds_count,"{language=""java"",pool=""HikariPool-1"",service=""java-order-service"",}",1430.0
1790112870.064,java-order-service,hikaricp_connections_acquire_seconds_sum,"{language=""java"",pool=""HikariPool-1"",service=""java-order-service"",}",0.052546729
1790112870.064,java-order-service,tomcat_threads_config_max_threads,"{language=""java"",name=""http-nio-9083"",service=""java-order-service"",}",64.0
1790112870.064,java-order-service,tomcat_threads_busy_threads,"{language=""java"",name=""http-nio-9083"",service=""java-order-service"",}",1.0
1790112870.064,java-order-service,hikaricp_connections_pending,"{language=""java"",pool=""HikariPool-1"",service=""java-order-service"",}",0.0
1790112870.064,java-order-service,hikaricp_connections_usage_seconds_count,"{language=""java"",pool=""HikariPool-1"",service=""java-order-service"",}",1430.0
1790112870.064,java-order-service,hikaricp_connections_usage_seconds_sum,"{language=""java"",pool=""HikariPool-1"",service=""java-order-service"",}",2.12
1790112870.064,java-order-service,process_cpu_usage,"{language=""java"",service=""java-order-service"",}",0.042028985507246375
1790112870.064,java-order-service,system_cpu_usage,"{language=""java"",service=""java-order-service"",}",0.04182884057971015
1790112870.064,java-order-service,tomcat_threads_current_threads,"{language=""java"",name=""http-nio-9083"",service=""java-order-service"",}",10.0
1790112875.099,java-user-service,jvm_memory_used_bytes,"{area=""nonheap"",framework=""spring-boot"",id=""CodeHeap 'non-nmethods'"",language=""java"",service=""java-user-service"",}",1645952.0
1790112875.099,java-user-service,jvm_memory_used_bytes,"{area=""nonheap"",framework=""spring-boot"",id=""CodeHeap 'non-profiled nmethods'"",language=""java"",service=""java-user-service"",}",8250496.0
1790112875.099,java-user-service,jvm_memory_used_bytes,"{area=""heap"",framework=""spring-boot"",id=""G1 Survivor Space"",language=""java"",service=""java-user-service"",}",2591008.0
1790112875.099,java-user-service,jvm_memory_used_bytes,"{area=""heap"",framework=""spring-boot"",id=""G1 Old Gen"",language=""java"",service=""java-user-service"",}",41877152.0
1790112875.099,java-user-service,jvm_memory_used_bytes,"{area=""nonheap"",framework=""spring-boot"",id=""Metaspace"",language=""java"",service=""java-user-service"",}",104043976.0
1790112875.099,java-user-service,jvm_memory_used_bytes,"{area=""heap"",framework=""spring-boot"",id=""G1 Eden Space"",language=""java"",service=""java-user-service"",}",13631488.0
1790112875.099,java-user-service,jvm_memory_used_bytes,"{area=""nonheap"",framework=""spring-boot"",id=""Compressed Class Space"",language=""java"",service=""java-user-service"",}",13401472.0
1790112875.099,java-user-service,jvm_memory_used_bytes,"{area=""nonheap"",framework=""spring-boot"",id=""CodeHeap 'profiled nmethods'"",language=""java"",service=""java-user-service"",}",18300416.0
1790112875.099,java-user-service,jvm_gc_pause_seconds_count,"{action=""end of minor GC"",cause=""G1 Evacuation Pause"",framework=""spring-boot"",gc=""G1 Young Generation"",language=""java"",service=""java-user-service"",}",48.0
1790112875.099,java-user-service,jvm_gc_pause_seconds_sum,"{action=""end of minor GC"",cause=""G1 Evacuation Pause"",framework=""spring-boot"",gc=""G1 Young Generation"",language=""java"",service=""java-user-service"",}",0.237
1790112875.099,java-user-service,hikaricp_connections_acquire_seconds_count,"{framework=""spring-boot"",language=""java"",pool=""HikariPool-1"",service=""java-user-service"",}",2391.0
1790112875.099,java-user-service,hikaricp_connections_acquire_seconds_sum,"{framework=""spring-boot"",language=""java"",pool=""HikariPool-1"",service=""java-user-service"",}",8.019309824
1790112875.099,java-user-service,jvm_memory_committed_bytes,"{area=""nonheap"",framework=""spring-boot"",id=""CodeHeap 'non-nmethods'"",language=""java"",service=""java-user-service"",}",2555904.0
1790112875.099,java-user-service,jvm_memory_committed_bytes,"{area=""nonheap"",framework=""spring-boot"",id=""CodeHeap 'non-profiled nmethods'"",language=""java"",service=""java-user-service"",}",8781824.0
1790112875.099,java-user-service,jvm_memory_committed_bytes,"{area=""heap"",framework=""spring-boot"",id=""G1 Survivor Space"",language=""java"",service=""java-user-service"",}",3145728.0
1790112875.099,java-user-service,jvm_memory_committed_bytes,"{area=""heap"",framework=""spring-boot"",id=""G1 Old Gen"",language=""java"",service=""java-user-service"",}",44040192.0
1790112875.099,java-user-service,jvm_memory_committed_bytes,"{area=""nonheap"",framework=""spring-boot"",id=""Metaspace"",language=""java"",service=""java-user-service"",}",105054208.0
1790112875.099,java-user-service,jvm_memory_committed_bytes,"{area=""heap"",framework=""spring-boot"",id=""G1 Eden Space"",language=""java"",service=""java-user-service"",}",66060288.0
1790112875.099,java-user-service,jvm_memory_committed_bytes,"{area=""nonheap"",framework=""spring-boot"",id=""Compressed Class Space"",language=""java"",service=""java-user-service"",}",13893632.0
1790112875.099,java-user-service,jvm_memory_committed_bytes,"{area=""nonheap"",framework=""spring-boot"",id=""CodeHeap 'profiled nmethods'"",language=""java"",service=""java-user-service"",}",27328512.0
1790112875.099,java-user-service,system_cpu_usage,"{framework=""spring-boot"",language=""java"",service=""java-user-service"",}",0.7779097333333334
1790112875.099,java-user-service,tomcat_threads_busy_threads,"{framework=""spring-boot"",language=""java"",name=""http-nio-9081"",service=""java-user-service"",}",1.0
1790112875.099,java-user-service,process_cpu_usage,"{framework=""spring-boot"",language=""java"",service=""java-user-service"",}",0.7786666666666666
1790112875.099,java-user-service,tomcat_threads_current_threads,"{framework=""spring-boot"",language=""java"",name=""http-nio-9081"",service=""java-user-service"",}",31.0
1790112875.099,java-user-service,tomcat_threads_config_max_threads,"{framework=""spring-boot"",language=""java"",name=""http-nio-9081"",service=""java-user-service"",}",64.0
1790112875.099,java-user-service,hikaricp_connections_pending,"{framework=""spring-boot"",language=""java"",pool=""HikariPool-1"",service=""java-user-service"",}",0.0
1790112875.099,java-user-service,hikaricp_connections_active,"{framework=""spring-boot"",language=""java"",pool=""HikariPool-1"",service=""java-user-service"",}",0.0
1790112875.099,java-user-service,hikaricp_connections_usage_seconds_count,"{framework=""spring-boot"",language=""java"",pool=""HikariPool-1"",service=""java-user-service"",}",2391.0
1790112875.099,java-user-service,hikaricp_connections_usage_seconds_sum,"{framework=""spring-boot"",language=""java"",pool=""HikariPool-1"",service=""java-user-service"",}",250.687
1790112875.099,java-product-service,hikaricp_connections_acquire_seconds_count,"{language=""java"",pool=""HikariPool-1"",service=""java-product-service"",}",548.0
1790112875.099,java-product-service,hikaricp_connections_acquire_seconds_sum,"{language=""java"",pool=""HikariPool-1"",service=""java-product-service"",}",0.067422303
1790112875.099,java-product-service,jvm_gc_pause_seconds_count,"{action=""end of minor GC"",cause=""G1 Evacuation Pause"",gc=""G1 Young Generation"",language=""java"",service=""java-product-service"",}",7.0
1790112875.099,java-product-service,jvm_gc_pause_seconds_sum,"{action=""end of minor GC"",cause=""G1 Evacuation Pause"",gc=""G1 Young Generation"",language=""java"",service=""java-product-service"",}",0.04
1790112875.099,java-product-service,tomcat_threads_config_max_threads,"{language=""java"",name=""http-nio-9082"",service=""java-product-service"",}",64.0
1790112875.099,java-product-service,tomcat_threads_busy_threads,"{language=""java"",name=""http-nio-9082"",service=""java-product-service"",}",2.0
1790112875.099,java-product-service,jvm_memory_committed_bytes,"{area=""nonheap"",id=""CodeHeap 'non-nmethods'"",language=""java"",service=""java-product-service"",}",2555904.0
1790112875.099,java-product-service,jvm_memory_committed_bytes,"{area=""heap"",id=""G1 Eden Space"",language=""java"",service=""java-product-service"",}",52428800.0
1790112875.099,java-product-service,jvm_memory_committed_bytes,"{area=""nonheap"",id=""Metaspace"",language=""java"",service=""java-product-service"",}",99942400.0
1790112875.099,java-product-service,jvm_memory_committed_bytes,"{area=""heap"",id=""G1 Old Gen"",language=""java"",service=""java-product-service"",}",46137344.0
1790112875.099,java-product-service,jvm_memory_committed_bytes,"{area=""nonheap"",id=""Compressed Class Space"",language=""java"",service=""java-product-service"",}",13500416.0
1790112875.099,java-product-service,jvm_memory_committed_bytes,"{area=""heap"",id=""G1 Survivor Space"",language=""java"",service=""java-product-service"",}",2097152.0
1790112875.099,java-product-service,jvm_memory_committed_bytes,"{area=""nonheap"",id=""CodeHeap 'profiled nmethods'"",language=""java"",service=""java-product-service"",}",28639232.0
1790112875.099,java-product-service,jvm_memory_committed_bytes,"{area=""nonheap"",id=""CodeHeap 'non-profiled nmethods'"",language=""java"",service=""java-product-service"",}",9175040.0
1790112875.099,java-product-service,jvm_memory_used_bytes,"{area=""nonheap"",id=""CodeHeap 'non-nmethods'"",language=""java"",service=""java-product-service"",}",1639296.0
1790112875.099,java-product-service,jvm_memory_used_bytes,"{area=""heap"",id=""G1 Eden Space"",language=""java"",service=""java-product-service"",}",17825792.0
1790112875.099,java-product-service,jvm_memory_used_bytes,"{area=""nonheap"",id=""Metaspace"",language=""java"",service=""java-product-service"",}",98997064.0
1790112875.099,java-product-service,jvm_memory_used_bytes,"{area=""heap"",id=""G1 Old Gen"",language=""java"",service=""java-product-service"",}",42161272.0
1790112875.099,java-product-service,jvm_memory_used_bytes,"{area=""nonheap"",id=""Compressed Class Space"",language=""java"",service=""java-product-service"",}",13039288.0
1790112875.099,java-product-service,jvm_memory_used_bytes,"{area=""heap"",id=""G1 Survivor Space"",language=""java"",service=""java-product-service"",}",2097152.0
1790112875.099,java-product-service,jvm_memory_used_bytes,"{area=""nonheap"",id=""CodeHeap 'profiled nmethods'"",language=""java"",service=""java-product-service"",}",28605056.0
1790112875.099,java-product-service,jvm_memory_used_bytes,"{area=""nonheap"",id=""CodeHeap 'non-profiled nmethods'"",language=""java"",service=""java-product-service"",}",9163648.0
1790112875.099,java-product-service,hikaricp_connections_pending,"{language=""java"",pool=""HikariPool-1"",service=""java-product-service"",}",0.0
1790112875.099,java-product-service,hikaricp_connections_active,"{language=""java"",pool=""HikariPool-1"",service=""java-product-service"",}",0.0
1790112875.099,java-product-service,hikaricp_connections_usage_seconds_count,"{language=""java"",pool=""HikariPool-1"",service=""java-product-service"",}",548.0
1790112875.099,java-product-service,hikaricp_connections_usage_seconds_sum,"{language=""java"",pool=""HikariPool-1"",service=""java-product-service"",}",0.544
1790112875.099,java-product-service,process_cpu_usage,"{language=""java"",service=""java-product-service"",}",0.031292517006802724
1790112875.099,java-product-service,tomcat_threads_current_threads,"{language=""java"",name=""http-nio-9082"",service=""java-product-service"",}",10.0
1790112875.099,java-product-service,system_cpu_usage,"{language=""java"",service=""java-product-service"",}",0.031627755102040814
1790112875.099,java-order-service,jvm_memory_used_bytes,"{area=""nonheap"",id=""CodeHeap 'non-profiled nmethods'"",language=""java"",service=""java-order-service"",}",6973568.0
1790112875.099,java-order-service,jvm_memory_used_bytes,"{area=""heap"",id=""G1 Eden Space"",language=""java"",service=""java-order-service"",}",41943040.0
1790112875.099,java-order-service,jvm_memory_used_bytes,"{area=""nonheap"",id=""CodeHeap 'profiled nmethods'"",language=""java"",service=""java-order-service"",}",28507136.0
1790112875.099,java-order-service,jvm_memory_used_bytes,"{area=""nonheap"",id=""CodeHeap 'non-nmethods'"",language=""java"",service=""java-order-service"",}",1622528.0
1790112875.099,java-order-service,jvm_memory_used_bytes,"{area=""heap"",id=""G1 Survivor Space"",language=""java"",service=""java-order-service"",}",3145728.0
1790112875.099,java-order-service,jvm_memory_used_bytes,"{area=""nonheap"",id=""Compressed Class Space"",language=""java"",service=""java-order-service"",}",11028232.0
1790112875.099,java-order-service,jvm_memory_used_bytes,"{area=""heap"",id=""G1 Old Gen"",language=""java"",service=""java-order-service"",}",33780176.0
1790112875.099,java-order-service,jvm_memory_used_bytes,"{area=""nonheap"",id=""Metaspace"",language=""java"",service=""java-order-service"",}",85087184.0
1790112875.099,java-order-service,jvm_memory_committed_bytes,"{area=""nonheap"",id=""CodeHeap 'non-profiled nmethods'"",language=""java"",service=""java-order-service"",}",7012352.0
1790112875.099,java-order-service,jvm_memory_committed_bytes,"{area=""heap"",id=""G1 Eden Space"",language=""java"",service=""java-order-service"",}",49283072.0
1790112875.099,java-order-service,jvm_memory_committed_bytes,"{area=""nonheap"",id=""CodeHeap 'profiled nmethods'"",language=""java"",service=""java-order-service"",}",28508160.0
1790112875.099,java-order-service,jvm_memory_committed_bytes,"{area=""nonheap"",id=""CodeHeap 'non-nmethods'"",language=""java"",service=""java-order-service"",}",2555904.0
1790112875.099,java-order-service,jvm_memory_committed_bytes,"{area=""heap"",id=""G1 Survivor Space"",language=""java"",service=""java-order-service"",}",3145728.0
1790112875.099,java-order-service,jvm_memory_committed_bytes,"{area=""nonheap"",id=""Compressed Class Space"",language=""java"",service=""java-order-service"",}",11468800.0
1790112875.099,java-order-service,jvm_memory_committed_bytes,"{area=""heap"",id=""G1 Old Gen"",language=""java"",service=""java-order-service"",}",36700160.0
1790112875.099,java-order-service,jvm_memory_committed_bytes,"{area=""nonheap"",id=""Metaspace"",language=""java"",service=""java-order-service"",}",86048768.0
1790112875.099,java-order-service,hikaricp_connections_active,"{language=""java"",pool=""HikariPool-1"",service=""java-order-service"",}",0.0
1790112875.099,java-order-service,jvm_gc_pause_seconds_count,"{action=""end of minor GC"",cause=""G1 Evacuation Pause"",gc=""G1 Young Generation"",language=""java"",service=""java-order-service"",}",4.0
1790112875.099,java-order-service,jvm_gc_pause_seconds_sum,"{action=""end of minor GC"",cause=""G1 Evacuation Pause"",gc=""G1 Young Generation"",language=""java"",service=""java-order-service"",}",0.027
1790112875.099,java-order-service,hikaricp_connections_acquire_seconds_count,"{language=""java"",pool=""HikariPool-1"",service=""java-order-service"",}",1541.0
1790112875.099,java-order-service,hikaricp_connections_acquire_seconds_sum,"{language=""java"",pool=""HikariPool-1"",service=""java-order-service"",}",0.05354914
1790112875.099,java-order-service,tomcat_threads_config_max_threads,"{language=""java"",name=""http-nio-9083"",service=""java-order-service"",}",64.0
1790112875.099,java-order-service,tomcat_threads_busy_threads,"{language=""java"",name=""http-nio-9083"",service=""java-order-service"",}",1.0
1790112875.099,java-order-service,hikaricp_connections_pending,"{language=""java"",pool=""HikariPool-1"",service=""java-order-service"",}",0.0
1790112875.099,java-order-service,hikaricp_connections_usage_seconds_count,"{language=""java"",pool=""HikariPool-1"",service=""java-order-service"",}",1541.0
1790112875.099,java-order-service,hikaricp_connections_usage_seconds_sum,"{language=""java"",pool=""HikariPool-1"",service=""java-order-service"",}",2.202
1790112875.099,java-order-service,process_cpu_usage,"{language=""java"",service=""java-order-service"",}",0.03333333333333333
1790112875.099,java-order-service,system_cpu_usage,"{language=""java"",service=""java-order-service"",}",0.03415680555555556
1790112875.099,java-order-service,tomcat_threads_current_threads,"{language=""java"",name=""http-nio-9083"",service=""java-order-service"",}",10.0
1790112880.133,java-user-service,jvm_memory_used_bytes,"{area=""nonheap"",framework=""spring-boot"",id=""CodeHeap 'non-nmethods'"",language=""java"",service=""java-user-service"",}",1645952.0
1790112880.133,java-user-service,jvm_memory_used_bytes,"{area=""nonheap"",framework=""spring-boot"",id=""CodeHeap 'non-profiled nmethods'"",language=""java"",service=""java-user-service"",}",8347520.0
1790112880.133,java-user-service,jvm_memory_used_bytes,"{area=""heap"",framework=""spring-boot"",id=""G1 Survivor Space"",language=""java"",service=""java-user-service"",}",3380280.0
1790112880.133,java-user-service,jvm_memory_used_bytes,"{area=""heap"",framework=""spring-boot"",id=""G1 Old Gen"",language=""java"",service=""java-user-service"",}",42042224.0
1790112880.133,java-user-service,jvm_memory_used_bytes,"{area=""nonheap"",framework=""spring-boot"",id=""Metaspace"",language=""java"",service=""java-user-service"",}",104104064.0
1790112880.133,java-user-service,jvm_memory_used_bytes,"{area=""heap"",framework=""spring-boot"",id=""G1 Eden Space"",language=""java"",service=""java-user-service"",}",54525952.0
1790112880.133,java-user-service,jvm_memory_used_bytes,"{area=""nonheap"",framework=""spring-boot"",id=""Compressed Class Space"",language=""java"",service=""java-user-service"",}",13401472.0
1790112880.133,java-user-service,jvm_memory_used_bytes,"{area=""nonheap"",framework=""spring-boot"",id=""CodeHeap 'profiled nmethods'"",language=""java"",service=""java-user-service"",}",18409856.0
1790112880.133,java-user-service,jvm_gc_pause_seconds_count,"{action=""end of minor GC"",cause=""G1 Evacuation Pause"",framework=""spring-boot"",gc=""G1 Young Generation"",language=""java"",service=""java-user-service"",}",50.0
1790112880.133,java-user-service,jvm_gc_pause_seconds_sum,"{action=""end of minor GC"",cause=""G1 Evacuation Pause"",framework=""spring-boot"",gc=""G1 Young Generation"",language=""java"",service=""java-user-service"",}",0.246
1790112880.133,java-user-service,hikaricp_connections_acquire_seconds_count,"{framework=""spring-boot"",language=""java"",pool=""HikariPool-1"",service=""java-user-service"",}",2513.0
1790112880.133,java-user-service,hikaricp_connections_acquire_seconds_sum,"{framework=""spring-boot"",language=""java"",pool=""HikariPool-1"",service=""java-user-service"",}",27.059117998
1790112880.133,java-user-service,jvm_memory_committed_bytes,"{area=""nonheap"",framework=""spring-boot"",id=""CodeHeap 'non-nmethods'"",language=""java"",service=""java-user-service"",}",2555904.0
1790112880.133,java-user-service,jvm_memory_committed_bytes,"{area=""nonheap"",framework=""spring-boot"",id=""CodeHeap 'non-profiled nmethods'"",language=""java"",service=""java-user-service"",}",8781824.0
1790112880.133,java-user-service,jvm_memory_committed_bytes,"{area=""heap"",framework=""spring-boot"",id=""G1 Survivor Space"",language=""java"",service=""java-user-service"",}",4194304.0
1790112880.133,java-user-service,jvm_memory_committed_bytes,"{area=""heap"",framework=""spring-boot"",id=""G1 Old Gen"",language=""java"",service=""java-user-service"",}",45088768.0
1790112880.133,java-user-service,jvm_memory_committed_bytes,"{area=""nonheap"",framework=""spring-boot"",id=""Metaspace"",language=""java"",service=""java-user-service"",}",105119744.0
1790112880.133,java-user-service,jvm_memory_committed_bytes,"{area=""heap"",framework=""spring-boot"",id=""G1 Eden Space"",language=""java"",service=""java-user-service"",}",63963136.0
1790112880.133,java-user-service,jvm_memory_committed_bytes,"{area=""nonheap"",framework=""spring-boot"",id=""Compressed Class Space"",language=""java"",service=""java-user-service"",}",13893632.0
1790112880.133,java-user-service,jvm_memory_committed_bytes,"{area=""nonheap"",framework=""spring-boot"",id=""CodeHeap 'profiled nmethods'"",language=""java"",service=""java-user-service"",}",27328512.0
1790112880.133,java-user-service,system_cpu_usage,"{framework=""spring-boot"",language=""java"",service=""java-user-service"",}",0.991662893081761
1790112880.133,java-user-service,tomcat_threads_busy_threads,"{framework=""spring-boot"",language=""java"",name=""http-nio-9081"",service=""java-user-service"",}",31.0
1790112880.133,java-user-service,process_cpu_usage,"{framework=""spring-boot"",language=""java"",service=""java-user-service"",}",0.9937106918238994
1790112880.133,java-user-service,tomcat_threads_current_threads,"{framework=""spring-boot"",language=""java"",name=""http-nio-9081"",service=""java-user-service"",}",40.0
1790112880.133,java-user-service,tomcat_threads_config_max_threads,"{framework=""spring-boot"",language=""java"",name=""http-nio-9081"",service=""java-user-service"",}",64.0
1790112880.133,java-user-service,hikaricp_connections_pending,"{framework=""spring-boot"",language=""java"",pool=""HikariPool-1"",service=""java-user-service"",}",11.0
1790112880.133,java-user-service,hikaricp_connections_active,"{framework=""spring-boot"",language=""java"",pool=""HikariPool-1"",service=""java-user-service"",}",20.0
1790112880.133,java-user-service,hikaricp_connections_usage_seconds_count,"{framework=""spring-boot"",language=""java"",pool=""HikariPool-1"",service=""java-user-service"",}",2500.0
1790112880.133,java-user-service,hikaricp_connections_usage_seconds_sum,"{framework=""spring-boot"",language=""java"",pool=""HikariPool-1"",service=""java-user-service"",}",324.122
1790112880.133,java-product-service,hikaricp_connections_acquire_seconds_count,"{language=""java"",pool=""HikariPool-1"",service=""java-product-service"",}",565.0
1790112880.133,java-product-service,hikaricp_connections_acquire_seconds_sum,"{language=""java"",pool=""HikariPool-1"",service=""java-product-service"",}",0.069150133
1790112880.133,java-product-service,jvm_gc_pause_seconds_count,"{action=""end of minor GC"",cause=""G1 Evacuation Pause"",gc=""G1 Young Generation"",language=""java"",service=""java-product-service"",}",7.0
1790112880.133,java-product-service,jvm_gc_pause_seconds_sum,"{action=""end of minor GC"",cause=""G1 Evacuation Pause"",gc=""G1 Young Generation"",language=""java"",service=""java-product-service"",}",0.04
1790112880.133,java-product-service,tomcat_threads_config_max_threads,"{language=""java"",name=""http-nio-9082"",service=""java-product-service"",}",64.0
1790112880.133,java-product-service,tomcat_threads_busy_threads,"{language=""java"",name=""http-nio-9082"",service=""java-product-service"",}",1.0
1790112880.133,java-product-service,jvm_memory_committed_bytes,"{area=""nonheap"",id=""CodeHeap 'non-nmethods'"",language=""java"",service=""java-product-service"",}",2555904.0
1790112880.133,java-product-service,jvm_memory_committed_bytes,"{area=""heap"",id=""G1 Eden Space"",language=""java"",service=""java-product-service"",}",52428800.0
1790112880.133,java-product-service,jvm_memory_committed_bytes,"{area=""nonheap"",id=""Metaspace"",language=""java"",service=""java-product-service"",}",100007936.0
1790112880.133,java-product-service,jvm_memory_committed_bytes,"{area=""heap"",id=""G1 Old Gen"",language=""java"",service=""java-product-service"",}",46137344.0
1790112880.133,java-product-service,jvm_memory_committed_bytes,"{area=""nonheap"",id=""Compressed Class Space"",language=""java"",service=""java-product-service"",}",13500416.0
1790112880.133,java-product-service,jvm_memory_committed_bytes,"{area=""heap"",id=""G1 Survivor Space"",language=""java"",service=""java-product-service"",}",2097152.0
1790112880.133,java-product-service,jvm_memory_committed_bytes,"{area=""nonheap"",id=""CodeHeap 'profiled nmethods'"",language=""java"",service=""java-product-service"",}",28770304.0
1790112880.133,java-product-service,jvm_memory_committed_bytes,"{area=""nonheap"",id=""CodeHeap 'non-profiled nmethods'"",language=""java"",service=""java-product-service"",}",9240576.0
1790112880.133,java-product-service,jvm_memory_used_bytes,"{area=""nonheap"",id=""CodeHeap 'non-nmethods'"",language=""java"",service=""java-product-service"",}",1639296.0
1790112880.133,java-product-service,jvm_memory_used_bytes,"{area=""heap"",id=""G1 Eden Space"",language=""java"",service=""java-product-service"",}",26214400.0
1790112880.133,java-product-service,jvm_memory_used_bytes,"{area=""nonheap"",id=""Metaspace"",language=""java"",service=""java-product-service"",}",99056120.0
1790112880.133,java-product-service,jvm_memory_used_bytes,"{area=""heap"",id=""G1 Old Gen"",language=""java"",service=""java-product-service"",}",42161272.0
1790112880.133,java-product-service,jvm_memory_used_bytes,"{area=""nonheap"",id=""Compressed Class Space"",language=""java"",service=""java-product-service"",}",13040376.0
1790112880.133,java-product-service,jvm_memory_used_bytes,"{area=""heap"",id=""G1 Survivor Space"",language=""java"",service=""java-product-service"",}",2097152.0
1790112880.133,java-product-service,jvm_memory_used_bytes,"{area=""nonheap"",id=""CodeHeap 'profiled nmethods'"",language=""java"",service=""java-product-service"",}",28763136.0
1790112880.133,java-product-service,jvm_memory_used_bytes,"{area=""nonheap"",id=""CodeHeap 'non-profiled nmethods'"",language=""java"",service=""java-product-service"",}",9195264.0
1790112880.133,java-product-service,hikaricp_connections_pending,"{language=""java"",pool=""HikariPool-1"",service=""java-product-service"",}",0.0
1790112880.133,java-product-service,hikaricp_connections_active,"{language=""java"",pool=""HikariPool-1"",service=""java-product-service"",}",0.0
1790112880.133,java-product-service,hikaricp_connections_usage_seconds_count,"{language=""java"",pool=""HikariPool-1"",service=""java-product-service"",}",565.0
1790112880.133,java-product-service,hikaricp_connections_usage_seconds_sum,"{language=""java"",pool=""HikariPool-1"",service=""java-product-service"",}",0.552
1790112880.133,java-product-service,process_cpu_usage,"{language=""java"",service=""java-product-service"",}",0.03018867924528302
1790112880.133,java-product-service,tomcat_threads_current_threads,"{language=""java"",name=""http-nio-9082"",service=""java-product-service"",}",10.0
1790112880.133,java-product-service,system_cpu_usage,"{language=""java"",service=""java-product-service"",}",0.03303937106918239
1790112880.133,java-order-service,jvm_memory_used_bytes,"{area=""nonheap"",id=""CodeHeap 'non-profiled nmethods'"",language=""java"",service=""java-order-service"",}",6395008.0
1790112880.133,java-order-service,jvm_memory_used_bytes,"{area=""heap"",id=""G1 Eden Space"",language=""java"",service=""java-order-service"",}",5242880.0
1790112880.133,java-order-service,jvm_memory_used_bytes,"{area=""nonheap"",id=""CodeHeap 'profiled nmethods'"",language=""java"",service=""java-order-service"",}",25130240.0
1790112880.133,java-order-service,jvm_memory_used_bytes,"{area=""nonheap"",id=""CodeHeap 'non-nmethods'"",language=""java"",service=""java-order-service"",}",1622528.0
1790112880.133,java-order-service,jvm_memory_used_bytes,"{area=""heap"",id=""G1 Survivor Space"",language=""java"",service=""java-order-service"",}",3670016.0
1790112880.133,java-order-service,jvm_memory_used_bytes,"{area=""nonheap"",id=""Compressed Class Space"",language=""java"",service=""java-order-service"",}",11028232.0
1790112880.133,java-order-service,jvm_memory_used_bytes,"{area=""heap"",id=""G1 Old Gen"",language=""java"",service=""java-order-service"",}",33780176.0
1790112880.133,java-order-service,jvm_memory_used_bytes,"{area=""nonheap"",id=""Metaspace"",language=""java"",service=""java-order-service"",}",85107832.0
1790112880.133,java-order-service,jvm_memory_committed_bytes,"{area=""nonheap"",id=""CodeHeap 'non-profiled nmethods'"",language=""java"",service=""java-order-service"",}",7012352.0
1790112880.133,java-order-service,jvm_memory_committed_bytes,"{area=""heap"",id=""G1 Eden Space"",language=""java"",service=""java-order-service"",}",48234496.0
1790112880.133,java-order-service,jvm_memory_committed_bytes,"{area=""nonheap"",id=""CodeHeap 'profiled nmethods'"",language=""java"",service=""java-order-service"",}",28573696.0
1790112880.133,java-order-service,jvm_memory_committed_bytes,"{area=""nonheap"",id=""CodeHeap 'non-nmethods'"",language=""java"",service=""java-order-service"",}",2555904.0
1790112880.133,java-order-service,jvm_memory_committed_bytes,"{area=""heap"",id=""G1 Survivor Space"",language=""java"",service=""java-order-service"",}",4194304.0
1790112880.133,java-order-service,jvm_memory_committed_bytes,"{area=""nonheap"",id=""Compressed Class Space"",language=""java"",service=""java-order-service"",}",11468800.0
1790112880.133,java-order-service,jvm_memory_committed_bytes,"{area=""heap"",id=""G1 Old Gen"",language=""java"",service=""java-order-service"",}",36700160.0
1790112880.133,java-order-service,jvm_memory_committed_bytes,"{area=""nonheap"",id=""Metaspace"",language=""java"",service=""java-order-service"",}",86048768.0
1790112880.133,java-order-service,hikaricp_connections_active,"{language=""java"",pool=""HikariPool-1"",service=""java-order-service"",}",0.0
1790112880.133,java-order-service,jvm_gc_pause_seconds_count,"{action=""end of minor GC"",cause=""G1 Evacuation Pause"",gc=""G1 Young Generation"",language=""java"",service=""java-order-service"",}",5.0
1790112880.133,java-order-service,jvm_gc_pause_seconds_sum,"{action=""end of minor GC"",cause=""G1 Evacuation Pause"",gc=""G1 Young Generation"",language=""java"",service=""java-order-service"",}",0.037
1790112880.133,java-order-service,hikaricp_connections_acquire_seconds_count,"{language=""java"",pool=""HikariPool-1"",service=""java-order-service"",}",1620.0
1790112880.133,java-order-service,hikaricp_connections_acquire_seconds_sum,"{language=""java"",pool=""HikariPool-1"",service=""java-order-service"",}",0.056187599
1790112880.133,java-order-service,tomcat_threads_config_max_threads,"{language=""java"",name=""http-nio-9083"",service=""java-order-service"",}",64.0
1790112880.133,java-order-service,tomcat_threads_busy_threads,"{language=""java"",name=""http-nio-9083"",service=""java-order-service"",}",1.0
1790112880.133,java-order-service,hikaricp_connections_pending,"{language=""java"",pool=""HikariPool-1"",service=""java-order-service"",}",0.0
1790112880.133,java-order-service,hikaricp_connections_usage_seconds_count,"{language=""java"",pool=""HikariPool-1"",service=""java-order-service"",}",1620.0
1790112880.133,java-order-service,hikaricp_connections_usage_seconds_sum,"{language=""java"",pool=""HikariPool-1"",service=""java-order-service"",}",2.345
1790112880.133,java-order-service,process_cpu_usage,"{language=""java"",service=""java-order-service"",}",0.05531914893617021
1790112880.133,java-order-service,system_cpu_usage,"{language=""java"",service=""java-order-service"",}",0.055685248226950354
1790112880.133,java-order-service,tomcat_threads_current_threads,"{language=""java"",name=""http-nio-9083"",service=""java-order-service"",}",10.0
1790112885.459,java-user-service,jvm_memory_used_bytes,"{area=""nonheap"",framework=""spring-boot"",id=""CodeHeap 'non-nmethods'"",language=""java"",service=""java-user-service"",}",1645952.0
1790112885.459,java-user-service,jvm_memory_used_bytes,"{area=""nonheap"",framework=""spring-boot"",id=""CodeHeap 'non-profiled nmethods'"",language=""java"",service=""java-user-service"",}",8482048.0
1790112885.459,java-user-service,jvm_memory_used_bytes,"{area=""heap"",framework=""spring-boot"",id=""G1 Survivor Space"",language=""java"",service=""java-user-service"",}",4194304.0
1790112885.459,java-user-service,jvm_memory_used_bytes,"{area=""heap"",framework=""spring-boot"",id=""G1 Old Gen"",language=""java"",service=""java-user-service"",}",42139208.0
1790112885.459,java-user-service,jvm_memory_used_bytes,"{area=""nonheap"",framework=""spring-boot"",id=""Metaspace"",language=""java"",service=""java-user-service"",}",104121832.0
1790112885.459,java-user-service,jvm_memory_used_bytes,"{area=""heap"",framework=""spring-boot"",id=""G1 Eden Space"",language=""java"",service=""java-user-service"",}",30408704.0
1790112885.459,java-user-service,jvm_memory_used_bytes,"{area=""nonheap"",framework=""spring-boot"",id=""Compressed Class Space"",language=""java"",service=""java-user-service"",}",13402176.0
1790112885.459,java-user-service,jvm_memory_used_bytes,"{area=""nonheap"",framework=""spring-boot"",id=""CodeHeap 'profiled nmethods'"",language=""java"",service=""java-user-service"",}",18221312.0
1790112885.459,java-user-service,jvm_gc_pause_seconds_count,"{action=""end of minor GC"",cause=""G1 Evacuation Pause"",framework=""spring-boot"",gc=""G1 Young Generation"",language=""java"",service=""java-user-service"",}",53.0
1790112885.459,java-user-service,jvm_gc_pause_seconds_sum,"{action=""end of minor GC"",cause=""G1 Evacuation Pause"",framework=""spring-boot"",gc=""G1 Young Generation"",language=""java"",service=""java-user-service"",}",0.263
1790112885.459,java-user-service,hikaricp_connections_acquire_seconds_count,"{framework=""spring-boot"",language=""java"",pool=""HikariPool-1"",service=""java-user-service"",}",2629.0
1790112885.459,java-user-service,hikaricp_connections_acquire_seconds_sum,"{framework=""spring-boot"",language=""java"",pool=""HikariPool-1"",service=""java-user-service"",}",69.71038185
1790112885.459,java-user-service,jvm_memory_committed_bytes,"{area=""nonheap"",framework=""spring-boot"",id=""CodeHeap 'non-nmethods'"",language=""java"",service=""java-user-service"",}",2555904.0
1790112885.459,java-user-service,jvm_memory_committed_bytes,"{area=""nonheap"",framework=""spring-boot"",id=""CodeHeap 'non-profiled nmethods'"",language=""java"",service=""java-user-service"",}",8912896.0
1790112885.459,java-user-service,jvm_memory_committed_bytes,"{area=""heap"",framework=""spring-boot"",id=""G1 Survivor Space"",language=""java"",service=""java-user-service"",}",4194304.0
1790112885.459,java-user-service,jvm_memory_committed_bytes,"{area=""heap"",framework=""spring-boot"",id=""G1 Old Gen"",language=""java"",service=""java-user-service"",}",45088768.0
1790112885.459,java-user-service,jvm_memory_committed_bytes,"{area=""nonheap"",framework=""spring-boot"",id=""Metaspace"",language=""java"",service=""java-user-service"",}",105119744.0
1790112885.459,java-user-service,jvm_memory_committed_bytes,"{area=""heap"",framework=""spring-boot"",id=""G1 Eden Space"",language=""java"",service=""java-user-service"",}",63963136.0
1790112885.459,java-user-service,jvm_memory_committed_bytes,"{area=""nonheap"",framework=""spring-boot"",id=""Compressed Class Space"",language=""java"",service=""java-user-service"",}",13893632.0
1790112885.459,java-user-service,jvm_memory_committed_bytes,"{area=""nonheap"",framework=""spring-boot"",id=""CodeHeap 'profiled nmethods'"",language=""java"",service=""java-user-service"",}",27328512.0
1790112885.459,java-user-service,system_cpu_usage,"{framework=""spring-boot"",language=""java"",service=""java-user-service"",}",0.9982490566037736
1790112885.459,java-user-service,tomcat_threads_busy_threads,"{framework=""spring-boot"",language=""java"",name=""http-nio-9081"",service=""java-user-service"",}",34.0
1790112885.459,java-user-service,process_cpu_usage,"{framework=""spring-boot"",language=""java"",service=""java-user-service"",}",0.9949685534591195
1790112885.459,java-user-service,tomcat_threads_current_threads,"{framework=""spring-boot"",language=""java"",name=""http-nio-9081"",service=""java-user-service"",}",42.0
1790112885.459,java-user-service,tomcat_threads_config_max_threads,"{framework=""spring-boot"",language=""java"",name=""http-nio-9081"",service=""java-user-service"",}",64.0
1790112885.459,java-user-service,hikaricp_connections_pending,"{framework=""spring-boot"",language=""java"",pool=""HikariPool-1"",service=""java-user-service"",}",13.0
1790112885.459,java-user-service,hikaricp_connections_active,"{framework=""spring-boot"",language=""java"",pool=""HikariPool-1"",service=""java-user-service"",}",20.0
1790112885.459,java-user-service,hikaricp_connections_usage_seconds_count,"{framework=""spring-boot"",language=""java"",pool=""HikariPool-1"",service=""java-user-service"",}",2614.0
1790112885.459,java-user-service,hikaricp_connections_usage_seconds_sum,"{framework=""spring-boot"",language=""java"",pool=""HikariPool-1"",service=""java-user-service"",}",426.439
1790112885.459,java-product-service,hikaricp_connections_acquire_seconds_count,"{language=""java"",pool=""HikariPool-1"",service=""java-product-service"",}",574.0
1790112885.459,java-product-service,hikaricp_connections_acquire_seconds_sum,"{language=""java"",pool=""HikariPool-1"",service=""java-product-service"",}",0.071925633
1790112885.459,java-product-service,jvm_gc_pause_seconds_count,"{action=""end of minor GC"",cause=""G1 Evacuation Pause"",gc=""G1 Young Generation"",language=""java"",service=""java-product-service"",}",7.0
1790112885.459,java-product-service,jvm_gc_pause_seconds_sum,"{action=""end of minor GC"",cause=""G1 Evacuation Pause"",gc=""G1 Young Generation"",language=""java"",service=""java-product-service"",}",0.04
1790112885.459,java-product-service,tomcat_threads_config_max_threads,"{language=""java"",name=""http-nio-9082"",service=""java-product-service"",}",64.0
1790112885.459,java-product-service,tomcat_threads_busy_threads,"{language=""java"",name=""http-nio-9082"",service=""java-product-service"",}",1.0
1790112885.459,java-product-service,jvm_memory_committed_bytes,"{area=""nonheap"",id=""CodeHeap 'non-nmethods'"",language=""java"",service=""java-product-service"",}",2555904.0
1790112885.459,java-product-service,jvm_memory_committed_bytes,"{area=""heap"",id=""G1 Eden Space"",language=""java"",service=""java-product-service"",}",52428800.0
1790112885.459,java-product-service,jvm_memory_committed_bytes,"{area=""nonheap"",id=""Metaspace"",language=""java"",service=""java-product-service"",}",100007936.0
1790112885.459,java-product-service,jvm_memory_committed_bytes,"{area=""heap"",id=""G1 Old Gen"",language=""java"",service=""java-product-service"",}",46137344.0
1790112885.459,java-product-service,jvm_memory_committed_bytes,"{area=""nonheap"",id=""Compressed Class Space"",language=""java"",service=""java-product-service"",}",13500416.0
1790112885.459,java-product-service,jvm_memory_committed_bytes,"{area=""heap"",id=""G1 Survivor Space"",language=""java"",service=""java-product-service"",}",2097152.0
1790112885.459,java-product-service,jvm_memory_committed_bytes,"{area=""nonheap"",id=""CodeHeap 'profiled nmethods'"",language=""java"",service=""java-product-service"",}",28835840.0
1790112885.459,java-product-service,jvm_memory_committed_bytes,"{area=""nonheap"",id=""CodeHeap 'non-profiled nmethods'"",language=""java"",service=""java-product-service"",}",9240576.0
1790112885.459,java-product-service,jvm_memory_used_bytes,"{area=""nonheap"",id=""CodeHeap 'non-nmethods'"",language=""java"",service=""java-product-service"",}",1639296.0
1790112885.459,java-product-service,jvm_memory_used_bytes,"{area=""heap"",id=""G1 Eden Space"",language=""java"",service=""java-product-service"",}",33554432.0
1790112885.459,java-product-service,jvm_memory_used_bytes,"{area=""nonheap"",id=""Metaspace"",language=""java"",service=""java-product-service"",}",99061568.0
1790112885.459,java-product-service,jvm_memory_used_bytes,"{area=""heap"",id=""G1 Old Gen"",language=""java"",service=""java-product-service"",}",42161272.0
1790112885.459,java-product-service,jvm_memory_used_bytes,"{area=""nonheap"",id=""Compressed Class Space"",language=""java"",service=""java-product-service"",}",13040376.0
1790112885.459,java-product-service,jvm_memory_used_bytes,"{area=""heap"",id=""G1 Survivor Space"",language=""java"",service=""java-product-service"",}",2097152.0
1790112885.459,java-product-service,jvm_memory_used_bytes,"{area=""nonheap"",id=""CodeHeap 'profiled nmethods'"",language=""java"",service=""java-product-service"",}",28811520.0
1790112885.459,java-product-service,jvm_memory_used_bytes,"{area=""nonheap"",id=""CodeHeap 'non-profiled nmethods'"",language=""java"",service=""java-product-service"",}",9216128.0
1790112885.459,java-product-service,hikaricp_connections_pending,"{language=""java"",pool=""HikariPool-1"",service=""java-product-service"",}",0.0
1790112885.459,java-product-service,hikaricp_connections_active,"{language=""java"",pool=""HikariPool-1"",service=""java-product-service"",}",0.0
1790112885.459,java-product-service,hikaricp_connections_usage_seconds_count,"{language=""java"",pool=""HikariPool-1"",service=""java-product-service"",}",574.0
1790112885.459,java-product-service,hikaricp_connections_usage_seconds_sum,"{language=""java"",pool=""HikariPool-1"",service=""java-product-service"",}",0.554
1790112885.459,java-product-service,process_cpu_usage,"{language=""java"",service=""java-product-service"",}",0.02564102564102564
1790112885.459,java-product-service,tomcat_threads_current_threads,"{language=""java"",name=""http-nio-9082"",service=""java-product-service"",}",10.0
1790112885.459,java-product-service,system_cpu_usage,"{language=""java"",service=""java-product-service"",}",0.02527397435897436
1790112885.459,java-order-service,jvm_memory_used_bytes,"{area=""nonheap"",id=""CodeHeap 'non-profiled nmethods'"",language=""java"",service=""java-order-service"",}",6435840.0
1790112885.459,java-order-service,jvm_memory_used_bytes,"{area=""heap"",id=""G1 Eden Space"",language=""java"",service=""java-order-service"",}",12582912.0
1790112885.459,java-order-service,jvm_memory_used_bytes,"{area=""nonheap"",id=""CodeHeap 'profiled nmethods'"",language=""java"",service=""java-order-service"",}",25149056.0
1790112885.459,java-order-service,jvm_memory_used_bytes,"{area=""nonheap"",id=""CodeHeap 'non-nmethods'"",language=""java"",service=""java-order-service"",}",1622528.0
1790112885.459,java-order-service,jvm_memory_used_bytes,"{area=""heap"",id=""G1 Survivor Space"",language=""java"",service=""java-order-service"",}",3670016.0
1790112885.459,java-order-service,jvm_memory_used_bytes,"{area=""nonheap"",id=""Compressed Class Space"",language=""java"",service=""java-order-service"",}",11028232.0
1790112885.459,java-order-service,jvm_memory_used_bytes,"{area=""heap"",id=""G1 Old Gen"",language=""java"",service=""java-order-service"",}",33780176.0
1790112885.459,java-order-service,jvm_memory_used_bytes,"{area=""nonheap"",id=""Metaspace"",language=""java"",service=""java-order-service"",}",85108760.0
1790112885.459,java-order-service,jvm_memory_committed_bytes,"{area=""nonheap"",id=""CodeHeap 'non-profiled nmethods'"",language=""java"",service=""java-order-service"",}",7012352.0
1790112885.459,java-order-service,jvm_memory_committed_bytes,"{area=""heap"",id=""G1 Eden Space"",language=""java"",service=""java-order-service"",}",48234496.0
1790112885.459,java-order-service,jvm_memory_committed_bytes,"{area=""nonheap"",id=""CodeHeap 'profiled nmethods'"",language=""java"",service=""java-order-service"",}",28573696.0
1790112885.459,java-order-service,jvm_memory_committed_bytes,"{area=""nonheap"",id=""CodeHeap 'non-nmethods'"",language=""java"",service=""java-order-service"",}",2555904.0
1790112885.459,java-order-service,jvm_memory_committed_bytes,"{area=""heap"",id=""G1 Survivor Space"",language=""java"",service=""java-order-service"",}",4194304.0
1790112885.459,java-order-service,jvm_memory_committed_bytes,"{area=""nonheap"",id=""Compressed Class Space"",language=""java"",service=""java-order-service"",}",11468800.0
1790112885.459,java-order-service,jvm_memory_committed_bytes,"{area=""heap"",id=""G1 Old Gen"",language=""java"",service=""java-order-service"",}",36700160.0
1790112885.459,java-order-service,jvm_memory_committed_bytes,"{area=""nonheap"",id=""Metaspace"",language=""java"",service=""java-order-service"",}",86048768.0
1790112885.459,java-order-service,hikaricp_connections_active,"{language=""java"",pool=""HikariPool-1"",service=""java-order-service"",}",0.0
1790112885.459,java-order-service,jvm_gc_pause_seconds_count,"{action=""end of minor GC"",cause=""G1 Evacuation Pause"",gc=""G1 Young Generation"",language=""java"",service=""java-order-service"",}",5.0
1790112885.459,java-order-service,jvm_gc_pause_seconds_sum,"{action=""end of minor GC"",cause=""G1 Evacuation Pause"",gc=""G1 Young Generation"",language=""java"",service=""java-order-service"",}",0.037
1790112885.459,java-order-service,hikaricp_connections_acquire_seconds_count,"{language=""java"",pool=""HikariPool-1"",service=""java-order-service"",}",1691.0
1790112885.459,java-order-service,hikaricp_connections_acquire_seconds_sum,"{language=""java"",pool=""HikariPool-1"",service=""java-order-service"",}",0.059918639
1790112885.459,java-order-service,tomcat_threads_config_max_threads,"{language=""java"",name=""http-nio-9083"",service=""java-order-service"",}",64.0
1790112885.459,java-order-service,tomcat_threads_busy_threads,"{language=""java"",name=""http-nio-9083"",service=""java-order-service"",}",1.0
1790112885.459,java-order-service,hikaricp_connections_pending,"{language=""java"",pool=""HikariPool-1"",service=""java-order-service"",}",0.0
1790112885.459,java-order-service,hikaricp_connections_usage_seconds_count,"{language=""java"",pool=""HikariPool-1"",service=""java-order-service"",}",1691.0
1790112885.459,java-order-service,hikaricp_connections_usage_seconds_sum,"{language=""java"",pool=""HikariPool-1"",service=""java-order-service"",}",2.445
1790112885.459,java-order-service,process_cpu_usage,"{language=""java"",service=""java-order-service"",}",0.028205128205128206
1790112885.459,java-order-service,system_cpu_usage,"{language=""java"",service=""java-order-service"",}",0.030352051282051283
1790112885.459,java-order-service,tomcat_threads_current_threads,"{language=""java"",name=""http-nio-9083"",service=""java-order-service"",}",10.0
1790112890.654,java-user-service,jvm_memory_used_bytes,"{area=""nonheap"",framework=""spring-boot"",id=""CodeHeap 'non-nmethods'"",language=""java"",service=""java-user-service"",}",1645952.0
1790112890.654,java-user-service,jvm_memory_used_bytes,"{area=""nonheap"",framework=""spring-boot"",id=""CodeHeap 'non-profiled nmethods'"",language=""java"",service=""java-user-service"",}",8575616.0
1790112890.654,java-user-service,jvm_memory_used_bytes,"{area=""heap"",framework=""spring-boot"",id=""G1 Survivor Space"",language=""java"",service=""java-user-service"",}",3518264.0
1790112890.654,java-user-service,jvm_memory_used_bytes,"{area=""heap"",framework=""spring-boot"",id=""G1 Old Gen"",language=""java"",service=""java-user-service"",}",43070120.0
1790112890.654,java-user-service,jvm_memory_used_bytes,"{area=""nonheap"",framework=""spring-boot"",id=""Metaspace"",language=""java"",service=""java-user-service"",}",104153968.0
1790112890.654,java-user-service,jvm_memory_used_bytes,"{area=""heap"",framework=""spring-boot"",id=""G1 Eden Space"",language=""java"",service=""java-user-service"",}",8388608.0
1790112890.654,java-user-service,jvm_memory_used_bytes,"{area=""nonheap"",framework=""spring-boot"",id=""Compressed Class Space"",language=""java"",service=""java-user-service"",}",13402176.0
1790112890.654,java-user-service,jvm_memory_used_bytes,"{area=""nonheap"",framework=""spring-boot"",id=""CodeHeap 'profiled nmethods'"",language=""java"",service=""java-user-service"",}",18215552.0
1790112890.654,java-user-service,jvm_gc_pause_seconds_count,"{action=""end of minor GC"",cause=""G1 Evacuation Pause"",framework=""spring-boot"",gc=""G1 Young Generation"",language=""java"",service=""java-user-service"",}",56.0
1790112890.654,java-user-service,jvm_gc_pause_seconds_sum,"{action=""end of minor GC"",cause=""G1 Evacuation Pause"",framework=""spring-boot"",gc=""G1 Young Generation"",language=""java"",service=""java-user-service"",}",0.282
1790112890.654,java-user-service,hikaricp_connections_acquire_seconds_count,"{framework=""spring-boot"",language=""java"",pool=""HikariPool-1"",service=""java-user-service"",}",2748.0
1790112890.654,java-user-service,hikaricp_connections_acquire_seconds_sum,"{framework=""spring-boot"",language=""java"",pool=""HikariPool-1"",service=""java-user-service"",}",121.984391452
1790112890.654,java-user-service,jvm_memory_committed_bytes,"{area=""nonheap"",framework=""spring-boot"",id=""CodeHeap 'non-nmethods'"",language=""java"",service=""java-user-service"",}",2555904.0
1790112890.654,java-user-service,jvm_memory_committed_bytes,"{area=""nonheap"",framework=""spring-boot"",id=""CodeHeap 'non-profiled nmethods'"",language=""java"",service=""java-user-service"",}",8912896.0
1790112890.654,java-user-service,jvm_memory_committed_bytes,"{area=""heap"",framework=""spring-boot"",id=""G1 Survivor Space"",language=""java"",service=""java-user-service"",}",4194304.0
1790112890.654,java-user-service,jvm_memory_committed_bytes,"{area=""heap"",framework=""spring-boot"",id=""G1 Old Gen"",language=""java"",service=""java-user-service"",}",47185920.0
1790112890.654,java-user-service,jvm_memory_committed_bytes,"{area=""nonheap"",framework=""spring-boot"",id=""Metaspace"",language=""java"",service=""java-user-service"",}",105119744.0
1790112890.654,java-user-service,jvm_memory_committed_bytes,"{area=""heap"",framework=""spring-boot"",id=""G1 Eden Space"",language=""java"",service=""java-user-service"",}",61865984.0
1790112890.654,java-user-service,jvm_memory_committed_bytes,"{area=""nonheap"",framework=""spring-boot"",id=""Compressed Class Space"",language=""java"",service=""java-user-service"",}",13893632.0
1790112890.654,java-user-service,jvm_memory_committed_bytes,"{area=""nonheap"",framework=""spring-boot"",id=""CodeHeap 'profiled nmethods'"",language=""java"",service=""java-user-service"",}",27328512.0
1790112890.654,java-user-service,system_cpu_usage,"{framework=""spring-boot"",language=""java"",service=""java-user-service"",}",0.9961093589743589
1790112890.654,java-user-service,tomcat_threads_busy_threads,"{framework=""spring-boot"",language=""java"",name=""http-nio-9081"",service=""java-user-service"",}",36.0
1790112890.654,java-user-service,process_cpu_usage,"{framework=""spring-boot"",language=""java"",service=""java-user-service"",}",0.9923076923076923
1790112890.654,java-user-service,tomcat_threads_current_threads,"{framework=""spring-boot"",language=""java"",name=""http-nio-9081"",service=""java-user-service"",}",42.0
1790112890.654,java-user-service,tomcat_threads_config_max_threads,"{framework=""spring-boot"",language=""java"",name=""http-nio-9081"",service=""java-user-service"",}",64.0
1790112890.654,java-user-service,hikaricp_connections_pending,"{framework=""spring-boot"",language=""java"",pool=""HikariPool-1"",service=""java-user-service"",}",14.0
1790112890.654,java-user-service,hikaricp_connections_active,"{framework=""spring-boot"",language=""java"",pool=""HikariPool-1"",service=""java-user-service"",}",20.0
1790112890.654,java-user-service,hikaricp_connections_usage_seconds_count,"{framework=""spring-boot"",language=""java"",pool=""HikariPool-1"",service=""java-user-service"",}",2729.0
1790112890.654,java-user-service,hikaricp_connections_usage_seconds_sum,"{framework=""spring-boot"",language=""java"",pool=""HikariPool-1"",service=""java-user-service"",}",530.59
1790112890.654,java-product-service,hikaricp_connections_acquire_seconds_count,"{language=""java"",pool=""HikariPool-1"",service=""java-product-service"",}",585.0
1790112890.654,java-product-service,hikaricp_connections_acquire_seconds_sum,"{language=""java"",pool=""HikariPool-1"",service=""java-product-service"",}",0.0731073
1790112890.654,java-product-service,jvm_gc_pause_seconds_count,"{action=""end of minor GC"",cause=""G1 Evacuation Pause"",gc=""G1 Young Generation"",language=""java"",service=""java-product-service"",}",7.0
1790112890.654,java-product-service,jvm_gc_pause_seconds_sum,"{action=""end of minor GC"",cause=""G1 Evacuation Pause"",gc=""G1 Young Generation"",language=""java"",service=""java-product-service"",}",0.04
1790112890.654,java-product-service,tomcat_threads_config_max_threads,"{language=""java"",name=""http-nio-9082"",service=""java-product-service"",}",64.0
1790112890.654,java-product-service,tomcat_threads_busy_threads,"{language=""java"",name=""http-nio-9082"",service=""java-product-service"",}",1.0
1790112890.654,java-product-service,jvm_memory_committed_bytes,"{area=""nonheap"",id=""CodeHeap 'non-nmethods'"",language=""java"",service=""java-product-service"",}",2555904.0
1790112890.654,java-product-service,jvm_memory_committed_bytes,"{area=""heap"",id=""G1 Eden Space"",language=""java"",service=""java-product-service"",}",52428800.0
1790112890.654,java-product-service,jvm_memory_committed_bytes,"{area=""nonheap"",id=""Metaspace"",language=""java"",service=""java-product-service"",}",100007936.0
1790112890.654,java-product-service,jvm_memory_committed_bytes,"{area=""heap"",id=""G1 Old Gen"",language=""java"",service=""java-product-service"",}",46137344.0
1790112890.654,java-product-service,jvm_memory_committed_bytes,"{area=""nonheap"",id=""Compressed Class Space"",language=""java"",service=""java-product-service"",}",13500416.0
1790112890.654,java-product-service,jvm_memory_committed_bytes,"{area=""heap"",id=""G1 Survivor Space"",language=""java"",service=""java-product-service"",}",2097152.0
1790112890.654,java-product-service,jvm_memory_committed_bytes,"{area=""nonheap"",id=""CodeHeap 'profiled nmethods'"",language=""java"",service=""java-product-service"",}",28901376.0
1790112890.654,java-product-service,jvm_memory_committed_bytes,"{area=""nonheap"",id=""CodeHeap 'non-profiled nmethods'"",language=""java"",service=""java-product-service"",}",9240576.0
1790112890.654,java-product-service,jvm_memory_used_bytes,"{area=""nonheap"",id=""CodeHeap 'non-nmethods'"",language=""java"",service=""java-product-service"",}",1639296.0
1790112890.654,java-product-service,jvm_memory_used_bytes,"{area=""heap"",id=""G1 Eden Space"",language=""java"",service=""java-product-service"",}",41943040.0
1790112890.654,java-product-service,jvm_memory_used_bytes,"{area=""nonheap"",id=""Metaspace"",language=""java"",service=""java-product-service"",}",99066856.0
1790112890.654,java-product-service,jvm_memory_used_bytes,"{area=""heap"",id=""G1 Old Gen"",language=""java"",service=""java-product-service"",}",42161272.0
1790112890.654,java-product-service,jvm_memory_used_bytes,"{area=""nonheap"",id=""Compressed Class Space"",language=""java"",service=""java-product-service"",}",13040376.0
1790112890.654,java-product-service,jvm_memory_used_bytes,"{area=""heap"",id=""G1 Survivor Space"",language=""java"",service=""java-product-service"",}",2097152.0
1790112890.654,java-product-service,jvm_memory_used_bytes,"{area=""nonheap"",id=""CodeHeap 'profiled nmethods'"",language=""java"",service=""java-product-service"",}",28840448.0
1790112890.654,java-product-service,jvm_memory_used_bytes,"{area=""nonheap"",id=""CodeHeap 'non-profiled nmethods'"",language=""java"",service=""java-product-service"",}",9227392.0
1790112890.654,java-product-service,hikaricp_connections_pending,"{language=""java"",pool=""HikariPool-1"",service=""java-product-service"",}",0.0
1790112890.654,java-product-service,hikaricp_connections_active,"{language=""java"",pool=""HikariPool-1"",service=""java-product-service"",}",0.0
1790112890.654,java-product-service,hikaricp_connections_usage_seconds_count,"{language=""java"",pool=""HikariPool-1"",service=""java-product-service"",}",585.0
1790112890.654,java-product-service,hikaricp_connections_usage_seconds_sum,"{language=""java"",pool=""HikariPool-1"",service=""java-product-service"",}",0.556
1790112890.654,java-product-service,process_cpu_usage,"{language=""java"",service=""java-product-service"",}",0.02435897435897436
1790112890.654,java-product-service,tomcat_threads_current_threads,"{language=""java"",name=""http-nio-9082"",service=""java-product-service"",}",10.0
1790112890.654,java-product-service,system_cpu_usage,"{language=""java"",service=""java-product-service"",}",0.025790384615384614
1790112890.654,java-order-service,jvm_memory_used_bytes,"{area=""nonheap"",id=""CodeHeap 'non-profiled nmethods'"",language=""java"",service=""java-order-service"",}",6594304.0
1790112890.654,java-order-service,jvm_memory_used_bytes,"{area=""heap"",id=""G1 Eden Space"",language=""java"",service=""java-order-service"",}",19922944.0
1790112890.654,java-order-service,jvm_memory_used_bytes,"{area=""nonheap"",id=""CodeHeap 'profiled nmethods'"",language=""java"",service=""java-order-service"",}",25193728.0
1790112890.654,java-order-service,jvm_memory_used_bytes,"{area=""nonheap"",id=""CodeHeap 'non-nmethods'"",language=""java"",service=""java-order-service"",}",1622528.0
1790112890.654,java-order-service,jvm_memory_used_bytes,"{area=""heap"",id=""G1 Survivor Space"",language=""java"",service=""java-order-service"",}",3670016.0
1790112890.654,java-order-service,jvm_memory_used_bytes,"{area=""nonheap"",id=""Compressed Class Space"",language=""java"",service=""java-order-service"",}",11028232.0
1790112890.654,java-order-service,jvm_memory_used_bytes,"{area=""heap"",id=""G1 Old Gen"",language=""java"",service=""java-order-service"",}",33780176.0
1790112890.654,java-order-service,jvm_memory_used_bytes,"{area=""nonheap"",id=""Metaspace"",language=""java"",service=""java-order-service"",}",85115904.0
1790112890.654,java-order-service,jvm_memory_committed_bytes,"{area=""nonheap"",id=""CodeHeap 'non-profiled nmethods'"",language=""java"",service=""java-order-service"",}",7012352.0
1790112890.654,java-order-service,jvm_memory_committed_bytes,"{area=""heap"",id=""G1 Eden Space"",language=""java"",service=""java-order-service"",}",48234496.0
1790112890.654,java-order-service,jvm_memory_committed_bytes,"{area=""nonheap"",id=""CodeHeap 'profiled nmethods'"",language=""java"",service=""java-order-service"",}",28573696.0
1790112890.654,java-order-service,jvm_memory_committed_bytes,"{area=""nonheap"",id=""CodeHeap 'non-nmethods'"",language=""java"",service=""java-order-service"",}",2555904.0
1790112890.654,java-order-service,jvm_memory_committed_bytes,"{area=""heap"",id=""G1 Survivor Space"",language=""java"",service=""java-order-service"",}",4194304.0
1790112890.654,java-order-service,jvm_memory_committed_bytes,"{area=""nonheap"",id=""Compressed Class Space"",language=""java"",service=""java-order-service"",}",11468800.0
1790112890.654,java-order-service,jvm_memory_committed_bytes,"{area=""heap"",id=""G1 Old Gen"",language=""java"",service=""java-order-service"",}",36700160.0
1790112890.654,java-order-service,jvm_memory_committed_bytes,"{area=""nonheap"",id=""Metaspace"",language=""java"",service=""java-order-service"",}",86048768.0
1790112890.654,java-order-service,hikaricp_connections_active,"{language=""java"",pool=""HikariPool-1"",service=""java-order-service"",}",0.0
1790112890.654,java-order-service,jvm_gc_pause_seconds_count,"{action=""end of minor GC"",cause=""G1 Evacuation Pause"",gc=""G1 Young Generation"",language=""java"",service=""java-order-service"",}",5.0
1790112890.654,java-order-service,jvm_gc_pause_seconds_sum,"{action=""end of minor GC"",cause=""G1 Evacuation Pause"",gc=""G1 Young Generation"",language=""java"",service=""java-order-service"",}",0.037
1790112890.654,java-order-service,hikaricp_connections_acquire_seconds_count,"{language=""java"",pool=""HikariPool-1"",service=""java-order-service"",}",1765.0
1790112890.654,java-order-service,hikaricp_connections_acquire_seconds_sum,"{language=""java"",pool=""HikariPool-1"",service=""java-order-service"",}",0.065166552
1790112890.654,java-order-service,tomcat_threads_config_max_threads,"{language=""java"",name=""http-nio-9083"",service=""java-order-service"",}",64.0
1790112890.654,java-order-service,tomcat_threads_busy_threads,"{language=""java"",name=""http-nio-9083"",service=""java-order-service"",}",1.0
1790112890.654,java-order-service,hikaricp_connections_pending,"{language=""java"",pool=""HikariPool-1"",service=""java-order-service"",}",0.0
1790112890.654,java-order-service,hikaricp_connections_usage_seconds_count,"{language=""java"",pool=""HikariPool-1"",service=""java-order-service"",}",1765.0
1790112890.654,java-order-service,hikaricp_connections_usage_seconds_sum,"{language=""java"",pool=""HikariPool-1"",service=""java-order-service"",}",2.573
1790112890.654,java-order-service,process_cpu_usage,"{language=""java"",service=""java-order-service"",}",0.04871794871794872
1790112890.654,java-order-service,system_cpu_usage,"{language=""java"",service=""java-order-service"",}",0.04775628205128205
1790112890.654,java-order-service,tomcat_threads_current_threads,"{language=""java"",name=""http-nio-9083"",service=""java-order-service"",}",10.0
1790112895.869,java-user-service,jvm_memory_used_bytes,"{area=""nonheap"",framework=""spring-boot"",id=""CodeHeap 'non-nmethods'"",language=""java"",service=""java-user-service"",}",1645952.0
1790112895.869,java-user-service,jvm_memory_used_bytes,"{area=""nonheap"",framework=""spring-boot"",id=""CodeHeap 'non-profiled nmethods'"",language=""java"",service=""java-user-service"",}",8692736.0
1790112895.869,java-user-service,jvm_memory_used_bytes,"{area=""heap"",framework=""spring-boot"",id=""G1 Survivor Space"",language=""java"",service=""java-user-service"",}",3145728.0
1790112895.869,java-user-service,jvm_memory_used_bytes,"{area=""heap"",framework=""spring-boot"",id=""G1 Old Gen"",language=""java"",service=""java-user-service"",}",43792048.0
1790112895.869,java-user-service,jvm_memory_used_bytes,"{area=""nonheap"",framework=""spring-boot"",id=""Metaspace"",language=""java"",service=""java-user-service"",}",104161784.0
1790112895.869,java-user-service,jvm_memory_used_bytes,"{area=""heap"",framework=""spring-boot"",id=""G1 Eden Space"",language=""java"",service=""java-user-service"",}",51380224.0
1790112895.869,java-user-service,jvm_memory_used_bytes,"{area=""nonheap"",framework=""spring-boot"",id=""Compressed Class Space"",language=""java"",service=""java-user-service"",}",13402176.0
1790112895.869,java-user-service,jvm_memory_used_bytes,"{area=""nonheap"",framework=""spring-boot"",id=""CodeHeap 'profiled nmethods'"",language=""java"",service=""java-user-service"",}",18125056.0
1790112895.869,java-user-service,jvm_gc_pause_seconds_count,"{action=""end of minor GC"",cause=""G1 Evacuation Pause"",framework=""spring-boot"",gc=""G1 Young Generation"",language=""java"",service=""java-user-service"",}",58.0
1790112895.869,java-user-service,jvm_gc_pause_seconds_sum,"{action=""end of minor GC"",cause=""G1 Evacuation Pause"",framework=""spring-boot"",gc=""G1 Young Generation"",language=""java"",service=""java-user-service"",}",0.294
1790112895.869,java-user-service,hikaricp_connections_acquire_seconds_count,"{framework=""spring-boot"",language=""java"",pool=""HikariPool-1"",service=""java-user-service"",}",2866.0
1790112895.869,java-user-service,hikaricp_connections_acquire_seconds_sum,"{framework=""spring-boot"",language=""java"",pool=""HikariPool-1"",service=""java-user-service"",}",176.920378098
1790112895.869,java-user-service,jvm_memory_committed_bytes,"{area=""nonheap"",framework=""spring-boot"",id=""CodeHeap 'non-nmethods'"",language=""java"",service=""java-user-service"",}",2555904.0
1790112895.869,java-user-service,jvm_memory_committed_bytes,"{area=""nonheap"",framework=""spring-boot"",id=""CodeHeap 'non-profiled nmethods'"",language=""java"",service=""java-user-service"",}",8978432.0
1790112895.869,java-user-service,jvm_memory_committed_bytes,"{area=""heap"",framework=""spring-boot"",id=""G1 Survivor Space"",language=""java"",service=""java-user-service"",}",3145728.0
1790112895.869,java-user-service,jvm_memory_committed_bytes,"{area=""heap"",framework=""spring-boot"",id=""G1 Old Gen"",language=""java"",service=""java-user-service"",}",47185920.0
1790112895.869,java-user-service,jvm_memory_committed_bytes,"{area=""nonheap"",framework=""spring-boot"",id=""Metaspace"",language=""java"",service=""java-user-service"",}",105119744.0
1790112895.869,java-user-service,jvm_memory_committed_bytes,"{area=""heap"",framework=""spring-boot"",id=""G1 Eden Space"",language=""java"",service=""java-user-service"",}",62914560.0
1790112895.869,java-user-service,jvm_memory_committed_bytes,"{area=""nonheap"",framework=""spring-boot"",id=""Compressed Class Space"",language=""java"",service=""java-user-service"",}",13893632.0
1790112895.869,java-user-service,jvm_memory_committed_bytes,"{area=""nonheap"",framework=""spring-boot"",id=""CodeHeap 'profiled nmethods'"",language=""java"",service=""java-user-service"",}",27328512.0
1790112895.869,java-user-service,system_cpu_usage,"{framework=""spring-boot"",language=""java"",service=""java-user-service"",}",1.0
1790112895.869,java-user-service,tomcat_threads_busy_threads,"{framework=""spring-boot"",language=""java"",name=""http-nio-9081"",service=""java-user-service"",}",35.0
1790112895.869,java-user-service,process_cpu_usage,"{framework=""spring-boot"",language=""java"",service=""java-user-service"",}",1.0
1790112895.869,java-user-service,tomcat_threads_current_threads,"{framework=""spring-boot"",language=""java"",name=""http-nio-9081"",service=""java-user-service"",}",47.0
1790112895.869,java-user-service,tomcat_threads_config_max_threads,"{framework=""spring-boot"",language=""java"",name=""http-nio-9081"",service=""java-user-service"",}",64.0
1790112895.869,java-user-service,hikaricp_connections_pending,"{framework=""spring-boot"",language=""java"",pool=""HikariPool-1"",service=""java-user-service"",}",13.0
1790112895.869,java-user-service,hikaricp_connections_active,"{framework=""spring-boot"",language=""java"",pool=""HikariPool-1"",service=""java-user-service"",}",20.0
1790112895.869,java-user-service,hikaricp_connections_usage_seconds_count,"{framework=""spring-boot"",language=""java"",pool=""HikariPool-1"",service=""java-user-service"",}",2850.0
1790112895.869,java-user-service,hikaricp_connections_usage_seconds_sum,"{framework=""spring-boot"",language=""java"",pool=""HikariPool-1"",service=""java-user-service"",}",628.661
1790112895.869,java-product-service,hikaricp_connections_acquire_seconds_count,"{language=""java"",pool=""HikariPool-1"",service=""java-product-service"",}",596.0
1790112895.869,java-product-service,hikaricp_connections_acquire_seconds_sum,"{language=""java"",pool=""HikariPool-1"",service=""java-product-service"",}",0.074356801
1790112895.869,java-product-service,jvm_gc_pause_seconds_count,"{action=""end of minor GC"",cause=""G1 Evacuation Pause"",gc=""G1 Young Generation"",language=""java"",service=""java-product-service"",}",8.0
1790112895.869,java-product-service,jvm_gc_pause_seconds_sum,"{action=""end of minor GC"",cause=""G1 Evacuation Pause"",gc=""G1 Young Generation"",language=""java"",service=""java-product-service"",}",0.044
1790112895.869,java-product-service,tomcat_threads_config_max_threads,"{language=""java"",name=""http-nio-9082"",service=""java-product-service"",}",64.0
1790112895.869,java-product-service,tomcat_threads_busy_threads,"{language=""java"",name=""http-nio-9082"",service=""java-product-service"",}",1.0
1790112895.869,java-product-service,jvm_memory_committed_bytes,"{area=""nonheap"",id=""CodeHeap 'non-nmethods'"",language=""java"",service=""java-product-service"",}",2555904.0
1790112895.869,java-product-service,jvm_memory_committed_bytes,"{area=""heap"",id=""G1 Eden Space"",language=""java"",service=""java-product-service"",}",51380224.0
1790112895.869,java-product-service,jvm_memory_committed_bytes,"{area=""nonheap"",id=""Metaspace"",language=""java"",service=""java-product-service"",}",100073472.0
1790112895.869,java-product-service,jvm_memory_committed_bytes,"{area=""heap"",id=""G1 Old Gen"",language=""java"",service=""java-product-service"",}",46137344.0
1790112895.869,java-product-service,jvm_memory_committed_bytes,"{area=""nonheap"",id=""Compressed Class Space"",language=""java"",service=""java-product-service"",}",13500416.0
1790112895.869,java-product-service,jvm_memory_committed_bytes,"{area=""heap"",id=""G1 Survivor Space"",language=""java"",service=""java-product-service"",}",3145728.0
1790112895.869,java-product-service,jvm_memory_committed_bytes,"{area=""nonheap"",id=""CodeHeap 'profiled nmethods'"",language=""java"",service=""java-product-service"",}",28901376.0
1790112895.869,java-product-service,jvm_memory_committed_bytes,"{area=""nonheap"",id=""CodeHeap 'non-profiled nmethods'"",language=""java"",service=""java-product-service"",}",9240576.0
1790112895.869,java-product-service,jvm_memory_used_bytes,"{area=""nonheap"",id=""CodeHeap 'non-nmethods'"",language=""java"",service=""java-product-service"",}",1639296.0
1790112895.869,java-product-service,jvm_memory_used_bytes,"{area=""heap"",id=""G1 Eden Space"",language=""java"",service=""java-product-service"",}",2097152.0
1790112895.869,java-product-service,jvm_memory_used_bytes,"{area=""nonheap"",id=""Metaspace"",language=""java"",service=""java-product-service"",}",99083464.0
1790112895.869,java-product-service,jvm_memory_used_bytes,"{area=""heap"",id=""G1 Old Gen"",language=""java"",service=""java-product-service"",}",42161272.0
1790112895.869,java-product-service,jvm_memory_used_bytes,"{area=""nonheap"",id=""Compressed Class Space"",language=""java"",service=""java-product-service"",}",13040376.0
1790112895.869,java-product-service,jvm_memory_used_bytes,"{area=""heap"",id=""G1 Survivor Space"",language=""java"",service=""java-product-service"",}",2559456.0
1790112895.869,java-product-service,jvm_memory_used_bytes,"{area=""nonheap"",id=""CodeHeap 'profiled nmethods'"",language=""java"",service=""java-product-service"",}",28881152.0
1790112895.869,java-product-service,jvm_memory_used_bytes,"{area=""nonheap"",id=""CodeHeap 'non-profiled nmethods'"",language=""java"",service=""java-product-service"",}",9239424.0
1790112895.869,java-product-service,hikaricp_connections_pending,"{language=""java"",pool=""HikariPool-1"",service=""java-product-service"",}",0.0
1790112895.869,java-product-service,hikaricp_connections_active,"{language=""java"",pool=""HikariPool-1"",service=""java-product-service"",}",0.0
1790112895.869,java-product-service,hikaricp_connections_usage_seconds_count,"{language=""java"",pool=""HikariPool-1"",service=""java-product-service"",}",596.0
1790112895.869,java-product-service,hikaricp_connections_usage_seconds_sum,"{language=""java"",pool=""HikariPool-1"",service=""java-product-service"",}",0.558
1790112895.869,java-product-service,process_cpu_usage,"{language=""java"",service=""java-product-service"",}",0.02483660130718954
1790112895.869,java-product-service,tomcat_threads_current_threads,"{language=""java"",name=""http-nio-9082"",service=""java-product-service"",}",10.0
1790112895.869,java-product-service,system_cpu_usage,"{language=""java"",service=""java-product-service"",}",0.025623398692810457
1790112895.869,java-order-service,jvm_memory_used_bytes,"{area=""nonheap"",id=""CodeHeap 'non-profiled nmethods'"",language=""java"",service=""java-order-service"",}",6734208.0
1790112895.869,java-order-service,jvm_memory_used_bytes,"{area=""heap"",id=""G1 Eden Space"",language=""java"",service=""java-order-service"",}",28311552.0
1790112895.869,java-order-service,jvm_memory_used_bytes,"{area=""nonheap"",id=""CodeHeap 'profiled nmethods'"",language=""java"",service=""java-order-service"",}",25310464.0
1790112895.869,java-order-service,jvm_memory_used_bytes,"{area=""nonheap"",id=""CodeHeap 'non-nmethods'"",language=""java"",service=""java-order-service"",}",1622528.0
1790112895.869,java-order-service,jvm_memory_used_bytes,"{area=""heap"",id=""G1 Survivor Space"",language=""java"",service=""java-order-service"",}",3670016.0
1790112895.869,java-order-service,jvm_memory_used_bytes,"{area=""nonheap"",id=""Compressed Class Space"",language=""java"",service=""java-order-service"",}",11028936.0
1790112895.869,java-order-service,jvm_memory_used_bytes,"{area=""heap"",id=""G1 Old Gen"",language=""java"",service=""java-order-service"",}",33780176.0
1790112895.869,java-order-service,jvm_memory_used_bytes,"{area=""nonheap"",id=""Metaspace"",language=""java"",service=""java-order-service"",}",85152848.0
1790112895.869,java-order-service,jvm_memory_committed_bytes,"{area=""nonheap"",id=""CodeHeap 'non-profiled nmethods'"",language=""java"",service=""java-order-service"",}",7012352.0
1790112895.869,java-order-service,jvm_memory_committed_bytes,"{area=""heap"",id=""G1 Eden Space"",language=""java"",service=""java-order-service"",}",48234496.0
1790112895.869,java-order-service,jvm_memory_committed_bytes,"{area=""nonheap"",id=""CodeHeap 'profiled nmethods'"",language=""java"",service=""java-order-service"",}",28573696.0
1790112895.869,java-order-service,jvm_memory_committed_bytes,"{area=""nonheap"",id=""CodeHeap 'non-nmethods'"",language=""java"",service=""java-order-service"",}",2555904.0
1790112895.869,java-order-service,jvm_memory_committed_bytes,"{area=""heap"",id=""G1 Survivor Space"",language=""java"",service=""java-order-service"",}",4194304.0
1790112895.869,java-order-service,jvm_memory_committed_bytes,"{area=""nonheap"",id=""Compressed Class Space"",language=""java"",service=""java-order-service"",}",11468800.0
1790112895.869,java-order-service,jvm_memory_committed_bytes,"{area=""heap"",id=""G1 Old Gen"",language=""java"",service=""java-order-service"",}",36700160.0
1790112895.869,java-order-service,jvm_memory_committed_bytes,"{area=""nonheap"",id=""Metaspace"",language=""java"",service=""java-order-service"",}",86048768.0
1790112895.869,java-order-service,hikaricp_connections_active,"{language=""java"",pool=""HikariPool-1"",service=""java-order-service"",}",0.0
1790112895.869,java-order-service,jvm_gc_pause_seconds_count,"{action=""end of minor GC"",cause=""G1 Evacuation Pause"",gc=""G1 Young Generation"",language=""java"",service=""java-order-service"",}",5.0
1790112895.869,java-order-service,jvm_gc_pause_seconds_sum,"{action=""end of minor GC"",cause=""G1 Evacuation Pause"",gc=""G1 Young Generation"",language=""java"",service=""java-order-service"",}",0.037
1790112895.869,java-order-service,hikaricp_connections_acquire_seconds_count,"{language=""java"",pool=""HikariPool-1"",service=""java-order-service"",}",1845.0
1790112895.869,java-order-service,hikaricp_connections_acquire_seconds_sum,"{language=""java"",pool=""HikariPool-1"",service=""java-order-service"",}",0.069907214
1790112895.869,java-order-service,tomcat_threads_config_max_threads,"{language=""java"",name=""http-nio-9083"",service=""java-order-service"",}",64.0
1790112895.869,java-order-service,tomcat_threads_busy_threads,"{language=""java"",name=""http-nio-9083"",service=""java-order-service"",}",1.0
1790112895.869,java-order-service,hikaricp_connections_pending,"{language=""java"",pool=""HikariPool-1"",service=""java-order-service"",}",0.0
1790112895.869,java-order-service,hikaricp_connections_usage_seconds_count,"{language=""java"",pool=""HikariPool-1"",service=""java-order-service"",}",1845.0
1790112895.869,java-order-service,hikaricp_connections_usage_seconds_sum,"{language=""java"",pool=""HikariPool-1"",service=""java-order-service"",}",2.698
1790112895.869,java-order-service,process_cpu_usage,"{language=""java"",service=""java-order-service"",}",0.04967320261437908
1790112895.869,java-order-service,system_cpu_usage,"{language=""java"",service=""java-order-service"",}",0.05329503267973856
1790112895.869,java-order-service,tomcat_threads_current_threads,"{language=""java"",name=""http-nio-9083"",service=""java-order-service"",}",10.0
1790112901.151,java-user-service,jvm_memory_used_bytes,"{area=""nonheap"",framework=""spring-boot"",id=""CodeHeap 'non-nmethods'"",language=""java"",service=""java-user-service"",}",1645952.0
1790112901.151,java-user-service,jvm_memory_used_bytes,"{area=""nonheap"",framework=""spring-boot"",id=""CodeHeap 'non-profiled nmethods'"",language=""java"",service=""java-user-service"",}",8813440.0
1790112901.151,java-user-service,jvm_memory_used_bytes,"{area=""heap"",framework=""spring-boot"",id=""G1 Survivor Space"",language=""java"",service=""java-user-service"",}",3973472.0
1790112901.151,java-user-service,jvm_memory_used_bytes,"{area=""heap"",framework=""spring-boot"",id=""G1 Old Gen"",language=""java"",service=""java-user-service"",}",43900200.0
1790112901.151,java-user-service,jvm_memory_used_bytes,"{area=""nonheap"",framework=""spring-boot"",id=""Metaspace"",language=""java"",service=""java-user-service"",}",104162672.0
1790112901.151,java-user-service,jvm_memory_used_bytes,"{area=""heap"",framework=""spring-boot"",id=""G1 Eden Space"",language=""java"",service=""java-user-service"",}",31457280.0
1790112901.151,java-user-service,jvm_memory_used_bytes,"{area=""nonheap"",framework=""spring-boot"",id=""Compressed Class Space"",language=""java"",service=""java-user-service"",}",13402176.0
1790112901.151,java-user-service,jvm_memory_used_bytes,"{area=""nonheap"",framework=""spring-boot"",id=""CodeHeap 'profiled nmethods'"",language=""java"",service=""java-user-service"",}",18149632.0
1790112901.151,java-user-service,jvm_gc_pause_seconds_count,"{action=""end of minor GC"",cause=""G1 Evacuation Pause"",framework=""spring-boot"",gc=""G1 Young Generation"",language=""java"",service=""java-user-service"",}",61.0
1790112901.151,java-user-service,jvm_gc_pause_seconds_sum,"{action=""end of minor GC"",cause=""G1 Evacuation Pause"",framework=""spring-boot"",gc=""G1 Young Generation"",language=""java"",service=""java-user-service"",}",0.319
1790112901.151,java-user-service,hikaricp_connections_acquire_seconds_count,"{framework=""spring-boot"",language=""java"",pool=""HikariPool-1"",service=""java-user-service"",}",2979.0
1790112901.151,java-user-service,hikaricp_connections_acquire_seconds_sum,"{framework=""spring-boot"",language=""java"",pool=""HikariPool-1"",service=""java-user-service"",}",258.925121891
1790112901.151,java-user-service,jvm_memory_committed_bytes,"{area=""nonheap"",framework=""spring-boot"",id=""CodeHeap 'non-nmethods'"",language=""java"",service=""java-user-service"",}",2555904.0
1790112901.151,java-user-service,jvm_memory_committed_bytes,"{area=""nonheap"",framework=""spring-boot"",id=""CodeHeap 'non-profiled nmethods'"",language=""java"",service=""java-user-service"",}",9043968.0
1790112901.151,java-user-service,jvm_memory_committed_bytes,"{area=""heap"",framework=""spring-boot"",id=""G1 Survivor Space"",language=""java"",service=""java-user-service"",}",4194304.0
1790112901.151,java-user-service,jvm_memory_committed_bytes,"{area=""heap"",framework=""spring-boot"",id=""G1 Old Gen"",language=""java"",service=""java-user-service"",}",47185920.0
1790112901.151,java-user-service,jvm_memory_committed_bytes,"{area=""nonheap"",framework=""spring-boot"",id=""Metaspace"",language=""java"",service=""java-user-service"",}",105119744.0
1790112901.151,java-user-service,jvm_memory_committed_bytes,"{area=""heap"",framework=""spring-boot"",id=""G1 Eden Space"",language=""java"",service=""java-user-service"",}",61865984.0
1790112901.151,java-user-service,jvm_memory_committed_bytes,"{area=""nonheap"",framework=""spring-boot"",id=""Compressed Class Space"",language=""java"",service=""java-user-service"",}",13893632.0
1790112901.151,java-user-service,jvm_memory_committed_bytes,"{area=""nonheap"",framework=""spring-boot"",id=""CodeHeap 'profiled nmethods'"",language=""java"",service=""java-user-service"",}",27328512.0
1790112901.151,java-user-service,system_cpu_usage,"{framework=""spring-boot"",language=""java"",service=""java-user-service"",}",1.0
1790112901.151,java-user-service,tomcat_threads_busy_threads,"{framework=""spring-boot"",language=""java"",name=""http-nio-9081"",service=""java-user-service"",}",44.0
1790112901.151,java-user-service,process_cpu_usage,"{framework=""spring-boot"",language=""java"",service=""java-user-service"",}",0.9962962962962963
1790112901.151,java-user-service,tomcat_threads_current_threads,"{framework=""spring-boot"",language=""java"",name=""http-nio-9081"",service=""java-user-service"",}",52.0
1790112901.151,java-user-service,tomcat_threads_config_max_threads,"{framework=""spring-boot"",language=""java"",name=""http-nio-9081"",service=""java-user-service"",}",64.0
1790112901.151,java-user-service,hikaricp_connections_pending,"{framework=""spring-boot"",language=""java"",pool=""HikariPool-1"",service=""java-user-service"",}",20.0
1790112901.151,java-user-service,hikaricp_connections_active,"{framework=""spring-boot"",language=""java"",pool=""HikariPool-1"",service=""java-user-service"",}",20.0
1790112901.151,java-user-service,hikaricp_connections_usage_seconds_count,"{framework=""spring-boot"",language=""java"",pool=""HikariPool-1"",service=""java-user-service"",}",2967.0
1790112901.151,java-user-service,hikaricp_connections_usage_seconds_sum,"{framework=""spring-boot"",language=""java"",pool=""HikariPool-1"",service=""java-user-service"",}",741.866
1790112901.151,java-product-service,hikaricp_connections_acquire_seconds_count,"{language=""java"",pool=""HikariPool-1"",service=""java-product-service"",}",604.0
1790112901.151,java-product-service,hikaricp_connections_acquire_seconds_sum,"{language=""java"",pool=""HikariPool-1"",service=""java-product-service"",}",0.075105969
1790112901.151,java-product-service,jvm_gc_pause_seconds_count,"{action=""end of minor GC"",cause=""G1 Evacuation Pause"",gc=""G1 Young Generation"",language=""java"",service=""java-product-service"",}",8.0
1790112901.151,java-product-service,jvm_gc_pause_seconds_sum,"{action=""end of minor GC"",cause=""G1 Evacuation Pause"",gc=""G1 Young Generation"",language=""java"",service=""java-product-service"",}",0.044
1790112901.151,java-product-service,tomcat_threads_config_max_threads,"{language=""java"",name=""http-nio-9082"",service=""java-product-service"",}",64.0
1790112901.151,java-product-service,tomcat_threads_busy_threads,"{language=""java"",name=""http-nio-9082"",service=""java-product-service"",}",1.0
1790112901.151,java-product-service,jvm_memory_committed_bytes,"{area=""nonheap"",id=""CodeHeap 'non-nmethods'"",language=""java"",service=""java-product-service"",}",2555904.0
1790112901.151,java-product-service,jvm_memory_committed_bytes,"{area=""heap"",id=""G1 Eden Space"",language=""java"",service=""java-product-service"",}",51380224.0
1790112901.151,java-product-service,jvm_memory_committed_bytes,"{area=""nonheap"",id=""Metaspace"",language=""java"",service=""java-product-service"",}",100073472.0
1790112901.151,java-product-service,jvm_memory_committed_bytes,"{area=""heap"",id=""G1 Old Gen"",language=""java"",service=""java-product-service"",}",46137344.0
1790112901.151,java-product-service,jvm_memory_committed_bytes,"{area=""nonheap"",id=""Compressed Class Space"",language=""java"",service=""java-product-service"",}",13500416.0
1790112901.151,java-product-service,jvm_memory_committed_bytes,"{area=""heap"",id=""G1 Survivor Space"",language=""java"",service=""java-product-service"",}",3145728.0
1790112901.151,java-product-service,jvm_memory_committed_bytes,"{area=""nonheap"",id=""CodeHeap 'profiled nmethods'"",language=""java"",service=""java-product-service"",}",28966912.0
1790112901.151,java-product-service,jvm_memory_committed_bytes,"{area=""nonheap"",id=""CodeHeap 'non-profiled nmethods'"",language=""java"",service=""java-product-service"",}",9306112.0
1790112901.151,java-product-service,jvm_memory_used_bytes,"{area=""nonheap"",id=""CodeHeap 'non-nmethods'"",language=""java"",service=""java-product-service"",}",1639296.0
1790112901.151,java-product-service,jvm_memory_used_bytes,"{area=""heap"",id=""G1 Eden Space"",language=""java"",service=""java-product-service"",}",10485760.0
1790112901.151,java-product-service,jvm_memory_used_bytes,"{area=""nonheap"",id=""Metaspace"",language=""java"",service=""java-product-service"",}",99087272.0
1790112901.151,java-product-service,jvm_memory_used_bytes,"{area=""heap"",id=""G1 Old Gen"",language=""java"",service=""java-product-service"",}",42161272.0
1790112901.151,java-product-service,jvm_memory_used_bytes,"{area=""nonheap"",id=""Compressed Class Space"",language=""java"",service=""java-product-service"",}",13040376.0
1790112901.151,java-product-service,jvm_memory_used_bytes,"{area=""heap"",id=""G1 Survivor Space"",language=""java"",service=""java-product-service"",}",2559456.0
1790112901.151,java-product-service,jvm_memory_used_bytes,"{area=""nonheap"",id=""CodeHeap 'profiled nmethods'"",language=""java"",service=""java-product-service"",}",28910464.0
1790112901.151,java-product-service,jvm_memory_used_bytes,"{area=""nonheap"",id=""CodeHeap 'non-profiled nmethods'"",language=""java"",service=""java-product-service"",}",9264384.0
1790112901.151,java-product-service,hikaricp_connections_pending,"{language=""java"",pool=""HikariPool-1"",service=""java-product-service"",}",0.0
1790112901.151,java-product-service,hikaricp_connections_active,"{language=""java"",pool=""HikariPool-1"",service=""java-product-service"",}",0.0
1790112901.151,java-product-service,hikaricp_connections_usage_seconds_count,"{language=""java"",pool=""HikariPool-1"",service=""java-product-service"",}",604.0
1790112901.151,java-product-service,hikaricp_connections_usage_seconds_sum,"{language=""java"",pool=""HikariPool-1"",service=""java-product-service"",}",0.558
1790112901.151,java-product-service,process_cpu_usage,"{language=""java"",service=""java-product-service"",}",0.02875816993464052
1790112901.151,java-product-service,tomcat_threads_current_threads,"{language=""java"",name=""http-nio-9082"",service=""java-product-service"",}",10.0
1790112901.151,java-product-service,system_cpu_usage,"{language=""java"",service=""java-product-service"",}",0.0303159477124183
1790112901.151,java-order-service,jvm_memory_used_bytes,"{area=""nonheap"",id=""CodeHeap 'non-profiled nmethods'"",language=""java"",service=""java-order-service"",}",6832128.0
1790112901.151,java-order-service,jvm_memory_used_bytes,"{area=""heap"",id=""G1 Eden Space"",language=""java"",service=""java-order-service"",}",36700160.0
1790112901.151,java-order-service,jvm_memory_used_bytes,"{area=""nonheap"",id=""CodeHeap 'profiled nmethods'"",language=""java"",service=""java-order-service"",}",25341440.0
1790112901.151,java-order-service,jvm_memory_used_bytes,"{area=""nonheap"",id=""CodeHeap 'non-nmethods'"",language=""java"",service=""java-order-service"",}",1629312.0
1790112901.151,java-order-service,jvm_memory_used_bytes,"{area=""heap"",id=""G1 Survivor Space"",language=""java"",service=""java-order-service"",}",3670016.0
1790112901.151,java-order-service,jvm_memory_used_bytes,"{area=""nonheap"",id=""Compressed Class Space"",language=""java"",service=""java-order-service"",}",11028936.0
1790112901.151,java-order-service,jvm_memory_used_bytes,"{area=""heap"",id=""G1 Old Gen"",language=""java"",service=""java-order-service"",}",33780176.0
1790112901.151,java-order-service,jvm_memory_used_bytes,"{area=""nonheap"",id=""Metaspace"",language=""java"",service=""java-order-service"",}",85162648.0
1790112901.151,java-order-service,jvm_memory_committed_bytes,"{area=""nonheap"",id=""CodeHeap 'non-profiled nmethods'"",language=""java"",service=""java-order-service"",}",7012352.0
1790112901.151,java-order-service,jvm_memory_committed_bytes,"{area=""heap"",id=""G1 Eden Space"",language=""java"",service=""java-order-service"",}",48234496.0
1790112901.151,java-order-service,jvm_memory_committed_bytes,"{area=""nonheap"",id=""CodeHeap 'profiled nmethods'"",language=""java"",service=""java-order-service"",}",28573696.0
1790112901.151,java-order-service,jvm_memory_committed_bytes,"{area=""nonheap"",id=""CodeHeap 'non-nmethods'"",language=""java"",service=""java-order-service"",}",2555904.0
1790112901.151,java-order-service,jvm_memory_committed_bytes,"{area=""heap"",id=""G1 Survivor Space"",language=""java"",service=""java-order-service"",}",4194304.0
1790112901.151,java-order-service,jvm_memory_committed_bytes,"{area=""nonheap"",id=""Compressed Class Space"",language=""java"",service=""java-order-service"",}",11468800.0
1790112901.151,java-order-service,jvm_memory_committed_bytes,"{area=""heap"",id=""G1 Old Gen"",language=""java"",service=""java-order-service"",}",36700160.0
1790112901.151,java-order-service,jvm_memory_committed_bytes,"{area=""nonheap"",id=""Metaspace"",language=""java"",service=""java-order-service"",}",86048768.0
1790112901.151,java-order-service,hikaricp_connections_active,"{language=""java"",pool=""HikariPool-1"",service=""java-order-service"",}",0.0
1790112901.151,java-order-service,jvm_gc_pause_seconds_count,"{action=""end of minor GC"",cause=""G1 Evacuation Pause"",gc=""G1 Young Generation"",language=""java"",service=""java-order-service"",}",5.0
1790112901.151,java-order-service,jvm_gc_pause_seconds_sum,"{action=""end of minor GC"",cause=""G1 Evacuation Pause"",gc=""G1 Young Generation"",language=""java"",service=""java-order-service"",}",0.037
1790112901.151,java-order-service,hikaricp_connections_acquire_seconds_count,"{language=""java"",pool=""HikariPool-1"",service=""java-order-service"",}",1919.0
1790112901.151,java-order-service,hikaricp_connections_acquire_seconds_sum,"{language=""java"",pool=""HikariPool-1"",service=""java-order-service"",}",0.072937335
1790112901.151,java-order-service,tomcat_threads_config_max_threads,"{language=""java"",name=""http-nio-9083"",service=""java-order-service"",}",64.0
1790112901.151,java-order-service,tomcat_threads_busy_threads,"{language=""java"",name=""http-nio-9083"",service=""java-order-service"",}",1.0
1790112901.151,java-order-service,hikaricp_connections_pending,"{language=""java"",pool=""HikariPool-1"",service=""java-order-service"",}",0.0
1790112901.151,java-order-service,hikaricp_connections_usage_seconds_count,"{language=""java"",pool=""HikariPool-1"",service=""java-order-service"",}",1919.0
1790112901.151,java-order-service,hikaricp_connections_usage_seconds_sum,"{language=""java"",pool=""HikariPool-1"",service=""java-order-service"",}",2.837
1790112901.151,java-order-service,process_cpu_usage,"{language=""java"",service=""java-order-service"",}",0.0425531914893617
1790112901.151,java-order-service,system_cpu_usage,"{language=""java"",service=""java-order-service"",}",0.04230283687943263
1790112901.151,java-order-service,tomcat_threads_current_threads,"{language=""java"",name=""http-nio-9083"",service=""java-order-service"",}",10.0
1790112906.656,java-user-service,jvm_memory_used_bytes,"{area=""nonheap"",framework=""spring-boot"",id=""CodeHeap 'non-nmethods'"",language=""java"",service=""java-user-service"",}",1645952.0
1790112906.656,java-user-service,jvm_memory_used_bytes,"{area=""nonheap"",framework=""spring-boot"",id=""CodeHeap 'non-profiled nmethods'"",language=""java"",service=""java-user-service"",}",8873600.0
1790112906.656,java-user-service,jvm_memory_used_bytes,"{area=""heap"",framework=""spring-boot"",id=""G1 Survivor Space"",language=""java"",service=""java-user-service"",}",4194304.0
1790112906.656,java-user-service,jvm_memory_used_bytes,"{area=""heap"",framework=""spring-boot"",id=""G1 Old Gen"",language=""java"",service=""java-user-service"",}",43814328.0
1790112906.656,java-user-service,jvm_memory_used_bytes,"{area=""nonheap"",framework=""spring-boot"",id=""Metaspace"",language=""java"",service=""java-user-service"",}",104174048.0
1790112906.656,java-user-service,jvm_memory_used_bytes,"{area=""heap"",framework=""spring-boot"",id=""G1 Eden Space"",language=""java"",service=""java-user-service"",}",26214400.0
1790112906.656,java-user-service,jvm_memory_used_bytes,"{area=""nonheap"",framework=""spring-boot"",id=""Compressed Class Space"",language=""java"",service=""java-user-service"",}",13402176.0
1790112906.656,java-user-service,jvm_memory_used_bytes,"{area=""nonheap"",framework=""spring-boot"",id=""CodeHeap 'profiled nmethods'"",language=""java"",service=""java-user-service"",}",18049536.0
1790112906.656,java-user-service,jvm_gc_pause_seconds_count,"{action=""end of minor GC"",cause=""G1 Evacuation Pause"",framework=""spring-boot"",gc=""G1 Young Generation"",language=""java"",service=""java-user-service"",}",64.0
1790112906.656,java-user-service,jvm_gc_pause_seconds_sum,"{action=""end of minor GC"",cause=""G1 Evacuation Pause"",framework=""spring-boot"",gc=""G1 Young Generation"",language=""java"",service=""java-user-service"",}",0.341
1790112906.656,java-user-service,hikaricp_connections_acquire_seconds_count,"{framework=""spring-boot"",language=""java"",pool=""HikariPool-1"",service=""java-user-service"",}",3107.0
1790112906.656,java-user-service,hikaricp_connections_acquire_seconds_sum,"{framework=""spring-boot"",language=""java"",pool=""HikariPool-1"",service=""java-user-service"",}",378.251855485
1790112906.656,java-user-service,jvm_memory_committed_bytes,"{area=""nonheap"",framework=""spring-boot"",id=""CodeHeap 'non-nmethods'"",language=""java"",service=""java-user-service"",}",2555904.0
1790112906.656,java-user-service,jvm_memory_committed_bytes,"{area=""nonheap"",framework=""spring-boot"",id=""CodeHeap 'non-profiled nmethods'"",language=""java"",service=""java-user-service"",}",9109504.0
1790112906.656,java-user-service,jvm_memory_committed_bytes,"{area=""heap"",framework=""spring-boot"",id=""G1 Survivor Space"",language=""java"",service=""java-user-service"",}",4194304.0
1790112906.656,java-user-service,jvm_memory_committed_bytes,"{area=""heap"",framework=""spring-boot"",id=""G1 Old Gen"",language=""java"",service=""java-user-service"",}",47185920.0
1790112906.656,java-user-service,jvm_memory_committed_bytes,"{area=""nonheap"",framework=""spring-boot"",id=""Metaspace"",language=""java"",service=""java-user-service"",}",105119744.0
1790112906.656,java-user-service,jvm_memory_committed_bytes,"{area=""heap"",framework=""spring-boot"",id=""G1 Eden Space"",language=""java"",service=""java-user-service"",}",61865984.0
1790112906.656,java-user-service,jvm_memory_committed_bytes,"{area=""nonheap"",framework=""spring-boot"",id=""Compressed Class Space"",language=""java"",service=""java-user-service"",}",13893632.0
1790112906.656,java-user-service,jvm_memory_committed_bytes,"{area=""nonheap"",framework=""spring-boot"",id=""CodeHeap 'profiled nmethods'"",language=""java"",service=""java-user-service"",}",27328512.0
1790112906.656,java-user-service,system_cpu_usage,"{framework=""spring-boot"",language=""java"",service=""java-user-service"",}",0.9875632727272727
1790112906.656,java-user-service,tomcat_threads_busy_threads,"{framework=""spring-boot"",language=""java"",name=""http-nio-9081"",service=""java-user-service"",}",25.0
1790112906.656,java-user-service,process_cpu_usage,"{framework=""spring-boot"",language=""java"",service=""java-user-service"",}",0.9975308641975309
1790112906.656,java-user-service,tomcat_threads_current_threads,"{framework=""spring-boot"",language=""java"",name=""http-nio-9081"",service=""java-user-service"",}",53.0
1790112906.656,java-user-service,tomcat_threads_config_max_threads,"{framework=""spring-boot"",language=""java"",name=""http-nio-9081"",service=""java-user-service"",}",64.0
1790112906.656,java-user-service,hikaricp_connections_pending,"{framework=""spring-boot"",language=""java"",pool=""HikariPool-1"",service=""java-user-service"",}",3.0
1790112906.656,java-user-service,hikaricp_connections_active,"{framework=""spring-boot"",language=""java"",pool=""HikariPool-1"",service=""java-user-service"",}",20.0
1790112906.656,java-user-service,hikaricp_connections_usage_seconds_count,"{framework=""spring-boot"",language=""java"",pool=""HikariPool-1"",service=""java-user-service"",}",3088.0
1790112906.656,java-user-service,hikaricp_connections_usage_seconds_sum,"{framework=""spring-boot"",language=""java"",pool=""HikariPool-1"",service=""java-user-service"",}",845.77
1790112906.656,java-product-service,hikaricp_connections_acquire_seconds_count,"{language=""java"",pool=""HikariPool-1"",service=""java-product-service"",}",617.0
1790112906.656,java-product-service,hikaricp_connections_acquire_seconds_sum,"{language=""java"",pool=""HikariPool-1"",service=""java-product-service"",}",0.077606678
1790112906.656,java-product-service,jvm_gc_pause_seconds_count,"{action=""end of minor GC"",cause=""G1 Evacuation Pause"",gc=""G1 Young Generation"",language=""java"",service=""java-product-service"",}",8.0
1790112906.656,java-product-service,jvm_gc_pause_seconds_sum,"{action=""end of minor GC"",cause=""G1 Evacuation Pause"",gc=""G1 Young Generation"",language=""java"",service=""java-product-service"",}",0.044
1790112906.656,java-product-service,tomcat_threads_config_max_threads,"{language=""java"",name=""http-nio-9082"",service=""java-product-service"",}",64.0
1790112906.656,java-product-service,tomcat_threads_busy_threads,"{language=""java"",name=""http-nio-9082"",service=""java-product-service"",}",1.0
1790112906.656,java-product-service,jvm_memory_committed_bytes,"{area=""nonheap"",id=""CodeHeap 'non-nmethods'"",language=""java"",service=""java-product-service"",}",2555904.0
1790112906.656,java-product-service,jvm_memory_committed_bytes,"{area=""heap"",id=""G1 Eden Space"",language=""java"",service=""java-product-service"",}",51380224.0
1790112906.656,java-product-service,jvm_memory_committed_bytes,"{area=""nonheap"",id=""Metaspace"",language=""java"",service=""java-product-service"",}",100139008.0
1790112906.656,java-product-service,jvm_memory_committed_bytes,"{area=""heap"",id=""G1 Old Gen"",language=""java"",service=""java-product-service"",}",46137344.0
1790112906.656,java-product-service,jvm_memory_committed_bytes,"{area=""nonheap"",id=""Compressed Class Space"",language=""java"",service=""java-product-service"",}",13500416.0
1790112906.656,java-product-service,jvm_memory_committed_bytes,"{area=""heap"",id=""G1 Survivor Space"",language=""java"",service=""java-product-service"",}",3145728.0
1790112906.656,java-product-service,jvm_memory_committed_bytes,"{area=""nonheap"",id=""CodeHeap 'profiled nmethods'"",language=""java"",service=""java-product-service"",}",29032448.0
1790112906.656,java-product-service,jvm_memory_committed_bytes,"{area=""nonheap"",id=""CodeHeap 'non-profiled nmethods'"",language=""java"",service=""java-product-service"",}",9502720.0
1790112906.656,java-product-service,jvm_memory_used_bytes,"{area=""nonheap"",id=""CodeHeap 'non-nmethods'"",language=""java"",service=""java-product-service"",}",1639296.0
1790112906.656,java-product-service,jvm_memory_used_bytes,"{area=""heap"",id=""G1 Eden Space"",language=""java"",service=""java-product-service"",}",18874368.0
1790112906.656,java-product-service,jvm_memory_used_bytes,"{area=""nonheap"",id=""Metaspace"",language=""java"",service=""java-product-service"",}",99136632.0
1790112906.656,java-product-service,jvm_memory_used_bytes,"{area=""heap"",id=""G1 Old Gen"",language=""java"",service=""java-product-service"",}",42161272.0
1790112906.656,java-product-service,jvm_memory_used_bytes,"{area=""nonheap"",id=""Compressed Class Space"",language=""java"",service=""java-product-service"",}",13044536.0
1790112906.656,java-product-service,jvm_memory_used_bytes,"{area=""heap"",id=""G1 Survivor Space"",language=""java"",service=""java-product-service"",}",2559456.0
1790112906.656,java-product-service,jvm_memory_used_bytes,"{area=""nonheap"",id=""CodeHeap 'profiled nmethods'"",language=""java"",service=""java-product-service"",}",29017088.0
1790112906.656,java-product-service,jvm_memory_used_bytes,"{area=""nonheap"",id=""CodeHeap 'non-profiled nmethods'"",language=""java"",service=""java-product-service"",}",9442048.0
1790112906.656,java-product-service,hikaricp_connections_pending,"{language=""java"",pool=""HikariPool-1"",service=""java-product-service"",}",0.0
1790112906.656,java-product-service,hikaricp_connections_active,"{language=""java"",pool=""HikariPool-1"",service=""java-product-service"",}",0.0
1790112906.656,java-product-service,hikaricp_connections_usage_seconds_count,"{language=""java"",pool=""HikariPool-1"",service=""java-product-service"",}",617.0
1790112906.656,java-product-service,hikaricp_connections_usage_seconds_sum,"{language=""java"",pool=""HikariPool-1"",service=""java-product-service"",}",0.589
1790112906.656,java-product-service,process_cpu_usage,"{language=""java"",service=""java-product-service"",}",0.05
1790112906.656,java-product-service,tomcat_threads_current_threads,"{language=""java"",name=""http-nio-9082"",service=""java-product-service"",}",10.0
1790112906.656,java-product-service,system_cpu_usage,"{language=""java"",service=""java-product-service"",}",0.04913384615384615
1790112906.656,java-order-service,jvm_memory_used_bytes,"{area=""nonheap"",id=""CodeHeap 'non-profiled nmethods'"",language=""java"",service=""java-order-service"",}",6933888.0
1790112906.656,java-order-service,jvm_memory_used_bytes,"{area=""heap"",id=""G1 Eden Space"",language=""java"",service=""java-order-service"",}",1048576.0
1790112906.656,java-order-service,jvm_memory_used_bytes,"{area=""nonheap"",id=""CodeHeap 'profiled nmethods'"",language=""java"",service=""java-order-service"",}",25387520.0
1790112906.656,java-order-service,jvm_memory_used_bytes,"{area=""nonheap"",id=""CodeHeap 'non-nmethods'"",language=""java"",service=""java-order-service"",}",1622528.0
1790112906.656,java-order-service,jvm_memory_used_bytes,"{area=""heap"",id=""G1 Survivor Space"",language=""java"",service=""java-order-service"",}",2097152.0
1790112906.656,java-order-service,jvm_memory_used_bytes,"{area=""nonheap"",id=""Compressed Class Space"",language=""java"",service=""java-order-service"",}",11029952.0
1790112906.656,java-order-service,jvm_memory_used_bytes,"{area=""heap"",id=""G1 Old Gen"",language=""java"",service=""java-order-service"",}",35571584.0
1790112906.656,java-order-service,jvm_memory_used_bytes,"{area=""nonheap"",id=""Metaspace"",language=""java"",service=""java-order-service"",}",85174040.0
1790112906.656,java-order-service,jvm_memory_committed_bytes,"{area=""nonheap"",id=""CodeHeap 'non-profiled nmethods'"",language=""java"",service=""java-order-service"",}",7012352.0
1790112906.656,java-order-service,jvm_memory_committed_bytes,"{area=""heap"",id=""G1 Eden Space"",language=""java"",service=""java-order-service"",}",49283072.0
1790112906.656,java-order-service,jvm_memory_committed_bytes,"{area=""nonheap"",id=""CodeHeap 'profiled nmethods'"",language=""java"",service=""java-order-service"",}",28573696.0
1790112906.656,java-order-service,jvm_memory_committed_bytes,"{area=""nonheap"",id=""CodeHeap 'non-nmethods'"",language=""java"",service=""java-order-service"",}",2555904.0
1790112906.656,java-order-service,jvm_memory_committed_bytes,"{area=""heap"",id=""G1 Survivor Space"",language=""java"",service=""java-order-service"",}",2097152.0
1790112906.656,java-order-service,jvm_memory_committed_bytes,"{area=""nonheap"",id=""Compressed Class Space"",language=""java"",service=""java-order-service"",}",11468800.0
1790112906.656,java-order-service,jvm_memory_committed_bytes,"{area=""heap"",id=""G1 Old Gen"",language=""java"",service=""java-order-service"",}",37748736.0
1790112906.656,java-order-service,jvm_memory_committed_bytes,"{area=""nonheap"",id=""Metaspace"",language=""java"",service=""java-order-service"",}",86048768.0
1790112906.656,java-order-service,hikaricp_connections_active,"{language=""java"",pool=""HikariPool-1"",service=""java-order-service"",}",0.0
1790112906.656,java-order-service,jvm_gc_pause_seconds_count,"{action=""end of minor GC"",cause=""G1 Evacuation Pause"",gc=""G1 Young Generation"",language=""java"",service=""java-order-service"",}",6.0
1790112906.656,java-order-service,jvm_gc_pause_seconds_sum,"{action=""end of minor GC"",cause=""G1 Evacuation Pause"",gc=""G1 Young Generation"",language=""java"",service=""java-order-service"",}",0.044
1790112906.656,java-order-service,hikaricp_connections_acquire_seconds_count,"{language=""java"",pool=""HikariPool-1"",service=""java-order-service"",}",1993.0
1790112906.656,java-order-service,hikaricp_connections_acquire_seconds_sum,"{language=""java"",pool=""HikariPool-1"",service=""java-order-service"",}",0.076252332
1790112906.656,java-order-service,tomcat_threads_config_max_threads,"{language=""java"",name=""http-nio-9083"",service=""java-order-service"",}",64.0
1790112906.656,java-order-service,tomcat_threads_busy_threads,"{language=""java"",name=""http-nio-9083"",service=""java-order-service"",}",1.0
1790112906.656,java-order-service,hikaricp_connections_pending,"{language=""java"",pool=""HikariPool-1"",service=""java-order-service"",}",0.0
1790112906.656,java-order-service,hikaricp_connections_usage_seconds_count,"{language=""java"",pool=""HikariPool-1"",service=""java-order-service"",}",1993.0
1790112906.656,java-order-service,hikaricp_connections_usage_seconds_sum,"{language=""java"",pool=""HikariPool-1"",service=""java-order-service"",}",2.967
1790112906.656,java-order-service,process_cpu_usage,"{language=""java"",service=""java-order-service"",}",0.038461538461538464
1790112906.656,java-order-service,system_cpu_usage,"{language=""java"",service=""java-order-service"",}",0.03930769230769231
1790112906.656,java-order-service,tomcat_threads_current_threads,"{language=""java"",name=""http-nio-9083"",service=""java-order-service"",}",10.0
1790112911.952,java-user-service,jvm_memory_used_bytes,"{area=""nonheap"",framework=""spring-boot"",id=""CodeHeap 'non-nmethods'"",language=""java"",service=""java-user-service"",}",1645952.0
1790112911.952,java-user-service,jvm_memory_used_bytes,"{area=""nonheap"",framework=""spring-boot"",id=""CodeHeap 'non-profiled nmethods'"",language=""java"",service=""java-user-service"",}",8993664.0
1790112911.952,java-user-service,jvm_memory_used_bytes,"{area=""heap"",framework=""spring-boot"",id=""G1 Survivor Space"",language=""java"",service=""java-user-service"",}",2976464.0
1790112911.952,java-user-service,jvm_memory_used_bytes,"{area=""heap"",framework=""spring-boot"",id=""G1 Old Gen"",language=""java"",service=""java-user-service"",}",44965208.0
1790112911.952,java-user-service,jvm_memory_used_bytes,"{area=""nonheap"",framework=""spring-boot"",id=""Metaspace"",language=""java"",service=""java-user-service"",}",104181288.0
1790112911.952,java-user-service,jvm_memory_used_bytes,"{area=""heap"",framework=""spring-boot"",id=""G1 Eden Space"",language=""java"",service=""java-user-service"",}",20971520.0
1790112911.952,java-user-service,jvm_memory_used_bytes,"{area=""nonheap"",framework=""spring-boot"",id=""Compressed Class Space"",language=""java"",service=""java-user-service"",}",13402176.0
1790112911.952,java-user-service,jvm_memory_used_bytes,"{area=""nonheap"",framework=""spring-boot"",id=""CodeHeap 'profiled nmethods'"",language=""java"",service=""java-user-service"",}",17910016.0
1790112911.952,java-user-service,jvm_gc_pause_seconds_count,"{action=""end of minor GC"",cause=""G1 Evacuation Pause"",framework=""spring-boot"",gc=""G1 Young Generation"",language=""java"",service=""java-user-service"",}",67.0
1790112911.952,java-user-service,jvm_gc_pause_seconds_sum,"{action=""end of minor GC"",cause=""G1 Evacuation Pause"",framework=""spring-boot"",gc=""G1 Young Generation"",language=""java"",service=""java-user-service"",}",0.36
1790112911.952,java-user-service,hikaricp_connections_acquire_seconds_count,"{framework=""spring-boot"",language=""java"",pool=""HikariPool-1"",service=""java-user-service"",}",3213.0
1790112911.952,java-user-service,hikaricp_connections_acquire_seconds_sum,"{framework=""spring-boot"",language=""java"",pool=""HikariPool-1"",service=""java-user-service"",}",448.553611525
1790112911.952,java-user-service,jvm_memory_committed_bytes,"{area=""nonheap"",framework=""spring-boot"",id=""CodeHeap 'non-nmethods'"",language=""java"",service=""java-user-service"",}",2555904.0
1790112911.952,java-user-service,jvm_memory_committed_bytes,"{area=""nonheap"",framework=""spring-boot"",id=""CodeHeap 'non-profiled nmethods'"",language=""java"",service=""java-user-service"",}",9175040.0
1790112911.952,java-user-service,jvm_memory_committed_bytes,"{area=""heap"",framework=""spring-boot"",id=""G1 Survivor Space"",language=""java"",service=""java-user-service"",}",3145728.0
1790112911.952,java-user-service,jvm_memory_committed_bytes,"{area=""heap"",framework=""spring-boot"",id=""G1 Old Gen"",language=""java"",service=""java-user-service"",}",48234496.0
1790112911.952,java-user-service,jvm_memory_committed_bytes,"{area=""nonheap"",framework=""spring-boot"",id=""Metaspace"",language=""java"",service=""java-user-service"",}",105119744.0
1790112911.952,java-user-service,jvm_memory_committed_bytes,"{area=""heap"",framework=""spring-boot"",id=""G1 Eden Space"",language=""java"",service=""java-user-service"",}",61865984.0
1790112911.952,java-user-service,jvm_memory_committed_bytes,"{area=""nonheap"",framework=""spring-boot"",id=""Compressed Class Space"",language=""java"",service=""java-user-service"",}",13893632.0
1790112911.952,java-user-service,jvm_memory_committed_bytes,"{area=""nonheap"",framework=""spring-boot"",id=""CodeHeap 'profiled nmethods'"",language=""java"",service=""java-user-service"",}",27328512.0
1790112911.952,java-user-service,system_cpu_usage,"{framework=""spring-boot"",language=""java"",service=""java-user-service"",}",1.0
1790112911.952,java-user-service,tomcat_threads_busy_threads,"{framework=""spring-boot"",language=""java"",name=""http-nio-9081"",service=""java-user-service"",}",43.0
1790112911.952,java-user-service,process_cpu_usage,"{framework=""spring-boot"",language=""java"",service=""java-user-service"",}",1.0
1790112911.952,java-user-service,tomcat_threads_current_threads,"{framework=""spring-boot"",language=""java"",name=""http-nio-9081"",service=""java-user-service"",}",53.0
1790112911.952,java-user-service,tomcat_threads_config_max_threads,"{framework=""spring-boot"",language=""java"",name=""http-nio-9081"",service=""java-user-service"",}",64.0
1790112911.952,java-user-service,hikaricp_connections_pending,"{framework=""spring-boot"",language=""java"",pool=""HikariPool-1"",service=""java-user-service"",}",22.0
1790112911.952,java-user-service,hikaricp_connections_active,"{framework=""spring-boot"",language=""java"",pool=""HikariPool-1"",service=""java-user-service"",}",20.0
1790112911.952,java-user-service,hikaricp_connections_usage_seconds_count,"{framework=""spring-boot"",language=""java"",pool=""HikariPool-1"",service=""java-user-service"",}",3193.0
1790112911.952,java-user-service,hikaricp_connections_usage_seconds_sum,"{framework=""spring-boot"",language=""java"",pool=""HikariPool-1"",service=""java-user-service"",}",940.183
1790112911.952,java-product-service,hikaricp_connections_acquire_seconds_count,"{language=""java"",pool=""HikariPool-1"",service=""java-product-service"",}",626.0
1790112911.952,java-product-service,hikaricp_connections_acquire_seconds_sum,"{language=""java"",pool=""HikariPool-1"",service=""java-product-service"",}",0.078679884
1790112911.952,java-product-service,jvm_gc_pause_seconds_count,"{action=""end of minor GC"",cause=""G1 Evacuation Pause"",gc=""G1 Young Generation"",language=""java"",service=""java-product-service"",}",8.0
1790112911.952,java-product-service,jvm_gc_pause_seconds_sum,"{action=""end of minor GC"",cause=""G1 Evacuation Pause"",gc=""G1 Young Generation"",language=""java"",service=""java-product-service"",}",0.044
1790112911.952,java-product-service,tomcat_threads_config_max_threads,"{language=""java"",name=""http-nio-9082"",service=""java-product-service"",}",64.0
1790112911.952,java-product-service,tomcat_threads_busy_threads,"{language=""java"",name=""http-nio-9082"",service=""java-product-service"",}",1.0
1790112911.952,java-product-service,jvm_memory_committed_bytes,"{area=""nonheap"",id=""CodeHeap 'non-nmethods'"",language=""java"",service=""java-product-service"",}",2555904.0
1790112911.952,java-product-service,jvm_memory_committed_bytes,"{area=""heap"",id=""G1 Eden Space"",language=""java"",service=""java-product-service"",}",51380224.0
1790112911.952,java-product-service,jvm_memory_committed_bytes,"{area=""nonheap"",id=""Metaspace"",language=""java"",service=""java-product-service"",}",100139008.0
1790112911.952,java-product-service,jvm_memory_committed_bytes,"{area=""heap"",id=""G1 Old Gen"",language=""java"",service=""java-product-service"",}",46137344.0
1790112911.952,java-product-service,jvm_memory_committed_bytes,"{area=""nonheap"",id=""Compressed Class Space"",language=""java"",service=""java-product-service"",}",13500416.0
1790112911.952,java-product-service,jvm_memory_committed_bytes,"{area=""heap"",id=""G1 Survivor Space"",language=""java"",service=""java-product-service"",}",3145728.0
1790112911.952,java-product-service,jvm_memory_committed_bytes,"{area=""nonheap"",id=""CodeHeap 'profiled nmethods'"",language=""java"",service=""java-product-service"",}",29097984.0
1790112911.952,java-product-service,jvm_memory_committed_bytes,"{area=""nonheap"",id=""CodeHeap 'non-profiled nmethods'"",language=""java"",service=""java-product-service"",}",9502720.0
1790112911.952,java-product-service,jvm_memory_used_bytes,"{area=""nonheap"",id=""CodeHeap 'non-nmethods'"",language=""java"",service=""java-product-service"",}",1639296.0
1790112911.952,java-product-service,jvm_memory_used_bytes,"{area=""heap"",id=""G1 Eden Space"",language=""java"",service=""java-product-service"",}",28311552.0
1790112911.952,java-product-service,jvm_memory_used_bytes,"{area=""nonheap"",id=""Metaspace"",language=""java"",service=""java-product-service"",}",99152240.0
1790112911.952,java-product-service,jvm_memory_used_bytes,"{area=""heap"",id=""G1 Old Gen"",language=""java"",service=""java-product-service"",}",42161272.0
1790112911.952,java-product-service,jvm_memory_used_bytes,"{area=""nonheap"",id=""Compressed Class Space"",language=""java"",service=""java-product-service"",}",13044536.0
1790112911.952,java-product-service,jvm_memory_used_bytes,"{area=""heap"",id=""G1 Survivor Space"",language=""java"",service=""java-product-service"",}",2559456.0
1790112911.952,java-product-service,jvm_memory_used_bytes,"{area=""nonheap"",id=""CodeHeap 'profiled nmethods'"",language=""java"",service=""java-product-service"",}",29097216.0
1790112911.952,java-product-service,jvm_memory_used_bytes,"{area=""nonheap"",id=""CodeHeap 'non-profiled nmethods'"",language=""java"",service=""java-product-service"",}",9466240.0
1790112911.952,java-product-service,hikaricp_connections_pending,"{language=""java"",pool=""HikariPool-1"",service=""java-product-service"",}",0.0
1790112911.952,java-product-service,hikaricp_connections_active,"{language=""java"",pool=""HikariPool-1"",service=""java-product-service"",}",0.0
1790112911.952,java-product-service,hikaricp_connections_usage_seconds_count,"{language=""java"",pool=""HikariPool-1"",service=""java-product-service"",}",626.0
1790112911.952,java-product-service,hikaricp_connections_usage_seconds_sum,"{language=""java"",pool=""HikariPool-1"",service=""java-product-service"",}",0.591
1790112911.952,java-product-service,process_cpu_usage,"{language=""java"",service=""java-product-service"",}",0.025333333333333333
1790112911.952,java-product-service,tomcat_threads_current_threads,"{language=""java"",name=""http-nio-9082"",service=""java-product-service"",}",10.0
1790112911.952,java-product-service,system_cpu_usage,"{language=""java"",service=""java-product-service"",}",0.028811333333333335
1790112911.952,java-order-service,jvm_memory_used_bytes,"{area=""nonheap"",id=""CodeHeap 'non-profiled nmethods'"",language=""java"",service=""java-order-service"",}",7156480.0
1790112911.952,java-order-service,jvm_memory_used_bytes,"{area=""heap"",id=""G1 Eden Space"",language=""java"",service=""java-order-service"",}",8388608.0
1790112911.952,java-order-service,jvm_memory_used_bytes,"{area=""nonheap"",id=""CodeHeap 'profiled nmethods'"",language=""java"",service=""java-order-service"",}",25436160.0
1790112911.952,java-order-service,jvm_memory_used_bytes,"{area=""nonheap"",id=""CodeHeap 'non-nmethods'"",language=""java"",service=""java-order-service"",}",1640704.0
1790112911.952,java-order-service,jvm_memory_used_bytes,"{area=""heap"",id=""G1 Survivor Space"",language=""java"",service=""java-order-service"",}",2097152.0
1790112911.952,java-order-service,jvm_memory_used_bytes,"{area=""nonheap"",id=""Compressed Class Space"",language=""java"",service=""java-order-service"",}",11029952.0
1790112911.952,java-order-service,jvm_memory_used_bytes,"{area=""heap"",id=""G1 Old Gen"",language=""java"",service=""java-order-service"",}",35571584.0
1790112911.952,java-order-service,jvm_memory_used_bytes,"{area=""nonheap"",id=""Metaspace"",language=""java"",service=""java-order-service"",}",85181200.0
1790112911.952,java-order-service,jvm_memory_committed_bytes,"{area=""nonheap"",id=""CodeHeap 'non-profiled nmethods'"",language=""java"",service=""java-order-service"",}",7208960.0
1790112911.952,java-order-service,jvm_memory_committed_bytes,"{area=""heap"",id=""G1 Eden Space"",language=""java"",service=""java-order-service"",}",49283072.0
1790112911.952,java-order-service,jvm_memory_committed_bytes,"{area=""nonheap"",id=""CodeHeap 'profiled nmethods'"",language=""java"",service=""java-order-service"",}",28573696.0
1790112911.952,java-order-service,jvm_memory_committed_bytes,"{area=""nonheap"",id=""CodeHeap 'non-nmethods'"",language=""java"",service=""java-order-service"",}",2555904.0
1790112911.952,java-order-service,jvm_memory_committed_bytes,"{area=""heap"",id=""G1 Survivor Space"",language=""java"",service=""java-order-service"",}",2097152.0
1790112911.952,java-order-service,jvm_memory_committed_bytes,"{area=""nonheap"",id=""Compressed Class Space"",language=""java"",service=""java-order-service"",}",11468800.0
1790112911.952,java-order-service,jvm_memory_committed_bytes,"{area=""heap"",id=""G1 Old Gen"",language=""java"",service=""java-order-service"",}",37748736.0
1790112911.952,java-order-service,jvm_memory_committed_bytes,"{area=""nonheap"",id=""Metaspace"",language=""java"",service=""java-order-service"",}",86048768.0
1790112911.952,java-order-service,hikaricp_connections_active,"{language=""java"",pool=""HikariPool-1"",service=""java-order-service"",}",0.0
1790112911.952,java-order-service,jvm_gc_pause_seconds_count,"{action=""end of minor GC"",cause=""G1 Evacuation Pause"",gc=""G1 Young Generation"",language=""java"",service=""java-order-service"",}",6.0
1790112911.952,java-order-service,jvm_gc_pause_seconds_sum,"{action=""end of minor GC"",cause=""G1 Evacuation Pause"",gc=""G1 Young Generation"",language=""java"",service=""java-order-service"",}",0.044
1790112911.952,java-order-service,hikaricp_connections_acquire_seconds_count,"{language=""java"",pool=""HikariPool-1"",service=""java-order-service"",}",2071.0
1790112911.952,java-order-service,hikaricp_connections_acquire_seconds_sum,"{language=""java"",pool=""HikariPool-1"",service=""java-order-service"",}",0.079575578
1790112911.952,java-order-service,tomcat_threads_config_max_threads,"{language=""java"",name=""http-nio-9083"",service=""java-order-service"",}",64.0
1790112911.952,java-order-service,tomcat_threads_busy_threads,"{language=""java"",name=""http-nio-9083"",service=""java-order-service"",}",1.0
1790112911.952,java-order-service,hikaricp_connections_pending,"{language=""java"",pool=""HikariPool-1"",service=""java-order-service"",}",0.0
1790112911.952,java-order-service,hikaricp_connections_usage_seconds_count,"{language=""java"",pool=""HikariPool-1"",service=""java-order-service"",}",2071.0
1790112911.952,java-order-service,hikaricp_connections_usage_seconds_sum,"{language=""java"",pool=""HikariPool-1"",service=""java-order-service"",}",3.116
1790112911.952,java-order-service,process_cpu_usage,"{language=""java"",service=""java-order-service"",}",0.06666666666666667
1790112911.952,java-order-service,system_cpu_usage,"{language=""java"",service=""java-order-service"",}",0.06707507246376812
1790112911.952,java-order-service,tomcat_threads_current_threads,"{language=""java"",name=""http-nio-9083"",service=""java-order-service"",}",10.0
1790112917.155,java-user-service,jvm_memory_used_bytes,"{area=""nonheap"",framework=""spring-boot"",id=""CodeHeap 'non-nmethods'"",language=""java"",service=""java-user-service"",}",1645952.0
1790112917.155,java-user-service,jvm_memory_used_bytes,"{area=""nonheap"",framework=""spring-boot"",id=""CodeHeap 'non-profiled nmethods'"",language=""java"",service=""java-user-service"",}",9105536.0
1790112917.155,java-user-service,jvm_memory_used_bytes,"{area=""heap"",framework=""spring-boot"",id=""G1 Survivor Space"",language=""java"",service=""java-user-service"",}",3774832.0
1790112917.155,java-user-service,jvm_memory_used_bytes,"{area=""heap"",framework=""spring-boot"",id=""G1 Old Gen"",language=""java"",service=""java-user-service"",}",45133520.0
1790112917.155,java-user-service,jvm_memory_used_bytes,"{area=""nonheap"",framework=""spring-boot"",id=""Metaspace"",language=""java"",service=""java-user-service"",}",104184040.0
1790112917.155,java-user-service,jvm_memory_used_bytes,"{area=""heap"",framework=""spring-boot"",id=""G1 Eden Space"",language=""java"",service=""java-user-service"",}",4194304.0
1790112917.155,java-user-service,jvm_memory_used_bytes,"{area=""nonheap"",framework=""spring-boot"",id=""Compressed Class Space"",language=""java"",service=""java-user-service"",}",13402176.0
1790112917.155,java-user-service,jvm_memory_used_bytes,"{area=""nonheap"",framework=""spring-boot"",id=""CodeHeap 'profiled nmethods'"",language=""java"",service=""java-user-service"",}",17886720.0
1790112917.155,java-user-service,jvm_gc_pause_seconds_count,"{action=""end of minor GC"",cause=""G1 Evacuation Pause"",framework=""spring-boot"",gc=""G1 Young Generation"",language=""java"",service=""java-user-service"",}",70.0
1790112917.155,java-user-service,jvm_gc_pause_seconds_sum,"{action=""end of minor GC"",cause=""G1 Evacuation Pause"",framework=""spring-boot"",gc=""G1 Young Generation"",language=""java"",service=""java-user-service"",}",0.46
1790112917.155,java-user-service,hikaricp_connections_acquire_seconds_count,"{framework=""spring-boot"",language=""java"",pool=""HikariPool-1"",service=""java-user-service"",}",3321.0
1790112917.155,java-user-service,hikaricp_connections_acquire_seconds_sum,"{framework=""spring-boot"",language=""java"",pool=""HikariPool-1"",service=""java-user-service"",}",567.973546001
1790112917.155,java-user-service,jvm_memory_committed_bytes,"{area=""nonheap"",framework=""spring-boot"",id=""CodeHeap 'non-nmethods'"",language=""java"",service=""java-user-service"",}",2555904.0
1790112917.155,java-user-service,jvm_memory_committed_bytes,"{area=""nonheap"",framework=""spring-boot"",id=""CodeHeap 'non-profiled nmethods'"",language=""java"",service=""java-user-service"",}",9240576.0
1790112917.155,java-user-service,jvm_memory_committed_bytes,"{area=""heap"",framework=""spring-boot"",id=""G1 Survivor Space"",language=""java"",service=""java-user-service"",}",4194304.0
1790112917.155,java-user-service,jvm_memory_committed_bytes,"{area=""heap"",framework=""spring-boot"",id=""G1 Old Gen"",language=""java"",service=""java-user-service"",}",49283072.0
1790112917.155,java-user-service,jvm_memory_committed_bytes,"{area=""nonheap"",framework=""spring-boot"",id=""Metaspace"",language=""java"",service=""java-user-service"",}",105119744.0
1790112917.155,java-user-service,jvm_memory_committed_bytes,"{area=""heap"",framework=""spring-boot"",id=""G1 Eden Space"",language=""java"",service=""java-user-service"",}",59768832.0
1790112917.155,java-user-service,jvm_memory_committed_bytes,"{area=""nonheap"",framework=""spring-boot"",id=""Compressed Class Space"",language=""java"",service=""java-user-service"",}",13893632.0
1790112917.155,java-user-service,jvm_memory_committed_bytes,"{area=""nonheap"",framework=""spring-boot"",id=""CodeHeap 'profiled nmethods'"",language=""java"",service=""java-user-service"",}",27328512.0
1790112917.155,java-user-service,system_cpu_usage,"{framework=""spring-boot"",language=""java"",service=""java-user-service"",}",0.9969786163522013
1790112917.155,java-user-service,tomcat_threads_busy_threads,"{framework=""spring-boot"",language=""java"",name=""http-nio-9081"",service=""java-user-service"",}",58.0
1790112917.155,java-user-service,process_cpu_usage,"{framework=""spring-boot"",language=""java"",service=""java-user-service"",}",0.989937106918239
1790112917.155,java-user-service,tomcat_threads_current_threads,"{framework=""spring-boot"",language=""java"",name=""http-nio-9081"",service=""java-user-service"",}",60.0
1790112917.155,java-user-service,tomcat_threads_config_max_threads,"{framework=""spring-boot"",language=""java"",name=""http-nio-9081"",service=""java-user-service"",}",64.0
1790112917.155,java-user-service,hikaricp_connections_pending,"{framework=""spring-boot"",language=""java"",pool=""HikariPool-1"",service=""java-user-service"",}",36.0
1790112917.155,java-user-service,hikaricp_connections_active,"{framework=""spring-boot"",language=""java"",pool=""HikariPool-1"",service=""java-user-service"",}",20.0
1790112917.155,java-user-service,hikaricp_connections_usage_seconds_count,"{framework=""spring-boot"",language=""java"",pool=""HikariPool-1"",service=""java-user-service"",}",3303.0
1790112917.155,java-user-service,hikaricp_connections_usage_seconds_sum,"{framework=""spring-boot"",language=""java"",pool=""HikariPool-1"",service=""java-user-service"",}",1047.434
1790112917.155,java-product-service,hikaricp_connections_acquire_seconds_count,"{language=""java"",pool=""HikariPool-1"",service=""java-product-service"",}",635.0
1790112917.155,java-product-service,hikaricp_connections_acquire_seconds_sum,"{language=""java"",pool=""HikariPool-1"",service=""java-product-service"",}",0.079974593
1790112917.155,java-product-service,jvm_gc_pause_seconds_count,"{action=""end of minor GC"",cause=""G1 Evacuation Pause"",gc=""G1 Young Generation"",language=""java"",service=""java-product-service"",}",8.0
1790112917.155,java-product-service,jvm_gc_pause_seconds_sum,"{action=""end of minor GC"",cause=""G1 Evacuation Pause"",gc=""G1 Young Generation"",language=""java"",service=""java-product-service"",}",0.044
1790112917.155,java-product-service,tomcat_threads_config_max_threads,"{language=""java"",name=""http-nio-9082"",service=""java-product-service"",}",64.0
1790112917.155,java-product-service,tomcat_threads_busy_threads,"{language=""java"",name=""http-nio-9082"",service=""java-product-service"",}",1.0
1790112917.155,java-product-service,jvm_memory_committed_bytes,"{area=""nonheap"",id=""CodeHeap 'non-nmethods'"",language=""java"",service=""java-product-service"",}",2555904.0
1790112917.155,java-product-service,jvm_memory_committed_bytes,"{area=""heap"",id=""G1 Eden Space"",language=""java"",service=""java-product-service"",}",51380224.0
1790112917.155,java-product-service,jvm_memory_committed_bytes,"{area=""nonheap"",id=""Metaspace"",language=""java"",service=""java-product-service"",}",100139008.0
1790112917.155,java-product-service,jvm_memory_committed_bytes,"{area=""heap"",id=""G1 Old Gen"",language=""java"",service=""java-product-service"",}",46137344.0
1790112917.155,java-product-service,jvm_memory_committed_bytes,"{area=""nonheap"",id=""Compressed Class Space"",language=""java"",service=""java-product-service"",}",13500416.0
1790112917.155,java-product-service,jvm_memory_committed_bytes,"{area=""heap"",id=""G1 Survivor Space"",language=""java"",service=""java-product-service"",}",3145728.0
1790112917.155,java-product-service,jvm_memory_committed_bytes,"{area=""nonheap"",id=""CodeHeap 'profiled nmethods'"",language=""java"",service=""java-product-service"",}",29229056.0
1790112917.155,java-product-service,jvm_memory_committed_bytes,"{area=""nonheap"",id=""CodeHeap 'non-profiled nmethods'"",language=""java"",service=""java-product-service"",}",9568256.0
1790112917.155,java-product-service,jvm_memory_used_bytes,"{area=""nonheap"",id=""CodeHeap 'non-nmethods'"",language=""java"",service=""java-product-service"",}",1639296.0
1790112917.155,java-product-service,jvm_memory_used_bytes,"{area=""heap"",id=""G1 Eden Space"",language=""java"",service=""java-product-service"",}",36700160.0
1790112917.155,java-product-service,jvm_memory_used_bytes,"{area=""nonheap"",id=""Metaspace"",language=""java"",service=""java-product-service"",}",99162824.0
1790112917.155,java-product-service,jvm_memory_used_bytes,"{area=""heap"",id=""G1 Old Gen"",language=""java"",service=""java-product-service"",}",42161272.0
1790112917.155,java-product-service,jvm_memory_used_bytes,"{area=""nonheap"",id=""Compressed Class Space"",language=""java"",service=""java-product-service"",}",13044536.0
1790112917.155,java-product-service,jvm_memory_used_bytes,"{area=""heap"",id=""G1 Survivor Space"",language=""java"",service=""java-product-service"",}",2559456.0
1790112917.155,java-product-service,jvm_memory_used_bytes,"{area=""nonheap"",id=""CodeHeap 'profiled nmethods'"",language=""java"",service=""java-product-service"",}",29203456.0
1790112917.155,java-product-service,jvm_memory_used_bytes,"{area=""nonheap"",id=""CodeHeap 'non-profiled nmethods'"",language=""java"",service=""java-product-service"",}",9518720.0
1790112917.155,java-product-service,hikaricp_connections_pending,"{language=""java"",pool=""HikariPool-1"",service=""java-product-service"",}",0.0
1790112917.155,java-product-service,hikaricp_connections_active,"{language=""java"",pool=""HikariPool-1"",service=""java-product-service"",}",0.0
1790112917.155,java-product-service,hikaricp_connections_usage_seconds_count,"{language=""java"",pool=""HikariPool-1"",service=""java-product-service"",}",635.0
1790112917.155,java-product-service,hikaricp_connections_usage_seconds_sum,"{language=""java"",pool=""HikariPool-1"",service=""java-product-service"",}",0.598
1790112917.155,java-product-service,process_cpu_usage,"{language=""java"",service=""java-product-service"",}",0.03333333333333333
1790112917.155,java-product-service,tomcat_threads_current_threads,"{language=""java"",name=""http-nio-9082"",service=""java-product-service"",}",13.0
1790112917.155,java-product-service,system_cpu_usage,"{language=""java"",service=""java-product-service"",}",0.03249358974358974
1790112917.155,java-order-service,jvm_memory_used_bytes,"{area=""nonheap"",id=""CodeHeap 'non-profiled nmethods'"",language=""java"",service=""java-order-service"",}",7227648.0
1790112917.155,java-order-service,jvm_memory_used_bytes,"{area=""heap"",id=""G1 Eden Space"",language=""java"",service=""java-order-service"",}",15728640.0
1790112917.155,java-order-service,jvm_memory_used_bytes,"{area=""nonheap"",id=""CodeHeap 'profiled nmethods'"",language=""java"",service=""java-order-service"",}",25459968.0
1790112917.155,java-order-service,jvm_memory_used_bytes,"{area=""nonheap"",id=""CodeHeap 'non-nmethods'"",language=""java"",service=""java-order-service"",}",1622528.0
1790112917.155,java-order-service,jvm_memory_used_bytes,"{area=""heap"",id=""G1 Survivor Space"",language=""java"",service=""java-order-service"",}",2097152.0
1790112917.155,java-order-service,jvm_memory_used_bytes,"{area=""nonheap"",id=""Compressed Class Space"",language=""java"",service=""java-order-service"",}",11029952.0
1790112917.155,java-order-service,jvm_memory_used_bytes,"{area=""heap"",id=""G1 Old Gen"",language=""java"",service=""java-order-service"",}",35571584.0
1790112917.155,java-order-service,jvm_memory_used_bytes,"{area=""nonheap"",id=""Metaspace"",language=""java"",service=""java-order-service"",}",85186184.0
1790112917.155,java-order-service,jvm_memory_committed_bytes,"{area=""nonheap"",id=""CodeHeap 'non-profiled nmethods'"",language=""java"",service=""java-order-service"",}",7274496.0
1790112917.155,java-order-service,jvm_memory_committed_bytes,"{area=""heap"",id=""G1 Eden Space"",language=""java"",service=""java-order-service"",}",49283072.0
1790112917.155,java-order-service,jvm_memory_committed_bytes,"{area=""nonheap"",id=""CodeHeap 'profiled nmethods'"",language=""java"",service=""java-order-service"",}",28573696.0
1790112917.155,java-order-service,jvm_memory_committed_bytes,"{area=""nonheap"",id=""CodeHeap 'non-nmethods'"",language=""java"",service=""java-order-service"",}",2555904.0
1790112917.155,java-order-service,jvm_memory_committed_bytes,"{area=""heap"",id=""G1 Survivor Space"",language=""java"",service=""java-order-service"",}",2097152.0
1790112917.155,java-order-service,jvm_memory_committed_bytes,"{area=""nonheap"",id=""Compressed Class Space"",language=""java"",service=""java-order-service"",}",11468800.0
1790112917.155,java-order-service,jvm_memory_committed_bytes,"{area=""heap"",id=""G1 Old Gen"",language=""java"",service=""java-order-service"",}",37748736.0
1790112917.155,java-order-service,jvm_memory_committed_bytes,"{area=""nonheap"",id=""Metaspace"",language=""java"",service=""java-order-service"",}",86048768.0
1790112917.155,java-order-service,hikaricp_connections_active,"{language=""java"",pool=""HikariPool-1"",service=""java-order-service"",}",0.0
1790112917.155,java-order-service,jvm_gc_pause_seconds_count,"{action=""end of minor GC"",cause=""G1 Evacuation Pause"",gc=""G1 Young Generation"",language=""java"",service=""java-order-service"",}",6.0
1790112917.155,java-order-service,jvm_gc_pause_seconds_sum,"{action=""end of minor GC"",cause=""G1 Evacuation Pause"",gc=""G1 Young Generation"",language=""java"",service=""java-order-service"",}",0.044
1790112917.155,java-order-service,hikaricp_connections_acquire_seconds_count,"{language=""java"",pool=""HikariPool-1"",service=""java-order-service"",}",2143.0
1790112917.155,java-order-service,hikaricp_connections_acquire_seconds_sum,"{language=""java"",pool=""HikariPool-1"",service=""java-order-service"",}",0.083540288
1790112917.155,java-order-service,tomcat_threads_config_max_threads,"{language=""java"",name=""http-nio-9083"",service=""java-order-service"",}",64.0
1790112917.155,java-order-service,tomcat_threads_busy_threads,"{language=""java"",name=""http-nio-9083"",service=""java-order-service"",}",1.0
1790112917.155,java-order-service,hikaricp_connections_pending,"{language=""java"",pool=""HikariPool-1"",service=""java-order-service"",}",0.0
1790112917.155,java-order-service,hikaricp_connections_usage_seconds_count,"{language=""java"",pool=""HikariPool-1"",service=""java-order-service"",}",2143.0
1790112917.155,java-order-service,hikaricp_connections_usage_seconds_sum,"{language=""java"",pool=""HikariPool-1"",service=""java-order-service"",}",3.235
1790112917.155,java-order-service,process_cpu_usage,"{language=""java"",service=""java-order-service"",}",0.03888888888888889
1790112917.155,java-order-service,system_cpu_usage,"{language=""java"",service=""java-order-service"",}",0.04105861111111111
1790112917.155,java-order-service,tomcat_threads_current_threads,"{language=""java"",name=""http-nio-9083"",service=""java-order-service"",}",10.0
1790112922.355,java-user-service,jvm_memory_used_bytes,"{area=""nonheap"",framework=""spring-boot"",id=""CodeHeap 'non-nmethods'"",language=""java"",service=""java-user-service"",}",1645952.0
1790112922.355,java-user-service,jvm_memory_used_bytes,"{area=""nonheap"",framework=""spring-boot"",id=""CodeHeap 'non-profiled nmethods'"",language=""java"",service=""java-user-service"",}",9228544.0
1790112922.355,java-user-service,jvm_memory_used_bytes,"{area=""heap"",framework=""spring-boot"",id=""G1 Survivor Space"",language=""java"",service=""java-user-service"",}",3870816.0
1790112922.355,java-user-service,jvm_memory_used_bytes,"{area=""heap"",framework=""spring-boot"",id=""G1 Old Gen"",language=""java"",service=""java-user-service"",}",45201280.0
1790112922.355,java-user-service,jvm_memory_used_bytes,"{area=""nonheap"",framework=""spring-boot"",id=""Metaspace"",language=""java"",service=""java-user-service"",}",104188696.0
1790112922.355,java-user-service,jvm_memory_used_bytes,"{area=""heap"",framework=""spring-boot"",id=""G1 Eden Space"",language=""java"",service=""java-user-service"",}",41943040.0
1790112922.355,java-user-service,jvm_memory_used_bytes,"{area=""nonheap"",framework=""spring-boot"",id=""Compressed Class Space"",language=""java"",service=""java-user-service"",}",13402176.0
1790112922.355,java-user-service,jvm_memory_used_bytes,"{area=""nonheap"",framework=""spring-boot"",id=""CodeHeap 'profiled nmethods'"",language=""java"",service=""java-user-service"",}",17790336.0
1790112922.355,java-user-service,jvm_gc_pause_seconds_count,"{action=""end of minor GC"",cause=""G1 Evacuation Pause"",framework=""spring-boot"",gc=""G1 Young Generation"",language=""java"",service=""java-user-service"",}",72.0
1790112922.355,java-user-service,jvm_gc_pause_seconds_sum,"{action=""end of minor GC"",cause=""G1 Evacuation Pause"",framework=""spring-boot"",gc=""G1 Young Generation"",language=""java"",service=""java-user-service"",}",0.472
1790112922.355,java-user-service,hikaricp_connections_acquire_seconds_count,"{framework=""spring-boot"",language=""java"",pool=""HikariPool-1"",service=""java-user-service"",}",3432.0
1790112922.355,java-user-service,hikaricp_connections_acquire_seconds_sum,"{framework=""spring-boot"",language=""java"",pool=""HikariPool-1"",service=""java-user-service"",}",700.632141899
1790112922.355,java-user-service,jvm_memory_committed_bytes,"{area=""nonheap"",framework=""spring-boot"",id=""CodeHeap 'non-nmethods'"",language=""java"",service=""java-user-service"",}",2555904.0
1790112922.355,java-user-service,jvm_memory_committed_bytes,"{area=""nonheap"",framework=""spring-boot"",id=""CodeHeap 'non-profiled nmethods'"",language=""java"",service=""java-user-service"",}",9306112.0
1790112922.355,java-user-service,jvm_memory_committed_bytes,"{area=""heap"",framework=""spring-boot"",id=""G1 Survivor Space"",language=""java"",service=""java-user-service"",}",4194304.0
1790112922.355,java-user-service,jvm_memory_committed_bytes,"{area=""heap"",framework=""spring-boot"",id=""G1 Old Gen"",language=""java"",service=""java-user-service"",}",49283072.0
1790112922.355,java-user-service,jvm_memory_committed_bytes,"{area=""nonheap"",framework=""spring-boot"",id=""Metaspace"",language=""java"",service=""java-user-service"",}",105185280.0
1790112922.355,java-user-service,jvm_memory_committed_bytes,"{area=""heap"",framework=""spring-boot"",id=""G1 Eden Space"",language=""java"",service=""java-user-service"",}",59768832.0
1790112922.355,java-user-service,jvm_memory_committed_bytes,"{area=""nonheap"",framework=""spring-boot"",id=""Compressed Class Space"",language=""java"",service=""java-user-service"",}",13893632.0
1790112922.355,java-user-service,jvm_memory_committed_bytes,"{area=""nonheap"",framework=""spring-boot"",id=""CodeHeap 'profiled nmethods'"",language=""java"",service=""java-user-service"",}",27328512.0
1790112922.355,java-user-service,system_cpu_usage,"{framework=""spring-boot"",language=""java"",service=""java-user-service"",}",0.9909341025641025
1790112922.355,java-user-service,tomcat_threads_busy_threads,"{framework=""spring-boot"",language=""java"",name=""http-nio-9081"",service=""java-user-service"",}",49.0
1790112922.355,java-user-service,process_cpu_usage,"{framework=""spring-boot"",language=""java"",service=""java-user-service"",}",0.9910256410256411
1790112922.355,java-user-service,tomcat_threads_current_threads,"{framework=""spring-boot"",language=""java"",name=""http-nio-9081"",service=""java-user-service"",}",63.0
1790112922.355,java-user-service,tomcat_threads_config_max_threads,"{framework=""spring-boot"",language=""java"",name=""http-nio-9081"",service=""java-user-service"",}",64.0
1790112922.355,java-user-service,hikaricp_connections_pending,"{framework=""spring-boot"",language=""java"",pool=""HikariPool-1"",service=""java-user-service"",}",33.0
1790112922.355,java-user-service,hikaricp_connections_active,"{framework=""spring-boot"",language=""java"",pool=""HikariPool-1"",service=""java-user-service"",}",20.0
1790112922.355,java-user-service,hikaricp_connections_usage_seconds_count,"{framework=""spring-boot"",language=""java"",pool=""HikariPool-1"",service=""java-user-service"",}",3417.0
1790112922.355,java-user-service,hikaricp_connections_usage_seconds_sum,"{framework=""spring-boot"",language=""java"",pool=""HikariPool-1"",service=""java-user-service"",}",1153.141
1790112922.355,java-product-service,hikaricp_connections_acquire_seconds_count,"{language=""java"",pool=""HikariPool-1"",service=""java-product-service"",}",644.0
1790112922.355,java-product-service,hikaricp_connections_acquire_seconds_sum,"{language=""java"",pool=""HikariPool-1"",service=""java-product-service"",}",0.081023053
1790112922.355,java-product-service,jvm_gc_pause_seconds_count,"{action=""end of minor GC"",cause=""G1 Evacuation Pause"",gc=""G1 Young Generation"",language=""java"",service=""java-product-service"",}",8.0
1790112922.355,java-product-service,jvm_gc_pause_seconds_sum,"{action=""end of minor GC"",cause=""G1 Evacuation Pause"",gc=""G1 Young Generation"",language=""java"",service=""java-product-service"",}",0.044
1790112922.355,java-product-service,tomcat_threads_config_max_threads,"{language=""java"",name=""http-nio-9082"",service=""java-product-service"",}",64.0
1790112922.355,java-product-service,tomcat_threads_busy_threads,"{language=""java"",name=""http-nio-9082"",service=""java-product-service"",}",1.0
1790112922.355,java-product-service,jvm_memory_committed_bytes,"{area=""nonheap"",id=""CodeHeap 'non-nmethods'"",language=""java"",service=""java-product-service"",}",2555904.0
1790112922.355,java-product-service,jvm_memory_committed_bytes,"{area=""heap"",id=""G1 Eden Space"",language=""java"",service=""java-product-service"",}",51380224.0
1790112922.355,java-product-service,jvm_memory_committed_bytes,"{area=""nonheap"",id=""Metaspace"",language=""java"",service=""java-product-service"",}",100139008.0
1790112922.355,java-product-service,jvm_memory_committed_bytes,"{area=""heap"",id=""G1 Old Gen"",language=""java"",service=""java-product-service"",}",46137344.0
1790112922.355,java-product-service,jvm_memory_committed_bytes,"{area=""nonheap"",id=""Compressed Class Space"",language=""java"",service=""java-product-service"",}",13500416.0
1790112922.355,java-product-service,jvm_memory_committed_bytes,"{area=""heap"",id=""G1 Survivor Space"",language=""java"",service=""java-product-service"",}",3145728.0
1790112922.355,java-product-service,jvm_memory_committed_bytes,"{area=""nonheap"",id=""CodeHeap 'profiled nmethods'"",language=""java"",service=""java-product-service"",}",29294592.0
1790112922.355,java-product-service,jvm_memory_committed_bytes,"{area=""nonheap"",id=""CodeHeap 'non-profiled nmethods'"",language=""java"",service=""java-product-service"",}",9633792.0
1790112922.355,java-product-service,jvm_memory_used_bytes,"{area=""nonheap"",id=""CodeHeap 'non-nmethods'"",language=""java"",service=""java-product-service"",}",1639296.0
1790112922.355,java-product-service,jvm_memory_used_bytes,"{area=""heap"",id=""G1 Eden Space"",language=""java"",service=""java-product-service"",}",44040192.0
1790112922.355,java-product-service,jvm_memory_used_bytes,"{area=""nonheap"",id=""Metaspace"",language=""java"",service=""java-product-service"",}",99171608.0
1790112922.355,java-product-service,jvm_memory_used_bytes,"{area=""heap"",id=""G1 Old Gen"",language=""java"",service=""java-product-service"",}",42161272.0
1790112922.355,java-product-service,jvm_memory_used_bytes,"{area=""nonheap"",id=""Compressed Class Space"",language=""java"",service=""java-product-service"",}",13044536.0
1790112922.355,java-product-service,jvm_memory_used_bytes,"{area=""heap"",id=""G1 Survivor Space"",language=""java"",service=""java-product-service"",}",2559456.0
1790112922.355,java-product-service,jvm_memory_used_bytes,"{area=""nonheap"",id=""CodeHeap 'profiled nmethods'"",language=""java"",service=""java-product-service"",}",29263872.0
1790112922.355,java-product-service,jvm_memory_used_bytes,"{area=""nonheap"",id=""CodeHeap 'non-profiled nmethods'"",language=""java"",service=""java-product-service"",}",9597056.0
1790112922.355,java-product-service,hikaricp_connections_pending,"{language=""java"",pool=""HikariPool-1"",service=""java-product-service"",}",0.0
1790112922.355,java-product-service,hikaricp_connections_active,"{language=""java"",pool=""HikariPool-1"",service=""java-product-service"",}",0.0
1790112922.355,java-product-service,hikaricp_connections_usage_seconds_count,"{language=""java"",pool=""HikariPool-1"",service=""java-product-service"",}",644.0
1790112922.355,java-product-service,hikaricp_connections_usage_seconds_sum,"{language=""java"",pool=""HikariPool-1"",service=""java-product-service"",}",0.6
1790112922.355,java-product-service,process_cpu_usage,"{language=""java"",service=""java-product-service"",}",0.03529411764705882
1790112922.355,java-product-service,tomcat_threads_current_threads,"{language=""java"",name=""http-nio-9082"",service=""java-product-service"",}",13.0
1790112922.355,java-product-service,system_cpu_usage,"{language=""java"",service=""java-product-service"",}",0.03654457516339869
1790112922.355,java-order-service,jvm_memory_used_bytes,"{area=""nonheap"",id=""CodeHeap 'non-profiled nmethods'"",language=""java"",service=""java-order-service"",}",7269888.0
1790112922.355,java-order-service,jvm_memory_used_bytes,"{area=""heap"",id=""G1 Eden Space"",language=""java"",service=""java-order-service"",}",23068672.0
1790112922.355,java-order-service,jvm_memory_used_bytes,"{area=""nonheap"",id=""CodeHeap 'profiled nmethods'"",language=""java"",service=""java-order-service"",}",25526528.0
1790112922.355,java-order-service,jvm_memory_used_bytes,"{area=""nonheap"",id=""CodeHeap 'non-nmethods'"",language=""java"",service=""java-order-service"",}",1622528.0
1790112922.355,java-order-service,jvm_memory_used_bytes,"{area=""heap"",id=""G1 Survivor Space"",language=""java"",service=""java-order-service"",}",2097152.0
1790112922.355,java-order-service,jvm_memory_used_bytes,"{area=""nonheap"",id=""Compressed Class Space"",language=""java"",service=""java-order-service"",}",11029952.0
1790112922.355,java-order-service,jvm_memory_used_bytes,"{area=""heap"",id=""G1 Old Gen"",language=""java"",service=""java-order-service"",}",35571584.0
1790112922.355,java-order-service,jvm_memory_used_bytes,"{area=""nonheap"",id=""Metaspace"",language=""java"",service=""java-order-service"",}",85206008.0
1790112922.355,java-order-service,jvm_memory_committed_bytes,"{area=""nonheap"",id=""CodeHeap 'non-profiled nmethods'"",language=""java"",service=""java-order-service"",}",7340032.0
1790112922.355,java-order-service,jvm_memory_committed_bytes,"{area=""heap"",id=""G1 Eden Space"",language=""java"",service=""java-order-service"",}",49283072.0
1790112922.355,java-order-service,jvm_memory_committed_bytes,"{area=""nonheap"",id=""CodeHeap 'profiled nmethods'"",language=""java"",service=""java-order-service"",}",28573696.0
1790112922.355,java-order-service,jvm_memory_committed_bytes,"{area=""nonheap"",id=""CodeHeap 'non-nmethods'"",language=""java"",service=""java-order-service"",}",2555904.0
1790112922.355,java-order-service,jvm_memory_committed_bytes,"{area=""heap"",id=""G1 Survivor Space"",language=""java"",service=""java-order-service"",}",2097152.0
1790112922.355,java-order-service,jvm_memory_committed_bytes,"{area=""nonheap"",id=""Compressed Class Space"",language=""java"",service=""java-order-service"",}",11468800.0
1790112922.355,java-order-service,jvm_memory_committed_bytes,"{area=""heap"",id=""G1 Old Gen"",language=""java"",service=""java-order-service"",}",37748736.0
1790112922.355,java-order-service,jvm_memory_committed_bytes,"{area=""nonheap"",id=""Metaspace"",language=""java"",service=""java-order-service"",}",86114304.0
1790112922.355,java-order-service,hikaricp_connections_active,"{language=""java"",pool=""HikariPool-1"",service=""java-order-service"",}",0.0
1790112922.355,java-order-service,jvm_gc_pause_seconds_count,"{action=""end of minor GC"",cause=""G1 Evacuation Pause"",gc=""G1 Young Generation"",language=""java"",service=""java-order-service"",}",6.0
1790112922.355,java-order-service,jvm_gc_pause_seconds_sum,"{action=""end of minor GC"",cause=""G1 Evacuation Pause"",gc=""G1 Young Generation"",language=""java"",service=""java-order-service"",}",0.044
1790112922.355,java-order-service,hikaricp_connections_acquire_seconds_count,"{language=""java"",pool=""HikariPool-1"",service=""java-order-service"",}",2212.0
1790112922.355,java-order-service,hikaricp_connections_acquire_seconds_sum,"{language=""java"",pool=""HikariPool-1"",service=""java-order-service"",}",0.085865583
1790112922.355,java-order-service,tomcat_threads_config_max_threads,"{language=""java"",name=""http-nio-9083"",service=""java-order-service"",}",64.0
1790112922.355,java-order-service,tomcat_threads_busy_threads,"{language=""java"",name=""http-nio-9083"",service=""java-order-service"",}",1.0
1790112922.355,java-order-service,hikaricp_connections_pending,"{language=""java"",pool=""HikariPool-1"",service=""java-order-service"",}",0.0
1790112922.355,java-order-service,hikaricp_connections_usage_seconds_count,"{language=""java"",pool=""HikariPool-1"",service=""java-order-service"",}",2212.0
1790112922.355,java-order-service,hikaricp_connections_usage_seconds_sum,"{language=""java"",pool=""HikariPool-1"",service=""java-order-service"",}",3.346
1790112922.355,java-order-service,process_cpu_usage,"{language=""java"",service=""java-order-service"",}",0.029931972789115645
1790112922.355,java-order-service,system_cpu_usage,"{language=""java"",service=""java-order-service"",}",0.0311021768707483
1790112922.355,java-order-service,tomcat_threads_current_threads,"{language=""java"",name=""http-nio-9083"",service=""java-order-service"",}",10.0
1790112927.559,java-user-service,jvm_memory_used_bytes,"{area=""nonheap"",framework=""spring-boot"",id=""CodeHeap 'non-nmethods'"",language=""java"",service=""java-user-service"",}",1645952.0
1790112927.559,java-user-service,jvm_memory_used_bytes,"{area=""nonheap"",framework=""spring-boot"",id=""CodeHeap 'non-profiled nmethods'"",language=""java"",service=""java-user-service"",}",9331072.0
1790112927.559,java-user-service,jvm_memory_used_bytes,"{area=""heap"",framework=""spring-boot"",id=""G1 Survivor Space"",language=""java"",service=""java-user-service"",}",4085232.0
1790112927.559,java-user-service,jvm_memory_used_bytes,"{area=""heap"",framework=""spring-boot"",id=""G1 Old Gen"",language=""java"",service=""java-user-service"",}",45832216.0
1790112927.559,java-user-service,jvm_memory_used_bytes,"{area=""nonheap"",framework=""spring-boot"",id=""Metaspace"",language=""java"",service=""java-user-service"",}",104206240.0
1790112927.559,java-user-service,jvm_memory_used_bytes,"{area=""heap"",framework=""spring-boot"",id=""G1 Eden Space"",language=""java"",service=""java-user-service"",}",24117248.0
1790112927.559,java-user-service,jvm_memory_used_bytes,"{area=""nonheap"",framework=""spring-boot"",id=""Compressed Class Space"",language=""java"",service=""java-user-service"",}",13403704.0
1790112927.559,java-user-service,jvm_memory_used_bytes,"{area=""nonheap"",framework=""spring-boot"",id=""CodeHeap 'profiled nmethods'"",language=""java"",service=""java-user-service"",}",17794688.0
1790112927.559,java-user-service,jvm_gc_pause_seconds_count,"{action=""end of minor GC"",cause=""G1 Evacuation Pause"",framework=""spring-boot"",gc=""G1 Young Generation"",language=""java"",service=""java-user-service"",}",75.0
1790112927.559,java-user-service,jvm_gc_pause_seconds_sum,"{action=""end of minor GC"",cause=""G1 Evacuation Pause"",framework=""spring-boot"",gc=""G1 Young Generation"",language=""java"",service=""java-user-service"",}",0.49
1790112927.559,java-user-service,hikaricp_connections_acquire_seconds_count,"{framework=""spring-boot"",language=""java"",pool=""HikariPool-1"",service=""java-user-service"",}",3537.0
1790112927.559,java-user-service,hikaricp_connections_acquire_seconds_sum,"{framework=""spring-boot"",language=""java"",pool=""HikariPool-1"",service=""java-user-service"",}",857.106614776
1790112927.559,java-user-service,jvm_memory_committed_bytes,"{area=""nonheap"",framework=""spring-boot"",id=""CodeHeap 'non-nmethods'"",language=""java"",service=""java-user-service"",}",2555904.0
1790112927.559,java-user-service,jvm_memory_committed_bytes,"{area=""nonheap"",framework=""spring-boot"",id=""CodeHeap 'non-profiled nmethods'"",language=""java"",service=""java-user-service"",}",9437184.0
1790112927.559,java-user-service,jvm_memory_committed_bytes,"{area=""heap"",framework=""spring-boot"",id=""G1 Survivor Space"",language=""java"",service=""java-user-service"",}",4194304.0
1790112927.559,java-user-service,jvm_memory_committed_bytes,"{area=""heap"",framework=""spring-boot"",id=""G1 Old Gen"",language=""java"",service=""java-user-service"",}",49283072.0
1790112927.559,java-user-service,jvm_memory_committed_bytes,"{area=""nonheap"",framework=""spring-boot"",id=""Metaspace"",language=""java"",service=""java-user-service"",}",105250816.0
1790112927.559,java-user-service,jvm_memory_committed_bytes,"{area=""heap"",framework=""spring-boot"",id=""G1 Eden Space"",language=""java"",service=""java-user-service"",}",59768832.0
1790112927.559,java-user-service,jvm_memory_committed_bytes,"{area=""nonheap"",framework=""spring-boot"",id=""Compressed Class Space"",language=""java"",service=""java-user-service"",}",13893632.0
1790112927.559,java-user-service,jvm_memory_committed_bytes,"{area=""nonheap"",framework=""spring-boot"",id=""CodeHeap 'profiled nmethods'"",language=""java"",service=""java-user-service"",}",27328512.0
1790112927.559,java-user-service,system_cpu_usage,"{framework=""spring-boot"",language=""java"",service=""java-user-service"",}",1.0
1790112927.559,java-user-service,tomcat_threads_busy_threads,"{framework=""spring-boot"",language=""java"",name=""http-nio-9081"",service=""java-user-service"",}",54.0
1790112927.559,java-user-service,process_cpu_usage,"{framework=""spring-boot"",language=""java"",service=""java-user-service"",}",1.0
1790112927.559,java-user-service,tomcat_threads_current_threads,"{framework=""spring-boot"",language=""java"",name=""http-nio-9081"",service=""java-user-service"",}",64.0
1790112927.559,java-user-service,tomcat_threads_config_max_threads,"{framework=""spring-boot"",language=""java"",name=""http-nio-9081"",service=""java-user-service"",}",64.0
1790112927.559,java-user-service,hikaricp_connections_pending,"{framework=""spring-boot"",language=""java"",pool=""HikariPool-1"",service=""java-user-service"",}",33.0
1790112927.559,java-user-service,hikaricp_connections_active,"{framework=""spring-boot"",language=""java"",pool=""HikariPool-1"",service=""java-user-service"",}",20.0
1790112927.559,java-user-service,hikaricp_connections_usage_seconds_count,"{framework=""spring-boot"",language=""java"",pool=""HikariPool-1"",service=""java-user-service"",}",3518.0
1790112927.559,java-user-service,hikaricp_connections_usage_seconds_sum,"{framework=""spring-boot"",language=""java"",pool=""HikariPool-1"",service=""java-user-service"",}",1254.915
1790112927.559,java-product-service,hikaricp_connections_acquire_seconds_count,"{language=""java"",pool=""HikariPool-1"",service=""java-product-service"",}",648.0
1790112927.559,java-product-service,hikaricp_connections_acquire_seconds_sum,"{language=""java"",pool=""HikariPool-1"",service=""java-product-service"",}",0.081488218
1790112927.559,java-product-service,jvm_gc_pause_seconds_count,"{action=""end of minor GC"",cause=""G1 Evacuation Pause"",gc=""G1 Young Generation"",language=""java"",service=""java-product-service"",}",9.0
1790112927.559,java-product-service,jvm_gc_pause_seconds_sum,"{action=""end of minor GC"",cause=""G1 Evacuation Pause"",gc=""G1 Young Generation"",language=""java"",service=""java-product-service"",}",0.048
1790112927.559,java-product-service,tomcat_threads_config_max_threads,"{language=""java"",name=""http-nio-9082"",service=""java-product-service"",}",64.0
1790112927.559,java-product-service,tomcat_threads_busy_threads,"{language=""java"",name=""http-nio-9082"",service=""java-product-service"",}",1.0
1790112927.559,java-product-service,jvm_memory_committed_bytes,"{area=""nonheap"",id=""CodeHeap 'non-nmethods'"",language=""java"",service=""java-product-service"",}",2555904.0
1790112927.559,java-product-service,jvm_memory_committed_bytes,"{area=""heap"",id=""G1 Eden Space"",language=""java"",service=""java-product-service"",}",51380224.0
1790112927.559,java-product-service,jvm_memory_committed_bytes,"{area=""nonheap"",id=""Metaspace"",language=""java"",service=""java-product-service"",}",100139008.0
1790112927.559,java-product-service,jvm_memory_committed_bytes,"{area=""heap"",id=""G1 Old Gen"",language=""java"",service=""java-product-service"",}",46137344.0
1790112927.559,java-product-service,jvm_memory_committed_bytes,"{area=""nonheap"",id=""Compressed Class Space"",language=""java"",service=""java-product-service"",}",13500416.0
1790112927.559,java-product-service,jvm_memory_committed_bytes,"{area=""heap"",id=""G1 Survivor Space"",language=""java"",service=""java-product-service"",}",3145728.0
1790112927.559,java-product-service,jvm_memory_committed_bytes,"{area=""nonheap"",id=""CodeHeap 'profiled nmethods'"",language=""java"",service=""java-product-service"",}",29360128.0
1790112927.559,java-product-service,jvm_memory_committed_bytes,"{area=""nonheap"",id=""CodeHeap 'non-profiled nmethods'"",language=""java"",service=""java-product-service"",}",9633792.0
1790112927.559,java-product-service,jvm_memory_used_bytes,"{area=""nonheap"",id=""CodeHeap 'non-nmethods'"",language=""java"",service=""java-product-service"",}",1639296.0
1790112927.559,java-product-service,jvm_memory_used_bytes,"{area=""heap"",id=""G1 Eden Space"",language=""java"",service=""java-product-service"",}",5242880.0
1790112927.559,java-product-service,jvm_memory_used_bytes,"{area=""nonheap"",id=""Metaspace"",language=""java"",service=""java-product-service"",}",99180192.0
1790112927.559,java-product-service,jvm_memory_used_bytes,"{area=""heap"",id=""G1 Old Gen"",language=""java"",service=""java-product-service"",}",42161272.0
1790112927.559,java-product-service,jvm_memory_used_bytes,"{area=""nonheap"",id=""Compressed Class Space"",language=""java"",service=""java-product-service"",}",13044536.0
1790112927.559,java-product-service,jvm_memory_used_bytes,"{area=""heap"",id=""G1 Survivor Space"",language=""java"",service=""java-product-service"",}",3145728.0
1790112927.559,java-product-service,jvm_memory_used_bytes,"{area=""nonheap"",id=""CodeHeap 'profiled nmethods'"",language=""java"",service=""java-product-service"",}",29312768.0
1790112927.559,java-product-service,jvm_memory_used_bytes,"{area=""nonheap"",id=""CodeHeap 'non-profiled nmethods'"",language=""java"",service=""java-product-service"",}",9623296.0
1790112927.559,java-product-service,hikaricp_connections_pending,"{language=""java"",pool=""HikariPool-1"",service=""java-product-service"",}",0.0
1790112927.559,java-product-service,hikaricp_connections_active,"{language=""java"",pool=""HikariPool-1"",service=""java-product-service"",}",0.0
1790112927.559,java-product-service,hikaricp_connections_usage_seconds_count,"{language=""java"",pool=""HikariPool-1"",service=""java-product-service"",}",648.0
1790112927.559,java-product-service,hikaricp_connections_usage_seconds_sum,"{language=""java"",pool=""HikariPool-1"",service=""java-product-service"",}",0.6
1790112927.559,java-product-service,process_cpu_usage,"{language=""java"",service=""java-product-service"",}",0.024489795918367346
1790112927.559,java-product-service,tomcat_threads_current_threads,"{language=""java"",name=""http-nio-9082"",service=""java-product-service"",}",13.0
1790112927.559,java-product-service,system_cpu_usage,"{language=""java"",service=""java-product-service"",}",0.024399319727891156
1790112927.559,java-order-service,jvm_memory_used_bytes,"{area=""nonheap"",id=""CodeHeap 'non-profiled nmethods'"",language=""java"",service=""java-order-service"",}",7329280.0
1790112927.559,java-order-service,jvm_memory_used_bytes,"{area=""heap"",id=""G1 Eden Space"",language=""java"",service=""java-order-service"",}",30408704.0
1790112927.559,java-order-service,jvm_memory_used_bytes,"{area=""nonheap"",id=""CodeHeap 'profiled nmethods'"",language=""java"",service=""java-order-service"",}",25555328.0
1790112927.559,java-order-service,jvm_memory_used_bytes,"{area=""nonheap"",id=""CodeHeap 'non-nmethods'"",language=""java"",service=""java-order-service"",}",1622528.0
1790112927.559,java-order-service,jvm_memory_used_bytes,"{area=""heap"",id=""G1 Survivor Space"",language=""java"",service=""java-order-service"",}",2097152.0
1790112927.559,java-order-service,jvm_memory_used_bytes,"{area=""nonheap"",id=""Compressed Class Space"",language=""java"",service=""java-order-service"",}",11029952.0
1790112927.559,java-order-service,jvm_memory_used_bytes,"{area=""heap"",id=""G1 Old Gen"",language=""java"",service=""java-order-service"",}",35571584.0
1790112927.559,java-order-service,jvm_memory_used_bytes,"{area=""nonheap"",id=""Metaspace"",language=""java"",service=""java-order-service"",}",85213224.0
1790112927.559,java-order-service,jvm_memory_committed_bytes,"{area=""nonheap"",id=""CodeHeap 'non-profiled nmethods'"",language=""java"",service=""java-order-service"",}",7405568.0
1790112927.559,java-order-service,jvm_memory_committed_bytes,"{area=""heap"",id=""G1 Eden Space"",language=""java"",service=""java-order-service"",}",49283072.0
1790112927.559,java-order-service,jvm_memory_committed_bytes,"{area=""nonheap"",id=""CodeHeap 'profiled nmethods'"",language=""java"",service=""java-order-service"",}",28573696.0
1790112927.559,java-order-service,jvm_memory_committed_bytes,"{area=""nonheap"",id=""CodeHeap 'non-nmethods'"",language=""java"",service=""java-order-service"",}",2555904.0
1790112927.559,java-order-service,jvm_memory_committed_bytes,"{area=""heap"",id=""G1 Survivor Space"",language=""java"",service=""java-order-service"",}",2097152.0
1790112927.559,java-order-service,jvm_memory_committed_bytes,"{area=""nonheap"",id=""Compressed Class Space"",language=""java"",service=""java-order-service"",}",11468800.0
1790112927.559,java-order-service,jvm_memory_committed_bytes,"{area=""heap"",id=""G1 Old Gen"",language=""java"",service=""java-order-service"",}",37748736.0
1790112927.559,java-order-service,jvm_memory_committed_bytes,"{area=""nonheap"",id=""Metaspace"",language=""java"",service=""java-order-service"",}",86179840.0
1790112927.559,java-order-service,hikaricp_connections_active,"{language=""java"",pool=""HikariPool-1"",service=""java-order-service"",}",0.0
1790112927.559,java-order-service,jvm_gc_pause_seconds_count,"{action=""end of minor GC"",cause=""G1 Evacuation Pause"",gc=""G1 Young Generation"",language=""java"",service=""java-order-service"",}",6.0
1790112927.559,java-order-service,jvm_gc_pause_seconds_sum,"{action=""end of minor GC"",cause=""G1 Evacuation Pause"",gc=""G1 Young Generation"",language=""java"",service=""java-order-service"",}",0.044
1790112927.559,java-order-service,hikaricp_connections_acquire_seconds_count,"{language=""java"",pool=""HikariPool-1"",service=""java-order-service"",}",2280.0
1790112927.559,java-order-service,hikaricp_connections_acquire_seconds_sum,"{language=""java"",pool=""HikariPool-1"",service=""java-order-service"",}",0.089099582
1790112927.559,java-order-service,tomcat_threads_config_max_threads,"{language=""java"",name=""http-nio-9083"",service=""java-order-service"",}",64.0
1790112927.559,java-order-service,tomcat_threads_busy_threads,"{language=""java"",name=""http-nio-9083"",service=""java-order-service"",}",1.0
1790112927.559,java-order-service,hikaricp_connections_pending,"{language=""java"",pool=""HikariPool-1"",service=""java-order-service"",}",0.0
1790112927.559,java-order-service,hikaricp_connections_usage_seconds_count,"{language=""java"",pool=""HikariPool-1"",service=""java-order-service"",}",2280.0
1790112927.559,java-order-service,hikaricp_connections_usage_seconds_sum,"{language=""java"",pool=""HikariPool-1"",service=""java-order-service"",}",3.456
1790112927.559,java-order-service,process_cpu_usage,"{language=""java"",service=""java-order-service"",}",0.03333333333333333
1790112927.559,java-order-service,system_cpu_usage,"{language=""java"",service=""java-order-service"",}",0.03443611111111111
1790112927.559,java-order-service,tomcat_threads_current_threads,"{language=""java"",name=""http-nio-9083"",service=""java-order-service"",}",10.0
1790112932.652,java-user-service,jvm_memory_used_bytes,"{area=""nonheap"",framework=""spring-boot"",id=""CodeHeap 'non-nmethods'"",language=""java"",service=""java-user-service"",}",1645952.0
1790112932.652,java-user-service,jvm_memory_used_bytes,"{area=""nonheap"",framework=""spring-boot"",id=""CodeHeap 'non-profiled nmethods'"",language=""java"",service=""java-user-service"",}",9415040.0
1790112932.652,java-user-service,jvm_memory_used_bytes,"{area=""heap"",framework=""spring-boot"",id=""G1 Survivor Space"",language=""java"",service=""java-user-service"",}",3145728.0
1790112932.652,java-user-service,jvm_memory_used_bytes,"{area=""heap"",framework=""spring-boot"",id=""G1 Old Gen"",language=""java"",service=""java-user-service"",}",46442928.0
1790112932.652,java-user-service,jvm_memory_used_bytes,"{area=""nonheap"",framework=""spring-boot"",id=""Metaspace"",language=""java"",service=""java-user-service"",}",104215912.0
1790112932.652,java-user-service,jvm_memory_used_bytes,"{area=""heap"",framework=""spring-boot"",id=""G1 Eden Space"",language=""java"",service=""java-user-service"",}",15728640.0
1790112932.652,java-user-service,jvm_memory_used_bytes,"{area=""nonheap"",framework=""spring-boot"",id=""Compressed Class Space"",language=""java"",service=""java-user-service"",}",13404224.0
1790112932.652,java-user-service,jvm_memory_used_bytes,"{area=""nonheap"",framework=""spring-boot"",id=""CodeHeap 'profiled nmethods'"",language=""java"",service=""java-user-service"",}",17632512.0
1790112932.652,java-user-service,jvm_gc_pause_seconds_count,"{action=""end of minor GC"",cause=""G1 Evacuation Pause"",framework=""spring-boot"",gc=""G1 Young Generation"",language=""java"",service=""java-user-service"",}",78.0
1790112932.652,java-user-service,jvm_gc_pause_seconds_sum,"{action=""end of minor GC"",cause=""G1 Evacuation Pause"",framework=""spring-boot"",gc=""G1 Young Generation"",language=""java"",service=""java-user-service"",}",0.507
1790112932.652,java-user-service,hikaricp_connections_acquire_seconds_count,"{framework=""spring-boot"",language=""java"",pool=""HikariPool-1"",service=""java-user-service"",}",3653.0
1790112932.652,java-user-service,hikaricp_connections_acquire_seconds_sum,"{framework=""spring-boot"",language=""java"",pool=""HikariPool-1"",service=""java-user-service"",}",1024.047163191
1790112932.652,java-user-service,jvm_memory_committed_bytes,"{area=""nonheap"",framework=""spring-boot"",id=""CodeHeap 'non-nmethods'"",language=""java"",service=""java-user-service"",}",2555904.0
1790112932.652,java-user-service,jvm_memory_committed_bytes,"{area=""nonheap"",framework=""spring-boot"",id=""CodeHeap 'non-profiled nmethods'"",language=""java"",service=""java-user-service"",}",9502720.0
1790112932.652,java-user-service,jvm_memory_committed_bytes,"{area=""heap"",framework=""spring-boot"",id=""G1 Survivor Space"",language=""java"",service=""java-user-service"",}",3145728.0
1790112932.652,java-user-service,jvm_memory_committed_bytes,"{area=""heap"",framework=""spring-boot"",id=""G1 Old Gen"",language=""java"",service=""java-user-service"",}",50331648.0
1790112932.652,java-user-service,jvm_memory_committed_bytes,"{area=""nonheap"",framework=""spring-boot"",id=""Metaspace"",language=""java"",service=""java-user-service"",}",105250816.0
1790112932.652,java-user-service,jvm_memory_committed_bytes,"{area=""heap"",framework=""spring-boot"",id=""G1 Eden Space"",language=""java"",service=""java-user-service"",}",59768832.0
1790112932.652,java-user-service,jvm_memory_committed_bytes,"{area=""nonheap"",framework=""spring-boot"",id=""Compressed Class Space"",language=""java"",service=""java-user-service"",}",13893632.0
1790112932.652,java-user-service,jvm_memory_committed_bytes,"{area=""nonheap"",framework=""spring-boot"",id=""CodeHeap 'profiled nmethods'"",language=""java"",service=""java-user-service"",}",27328512.0
1790112932.652,java-user-service,system_cpu_usage,"{framework=""spring-boot"",language=""java"",service=""java-user-service"",}",1.0
1790112932.652,java-user-service,tomcat_threads_busy_threads,"{framework=""spring-boot"",language=""java"",name=""http-nio-9081"",service=""java-user-service"",}",50.0
1790112932.652,java-user-service,process_cpu_usage,"{framework=""spring-boot"",language=""java"",service=""java-user-service"",}",1.0
1790112932.652,java-user-service,tomcat_threads_current_threads,"{framework=""spring-boot"",language=""java"",name=""http-nio-9081"",service=""java-user-service"",}",64.0
1790112932.652,java-user-service,tomcat_threads_config_max_threads,"{framework=""spring-boot"",language=""java"",name=""http-nio-9081"",service=""java-user-service"",}",64.0
1790112932.652,java-user-service,hikaricp_connections_pending,"{framework=""spring-boot"",language=""java"",pool=""HikariPool-1"",service=""java-user-service"",}",30.0
1790112932.652,java-user-service,hikaricp_connections_active,"{framework=""spring-boot"",language=""java"",pool=""HikariPool-1"",service=""java-user-service"",}",19.0
1790112932.652,java-user-service,hikaricp_connections_usage_seconds_count,"{framework=""spring-boot"",language=""java"",pool=""HikariPool-1"",service=""java-user-service"",}",3639.0
1790112932.652,java-user-service,hikaricp_connections_usage_seconds_sum,"{framework=""spring-boot"",language=""java"",pool=""HikariPool-1"",service=""java-user-service"",}",1362.784
1790112932.652,java-product-service,hikaricp_connections_acquire_seconds_count,"{language=""java"",pool=""HikariPool-1"",service=""java-product-service"",}",656.0
1790112932.652,java-product-service,hikaricp_connections_acquire_seconds_sum,"{language=""java"",pool=""HikariPool-1"",service=""java-product-service"",}",0.082301177
1790112932.652,java-product-service,jvm_gc_pause_seconds_count,"{action=""end of minor GC"",cause=""G1 Evacuation Pause"",gc=""G1 Young Generation"",language=""java"",service=""java-product-service"",}",9.0
1790112932.652,java-product-service,jvm_gc_pause_seconds_sum,"{action=""end of minor GC"",cause=""G1 Evacuation Pause"",gc=""G1 Young Generation"",language=""java"",service=""java-product-service"",}",0.048
1790112932.652,java-product-service,tomcat_threads_config_max_threads,"{language=""java"",name=""http-nio-9082"",service=""java-product-service"",}",64.0
1790112932.652,java-product-service,tomcat_threads_busy_threads,"{language=""java"",name=""http-nio-9082"",service=""java-product-service"",}",1.0
1790112932.652,java-product-service,jvm_memory_committed_bytes,"{area=""nonheap"",id=""CodeHeap 'non-nmethods'"",language=""java"",service=""java-product-service"",}",2555904.0
1790112932.652,java-product-service,jvm_memory_committed_bytes,"{area=""heap"",id=""G1 Eden Space"",language=""java"",service=""java-product-service"",}",51380224.0
1790112932.652,java-product-service,jvm_memory_committed_bytes,"{area=""nonheap"",id=""Metaspace"",language=""java"",service=""java-product-service"",}",100139008.0
1790112932.652,java-product-service,jvm_memory_committed_bytes,"{area=""heap"",id=""G1 Old Gen"",language=""java"",service=""java-product-service"",}",46137344.0
1790112932.652,java-product-service,jvm_memory_committed_bytes,"{area=""nonheap"",id=""Compressed Class Space"",language=""java"",service=""java-product-service"",}",13500416.0
1790112932.652,java-product-service,jvm_memory_committed_bytes,"{area=""heap"",id=""G1 Survivor Space"",language=""java"",service=""java-product-service"",}",3145728.0
1790112932.652,java-product-service,jvm_memory_committed_bytes,"{area=""nonheap"",id=""CodeHeap 'profiled nmethods'"",language=""java"",service=""java-product-service"",}",29360128.0
1790112932.652,java-product-service,jvm_memory_committed_bytes,"{area=""nonheap"",id=""CodeHeap 'non-profiled nmethods'"",language=""java"",service=""java-product-service"",}",9699328.0
1790112932.652,java-product-service,jvm_memory_used_bytes,"{area=""nonheap"",id=""CodeHeap 'non-nmethods'"",language=""java"",service=""java-product-service"",}",1639296.0
1790112932.652,java-product-service,jvm_memory_used_bytes,"{area=""heap"",id=""G1 Eden Space"",language=""java"",service=""java-product-service"",}",12582912.0
1790112932.652,java-product-service,jvm_memory_used_bytes,"{area=""nonheap"",id=""Metaspace"",language=""java"",service=""java-product-service"",}",99193464.0
1790112932.652,java-product-service,jvm_memory_used_bytes,"{area=""heap"",id=""G1 Old Gen"",language=""java"",service=""java-product-service"",}",42161272.0
1790112932.652,java-product-service,jvm_memory_used_bytes,"{area=""nonheap"",id=""Compressed Class Space"",language=""java"",service=""java-product-service"",}",13044536.0
1790112932.652,java-product-service,jvm_memory_used_bytes,"{area=""heap"",id=""G1 Survivor Space"",language=""java"",service=""java-product-service"",}",3145728.0
1790112932.652,java-product-service,jvm_memory_used_bytes,"{area=""nonheap"",id=""CodeHeap 'profiled nmethods'"",language=""java"",service=""java-product-service"",}",29352320.0
1790112932.652,java-product-service,jvm_memory_used_bytes,"{area=""nonheap"",id=""CodeHeap 'non-profiled nmethods'"",language=""java"",service=""java-product-service"",}",9664896.0
1790112932.652,java-product-service,hikaricp_connections_pending,"{language=""java"",pool=""HikariPool-1"",service=""java-product-service"",}",0.0
1790112932.652,java-product-service,hikaricp_connections_active,"{language=""java"",pool=""HikariPool-1"",service=""java-product-service"",}",0.0
1790112932.652,java-product-service,hikaricp_connections_usage_seconds_count,"{language=""java"",pool=""HikariPool-1"",service=""java-product-service"",}",656.0
1790112932.652,java-product-service,hikaricp_connections_usage_seconds_sum,"{language=""java"",pool=""HikariPool-1"",service=""java-product-service"",}",0.61
1790112932.652,java-product-service,process_cpu_usage,"{language=""java"",service=""java-product-service"",}",0.028205128205128206
1790112932.652,java-product-service,tomcat_threads_current_threads,"{language=""java"",name=""http-nio-9082"",service=""java-product-service"",}",13.0
1790112932.652,java-product-service,system_cpu_usage,"{language=""java"",service=""java-product-service"",}",0.030561538461538463
1790112932.652,java-order-service,jvm_memory_used_bytes,"{area=""nonheap"",id=""CodeHeap 'non-profiled nmethods'"",language=""java"",service=""java-order-service"",}",7407872.0
1790112932.652,java-order-service,jvm_memory_used_bytes,"{area=""heap"",id=""G1 Eden Space"",language=""java"",service=""java-order-service"",}",38797312.0
1790112932.652,java-order-service,jvm_memory_used_bytes,"{area=""nonheap"",id=""CodeHeap 'profiled nmethods'"",language=""java"",service=""java-order-service"",}",25565312.0
1790112932.652,java-order-service,jvm_memory_used_bytes,"{area=""nonheap"",id=""CodeHeap 'non-nmethods'"",language=""java"",service=""java-order-service"",}",1622528.0
1790112932.652,java-order-service,jvm_memory_used_bytes,"{area=""heap"",id=""G1 Survivor Space"",language=""java"",service=""java-order-service"",}",2097152.0
1790112932.652,java-order-service,jvm_memory_used_bytes,"{area=""nonheap"",id=""Compressed Class Space"",language=""java"",service=""java-order-service"",}",11029952.0
1790112932.652,java-order-service,jvm_memory_used_bytes,"{area=""heap"",id=""G1 Old Gen"",language=""java"",service=""java-order-service"",}",35571584.0
1790112932.652,java-order-service,jvm_memory_used_bytes,"{area=""nonheap"",id=""Metaspace"",language=""java"",service=""java-order-service"",}",85215856.0
1790112932.652,java-order-service,jvm_memory_committed_bytes,"{area=""nonheap"",id=""CodeHeap 'non-profiled nmethods'"",language=""java"",service=""java-order-service"",}",7471104.0
1790112932.652,java-order-service,jvm_memory_committed_bytes,"{area=""heap"",id=""G1 Eden Space"",language=""java"",service=""java-order-service"",}",49283072.0
1790112932.652,java-order-service,jvm_memory_committed_bytes,"{area=""nonheap"",id=""CodeHeap 'profiled nmethods'"",language=""java"",service=""java-order-service"",}",28573696.0
1790112932.652,java-order-service,jvm_memory_committed_bytes,"{area=""nonheap"",id=""CodeHeap 'non-nmethods'"",language=""java"",service=""java-order-service"",}",2555904.0
1790112932.652,java-order-service,jvm_memory_committed_bytes,"{area=""heap"",id=""G1 Survivor Space"",language=""java"",service=""java-order-service"",}",2097152.0
1790112932.652,java-order-service,jvm_memory_committed_bytes,"{area=""nonheap"",id=""Compressed Class Space"",language=""java"",service=""java-order-service"",}",11468800.0
1790112932.652,java-order-service,jvm_memory_committed_bytes,"{area=""heap"",id=""G1 Old Gen"",language=""java"",service=""java-order-service"",}",37748736.0
1790112932.652,java-order-service,jvm_memory_committed_bytes,"{area=""nonheap"",id=""Metaspace"",language=""java"",service=""java-order-service"",}",86179840.0
1790112932.652,java-order-service,hikaricp_connections_active,"{language=""java"",pool=""HikariPool-1"",service=""java-order-service"",}",0.0
1790112932.652,java-order-service,jvm_gc_pause_seconds_count,"{action=""end of minor GC"",cause=""G1 Evacuation Pause"",gc=""G1 Young Generation"",language=""java"",service=""java-order-service"",}",6.0
1790112932.652,java-order-service,jvm_gc_pause_seconds_sum,"{action=""end of minor GC"",cause=""G1 Evacuation Pause"",gc=""G1 Young Generation"",language=""java"",service=""java-order-service"",}",0.044
1790112932.652,java-order-service,hikaricp_connections_acquire_seconds_count,"{language=""java"",pool=""HikariPool-1"",service=""java-order-service"",}",2352.0
1790112932.652,java-order-service,hikaricp_connections_acquire_seconds_sum,"{language=""java"",pool=""HikariPool-1"",service=""java-order-service"",}",0.094890335
1790112932.652,java-order-service,tomcat_threads_config_max_threads,"{language=""java"",name=""http-nio-9083"",service=""java-order-service"",}",64.0
1790112932.652,java-order-service,tomcat_threads_busy_threads,"{language=""java"",name=""http-nio-9083"",service=""java-order-service"",}",1.0
1790112932.652,java-order-service,hikaricp_connections_pending,"{language=""java"",pool=""HikariPool-1"",service=""java-order-service"",}",0.0
1790112932.652,java-order-service,hikaricp_connections_usage_seconds_count,"{language=""java"",pool=""HikariPool-1"",service=""java-order-service"",}",2352.0
1790112932.652,java-order-service,hikaricp_connections_usage_seconds_sum,"{language=""java"",pool=""HikariPool-1"",service=""java-order-service"",}",3.593
1790112932.652,java-order-service,process_cpu_usage,"{language=""java"",service=""java-order-service"",}",0.03461538461538462
1790112932.652,java-order-service,system_cpu_usage,"{language=""java"",service=""java-order-service"",}",0.03561794871794872
1790112932.652,java-order-service,tomcat_threads_current_threads,"{language=""java"",name=""http-nio-9083"",service=""java-order-service"",}",10.0
1790112937.969,java-user-service,jvm_memory_used_bytes,"{area=""nonheap"",framework=""spring-boot"",id=""CodeHeap 'non-nmethods'"",language=""java"",service=""java-user-service"",}",1645952.0
1790112937.969,java-user-service,jvm_memory_used_bytes,"{area=""nonheap"",framework=""spring-boot"",id=""CodeHeap 'non-profiled nmethods'"",language=""java"",service=""java-user-service"",}",9511808.0
1790112937.969,java-user-service,jvm_memory_used_bytes,"{area=""heap"",framework=""spring-boot"",id=""G1 Survivor Space"",language=""java"",service=""java-user-service"",}",2676416.0
1790112937.969,java-user-service,jvm_memory_used_bytes,"{area=""heap"",framework=""spring-boot"",id=""G1 Old Gen"",language=""java"",service=""java-user-service"",}",46710168.0
1790112937.969,java-user-service,jvm_memory_used_bytes,"{area=""nonheap"",framework=""spring-boot"",id=""Metaspace"",language=""java"",service=""java-user-service"",}",104218776.0
1790112937.969,java-user-service,jvm_memory_used_bytes,"{area=""heap"",framework=""spring-boot"",id=""G1 Eden Space"",language=""java"",service=""java-user-service"",}",7340032.0
1790112937.969,java-user-service,jvm_memory_used_bytes,"{area=""nonheap"",framework=""spring-boot"",id=""Compressed Class Space"",language=""java"",service=""java-user-service"",}",13404224.0
1790112937.969,java-user-service,jvm_memory_used_bytes,"{area=""nonheap"",framework=""spring-boot"",id=""CodeHeap 'profiled nmethods'"",language=""java"",service=""java-user-service"",}",17534720.0
1790112937.969,java-user-service,jvm_gc_pause_seconds_count,"{action=""end of minor GC"",cause=""G1 Evacuation Pause"",framework=""spring-boot"",gc=""G1 Young Generation"",language=""java"",service=""java-user-service"",}",81.0
1790112937.969,java-user-service,jvm_gc_pause_seconds_sum,"{action=""end of minor GC"",cause=""G1 Evacuation Pause"",framework=""spring-boot"",gc=""G1 Young Generation"",language=""java"",service=""java-user-service"",}",0.521
1790112937.969,java-user-service,hikaricp_connections_acquire_seconds_count,"{framework=""spring-boot"",language=""java"",pool=""HikariPool-1"",service=""java-user-service"",}",3758.0
1790112937.969,java-user-service,hikaricp_connections_acquire_seconds_sum,"{framework=""spring-boot"",language=""java"",pool=""HikariPool-1"",service=""java-user-service"",}",1217.434693278
1790112937.969,java-user-service,jvm_memory_committed_bytes,"{area=""nonheap"",framework=""spring-boot"",id=""CodeHeap 'non-nmethods'"",language=""java"",service=""java-user-service"",}",2555904.0
1790112937.969,java-user-service,jvm_memory_committed_bytes,"{area=""nonheap"",framework=""spring-boot"",id=""CodeHeap 'non-profiled nmethods'"",language=""java"",service=""java-user-service"",}",9568256.0
1790112937.969,java-user-service,jvm_memory_committed_bytes,"{area=""heap"",framework=""spring-boot"",id=""G1 Survivor Space"",language=""java"",service=""java-user-service"",}",3145728.0
1790112937.969,java-user-service,jvm_memory_committed_bytes,"{area=""heap"",framework=""spring-boot"",id=""G1 Old Gen"",language=""java"",service=""java-user-service"",}",50331648.0
1790112937.969,java-user-service,jvm_memory_committed_bytes,"{area=""nonheap"",framework=""spring-boot"",id=""Metaspace"",language=""java"",service=""java-user-service"",}",105250816.0
1790112937.969,java-user-service,jvm_memory_committed_bytes,"{area=""heap"",framework=""spring-boot"",id=""G1 Eden Space"",language=""java"",service=""java-user-service"",}",59768832.0
1790112937.969,java-user-service,jvm_memory_committed_bytes,"{area=""nonheap"",framework=""spring-boot"",id=""Compressed Class Space"",language=""java"",service=""java-user-service"",}",13893632.0
1790112937.969,java-user-service,jvm_memory_committed_bytes,"{area=""nonheap"",framework=""spring-boot"",id=""CodeHeap 'profiled nmethods'"",language=""java"",service=""java-user-service"",}",27328512.0
1790112937.969,java-user-service,system_cpu_usage,"{framework=""spring-boot"",language=""java"",service=""java-user-service"",}",0.9971384905660378
1790112937.969,java-user-service,tomcat_threads_busy_threads,"{framework=""spring-boot"",language=""java"",name=""http-nio-9081"",service=""java-user-service"",}",42.0
1790112937.969,java-user-service,process_cpu_usage,"{framework=""spring-boot"",language=""java"",service=""java-user-service"",}",0.9949685534591195
1790112937.969,java-user-service,tomcat_threads_current_threads,"{framework=""spring-boot"",language=""java"",name=""http-nio-9081"",service=""java-user-service"",}",64.0
1790112937.969,java-user-service,tomcat_threads_config_max_threads,"{framework=""spring-boot"",language=""java"",name=""http-nio-9081"",service=""java-user-service"",}",64.0
1790112937.969,java-user-service,hikaricp_connections_pending,"{framework=""spring-boot"",language=""java"",pool=""HikariPool-1"",service=""java-user-service"",}",21.0
1790112937.969,java-user-service,hikaricp_connections_active,"{framework=""spring-boot"",language=""java"",pool=""HikariPool-1"",service=""java-user-service"",}",20.0
1790112937.969,java-user-service,hikaricp_connections_usage_seconds_count,"{framework=""spring-boot"",language=""java"",pool=""HikariPool-1"",service=""java-user-service"",}",3739.0
1790112937.969,java-user-service,hikaricp_connections_usage_seconds_sum,"{framework=""spring-boot"",language=""java"",pool=""HikariPool-1"",service=""java-user-service"",}",1462.682
1790112937.969,java-product-service,hikaricp_connections_acquire_seconds_count,"{language=""java"",pool=""HikariPool-1"",service=""java-product-service"",}",661.0
1790112937.969,java-product-service,hikaricp_connections_acquire_seconds_sum,"{language=""java"",pool=""HikariPool-1"",service=""java-product-service"",}",0.083201053
1790112937.969,java-product-service,jvm_gc_pause_seconds_count,"{action=""end of minor GC"",cause=""G1 Evacuation Pause"",gc=""G1 Young Generation"",language=""java"",service=""java-product-service"",}",9.0
1790112937.969,java-product-service,jvm_gc_pause_seconds_sum,"{action=""end of minor GC"",cause=""G1 Evacuation Pause"",gc=""G1 Young Generation"",language=""java"",service=""java-product-service"",}",0.048
1790112937.969,java-product-service,tomcat_threads_config_max_threads,"{language=""java"",name=""http-nio-9082"",service=""java-product-service"",}",64.0
1790112937.969,java-product-service,tomcat_threads_busy_threads,"{language=""java"",name=""http-nio-9082"",service=""java-product-service"",}",1.0
1790112937.969,java-product-service,jvm_memory_committed_bytes,"{area=""nonheap"",id=""CodeHeap 'non-nmethods'"",language=""java"",service=""java-product-service"",}",2555904.0
1790112937.969,java-product-service,jvm_memory_committed_bytes,"{area=""heap"",id=""G1 Eden Space"",language=""java"",service=""java-product-service"",}",51380224.0
1790112937.969,java-product-service,jvm_memory_committed_bytes,"{area=""nonheap"",id=""Metaspace"",language=""java"",service=""java-product-service"",}",100139008.0
1790112937.969,java-product-service,jvm_memory_committed_bytes,"{area=""heap"",id=""G1 Old Gen"",language=""java"",service=""java-product-service"",}",46137344.0
1790112937.969,java-product-service,jvm_memory_committed_bytes,"{area=""nonheap"",id=""Compressed Class Space"",language=""java"",service=""java-product-service"",}",13500416.0
1790112937.969,java-product-service,jvm_memory_committed_bytes,"{area=""heap"",id=""G1 Survivor Space"",language=""java"",service=""java-product-service"",}",3145728.0
1790112937.969,java-product-service,jvm_memory_committed_bytes,"{area=""nonheap"",id=""CodeHeap 'profiled nmethods'"",language=""java"",service=""java-product-service"",}",29425664.0
1790112937.969,java-product-service,jvm_memory_committed_bytes,"{area=""nonheap"",id=""CodeHeap 'non-profiled nmethods'"",language=""java"",service=""java-product-service"",}",9699328.0
1790112937.969,java-product-service,jvm_memory_used_bytes,"{area=""nonheap"",id=""CodeHeap 'non-nmethods'"",language=""java"",service=""java-product-service"",}",1653504.0
1790112937.969,java-product-service,jvm_memory_used_bytes,"{area=""heap"",id=""G1 Eden Space"",language=""java"",service=""java-product-service"",}",20971520.0
1790112937.969,java-product-service,jvm_memory_used_bytes,"{area=""nonheap"",id=""Metaspace"",language=""java"",service=""java-product-service"",}",99206016.0
1790112937.969,java-product-service,jvm_memory_used_bytes,"{area=""heap"",id=""G1 Old Gen"",language=""java"",service=""java-product-service"",}",42161272.0
1790112937.969,java-product-service,jvm_memory_used_bytes,"{area=""nonheap"",id=""Compressed Class Space"",language=""java"",service=""java-product-service"",}",13044536.0
1790112937.969,java-product-service,jvm_memory_used_bytes,"{area=""heap"",id=""G1 Survivor Space"",language=""java"",service=""java-product-service"",}",3145728.0
1790112937.969,java-product-service,jvm_memory_used_bytes,"{area=""nonheap"",id=""CodeHeap 'profiled nmethods'"",language=""java"",service=""java-product-service"",}",29428736.0
1790112937.969,java-product-service,jvm_memory_used_bytes,"{area=""nonheap"",id=""CodeHeap 'non-profiled nmethods'"",language=""java"",service=""java-product-service"",}",9673600.0
1790112937.969,java-product-service,hikaricp_connections_pending,"{language=""java"",pool=""HikariPool-1"",service=""java-product-service"",}",0.0
1790112937.969,java-product-service,hikaricp_connections_active,"{language=""java"",pool=""HikariPool-1"",service=""java-product-service"",}",0.0
1790112937.969,java-product-service,hikaricp_connections_usage_seconds_count,"{language=""java"",pool=""HikariPool-1"",service=""java-product-service"",}",661.0
1790112937.969,java-product-service,hikaricp_connections_usage_seconds_sum,"{language=""java"",pool=""HikariPool-1"",service=""java-product-service"",}",0.612
1790112937.969,java-product-service,process_cpu_usage,"{language=""java"",service=""java-product-service"",}",0.01904761904761905
1790112937.969,java-product-service,tomcat_threads_current_threads,"{language=""java"",name=""http-nio-9082"",service=""java-product-service"",}",13.0
1790112937.969,java-product-service,system_cpu_usage,"{language=""java"",service=""java-product-service"",}",0.02006857142857143
1790112937.969,java-order-service,jvm_memory_used_bytes,"{area=""nonheap"",id=""CodeHeap 'non-profiled nmethods'"",language=""java"",service=""java-order-service"",}",7529344.0
1790112937.969,java-order-service,jvm_memory_used_bytes,"{area=""heap"",id=""G1 Eden Space"",language=""java"",service=""java-order-service"",}",2097152.0
1790112937.969,java-order-service,jvm_memory_used_bytes,"{area=""nonheap"",id=""CodeHeap 'profiled nmethods'"",language=""java"",service=""java-order-service"",}",25644416.0
1790112937.969,java-order-service,jvm_memory_used_bytes,"{area=""nonheap"",id=""CodeHeap 'non-nmethods'"",language=""java"",service=""java-order-service"",}",1622528.0
1790112937.969,java-order-service,jvm_memory_used_bytes,"{area=""heap"",id=""G1 Survivor Space"",language=""java"",service=""java-order-service"",}",2785952.0
1790112937.969,java-order-service,jvm_memory_used_bytes,"{area=""nonheap"",id=""Compressed Class Space"",language=""java"",service=""java-order-service"",}",11029952.0
1790112937.969,java-order-service,jvm_memory_used_bytes,"{area=""heap"",id=""G1 Old Gen"",language=""java"",service=""java-order-service"",}",34957216.0
1790112937.969,java-order-service,jvm_memory_used_bytes,"{area=""nonheap"",id=""Metaspace"",language=""java"",service=""java-order-service"",}",85224160.0
1790112937.969,java-order-service,jvm_memory_committed_bytes,"{area=""nonheap"",id=""CodeHeap 'non-profiled nmethods'"",language=""java"",service=""java-order-service"",}",7536640.0
1790112937.969,java-order-service,jvm_memory_committed_bytes,"{area=""heap"",id=""G1 Eden Space"",language=""java"",service=""java-order-service"",}",48234496.0
1790112937.969,java-order-service,jvm_memory_committed_bytes,"{area=""nonheap"",id=""CodeHeap 'profiled nmethods'"",language=""java"",service=""java-order-service"",}",28573696.0
1790112937.969,java-order-service,jvm_memory_committed_bytes,"{area=""nonheap"",id=""CodeHeap 'non-nmethods'"",language=""java"",service=""java-order-service"",}",2555904.0
1790112937.969,java-order-service,jvm_memory_committed_bytes,"{area=""heap"",id=""G1 Survivor Space"",language=""java"",service=""java-order-service"",}",3145728.0
1790112937.969,java-order-service,jvm_memory_committed_bytes,"{area=""nonheap"",id=""Compressed Class Space"",language=""java"",service=""java-order-service"",}",11468800.0
1790112937.969,java-order-service,jvm_memory_committed_bytes,"{area=""heap"",id=""G1 Old Gen"",language=""java"",service=""java-order-service"",}",37748736.0
1790112937.969,java-order-service,jvm_memory_committed_bytes,"{area=""nonheap"",id=""Metaspace"",language=""java"",service=""java-order-service"",}",86179840.0
1790112937.969,java-order-service,hikaricp_connections_active,"{language=""java"",pool=""HikariPool-1"",service=""java-order-service"",}",0.0
1790112937.969,java-order-service,jvm_gc_pause_seconds_count,"{action=""end of minor GC"",cause=""G1 Evacuation Pause"",gc=""G1 Young Generation"",language=""java"",service=""java-order-service"",}",7.0
1790112937.969,java-order-service,jvm_gc_pause_seconds_sum,"{action=""end of minor GC"",cause=""G1 Evacuation Pause"",gc=""G1 Young Generation"",language=""java"",service=""java-order-service"",}",0.051
1790112937.969,java-order-service,hikaricp_connections_acquire_seconds_count,"{language=""java"",pool=""HikariPool-1"",service=""java-order-service"",}",2427.0
1790112937.969,java-order-service,hikaricp_connections_acquire_seconds_sum,"{language=""java"",pool=""HikariPool-1"",service=""java-order-service"",}",0.09973796
1790112937.969,java-order-service,tomcat_threads_config_max_threads,"{language=""java"",name=""http-nio-9083"",service=""java-order-service"",}",64.0
1790112937.969,java-order-service,tomcat_threads_busy_threads,"{language=""java"",name=""http-nio-9083"",service=""java-order-service"",}",1.0
1790112937.969,java-order-service,hikaricp_connections_pending,"{language=""java"",pool=""HikariPool-1"",service=""java-order-service"",}",0.0
1790112937.969,java-order-service,hikaricp_connections_usage_seconds_count,"{language=""java"",pool=""HikariPool-1"",service=""java-order-service"",}",2427.0
1790112937.969,java-order-service,hikaricp_connections_usage_seconds_sum,"{language=""java"",pool=""HikariPool-1"",service=""java-order-service"",}",3.736
1790112937.969,java-order-service,process_cpu_usage,"{language=""java"",service=""java-order-service"",}",0.044897959183673466
1790112937.969,java-order-service,system_cpu_usage,"{language=""java"",service=""java-order-service"",}",0.04617551020408163
1790112937.969,java-order-service,tomcat_threads_current_threads,"{language=""java"",name=""http-nio-9083"",service=""java-order-service"",}",10.0
1790112943.271,java-user-service,jvm_memory_used_bytes,"{area=""nonheap"",framework=""spring-boot"",id=""CodeHeap 'non-nmethods'"",language=""java"",service=""java-user-service"",}",1645952.0
1790112943.271,java-user-service,jvm_memory_used_bytes,"{area=""nonheap"",framework=""spring-boot"",id=""CodeHeap 'non-profiled nmethods'"",language=""java"",service=""java-user-service"",}",9584768.0
1790112943.271,java-user-service,jvm_memory_used_bytes,"{area=""heap"",framework=""spring-boot"",id=""G1 Survivor Space"",language=""java"",service=""java-user-service"",}",2359520.0
1790112943.271,java-user-service,jvm_memory_used_bytes,"{area=""heap"",framework=""spring-boot"",id=""G1 Old Gen"",language=""java"",service=""java-user-service"",}",46754760.0
1790112943.271,java-user-service,jvm_memory_used_bytes,"{area=""nonheap"",framework=""spring-boot"",id=""Metaspace"",language=""java"",service=""java-user-service"",}",104219184.0
1790112943.271,java-user-service,jvm_memory_used_bytes,"{area=""heap"",framework=""spring-boot"",id=""G1 Eden Space"",language=""java"",service=""java-user-service"",}",48234496.0
1790112943.271,java-user-service,jvm_memory_used_bytes,"{area=""nonheap"",framework=""spring-boot"",id=""Compressed Class Space"",language=""java"",service=""java-user-service"",}",13404224.0
1790112943.271,java-user-service,jvm_memory_used_bytes,"{area=""nonheap"",framework=""spring-boot"",id=""CodeHeap 'profiled nmethods'"",language=""java"",service=""java-user-service"",}",17466496.0
1790112943.271,java-user-service,jvm_gc_pause_seconds_count,"{action=""end of minor GC"",cause=""G1 Evacuation Pause"",framework=""spring-boot"",gc=""G1 Young Generation"",language=""java"",service=""java-user-service"",}",83.0
1790112943.271,java-user-service,jvm_gc_pause_seconds_sum,"{action=""end of minor GC"",cause=""G1 Evacuation Pause"",framework=""spring-boot"",gc=""G1 Young Generation"",language=""java"",service=""java-user-service"",}",0.534
1790112943.271,java-user-service,hikaricp_connections_acquire_seconds_count,"{framework=""spring-boot"",language=""java"",pool=""HikariPool-1"",service=""java-user-service"",}",3853.0
1790112943.271,java-user-service,hikaricp_connections_acquire_seconds_sum,"{framework=""spring-boot"",language=""java"",pool=""HikariPool-1"",service=""java-user-service"",}",1324.183293498
1790112943.271,java-user-service,jvm_memory_committed_bytes,"{area=""nonheap"",framework=""spring-boot"",id=""CodeHeap 'non-nmethods'"",language=""java"",service=""java-user-service"",}",2555904.0
1790112943.271,java-user-service,jvm_memory_committed_bytes,"{area=""nonheap"",framework=""spring-boot"",id=""CodeHeap 'non-profiled nmethods'"",language=""java"",service=""java-user-service"",}",9633792.0
1790112943.271,java-user-service,jvm_memory_committed_bytes,"{area=""heap"",framework=""spring-boot"",id=""G1 Survivor Space"",language=""java"",service=""java-user-service"",}",3145728.0
1790112943.271,java-user-service,jvm_memory_committed_bytes,"{area=""heap"",framework=""spring-boot"",id=""G1 Old Gen"",language=""java"",service=""java-user-service"",}",50331648.0
1790112943.271,java-user-service,jvm_memory_committed_bytes,"{area=""nonheap"",framework=""spring-boot"",id=""Metaspace"",language=""java"",service=""java-user-service"",}",105250816.0
1790112943.271,java-user-service,jvm_memory_committed_bytes,"{area=""heap"",framework=""spring-boot"",id=""G1 Eden Space"",language=""java"",service=""java-user-service"",}",59768832.0
1790112943.271,java-user-service,jvm_memory_committed_bytes,"{area=""nonheap"",framework=""spring-boot"",id=""Compressed Class Space"",language=""java"",service=""java-user-service"",}",13893632.0
1790112943.271,java-user-service,jvm_memory_committed_bytes,"{area=""nonheap"",framework=""spring-boot"",id=""CodeHeap 'profiled nmethods'"",language=""java"",service=""java-user-service"",}",27328512.0
1790112943.271,java-user-service,system_cpu_usage,"{framework=""spring-boot"",language=""java"",service=""java-user-service"",}",0.9987501886792453
1790112943.271,java-user-service,tomcat_threads_busy_threads,"{framework=""spring-boot"",language=""java"",name=""http-nio-9081"",service=""java-user-service"",}",35.0
1790112943.271,java-user-service,process_cpu_usage,"{framework=""spring-boot"",language=""java"",service=""java-user-service"",}",1.0
1790112943.271,java-user-service,tomcat_threads_current_threads,"{framework=""spring-boot"",language=""java"",name=""http-nio-9081"",service=""java-user-service"",}",64.0
1790112943.271,java-user-service,tomcat_threads_config_max_threads,"{framework=""spring-boot"",language=""java"",name=""http-nio-9081"",service=""java-user-service"",}",64.0
1790112943.271,java-user-service,hikaricp_connections_pending,"{framework=""spring-boot"",language=""java"",pool=""HikariPool-1"",service=""java-user-service"",}",16.0
1790112943.271,java-user-service,hikaricp_connections_active,"{framework=""spring-boot"",language=""java"",pool=""HikariPool-1"",service=""java-user-service"",}",20.0
1790112943.271,java-user-service,hikaricp_connections_usage_seconds_count,"{framework=""spring-boot"",language=""java"",pool=""HikariPool-1"",service=""java-user-service"",}",3844.0
1790112943.271,java-user-service,hikaricp_connections_usage_seconds_sum,"{framework=""spring-boot"",language=""java"",pool=""HikariPool-1"",service=""java-user-service"",}",1569.62
1790112943.271,java-product-service,hikaricp_connections_acquire_seconds_count,"{language=""java"",pool=""HikariPool-1"",service=""java-product-service"",}",671.0
1790112943.271,java-product-service,hikaricp_connections_acquire_seconds_sum,"{language=""java"",pool=""HikariPool-1"",service=""java-product-service"",}",0.084447843
1790112943.271,java-product-service,jvm_gc_pause_seconds_count,"{action=""end of minor GC"",cause=""G1 Evacuation Pause"",gc=""G1 Young Generation"",language=""java"",service=""java-product-service"",}",9.0
1790112943.271,java-product-service,jvm_gc_pause_seconds_sum,"{action=""end of minor GC"",cause=""G1 Evacuation Pause"",gc=""G1 Young Generation"",language=""java"",service=""java-product-service"",}",0.048
1790112943.271,java-product-service,tomcat_threads_config_max_threads,"{language=""java"",name=""http-nio-9082"",service=""java-product-service"",}",64.0
1790112943.271,java-product-service,tomcat_threads_busy_threads,"{language=""java"",name=""http-nio-9082"",service=""java-product-service"",}",1.0
1790112943.271,java-product-service,jvm_memory_committed_bytes,"{area=""nonheap"",id=""CodeHeap 'non-nmethods'"",language=""java"",service=""java-product-service"",}",2555904.0
1790112943.271,java-product-service,jvm_memory_committed_bytes,"{area=""heap"",id=""G1 Eden Space"",language=""java"",service=""java-product-service"",}",51380224.0
1790112943.271,java-product-service,jvm_memory_committed_bytes,"{area=""nonheap"",id=""Metaspace"",language=""java"",service=""java-product-service"",}",100139008.0
1790112943.271,java-product-service,jvm_memory_committed_bytes,"{area=""heap"",id=""G1 Old Gen"",language=""java"",service=""java-product-service"",}",46137344.0
1790112943.271,java-product-service,jvm_memory_committed_bytes,"{area=""nonheap"",id=""Compressed Class Space"",language=""java"",service=""java-product-service"",}",13500416.0
1790112943.271,java-product-service,jvm_memory_committed_bytes,"{area=""heap"",id=""G1 Survivor Space"",language=""java"",service=""java-product-service"",}",3145728.0
1790112943.271,java-product-service,jvm_memory_committed_bytes,"{area=""nonheap"",id=""CodeHeap 'profiled nmethods'"",language=""java"",service=""java-product-service"",}",29491200.0
1790112943.271,java-product-service,jvm_memory_committed_bytes,"{area=""nonheap"",id=""CodeHeap 'non-profiled nmethods'"",language=""java"",service=""java-product-service"",}",9764864.0
1790112943.271,java-product-service,jvm_memory_used_bytes,"{area=""nonheap"",id=""CodeHeap 'non-nmethods'"",language=""java"",service=""java-product-service"",}",1639296.0
1790112943.271,java-product-service,jvm_memory_used_bytes,"{area=""heap"",id=""G1 Eden Space"",language=""java"",service=""java-product-service"",}",28311552.0
1790112943.271,java-product-service,jvm_memory_used_bytes,"{area=""nonheap"",id=""Metaspace"",language=""java"",service=""java-product-service"",}",99209784.0
1790112943.271,java-product-service,jvm_memory_used_bytes,"{area=""heap"",id=""G1 Old Gen"",language=""java"",service=""java-product-service"",}",42161272.0
1790112943.271,java-product-service,jvm_memory_used_bytes,"{area=""nonheap"",id=""Compressed Class Space"",language=""java"",service=""java-product-service"",}",13044536.0
1790112943.271,java-product-service,jvm_memory_used_bytes,"{area=""heap"",id=""G1 Survivor Space"",language=""java"",service=""java-product-service"",}",3145728.0
1790112943.271,java-product-service,jvm_memory_used_bytes,"{area=""nonheap"",id=""CodeHeap 'profiled nmethods'"",language=""java"",service=""java-product-service"",}",29460480.0
1790112943.271,java-product-service,jvm_memory_used_bytes,"{area=""nonheap"",id=""CodeHeap 'non-profiled nmethods'"",language=""java"",service=""java-product-service"",}",9724416.0
1790112943.271,java-product-service,hikaricp_connections_pending,"{language=""java"",pool=""HikariPool-1"",service=""java-product-service"",}",0.0
1790112943.271,java-product-service,hikaricp_connections_active,"{language=""java"",pool=""HikariPool-1"",service=""java-product-service"",}",0.0
1790112943.271,java-product-service,hikaricp_connections_usage_seconds_count,"{language=""java"",pool=""HikariPool-1"",service=""java-product-service"",}",671.0
1790112943.271,java-product-service,hikaricp_connections_usage_seconds_sum,"{language=""java"",pool=""HikariPool-1"",service=""java-product-service"",}",0.616
1790112943.271,java-product-service,process_cpu_usage,"{language=""java"",service=""java-product-service"",}",0.02389937106918239
1790112943.271,java-product-service,tomcat_threads_current_threads,"{language=""java"",name=""http-nio-9082"",service=""java-product-service"",}",13.0
1790112943.271,java-product-service,system_cpu_usage,"{language=""java"",service=""java-product-service"",}",0.025187044025157233
1790112943.271,java-order-service,jvm_memory_used_bytes,"{area=""nonheap"",id=""CodeHeap 'non-profiled nmethods'"",language=""java"",service=""java-order-service"",}",7593088.0
1790112943.271,java-order-service,jvm_memory_used_bytes,"{area=""heap"",id=""G1 Eden Space"",language=""java"",service=""java-order-service"",}",8388608.0
1790112943.271,java-order-service,jvm_memory_used_bytes,"{area=""nonheap"",id=""CodeHeap 'profiled nmethods'"",language=""java"",service=""java-order-service"",}",25659136.0
1790112943.271,java-order-service,jvm_memory_used_bytes,"{area=""nonheap"",id=""CodeHeap 'non-nmethods'"",language=""java"",service=""java-order-service"",}",1622528.0
1790112943.271,java-order-service,jvm_memory_used_bytes,"{area=""heap"",id=""G1 Survivor Space"",language=""java"",service=""java-order-service"",}",2785952.0
1790112943.271,java-order-service,jvm_memory_used_bytes,"{area=""nonheap"",id=""Compressed Class Space"",language=""java"",service=""java-order-service"",}",11029952.0
1790112943.271,java-order-service,jvm_memory_used_bytes,"{area=""heap"",id=""G1 Old Gen"",language=""java"",service=""java-order-service"",}",34957216.0
1790112943.271,java-order-service,jvm_memory_used_bytes,"{area=""nonheap"",id=""Metaspace"",language=""java"",service=""java-order-service"",}",85228744.0
1790112943.271,java-order-service,jvm_memory_committed_bytes,"{area=""nonheap"",id=""CodeHeap 'non-profiled nmethods'"",language=""java"",service=""java-order-service"",}",7602176.0
1790112943.271,java-order-service,jvm_memory_committed_bytes,"{area=""heap"",id=""G1 Eden Space"",language=""java"",service=""java-order-service"",}",48234496.0
1790112943.271,java-order-service,jvm_memory_committed_bytes,"{area=""nonheap"",id=""CodeHeap 'profiled nmethods'"",language=""java"",service=""java-order-service"",}",28573696.0
1790112943.271,java-order-service,jvm_memory_committed_bytes,"{area=""nonheap"",id=""CodeHeap 'non-nmethods'"",language=""java"",service=""java-order-service"",}",2555904.0
1790112943.271,java-order-service,jvm_memory_committed_bytes,"{area=""heap"",id=""G1 Survivor Space"",language=""java"",service=""java-order-service"",}",3145728.0
1790112943.271,java-order-service,jvm_memory_committed_bytes,"{area=""nonheap"",id=""Compressed Class Space"",language=""java"",service=""java-order-service"",}",11468800.0
1790112943.271,java-order-service,jvm_memory_committed_bytes,"{area=""heap"",id=""G1 Old Gen"",language=""java"",service=""java-order-service"",}",37748736.0
1790112943.271,java-order-service,jvm_memory_committed_bytes,"{area=""nonheap"",id=""Metaspace"",language=""java"",service=""java-order-service"",}",86179840.0
1790112943.271,java-order-service,hikaricp_connections_active,"{language=""java"",pool=""HikariPool-1"",service=""java-order-service"",}",0.0
1790112943.271,java-order-service,jvm_gc_pause_seconds_count,"{action=""end of minor GC"",cause=""G1 Evacuation Pause"",gc=""G1 Young Generation"",language=""java"",service=""java-order-service"",}",7.0
1790112943.271,java-order-service,jvm_gc_pause_seconds_sum,"{action=""end of minor GC"",cause=""G1 Evacuation Pause"",gc=""G1 Young Generation"",language=""java"",service=""java-order-service"",}",0.051
1790112943.271,java-order-service,hikaricp_connections_acquire_seconds_count,"{language=""java"",pool=""HikariPool-1"",service=""java-order-service"",}",2500.0
1790112943.271,java-order-service,hikaricp_connections_acquire_seconds_sum,"{language=""java"",pool=""HikariPool-1"",service=""java-order-service"",}",0.104552547
1790112943.271,java-order-service,tomcat_threads_config_max_threads,"{language=""java"",name=""http-nio-9083"",service=""java-order-service"",}",64.0
1790112943.271,java-order-service,tomcat_threads_busy_threads,"{language=""java"",name=""http-nio-9083"",service=""java-order-service"",}",1.0
1790112943.271,java-order-service,hikaricp_connections_pending,"{language=""java"",pool=""HikariPool-1"",service=""java-order-service"",}",0.0
1790112943.271,java-order-service,hikaricp_connections_usage_seconds_count,"{language=""java"",pool=""HikariPool-1"",service=""java-order-service"",}",2500.0
1790112943.271,java-order-service,hikaricp_connections_usage_seconds_sum,"{language=""java"",pool=""HikariPool-1"",service=""java-order-service"",}",3.864
1790112943.271,java-order-service,process_cpu_usage,"{language=""java"",service=""java-order-service"",}",0.037333333333333336
1790112943.271,java-order-service,system_cpu_usage,"{language=""java"",service=""java-order-service"",}",0.0373324
1790112943.271,java-order-service,tomcat_threads_current_threads,"{language=""java"",name=""http-nio-9083"",service=""java-order-service"",}",10.0
1790112948.653,java-user-service,jvm_memory_used_bytes,"{area=""nonheap"",framework=""spring-boot"",id=""CodeHeap 'non-nmethods'"",language=""java"",service=""java-user-service"",}",1645952.0
1790112948.653,java-user-service,jvm_memory_used_bytes,"{area=""nonheap"",framework=""spring-boot"",id=""CodeHeap 'non-profiled nmethods'"",language=""java"",service=""java-user-service"",}",9780096.0
1790112948.653,java-user-service,jvm_memory_used_bytes,"{area=""heap"",framework=""spring-boot"",id=""G1 Survivor Space"",language=""java"",service=""java-user-service"",}",1036536.0
1790112948.653,java-user-service,jvm_memory_used_bytes,"{area=""heap"",framework=""spring-boot"",id=""G1 Old Gen"",language=""java"",service=""java-user-service"",}",47583128.0
1790112948.653,java-user-service,jvm_memory_used_bytes,"{area=""nonheap"",framework=""spring-boot"",id=""Metaspace"",language=""java"",service=""java-user-service"",}",104222216.0
1790112948.653,java-user-service,jvm_memory_used_bytes,"{area=""heap"",framework=""spring-boot"",id=""G1 Eden Space"",language=""java"",service=""java-user-service"",}",39845880.0
1790112948.653,java-user-service,jvm_memory_used_bytes,"{area=""nonheap"",framework=""spring-boot"",id=""Compressed Class Space"",language=""java"",service=""java-user-service"",}",13404224.0
1790112948.653,java-user-service,jvm_memory_used_bytes,"{area=""nonheap"",framework=""spring-boot"",id=""CodeHeap 'profiled nmethods'"",language=""java"",service=""java-user-service"",}",17384320.0
1790112948.653,java-user-service,jvm_gc_pause_seconds_count,"{action=""end of minor GC"",cause=""G1 Evacuation Pause"",framework=""spring-boot"",gc=""G1 Young Generation"",language=""java"",service=""java-user-service"",}",86.0
1790112948.653,java-user-service,jvm_gc_pause_seconds_sum,"{action=""end of minor GC"",cause=""G1 Evacuation Pause"",framework=""spring-boot"",gc=""G1 Young Generation"",language=""java"",service=""java-user-service"",}",0.546
1790112948.653,java-user-service,hikaricp_connections_acquire_seconds_count,"{framework=""spring-boot"",language=""java"",pool=""HikariPool-1"",service=""java-user-service"",}",3971.0
1790112948.653,java-user-service,hikaricp_connections_acquire_seconds_sum,"{framework=""spring-boot"",language=""java"",pool=""HikariPool-1"",service=""java-user-service"",}",1340.762123584
1790112948.653,java-user-service,jvm_memory_committed_bytes,"{area=""nonheap"",framework=""spring-boot"",id=""CodeHeap 'non-nmethods'"",language=""java"",service=""java-user-service"",}",2555904.0
1790112948.653,java-user-service,jvm_memory_committed_bytes,"{area=""nonheap"",framework=""spring-boot"",id=""CodeHeap 'non-profiled nmethods'"",language=""java"",service=""java-user-service"",}",9830400.0
1790112948.653,java-user-service,jvm_memory_committed_bytes,"{area=""heap"",framework=""spring-boot"",id=""G1 Survivor Space"",language=""java"",service=""java-user-service"",}",1048576.0
1790112948.653,java-user-service,jvm_memory_committed_bytes,"{area=""heap"",framework=""spring-boot"",id=""G1 Old Gen"",language=""java"",service=""java-user-service"",}",51380224.0
1790112948.653,java-user-service,jvm_memory_committed_bytes,"{area=""nonheap"",framework=""spring-boot"",id=""Metaspace"",language=""java"",service=""java-user-service"",}",105250816.0
1790112948.653,java-user-service,jvm_memory_committed_bytes,"{area=""heap"",framework=""spring-boot"",id=""G1 Eden Space"",language=""java"",service=""java-user-service"",}",60817408.0
1790112948.653,java-user-service,jvm_memory_committed_bytes,"{area=""nonheap"",framework=""spring-boot"",id=""Compressed Class Space"",language=""java"",service=""java-user-service"",}",13893632.0
1790112948.653,java-user-service,jvm_memory_committed_bytes,"{area=""nonheap"",framework=""spring-boot"",id=""CodeHeap 'profiled nmethods'"",language=""java"",service=""java-user-service"",}",27328512.0
1790112948.653,java-user-service,system_cpu_usage,"{framework=""spring-boot"",language=""java"",service=""java-user-service"",}",0.9926028395061728
1790112948.653,java-user-service,tomcat_threads_busy_threads,"{framework=""spring-boot"",language=""java"",name=""http-nio-9081"",service=""java-user-service"",}",9.0
1790112948.653,java-user-service,process_cpu_usage,"{framework=""spring-boot"",language=""java"",service=""java-user-service"",}",0.9974842767295597
1790112948.653,java-user-service,tomcat_threads_current_threads,"{framework=""spring-boot"",language=""java"",name=""http-nio-9081"",service=""java-user-service"",}",64.0
1790112948.653,java-user-service,tomcat_threads_config_max_threads,"{framework=""spring-boot"",language=""java"",name=""http-nio-9081"",service=""java-user-service"",}",64.0
1790112948.653,java-user-service,hikaricp_connections_pending,"{framework=""spring-boot"",language=""java"",pool=""HikariPool-1"",service=""java-user-service"",}",0.0
1790112948.653,java-user-service,hikaricp_connections_active,"{framework=""spring-boot"",language=""java"",pool=""HikariPool-1"",service=""java-user-service"",}",9.0
1790112948.653,java-user-service,hikaricp_connections_usage_seconds_count,"{framework=""spring-boot"",language=""java"",pool=""HikariPool-1"",service=""java-user-service"",}",3963.0
1790112948.653,java-user-service,hikaricp_connections_usage_seconds_sum,"{framework=""spring-boot"",language=""java"",pool=""HikariPool-1"",service=""java-user-service"",}",1646.421
1790112948.653,java-product-service,hikaricp_connections_acquire_seconds_count,"{language=""java"",pool=""HikariPool-1"",service=""java-product-service"",}",688.0
1790112948.653,java-product-service,hikaricp_connections_acquire_seconds_sum,"{language=""java"",pool=""HikariPool-1"",service=""java-product-service"",}",0.08710355
1790112948.653,java-product-service,jvm_gc_pause_seconds_count,"{action=""end of minor GC"",cause=""G1 Evacuation Pause"",gc=""G1 Young Generation"",language=""java"",service=""java-product-service"",}",9.0
1790112948.653,java-product-service,jvm_gc_pause_seconds_sum,"{action=""end of minor GC"",cause=""G1 Evacuation Pause"",gc=""G1 Young Generation"",language=""java"",service=""java-product-service"",}",0.048
1790112948.653,java-product-service,tomcat_threads_config_max_threads,"{language=""java"",name=""http-nio-9082"",service=""java-product-service"",}",64.0
1790112948.653,java-product-service,tomcat_threads_busy_threads,"{language=""java"",name=""http-nio-9082"",service=""java-product-service"",}",1.0
1790112948.653,java-product-service,jvm_memory_committed_bytes,"{area=""nonheap"",id=""CodeHeap 'non-nmethods'"",language=""java"",service=""java-product-service"",}",2555904.0
1790112948.653,java-product-service,jvm_memory_committed_bytes,"{area=""heap"",id=""G1 Eden Space"",language=""java"",service=""java-product-service"",}",51380224.0
1790112948.653,java-product-service,jvm_memory_committed_bytes,"{area=""nonheap"",id=""Metaspace"",language=""java"",service=""java-product-service"",}",100139008.0
1790112948.653,java-product-service,jvm_memory_committed_bytes,"{area=""heap"",id=""G1 Old Gen"",language=""java"",service=""java-product-service"",}",46137344.0
1790112948.653,java-product-service,jvm_memory_committed_bytes,"{area=""nonheap"",id=""Compressed Class Space"",language=""java"",service=""java-product-service"",}",13500416.0
1790112948.653,java-product-service,jvm_memory_committed_bytes,"{area=""heap"",id=""G1 Survivor Space"",language=""java"",service=""java-product-service"",}",3145728.0
1790112948.653,java-product-service,jvm_memory_committed_bytes,"{area=""nonheap"",id=""CodeHeap 'profiled nmethods'"",language=""java"",service=""java-product-service"",}",29556736.0
1790112948.653,java-product-service,jvm_memory_committed_bytes,"{area=""nonheap"",id=""CodeHeap 'non-profiled nmethods'"",language=""java"",service=""java-product-service"",}",9895936.0
1790112948.653,java-product-service,jvm_memory_used_bytes,"{area=""nonheap"",id=""CodeHeap 'non-nmethods'"",language=""java"",service=""java-product-service"",}",1639296.0
1790112948.653,java-product-service,jvm_memory_used_bytes,"{area=""heap"",id=""G1 Eden Space"",language=""java"",service=""java-product-service"",}",36700160.0
1790112948.653,java-product-service,jvm_memory_used_bytes,"{area=""nonheap"",id=""Metaspace"",language=""java"",service=""java-product-service"",}",99212840.0
1790112948.653,java-product-service,jvm_memory_used_bytes,"{area=""heap"",id=""G1 Old Gen"",language=""java"",service=""java-product-service"",}",42161272.0
1790112948.653,java-product-service,jvm_memory_used_bytes,"{area=""nonheap"",id=""Compressed Class Space"",language=""java"",service=""java-product-service"",}",13044536.0
1790112948.653,java-product-service,jvm_memory_used_bytes,"{area=""heap"",id=""G1 Survivor Space"",language=""java"",service=""java-product-service"",}",3145728.0
1790112948.653,java-product-service,jvm_memory_used_bytes,"{area=""nonheap"",id=""CodeHeap 'profiled nmethods'"",language=""java"",service=""java-product-service"",}",29499904.0
1790112948.653,java-product-service,jvm_memory_used_bytes,"{area=""nonheap"",id=""CodeHeap 'non-profiled nmethods'"",language=""java"",service=""java-product-service"",}",9855744.0
1790112948.653,java-product-service,hikaricp_connections_pending,"{language=""java"",pool=""HikariPool-1"",service=""java-product-service"",}",0.0
1790112948.653,java-product-service,hikaricp_connections_active,"{language=""java"",pool=""HikariPool-1"",service=""java-product-service"",}",0.0
1790112948.653,java-product-service,hikaricp_connections_usage_seconds_count,"{language=""java"",pool=""HikariPool-1"",service=""java-product-service"",}",688.0
1790112948.653,java-product-service,hikaricp_connections_usage_seconds_sum,"{language=""java"",pool=""HikariPool-1"",service=""java-product-service"",}",0.618
1790112948.653,java-product-service,process_cpu_usage,"{language=""java"",service=""java-product-service"",}",0.043137254901960784
1790112948.653,java-product-service,tomcat_threads_current_threads,"{language=""java"",name=""http-nio-9082"",service=""java-product-service"",}",13.0
1790112948.653,java-product-service,system_cpu_usage,"{language=""java"",service=""java-product-service"",}",0.04128745098039216
1790112948.653,java-order-service,jvm_memory_used_bytes,"{area=""nonheap"",id=""CodeHeap 'non-profiled nmethods'"",language=""java"",service=""java-order-service"",}",7738624.0
1790112948.653,java-order-service,jvm_memory_used_bytes,"{area=""heap"",id=""G1 Eden Space"",language=""java"",service=""java-order-service"",}",16777216.0
1790112948.653,java-order-service,jvm_memory_used_bytes,"{area=""nonheap"",id=""CodeHeap 'profiled nmethods'"",language=""java"",service=""java-order-service"",}",25664256.0
1790112948.653,java-order-service,jvm_memory_used_bytes,"{area=""nonheap"",id=""CodeHeap 'non-nmethods'"",language=""java"",service=""java-order-service"",}",1622528.0
1790112948.653,java-order-service,jvm_memory_used_bytes,"{area=""heap"",id=""G1 Survivor Space"",language=""java"",service=""java-order-service"",}",2785952.0
1790112948.653,java-order-service,jvm_memory_used_bytes,"{area=""nonheap"",id=""Compressed Class Space"",language=""java"",service=""java-order-service"",}",11030984.0
1790112948.653,java-order-service,jvm_memory_used_bytes,"{area=""heap"",id=""G1 Old Gen"",language=""java"",service=""java-order-service"",}",34957216.0
1790112948.653,java-order-service,jvm_memory_used_bytes,"{area=""nonheap"",id=""Metaspace"",language=""java"",service=""java-order-service"",}",85230816.0
1790112948.653,java-order-service,jvm_memory_committed_bytes,"{area=""nonheap"",id=""CodeHeap 'non-profiled nmethods'"",language=""java"",service=""java-order-service"",}",7798784.0
1790112948.653,java-order-service,jvm_memory_committed_bytes,"{area=""heap"",id=""G1 Eden Space"",language=""java"",service=""java-order-service"",}",48234496.0
1790112948.653,java-order-service,jvm_memory_committed_bytes,"{area=""nonheap"",id=""CodeHeap 'profiled nmethods'"",language=""java"",service=""java-order-service"",}",28573696.0
1790112948.653,java-order-service,jvm_memory_committed_bytes,"{area=""nonheap"",id=""CodeHeap 'non-nmethods'"",language=""java"",service=""java-order-service"",}",2555904.0
1790112948.653,java-order-service,jvm_memory_committed_bytes,"{area=""heap"",id=""G1 Survivor Space"",language=""java"",service=""java-order-service"",}",3145728.0
1790112948.653,java-order-service,jvm_memory_committed_bytes,"{area=""nonheap"",id=""Compressed Class Space"",language=""java"",service=""java-order-service"",}",11468800.0
1790112948.653,java-order-service,jvm_memory_committed_bytes,"{area=""heap"",id=""G1 Old Gen"",language=""java"",service=""java-order-service"",}",37748736.0
1790112948.653,java-order-service,jvm_memory_committed_bytes,"{area=""nonheap"",id=""Metaspace"",language=""java"",service=""java-order-service"",}",86179840.0
1790112948.653,java-order-service,hikaricp_connections_active,"{language=""java"",pool=""HikariPool-1"",service=""java-order-service"",}",0.0
1790112948.653,java-order-service,jvm_gc_pause_seconds_count,"{action=""end of minor GC"",cause=""G1 Evacuation Pause"",gc=""G1 Young Generation"",language=""java"",service=""java-order-service"",}",7.0
1790112948.653,java-order-service,jvm_gc_pause_seconds_sum,"{action=""end of minor GC"",cause=""G1 Evacuation Pause"",gc=""G1 Young Generation"",language=""java"",service=""java-order-service"",}",0.051
1790112948.653,java-order-service,hikaricp_connections_acquire_seconds_count,"{language=""java"",pool=""HikariPool-1"",service=""java-order-service"",}",2587.0
1790112948.653,java-order-service,hikaricp_connections_acquire_seconds_sum,"{language=""java"",pool=""HikariPool-1"",service=""java-order-service"",}",0.112087884
1790112948.653,java-order-service,tomcat_threads_config_max_threads,"{language=""java"",name=""http-nio-9083"",service=""java-order-service"",}",64.0
1790112948.653,java-order-service,tomcat_threads_busy_threads,"{language=""java"",name=""http-nio-9083"",service=""java-order-service"",}",1.0
1790112948.653,java-order-service,hikaricp_connections_pending,"{language=""java"",pool=""HikariPool-1"",service=""java-order-service"",}",0.0
1790112948.653,java-order-service,hikaricp_connections_usage_seconds_count,"{language=""java"",pool=""HikariPool-1"",service=""java-order-service"",}",2587.0
1790112948.653,java-order-service,hikaricp_connections_usage_seconds_sum,"{language=""java"",pool=""HikariPool-1"",service=""java-order-service"",}",4.031
1790112948.653,java-order-service,process_cpu_usage,"{language=""java"",service=""java-order-service"",}",0.05170068027210884
1790112948.653,java-order-service,system_cpu_usage,"{language=""java"",service=""java-order-service"",}",0.05288707482993197
1790112948.653,java-order-service,tomcat_threads_current_threads,"{language=""java"",name=""http-nio-9083"",service=""java-order-service"",}",10.0
1790112953.759,java-user-service,jvm_memory_used_bytes,"{area=""nonheap"",framework=""spring-boot"",id=""CodeHeap 'non-nmethods'"",language=""java"",service=""java-user-service"",}",1645952.0
1790112953.759,java-user-service,jvm_memory_used_bytes,"{area=""nonheap"",framework=""spring-boot"",id=""CodeHeap 'non-profiled nmethods'"",language=""java"",service=""java-user-service"",}",10237568.0
1790112953.759,java-user-service,jvm_memory_used_bytes,"{area=""heap"",framework=""spring-boot"",id=""G1 Survivor Space"",language=""java"",service=""java-user-service"",}",625040.0
1790112953.759,java-user-service,jvm_memory_used_bytes,"{area=""heap"",framework=""spring-boot"",id=""G1 Old Gen"",language=""java"",service=""java-user-service"",}",47942144.0
1790112953.759,java-user-service,jvm_memory_used_bytes,"{area=""nonheap"",framework=""spring-boot"",id=""Metaspace"",language=""java"",service=""java-user-service"",}",104226320.0
1790112953.759,java-user-service,jvm_memory_used_bytes,"{area=""heap"",framework=""spring-boot"",id=""G1 Eden Space"",language=""java"",service=""java-user-service"",}",41943040.0
1790112953.759,java-user-service,jvm_memory_used_bytes,"{area=""nonheap"",framework=""spring-boot"",id=""Compressed Class Space"",language=""java"",service=""java-user-service"",}",13404224.0
1790112953.759,java-user-service,jvm_memory_used_bytes,"{area=""nonheap"",framework=""spring-boot"",id=""CodeHeap 'profiled nmethods'"",language=""java"",service=""java-user-service"",}",17299072.0
1790112953.759,java-user-service,jvm_gc_pause_seconds_count,"{action=""end of minor GC"",cause=""G1 Evacuation Pause"",framework=""spring-boot"",gc=""G1 Young Generation"",language=""java"",service=""java-user-service"",}",88.0
1790112953.759,java-user-service,jvm_gc_pause_seconds_sum,"{action=""end of minor GC"",cause=""G1 Evacuation Pause"",framework=""spring-boot"",gc=""G1 Young Generation"",language=""java"",service=""java-user-service"",}",0.552
1790112953.759,java-user-service,hikaricp_connections_acquire_seconds_count,"{framework=""spring-boot"",language=""java"",pool=""HikariPool-1"",service=""java-user-service"",}",4059.0
1790112953.759,java-user-service,hikaricp_connections_acquire_seconds_sum,"{framework=""spring-boot"",language=""java"",pool=""HikariPool-1"",service=""java-user-service"",}",1340.863599622
1790112953.759,java-user-service,jvm_memory_committed_bytes,"{area=""nonheap"",framework=""spring-boot"",id=""CodeHeap 'non-nmethods'"",language=""java"",service=""java-user-service"",}",2555904.0
1790112953.759,java-user-service,jvm_memory_committed_bytes,"{area=""nonheap"",framework=""spring-boot"",id=""CodeHeap 'non-profiled nmethods'"",language=""java"",service=""java-user-service"",}",10289152.0
1790112953.759,java-user-service,jvm_memory_committed_bytes,"{area=""heap"",framework=""spring-boot"",id=""G1 Survivor Space"",language=""java"",service=""java-user-service"",}",1048576.0
1790112953.759,java-user-service,jvm_memory_committed_bytes,"{area=""heap"",framework=""spring-boot"",id=""G1 Old Gen"",language=""java"",service=""java-user-service"",}",51380224.0
1790112953.759,java-user-service,jvm_memory_committed_bytes,"{area=""nonheap"",framework=""spring-boot"",id=""Metaspace"",language=""java"",service=""java-user-service"",}",105250816.0
1790112953.759,java-user-service,jvm_memory_committed_bytes,"{area=""heap"",framework=""spring-boot"",id=""G1 Eden Space"",language=""java"",service=""java-user-service"",}",60817408.0
1790112953.759,java-user-service,jvm_memory_committed_bytes,"{area=""nonheap"",framework=""spring-boot"",id=""Compressed Class Space"",language=""java"",service=""java-user-service"",}",13893632.0
1790112953.759,java-user-service,jvm_memory_committed_bytes,"{area=""nonheap"",framework=""spring-boot"",id=""CodeHeap 'profiled nmethods'"",language=""java"",service=""java-user-service"",}",27328512.0
1790112953.759,java-user-service,system_cpu_usage,"{framework=""spring-boot"",language=""java"",service=""java-user-service"",}",0.6367777333333333
1790112953.759,java-user-service,tomcat_threads_busy_threads,"{framework=""spring-boot"",language=""java"",name=""http-nio-9081"",service=""java-user-service"",}",1.0
1790112953.759,java-user-service,process_cpu_usage,"{framework=""spring-boot"",language=""java"",service=""java-user-service"",}",0.6306666666666667
1790112953.759,java-user-service,tomcat_threads_current_threads,"{framework=""spring-boot"",language=""java"",name=""http-nio-9081"",service=""java-user-service"",}",64.0
1790112953.759,java-user-service,tomcat_threads_config_max_threads,"{framework=""spring-boot"",language=""java"",name=""http-nio-9081"",service=""java-user-service"",}",64.0
1790112953.759,java-user-service,hikaricp_connections_pending,"{framework=""spring-boot"",language=""java"",pool=""HikariPool-1"",service=""java-user-service"",}",0.0
1790112953.759,java-user-service,hikaricp_connections_active,"{framework=""spring-boot"",language=""java"",pool=""HikariPool-1"",service=""java-user-service"",}",0.0
1790112953.759,java-user-service,hikaricp_connections_usage_seconds_count,"{framework=""spring-boot"",language=""java"",pool=""HikariPool-1"",service=""java-user-service"",}",4059.0
1790112953.759,java-user-service,hikaricp_connections_usage_seconds_sum,"{framework=""spring-boot"",language=""java"",pool=""HikariPool-1"",service=""java-user-service"",}",1662.354
1790112953.759,java-product-service,hikaricp_connections_acquire_seconds_count,"{language=""java"",pool=""HikariPool-1"",service=""java-product-service"",}",709.0
1790112953.759,java-product-service,hikaricp_connections_acquire_seconds_sum,"{language=""java"",pool=""HikariPool-1"",service=""java-product-service"",}",0.088476383
1790112953.759,java-product-service,jvm_gc_pause_seconds_count,"{action=""end of minor GC"",cause=""G1 Evacuation Pause"",gc=""G1 Young Generation"",language=""java"",service=""java-product-service"",}",9.0
1790112953.759,java-product-service,jvm_gc_pause_seconds_sum,"{action=""end of minor GC"",cause=""G1 Evacuation Pause"",gc=""G1 Young Generation"",language=""java"",service=""java-product-service"",}",0.048
1790112953.759,java-product-service,tomcat_threads_config_max_threads,"{language=""java"",name=""http-nio-9082"",service=""java-product-service"",}",64.0
1790112953.759,java-product-service,tomcat_threads_busy_threads,"{language=""java"",name=""http-nio-9082"",service=""java-product-service"",}",1.0
1790112953.759,java-product-service,jvm_memory_committed_bytes,"{area=""nonheap"",id=""CodeHeap 'non-nmethods'"",language=""java"",service=""java-product-service"",}",2555904.0
1790112953.759,java-product-service,jvm_memory_committed_bytes,"{area=""heap"",id=""G1 Eden Space"",language=""java"",service=""java-product-service"",}",51380224.0
1790112953.759,java-product-service,jvm_memory_committed_bytes,"{area=""nonheap"",id=""Metaspace"",language=""java"",service=""java-product-service"",}",100139008.0
1790112953.759,java-product-service,jvm_memory_committed_bytes,"{area=""heap"",id=""G1 Old Gen"",language=""java"",service=""java-product-service"",}",46137344.0
1790112953.759,java-product-service,jvm_memory_committed_bytes,"{area=""nonheap"",id=""Compressed Class Space"",language=""java"",service=""java-product-service"",}",13500416.0
1790112953.759,java-product-service,jvm_memory_committed_bytes,"{area=""heap"",id=""G1 Survivor Space"",language=""java"",service=""java-product-service"",}",3145728.0
1790112953.759,java-product-service,jvm_memory_committed_bytes,"{area=""nonheap"",id=""CodeHeap 'profiled nmethods'"",language=""java"",service=""java-product-service"",}",29622272.0
1790112953.759,java-product-service,jvm_memory_committed_bytes,"{area=""nonheap"",id=""CodeHeap 'non-profiled nmethods'"",language=""java"",service=""java-product-service"",}",10027008.0
1790112953.759,java-product-service,jvm_memory_used_bytes,"{area=""nonheap"",id=""CodeHeap 'non-nmethods'"",language=""java"",service=""java-product-service"",}",1639296.0
1790112953.759,java-product-service,jvm_memory_used_bytes,"{area=""heap"",id=""G1 Eden Space"",language=""java"",service=""java-product-service"",}",42991616.0
1790112953.759,java-product-service,jvm_memory_used_bytes,"{area=""nonheap"",id=""Metaspace"",language=""java"",service=""java-product-service"",}",99222920.0
1790112953.759,java-product-service,jvm_memory_used_bytes,"{area=""heap"",id=""G1 Old Gen"",language=""java"",service=""java-product-service"",}",42161272.0
1790112953.759,java-product-service,jvm_memory_used_bytes,"{area=""nonheap"",id=""Compressed Class Space"",language=""java"",service=""java-product-service"",}",13045056.0
1790112953.759,java-product-service,jvm_memory_used_bytes,"{area=""heap"",id=""G1 Survivor Space"",language=""java"",service=""java-product-service"",}",3145728.0
1790112953.759,java-product-service,jvm_memory_used_bytes,"{area=""nonheap"",id=""CodeHeap 'profiled nmethods'"",language=""java"",service=""java-product-service"",}",29586688.0
1790112953.759,java-product-service,jvm_memory_used_bytes,"{area=""nonheap"",id=""CodeHeap 'non-profiled nmethods'"",language=""java"",service=""java-product-service"",}",9979776.0
1790112953.759,java-product-service,hikaricp_connections_pending,"{language=""java"",pool=""HikariPool-1"",service=""java-product-service"",}",0.0
1790112953.759,java-product-service,hikaricp_connections_active,"{language=""java"",pool=""HikariPool-1"",service=""java-product-service"",}",0.0
1790112953.759,java-product-service,hikaricp_connections_usage_seconds_count,"{language=""java"",pool=""HikariPool-1"",service=""java-product-service"",}",709.0
1790112953.759,java-product-service,hikaricp_connections_usage_seconds_sum,"{language=""java"",pool=""HikariPool-1"",service=""java-product-service"",}",0.619
1790112953.759,java-product-service,process_cpu_usage,"{language=""java"",service=""java-product-service"",}",0.03111111111111111
1790112953.759,java-product-service,tomcat_threads_current_threads,"{language=""java"",name=""http-nio-9082"",service=""java-product-service"",}",13.0
1790112953.759,java-product-service,system_cpu_usage,"{language=""java"",service=""java-product-service"",}",0.03483525925925926
1790112953.759,java-order-service,jvm_memory_used_bytes,"{area=""nonheap"",id=""CodeHeap 'non-profiled nmethods'"",language=""java"",service=""java-order-service"",}",7747072.0
1790112953.759,java-order-service,jvm_memory_used_bytes,"{area=""heap"",id=""G1 Eden Space"",language=""java"",service=""java-order-service"",}",23068672.0
1790112953.759,java-order-service,jvm_memory_used_bytes,"{area=""nonheap"",id=""CodeHeap 'profiled nmethods'"",language=""java"",service=""java-order-service"",}",25678336.0
1790112953.759,java-order-service,jvm_memory_used_bytes,"{area=""nonheap"",id=""CodeHeap 'non-nmethods'"",language=""java"",service=""java-order-service"",}",1622528.0
1790112953.759,java-order-service,jvm_memory_used_bytes,"{area=""heap"",id=""G1 Survivor Space"",language=""java"",service=""java-order-service"",}",2785952.0
1790112953.759,java-order-service,jvm_memory_used_bytes,"{area=""nonheap"",id=""Compressed Class Space"",language=""java"",service=""java-order-service"",}",11030984.0
1790112953.759,java-order-service,jvm_memory_used_bytes,"{area=""heap"",id=""G1 Old Gen"",language=""java"",service=""java-order-service"",}",34957216.0
1790112953.759,java-order-service,jvm_memory_used_bytes,"{area=""nonheap"",id=""Metaspace"",language=""java"",service=""java-order-service"",}",85230816.0
1790112953.759,java-order-service,jvm_memory_committed_bytes,"{area=""nonheap"",id=""CodeHeap 'non-profiled nmethods'"",language=""java"",service=""java-order-service"",}",7798784.0
1790112953.759,java-order-service,jvm_memory_committed_bytes,"{area=""heap"",id=""G1 Eden Space"",language=""java"",service=""java-order-service"",}",48234496.0
1790112953.759,java-order-service,jvm_memory_committed_bytes,"{area=""nonheap"",id=""CodeHeap 'profiled nmethods'"",language=""java"",service=""java-order-service"",}",28573696.0
1790112953.759,java-order-service,jvm_memory_committed_bytes,"{area=""nonheap"",id=""CodeHeap 'non-nmethods'"",language=""java"",service=""java-order-service"",}",2555904.0
1790112953.759,java-order-service,jvm_memory_committed_bytes,"{area=""heap"",id=""G1 Survivor Space"",language=""java"",service=""java-order-service"",}",3145728.0
1790112953.759,java-order-service,jvm_memory_committed_bytes,"{area=""nonheap"",id=""Compressed Class Space"",language=""java"",service=""java-order-service"",}",11468800.0
1790112953.759,java-order-service,jvm_memory_committed_bytes,"{area=""heap"",id=""G1 Old Gen"",language=""java"",service=""java-order-service"",}",37748736.0
1790112953.759,java-order-service,jvm_memory_committed_bytes,"{area=""nonheap"",id=""Metaspace"",language=""java"",service=""java-order-service"",}",86179840.0
1790112953.759,java-order-service,hikaricp_connections_active,"{language=""java"",pool=""HikariPool-1"",service=""java-order-service"",}",0.0
1790112953.759,java-order-service,jvm_gc_pause_seconds_count,"{action=""end of minor GC"",cause=""G1 Evacuation Pause"",gc=""G1 Young Generation"",language=""java"",service=""java-order-service"",}",7.0
1790112953.759,java-order-service,jvm_gc_pause_seconds_sum,"{action=""end of minor GC"",cause=""G1 Evacuation Pause"",gc=""G1 Young Generation"",language=""java"",service=""java-order-service"",}",0.051
1790112953.759,java-order-service,hikaricp_connections_acquire_seconds_count,"{language=""java"",pool=""HikariPool-1"",service=""java-order-service"",}",2658.0
1790112953.759,java-order-service,hikaricp_connections_acquire_seconds_sum,"{language=""java"",pool=""HikariPool-1"",service=""java-order-service"",}",0.120945807
1790112953.759,java-order-service,tomcat_threads_config_max_threads,"{language=""java"",name=""http-nio-9083"",service=""java-order-service"",}",64.0
1790112953.759,java-order-service,tomcat_threads_busy_threads,"{language=""java"",name=""http-nio-9083"",service=""java-order-service"",}",1.0
1790112953.759,java-order-service,hikaricp_connections_pending,"{language=""java"",pool=""HikariPool-1"",service=""java-order-service"",}",0.0
1790112953.759,java-order-service,hikaricp_connections_usage_seconds_count,"{language=""java"",pool=""HikariPool-1"",service=""java-order-service"",}",2658.0
1790112953.759,java-order-service,hikaricp_connections_usage_seconds_sum,"{language=""java"",pool=""HikariPool-1"",service=""java-order-service"",}",4.123
1790112953.759,java-order-service,process_cpu_usage,"{language=""java"",service=""java-order-service"",}",0.021705426356589147
1790112953.759,java-order-service,system_cpu_usage,"{language=""java"",service=""java-order-service"",}",0.022862945736434107
1790112953.759,java-order-service,tomcat_threads_current_threads,"{language=""java"",name=""http-nio-9083"",service=""java-order-service"",}",10.0
1790112958.792,java-user-service,jvm_memory_used_bytes,"{area=""nonheap"",framework=""spring-boot"",id=""CodeHeap 'non-nmethods'"",language=""java"",service=""java-user-service"",}",1645952.0
1790112958.792,java-user-service,jvm_memory_used_bytes,"{area=""nonheap"",framework=""spring-boot"",id=""CodeHeap 'non-profiled nmethods'"",language=""java"",service=""java-user-service"",}",10547072.0
1790112958.792,java-user-service,jvm_memory_used_bytes,"{area=""heap"",framework=""spring-boot"",id=""G1 Survivor Space"",language=""java"",service=""java-user-service"",}",430624.0
1790112958.792,java-user-service,jvm_memory_used_bytes,"{area=""heap"",framework=""spring-boot"",id=""G1 Old Gen"",language=""java"",service=""java-user-service"",}",48009968.0
1790112958.792,java-user-service,jvm_memory_used_bytes,"{area=""nonheap"",framework=""spring-boot"",id=""Metaspace"",language=""java"",service=""java-user-service"",}",104248544.0
1790112958.792,java-user-service,jvm_memory_used_bytes,"{area=""heap"",framework=""spring-boot"",id=""G1 Eden Space"",language=""java"",service=""java-user-service"",}",49283072.0
1790112958.792,java-user-service,jvm_memory_used_bytes,"{area=""nonheap"",framework=""spring-boot"",id=""Compressed Class Space"",language=""java"",service=""java-user-service"",}",13404224.0
1790112958.792,java-user-service,jvm_memory_used_bytes,"{area=""nonheap"",framework=""spring-boot"",id=""CodeHeap 'profiled nmethods'"",language=""java"",service=""java-user-service"",}",17397504.0
1790112958.792,java-user-service,jvm_gc_pause_seconds_count,"{action=""end of minor GC"",cause=""G1 Evacuation Pause"",framework=""spring-boot"",gc=""G1 Young Generation"",language=""java"",service=""java-user-service"",}",89.0
1790112958.792,java-user-service,jvm_gc_pause_seconds_sum,"{action=""end of minor GC"",cause=""G1 Evacuation Pause"",framework=""spring-boot"",gc=""G1 Young Generation"",language=""java"",service=""java-user-service"",}",0.553
1790112958.792,java-user-service,hikaricp_connections_acquire_seconds_count,"{framework=""spring-boot"",language=""java"",pool=""HikariPool-1"",service=""java-user-service"",}",4118.0
1790112958.792,java-user-service,hikaricp_connections_acquire_seconds_sum,"{framework=""spring-boot"",language=""java"",pool=""HikariPool-1"",service=""java-user-service"",}",1340.869782252
1790112958.792,java-user-service,jvm_memory_committed_bytes,"{area=""nonheap"",framework=""spring-boot"",id=""CodeHeap 'non-nmethods'"",language=""java"",service=""java-user-service"",}",2555904.0
1790112958.792,java-user-service,jvm_memory_committed_bytes,"{area=""nonheap"",framework=""spring-boot"",id=""CodeHeap 'non-profiled nmethods'"",language=""java"",service=""java-user-service"",}",10616832.0
1790112958.792,java-user-service,jvm_memory_committed_bytes,"{area=""heap"",framework=""spring-boot"",id=""G1 Survivor Space"",language=""java"",service=""java-user-service"",}",1048576.0
1790112958.792,java-user-service,jvm_memory_committed_bytes,"{area=""heap"",framework=""spring-boot"",id=""G1 Old Gen"",language=""java"",service=""java-user-service"",}",51380224.0
1790112958.792,java-user-service,jvm_memory_committed_bytes,"{area=""nonheap"",framework=""spring-boot"",id=""Metaspace"",language=""java"",service=""java-user-service"",}",105250816.0
1790112958.792,java-user-service,jvm_memory_committed_bytes,"{area=""heap"",framework=""spring-boot"",id=""G1 Eden Space"",language=""java"",service=""java-user-service"",}",60817408.0
1790112958.792,java-user-service,jvm_memory_committed_bytes,"{area=""nonheap"",framework=""spring-boot"",id=""Compressed Class Space"",language=""java"",service=""java-user-service"",}",13893632.0
1790112958.792,java-user-service,jvm_memory_committed_bytes,"{area=""nonheap"",framework=""spring-boot"",id=""CodeHeap 'profiled nmethods'"",language=""java"",service=""java-user-service"",}",27328512.0
1790112958.792,java-user-service,system_cpu_usage,"{framework=""spring-boot"",language=""java"",service=""java-user-service"",}",0.3032917006802721
1790112958.792,java-user-service,tomcat_threads_busy_threads,"{framework=""spring-boot"",language=""java"",name=""http-nio-9081"",service=""java-user-service"",}",1.0
1790112958.792,java-user-service,process_cpu_usage,"{framework=""spring-boot"",language=""java"",service=""java-user-service"",}",0.3034013605442177
1790112958.792,java-user-service,tomcat_threads_current_threads,"{framework=""spring-boot"",language=""java"",name=""http-nio-9081"",service=""java-user-service"",}",64.0
1790112958.792,java-user-service,tomcat_threads_config_max_threads,"{framework=""spring-boot"",language=""java"",name=""http-nio-9081"",service=""java-user-service"",}",64.0
1790112958.792,java-user-service,hikaricp_connections_pending,"{framework=""spring-boot"",language=""java"",pool=""HikariPool-1"",service=""java-user-service"",}",0.0
1790112958.792,java-user-service,hikaricp_connections_active,"{framework=""spring-boot"",language=""java"",pool=""HikariPool-1"",service=""java-user-service"",}",0.0
1790112958.792,java-user-service,hikaricp_connections_usage_seconds_count,"{framework=""spring-boot"",language=""java"",pool=""HikariPool-1"",service=""java-user-service"",}",4118.0
1790112958.792,java-user-service,hikaricp_connections_usage_seconds_sum,"{framework=""spring-boot"",language=""java"",pool=""HikariPool-1"",service=""java-user-service"",}",1664.33
1790112958.792,java-product-service,hikaricp_connections_acquire_seconds_count,"{language=""java"",pool=""HikariPool-1"",service=""java-product-service"",}",729.0
1790112958.792,java-product-service,hikaricp_connections_acquire_seconds_sum,"{language=""java"",pool=""HikariPool-1"",service=""java-product-service"",}",0.090288717
1790112958.792,java-product-service,jvm_gc_pause_seconds_count,"{action=""end of minor GC"",cause=""G1 Evacuation Pause"",gc=""G1 Young Generation"",language=""java"",service=""java-product-service"",}",10.0
1790112958.792,java-product-service,jvm_gc_pause_seconds_sum,"{action=""end of minor GC"",cause=""G1 Evacuation Pause"",gc=""G1 Young Generation"",language=""java"",service=""java-product-service"",}",0.052
1790112958.792,java-product-service,tomcat_threads_config_max_threads,"{language=""java"",name=""http-nio-9082"",service=""java-product-service"",}",64.0
1790112958.792,java-product-service,tomcat_threads_busy_threads,"{language=""java"",name=""http-nio-9082"",service=""java-product-service"",}",1.0
1790112958.792,java-product-service,jvm_memory_committed_bytes,"{area=""nonheap"",id=""CodeHeap 'non-nmethods'"",language=""java"",service=""java-product-service"",}",2555904.0
1790112958.792,java-product-service,jvm_memory_committed_bytes,"{area=""heap"",id=""G1 Eden Space"",language=""java"",service=""java-product-service"",}",50331648.0
1790112958.792,java-product-service,jvm_memory_committed_bytes,"{area=""nonheap"",id=""Metaspace"",language=""java"",service=""java-product-service"",}",100270080.0
1790112958.792,java-product-service,jvm_memory_committed_bytes,"{area=""heap"",id=""G1 Old Gen"",language=""java"",service=""java-product-service"",}",46137344.0
1790112958.792,java-product-service,jvm_memory_committed_bytes,"{area=""nonheap"",id=""Compressed Class Space"",language=""java"",service=""java-product-service"",}",13500416.0
1790112958.792,java-product-service,jvm_memory_committed_bytes,"{area=""heap"",id=""G1 Survivor Space"",language=""java"",service=""java-product-service"",}",4194304.0
1790112958.792,java-product-service,jvm_memory_committed_bytes,"{area=""nonheap"",id=""CodeHeap 'profiled nmethods'"",language=""java"",service=""java-product-service"",}",29687808.0
1790112958.792,java-product-service,jvm_memory_committed_bytes,"{area=""nonheap"",id=""CodeHeap 'non-profiled nmethods'"",language=""java"",service=""java-product-service"",}",10158080.0
1790112958.792,java-product-service,jvm_memory_used_bytes,"{area=""nonheap"",id=""CodeHeap 'non-nmethods'"",language=""java"",service=""java-product-service"",}",1639296.0
1790112958.792,java-product-service,jvm_memory_used_bytes,"{area=""heap"",id=""G1 Eden Space"",language=""java"",service=""java-product-service"",}",1048576.0
1790112958.792,java-product-service,jvm_memory_used_bytes,"{area=""nonheap"",id=""Metaspace"",language=""java"",service=""java-product-service"",}",99244344.0
1790112958.792,java-product-service,jvm_memory_used_bytes,"{area=""heap"",id=""G1 Old Gen"",language=""java"",service=""java-product-service"",}",42161272.0
1790112958.792,java-product-service,jvm_memory_used_bytes,"{area=""nonheap"",id=""Compressed Class Space"",language=""java"",service=""java-product-service"",}",13045056.0
1790112958.792,java-product-service,jvm_memory_used_bytes,"{area=""heap"",id=""G1 Survivor Space"",language=""java"",service=""java-product-service"",}",3954608.0
1790112958.792,java-product-service,jvm_memory_used_bytes,"{area=""nonheap"",id=""CodeHeap 'profiled nmethods'"",language=""java"",service=""java-product-service"",}",29674752.0
1790112958.792,java-product-service,jvm_memory_used_bytes,"{area=""nonheap"",id=""CodeHeap 'non-profiled nmethods'"",language=""java"",service=""java-product-service"",}",10125696.0
1790112958.792,java-product-service,hikaricp_connections_pending,"{language=""java"",pool=""HikariPool-1"",service=""java-product-service"",}",0.0
1790112958.792,java-product-service,hikaricp_connections_active,"{language=""java"",pool=""HikariPool-1"",service=""java-product-service"",}",0.0
1790112958.792,java-product-service,hikaricp_connections_usage_seconds_count,"{language=""java"",pool=""HikariPool-1"",service=""java-product-service"",}",729.0
1790112958.792,java-product-service,hikaricp_connections_usage_seconds_sum,"{language=""java"",pool=""HikariPool-1"",service=""java-product-service"",}",0.619
1790112958.792,java-product-service,process_cpu_usage,"{language=""java"",service=""java-product-service"",}",0.04242424242424243
1790112958.792,java-product-service,tomcat_threads_current_threads,"{language=""java"",name=""http-nio-9082"",service=""java-product-service"",}",13.0
1790112958.792,java-product-service,system_cpu_usage,"{language=""java"",service=""java-product-service"",}",0.04251681818181818
1790112958.792,java-order-service,jvm_memory_used_bytes,"{area=""nonheap"",id=""CodeHeap 'non-profiled nmethods'"",language=""java"",service=""java-order-service"",}",7826560.0
1790112958.792,java-order-service,jvm_memory_used_bytes,"{area=""heap"",id=""G1 Eden Space"",language=""java"",service=""java-order-service"",}",28311552.0
1790112958.792,java-order-service,jvm_memory_used_bytes,"{area=""nonheap"",id=""CodeHeap 'profiled nmethods'"",language=""java"",service=""java-order-service"",}",25682688.0
1790112958.792,java-order-service,jvm_memory_used_bytes,"{area=""nonheap"",id=""CodeHeap 'non-nmethods'"",language=""java"",service=""java-order-service"",}",1622528.0
1790112958.792,java-order-service,jvm_memory_used_bytes,"{area=""heap"",id=""G1 Survivor Space"",language=""java"",service=""java-order-service"",}",2785952.0
1790112958.792,java-order-service,jvm_memory_used_bytes,"{area=""nonheap"",id=""Compressed Class Space"",language=""java"",service=""java-order-service"",}",11030984.0
1790112958.792,java-order-service,jvm_memory_used_bytes,"{area=""heap"",id=""G1 Old Gen"",language=""java"",service=""java-order-service"",}",34957216.0
1790112958.792,java-order-service,jvm_memory_used_bytes,"{area=""nonheap"",id=""Metaspace"",language=""java"",service=""java-order-service"",}",85231256.0
1790112958.792,java-order-service,jvm_memory_committed_bytes,"{area=""nonheap"",id=""CodeHeap 'non-profiled nmethods'"",language=""java"",service=""java-order-service"",}",7864320.0
1790112958.792,java-order-service,jvm_memory_committed_bytes,"{area=""heap"",id=""G1 Eden Space"",language=""java"",service=""java-order-service"",}",48234496.0
1790112958.792,java-order-service,jvm_memory_committed_bytes,"{area=""nonheap"",id=""CodeHeap 'profiled nmethods'"",language=""java"",service=""java-order-service"",}",28573696.0
1790112958.792,java-order-service,jvm_memory_committed_bytes,"{area=""nonheap"",id=""CodeHeap 'non-nmethods'"",language=""java"",service=""java-order-service"",}",2555904.0
1790112958.792,java-order-service,jvm_memory_committed_bytes,"{area=""heap"",id=""G1 Survivor Space"",language=""java"",service=""java-order-service"",}",3145728.0
1790112958.792,java-order-service,jvm_memory_committed_bytes,"{area=""nonheap"",id=""Compressed Class Space"",language=""java"",service=""java-order-service"",}",11468800.0
1790112958.792,java-order-service,jvm_memory_committed_bytes,"{area=""heap"",id=""G1 Old Gen"",language=""java"",service=""java-order-service"",}",37748736.0
1790112958.792,java-order-service,jvm_memory_committed_bytes,"{area=""nonheap"",id=""Metaspace"",language=""java"",service=""java-order-service"",}",86179840.0
1790112958.792,java-order-service,hikaricp_connections_active,"{language=""java"",pool=""HikariPool-1"",service=""java-order-service"",}",0.0
1790112958.792,java-order-service,jvm_gc_pause_seconds_count,"{action=""end of minor GC"",cause=""G1 Evacuation Pause"",gc=""G1 Young Generation"",language=""java"",service=""java-order-service"",}",7.0
1790112958.792,java-order-service,jvm_gc_pause_seconds_sum,"{action=""end of minor GC"",cause=""G1 Evacuation Pause"",gc=""G1 Young Generation"",language=""java"",service=""java-order-service"",}",0.051
1790112958.792,java-order-service,hikaricp_connections_acquire_seconds_count,"{language=""java"",pool=""HikariPool-1"",service=""java-order-service"",}",2713.0
1790112958.792,java-order-service,hikaricp_connections_acquire_seconds_sum,"{language=""java"",pool=""HikariPool-1"",service=""java-order-service"",}",0.125392892
1790112958.792,java-order-service,tomcat_threads_config_max_threads,"{language=""java"",name=""http-nio-9083"",service=""java-order-service"",}",64.0
1790112958.792,java-order-service,tomcat_threads_busy_threads,"{language=""java"",name=""http-nio-9083"",service=""java-order-service"",}",1.0
1790112958.792,java-order-service,hikaricp_connections_pending,"{language=""java"",pool=""HikariPool-1"",service=""java-order-service"",}",0.0
1790112958.792,java-order-service,hikaricp_connections_usage_seconds_count,"{language=""java"",pool=""HikariPool-1"",service=""java-order-service"",}",2713.0
1790112958.792,java-order-service,hikaricp_connections_usage_seconds_sum,"{language=""java"",pool=""HikariPool-1"",service=""java-order-service"",}",4.179
1790112958.792,java-order-service,process_cpu_usage,"{language=""java"",service=""java-order-service"",}",0.034074074074074076
1790112958.792,java-order-service,system_cpu_usage,"{language=""java"",service=""java-order-service"",}",0.034689185185185184
1790112958.792,java-order-service,tomcat_threads_current_threads,"{language=""java"",name=""http-nio-9083"",service=""java-order-service"",}",10.0
1790112963.840,java-user-service,jvm_memory_used_bytes,"{area=""nonheap"",framework=""spring-boot"",id=""CodeHeap 'non-nmethods'"",language=""java"",service=""java-user-service"",}",1645952.0
1790112963.840,java-user-service,jvm_memory_used_bytes,"{area=""nonheap"",framework=""spring-boot"",id=""CodeHeap 'non-profiled nmethods'"",language=""java"",service=""java-user-service"",}",10578688.0
1790112963.840,java-user-service,jvm_memory_used_bytes,"{area=""heap"",framework=""spring-boot"",id=""G1 Survivor Space"",language=""java"",service=""java-user-service"",}",322776.0
1790112963.840,java-user-service,jvm_memory_used_bytes,"{area=""heap"",framework=""spring-boot"",id=""G1 Old Gen"",language=""java"",service=""java-user-service"",}",48139248.0
1790112963.840,java-user-service,jvm_memory_used_bytes,"{area=""nonheap"",framework=""spring-boot"",id=""Metaspace"",language=""java"",service=""java-user-service"",}",104282352.0
1790112963.840,java-user-service,jvm_memory_used_bytes,"{area=""heap"",framework=""spring-boot"",id=""G1 Eden Space"",language=""java"",service=""java-user-service"",}",5242880.0
1790112963.840,java-user-service,jvm_memory_used_bytes,"{area=""nonheap"",framework=""spring-boot"",id=""Compressed Class Space"",language=""java"",service=""java-user-service"",}",13404224.0
1790112963.840,java-user-service,jvm_memory_used_bytes,"{area=""nonheap"",framework=""spring-boot"",id=""CodeHeap 'profiled nmethods'"",language=""java"",service=""java-user-service"",}",17321600.0
1790112963.840,java-user-service,jvm_gc_pause_seconds_count,"{action=""end of minor GC"",cause=""G1 Evacuation Pause"",framework=""spring-boot"",gc=""G1 Young Generation"",language=""java"",service=""java-user-service"",}",90.0
1790112963.840,java-user-service,jvm_gc_pause_seconds_sum,"{action=""end of minor GC"",cause=""G1 Evacuation Pause"",framework=""spring-boot"",gc=""G1 Young Generation"",language=""java"",service=""java-user-service"",}",0.555
1790112963.840,java-user-service,hikaricp_connections_acquire_seconds_count,"{framework=""spring-boot"",language=""java"",pool=""HikariPool-1"",service=""java-user-service"",}",4145.0
1790112963.840,java-user-service,hikaricp_connections_acquire_seconds_sum,"{framework=""spring-boot"",language=""java"",pool=""HikariPool-1"",service=""java-user-service"",}",1340.878634292
1790112963.840,java-user-service,jvm_memory_committed_bytes,"{area=""nonheap"",framework=""spring-boot"",id=""CodeHeap 'non-nmethods'"",language=""java"",service=""java-user-service"",}",2555904.0
1790112963.840,java-user-service,jvm_memory_committed_bytes,"{area=""nonheap"",framework=""spring-boot"",id=""CodeHeap 'non-profiled nmethods'"",language=""java"",service=""java-user-service"",}",10616832.0
1790112963.840,java-user-service,jvm_memory_committed_bytes,"{area=""heap"",framework=""spring-boot"",id=""G1 Survivor Space"",language=""java"",service=""java-user-service"",}",1048576.0
1790112963.840,java-user-service,jvm_memory_committed_bytes,"{area=""heap"",framework=""spring-boot"",id=""G1 Old Gen"",language=""java"",service=""java-user-service"",}",51380224.0
1790112963.840,java-user-service,jvm_memory_committed_bytes,"{area=""nonheap"",framework=""spring-boot"",id=""Metaspace"",language=""java"",service=""java-user-service"",}",105250816.0
1790112963.840,java-user-service,jvm_memory_committed_bytes,"{area=""heap"",framework=""spring-boot"",id=""G1 Eden Space"",language=""java"",service=""java-user-service"",}",60817408.0
1790112963.840,java-user-service,jvm_memory_committed_bytes,"{area=""nonheap"",framework=""spring-boot"",id=""Compressed Class Space"",language=""java"",service=""java-user-service"",}",13893632.0
1790112963.840,java-user-service,jvm_memory_committed_bytes,"{area=""nonheap"",framework=""spring-boot"",id=""CodeHeap 'profiled nmethods'"",language=""java"",service=""java-user-service"",}",27328512.0
1790112963.840,java-user-service,system_cpu_usage,"{framework=""spring-boot"",language=""java"",service=""java-user-service"",}",0.1032591452991453
1790112963.840,java-user-service,tomcat_threads_busy_threads,"{framework=""spring-boot"",language=""java"",name=""http-nio-9081"",service=""java-user-service"",}",1.0
1790112963.840,java-user-service,process_cpu_usage,"{framework=""spring-boot"",language=""java"",service=""java-user-service"",}",0.10085470085470086
1790112963.840,java-user-service,tomcat_threads_current_threads,"{framework=""spring-boot"",language=""java"",name=""http-nio-9081"",service=""java-user-service"",}",64.0
1790112963.840,java-user-service,tomcat_threads_config_max_threads,"{framework=""spring-boot"",language=""java"",name=""http-nio-9081"",service=""java-user-service"",}",64.0
1790112963.840,java-user-service,hikaricp_connections_pending,"{framework=""spring-boot"",language=""java"",pool=""HikariPool-1"",service=""java-user-service"",}",0.0
1790112963.840,java-user-service,hikaricp_connections_active,"{framework=""spring-boot"",language=""java"",pool=""HikariPool-1"",service=""java-user-service"",}",0.0
1790112963.840,java-user-service,hikaricp_connections_usage_seconds_count,"{framework=""spring-boot"",language=""java"",pool=""HikariPool-1"",service=""java-user-service"",}",4145.0
1790112963.840,java-user-service,hikaricp_connections_usage_seconds_sum,"{framework=""spring-boot"",language=""java"",pool=""HikariPool-1"",service=""java-user-service"",}",1664.63
1790112963.840,java-product-service,hikaricp_connections_acquire_seconds_count,"{language=""java"",pool=""HikariPool-1"",service=""java-product-service"",}",751.0
1790112963.840,java-product-service,hikaricp_connections_acquire_seconds_sum,"{language=""java"",pool=""HikariPool-1"",service=""java-product-service"",}",0.093248009
1790112963.840,java-product-service,jvm_gc_pause_seconds_count,"{action=""end of minor GC"",cause=""G1 Evacuation Pause"",gc=""G1 Young Generation"",language=""java"",service=""java-product-service"",}",10.0
1790112963.840,java-product-service,jvm_gc_pause_seconds_sum,"{action=""end of minor GC"",cause=""G1 Evacuation Pause"",gc=""G1 Young Generation"",language=""java"",service=""java-product-service"",}",0.052
1790112963.840,java-product-service,tomcat_threads_config_max_threads,"{language=""java"",name=""http-nio-9082"",service=""java-product-service"",}",64.0
1790112963.840,java-product-service,tomcat_threads_busy_threads,"{language=""java"",name=""http-nio-9082"",service=""java-product-service"",}",1.0
1790112963.840,java-product-service,jvm_memory_committed_bytes,"{area=""nonheap"",id=""CodeHeap 'non-nmethods'"",language=""java"",service=""java-product-service"",}",2555904.0
1790112963.840,java-product-service,jvm_memory_committed_bytes,"{area=""heap"",id=""G1 Eden Space"",language=""java"",service=""java-product-service"",}",50331648.0
1790112963.840,java-product-service,jvm_memory_committed_bytes,"{area=""nonheap"",id=""Metaspace"",language=""java"",service=""java-product-service"",}",100270080.0
1790112963.840,java-product-service,jvm_memory_committed_bytes,"{area=""heap"",id=""G1 Old Gen"",language=""java"",service=""java-product-service"",}",46137344.0
1790112963.840,java-product-service,jvm_memory_committed_bytes,"{area=""nonheap"",id=""Compressed Class Space"",language=""java"",service=""java-product-service"",}",13500416.0
1790112963.840,java-product-service,jvm_memory_committed_bytes,"{area=""heap"",id=""G1 Survivor Space"",language=""java"",service=""java-product-service"",}",4194304.0
1790112963.840,java-product-service,jvm_memory_committed_bytes,"{area=""nonheap"",id=""CodeHeap 'profiled nmethods'"",language=""java"",service=""java-product-service"",}",29818880.0
1790112963.840,java-product-service,jvm_memory_committed_bytes,"{area=""nonheap"",id=""CodeHeap 'non-profiled nmethods'"",language=""java"",service=""java-product-service"",}",10223616.0
1790112963.840,java-product-service,jvm_memory_used_bytes,"{area=""nonheap"",id=""CodeHeap 'non-nmethods'"",language=""java"",service=""java-product-service"",}",1639296.0
1790112963.840,java-product-service,jvm_memory_used_bytes,"{area=""heap"",id=""G1 Eden Space"",language=""java"",service=""java-product-service"",}",3145728.0
1790112963.840,java-product-service,jvm_memory_used_bytes,"{area=""nonheap"",id=""Metaspace"",language=""java"",service=""java-product-service"",}",99273512.0
1790112963.840,java-product-service,jvm_memory_used_bytes,"{area=""heap"",id=""G1 Old Gen"",language=""java"",service=""java-product-service"",}",42161272.0
1790112963.840,java-product-service,jvm_memory_used_bytes,"{area=""nonheap"",id=""Compressed Class Space"",language=""java"",service=""java-product-service"",}",13045056.0
1790112963.840,java-product-service,jvm_memory_used_bytes,"{area=""heap"",id=""G1 Survivor Space"",language=""java"",service=""java-product-service"",}",3954608.0
1790112963.840,java-product-service,jvm_memory_used_bytes,"{area=""nonheap"",id=""CodeHeap 'profiled nmethods'"",language=""java"",service=""java-product-service"",}",29785344.0
1790112963.840,java-product-service,jvm_memory_used_bytes,"{area=""nonheap"",id=""CodeHeap 'non-profiled nmethods'"",language=""java"",service=""java-product-service"",}",10200576.0
1790112963.840,java-product-service,hikaricp_connections_pending,"{language=""java"",pool=""HikariPool-1"",service=""java-product-service"",}",0.0
1790112963.840,java-product-service,hikaricp_connections_active,"{language=""java"",pool=""HikariPool-1"",service=""java-product-service"",}",0.0
1790112963.840,java-product-service,hikaricp_connections_usage_seconds_count,"{language=""java"",pool=""HikariPool-1"",service=""java-product-service"",}",751.0
1790112963.840,java-product-service,hikaricp_connections_usage_seconds_sum,"{language=""java"",pool=""HikariPool-1"",service=""java-product-service"",}",0.619
1790112963.840,java-product-service,process_cpu_usage,"{language=""java"",service=""java-product-service"",}",0.027642276422764227
1790112963.840,java-product-service,tomcat_threads_current_threads,"{language=""java"",name=""http-nio-9082"",service=""java-product-service"",}",13.0
1790112963.840,java-product-service,system_cpu_usage,"{language=""java"",service=""java-product-service"",}",0.03161577235772358
1790112963.840,java-order-service,jvm_memory_used_bytes,"{area=""nonheap"",id=""CodeHeap 'non-profiled nmethods'"",language=""java"",service=""java-order-service"",}",7841152.0
1790112963.840,java-order-service,jvm_memory_used_bytes,"{area=""heap"",id=""G1 Eden Space"",language=""java"",service=""java-order-service"",}",30408704.0
1790112963.840,java-order-service,jvm_memory_used_bytes,"{area=""nonheap"",id=""CodeHeap 'profiled nmethods'"",language=""java"",service=""java-order-service"",}",25745152.0
1790112963.840,java-order-service,jvm_memory_used_bytes,"{area=""nonheap"",id=""CodeHeap 'non-nmethods'"",language=""java"",service=""java-order-service"",}",1622528.0
1790112963.840,java-order-service,jvm_memory_used_bytes,"{area=""heap"",id=""G1 Survivor Space"",language=""java"",service=""java-order-service"",}",2785952.0
1790112963.840,java-order-service,jvm_memory_used_bytes,"{area=""nonheap"",id=""Compressed Class Space"",language=""java"",service=""java-order-service"",}",11030984.0
1790112963.840,java-order-service,jvm_memory_used_bytes,"{area=""heap"",id=""G1 Old Gen"",language=""java"",service=""java-order-service"",}",34957216.0
1790112963.840,java-order-service,jvm_memory_used_bytes,"{area=""nonheap"",id=""Metaspace"",language=""java"",service=""java-order-service"",}",85260312.0
1790112963.840,java-order-service,jvm_memory_committed_bytes,"{area=""nonheap"",id=""CodeHeap 'non-profiled nmethods'"",language=""java"",service=""java-order-service"",}",7864320.0
1790112963.840,java-order-service,jvm_memory_committed_bytes,"{area=""heap"",id=""G1 Eden Space"",language=""java"",service=""java-order-service"",}",48234496.0
1790112963.840,java-order-service,jvm_memory_committed_bytes,"{area=""nonheap"",id=""CodeHeap 'profiled nmethods'"",language=""java"",service=""java-order-service"",}",28573696.0
1790112963.840,java-order-service,jvm_memory_committed_bytes,"{area=""nonheap"",id=""CodeHeap 'non-nmethods'"",language=""java"",service=""java-order-service"",}",2555904.0
1790112963.840,java-order-service,jvm_memory_committed_bytes,"{area=""heap"",id=""G1 Survivor Space"",language=""java"",service=""java-order-service"",}",3145728.0
1790112963.840,java-order-service,jvm_memory_committed_bytes,"{area=""nonheap"",id=""Compressed Class Space"",language=""java"",service=""java-order-service"",}",11468800.0
1790112963.840,java-order-service,jvm_memory_committed_bytes,"{area=""heap"",id=""G1 Old Gen"",language=""java"",service=""java-order-service"",}",37748736.0
1790112963.840,java-order-service,jvm_memory_committed_bytes,"{area=""nonheap"",id=""Metaspace"",language=""java"",service=""java-order-service"",}",86179840.0
1790112963.840,java-order-service,hikaricp_connections_active,"{language=""java"",pool=""HikariPool-1"",service=""java-order-service"",}",0.0
1790112963.840,java-order-service,jvm_gc_pause_seconds_count,"{action=""end of minor GC"",cause=""G1 Evacuation Pause"",gc=""G1 Young Generation"",language=""java"",service=""java-order-service"",}",7.0
1790112963.840,java-order-service,jvm_gc_pause_seconds_sum,"{action=""end of minor GC"",cause=""G1 Evacuation Pause"",gc=""G1 Young Generation"",language=""java"",service=""java-order-service"",}",0.051
1790112963.840,java-order-service,hikaricp_connections_acquire_seconds_count,"{language=""java"",pool=""HikariPool-1"",service=""java-order-service"",}",2738.0
1790112963.840,java-order-service,hikaricp_connections_acquire_seconds_sum,"{language=""java"",pool=""HikariPool-1"",service=""java-order-service"",}",0.129497181
1790112963.840,java-order-service,tomcat_threads_config_max_threads,"{language=""java"",name=""http-nio-9083"",service=""java-order-service"",}",64.0
1790112963.840,java-order-service,tomcat_threads_busy_threads,"{language=""java"",name=""http-nio-9083"",service=""java-order-service"",}",1.0
1790112963.840,java-order-service,hikaricp_connections_pending,"{language=""java"",pool=""HikariPool-1"",service=""java-order-service"",}",0.0
1790112963.840,java-order-service,hikaricp_connections_usage_seconds_count,"{language=""java"",pool=""HikariPool-1"",service=""java-order-service"",}",2738.0
1790112963.840,java-order-service,hikaricp_connections_usage_seconds_sum,"{language=""java"",pool=""HikariPool-1"",service=""java-order-service"",}",4.199
1790112963.840,java-order-service,process_cpu_usage,"{language=""java"",service=""java-order-service"",}",0.02142857142857143
1790112963.840,java-order-service,system_cpu_usage,"{language=""java"",service=""java-order-service"",}",0.022050714285714285
1790112963.840,java-order-service,tomcat_threads_current_threads,"{language=""java"",name=""http-nio-9083"",service=""java-order-service"",}",10.0
