t,service,metric,labels,value
1790101960.993,java-user-service,tomcat_threads_busy_threads,"{framework=""spring-boot"",language=""java"",name=""http-nio-9081"",service=""java-user-service"",}",-1.0
1790101960.993,java-user-service,jvm_gc_pause_seconds_count,"{action=""end of minor GC"",cause=""G1 Evacuation Pause"",framework=""spring-boot"",gc=""G1 Young Generation"",language=""java"",service=""java-user-service"",}",6.0
1790101960.993,java-user-service,jvm_gc_pause_seconds_sum,"{action=""end of minor GC"",cause=""G1 Evacuation Pause"",framework=""spring-boot"",gc=""G1 Young Generation"",language=""java"",service=""java-user-service"",}",0.029
1790101960.993,java-user-service,jvm_memory_used_bytes,"{area=""nonheap"",framework=""spring-boot"",id=""CodeHeap 'non-nmethods'"",language=""java"",service=""java-user-service"",}",1697408.0
1790101960.993,java-user-service,jvm_memory_used_bytes,"{area=""nonheap"",framework=""spring-boot"",id=""CodeHeap 'non-profiled nmethods'"",language=""java"",service=""java-user-service"",}",7490688.0
1790101960.993,java-user-service,jvm_memory_used_bytes,"{area=""heap"",framework=""spring-boot"",id=""G1 Survivor Space"",language=""java"",service=""java-user-service"",}",3095888.0
1790101960.993,java-user-service,jvm_memory_used_bytes,"{area=""heap"",framework=""spring-boot"",id=""G1 Old Gen"",language=""java"",service=""java-user-service"",}",39334584.0
1790101960.993,java-user-service,jvm_memory_used_bytes,"{area=""nonheap"",framework=""spring-boot"",id=""Metaspace"",language=""java"",service=""java-user-service"",}",101458984.0
1790101960.993,java-user-service,jvm_memory_used_bytes,"{area=""heap"",framework=""spring-boot"",id=""G1 Eden Space"",language=""java"",service=""java-user-service"",}",53477376.0
1790101960.993,java-user-service,jvm_memory_used_bytes,"{area=""nonheap"",framework=""spring-boot"",id=""Compressed Class Space"",language=""java"",service=""java-user-service"",}",13402608.0
1790101960.993,java-user-service,jvm_memory_used_bytes,"{area=""nonheap"",framework=""spring-boot"",id=""CodeHeap 'profiled nmethods'"",language=""java"",service=""java-user-service"",}",26343296.0
1790101960.993,java-user-service,hikaricp_connections_usage_seconds_count,"{framework=""spring-boot"",language=""java"",pool=""HikariPool-1"",service=""java-user-service"",}",334.0
1790101960.993,java-user-service,hikaricp_connections_usage_seconds_sum,"{framework=""spring-boot"",language=""java"",pool=""HikariPool-1"",service=""java-user-service"",}",14.371
1790101960.993,java-user-service,process_cpu_usage,"{framework=""spring-boot"",language=""java"",service=""java-user-service"",}",0.0
1790101960.993,java-user-service,tomcat_threads_current_threads,"{framework=""spring-boot"",language=""java"",name=""http-nio-9081"",service=""java-user-service"",}",-1.0
1790101960.993,java-user-service,jvm_memory_committed_bytes,"{area=""nonheap"",framework=""spring-boot"",id=""CodeHeap 'non-nmethods'"",language=""java"",service=""java-user-service"",}",2555904.0
1790101960.993,java-user-service,jvm_memory_committed_bytes,"{area=""nonheap"",framework=""spring-boot"",id=""CodeHeap 'non-profiled nmethods'"",language=""java"",service=""java-user-service"",}",7536640.0
1790101960.993,java-user-service,jvm_memory_committed_bytes,"{area=""heap"",framework=""spring-boot"",id=""G1 Survivor Space"",language=""java"",service=""java-user-service"",}",3145728.0
1790101960.993,java-user-service,jvm_memory_committed_bytes,"{area=""heap"",framework=""spring-boot"",id=""G1 Old Gen"",language=""java"",service=""java-user-service"",}",42991616.0
1790101960.993,java-user-service,jvm_memory_committed_bytes,"{area=""nonheap"",framework=""spring-boot"",id=""Metaspace"",language=""java"",service=""java-user-service"",}",102432768.0
1790101960.993,java-user-service,jvm_memory_committed_bytes,"{area=""heap"",framework=""spring-boot"",id=""G1 Eden Space"",language=""java"",service=""java-user-service"",}",59768832.0
1790101960.993,java-user-service,jvm_memory_committed_bytes,"{area=""nonheap"",framework=""spring-boot"",id=""Compressed Class Space"",language=""java"",service=""java-user-service"",}",13828096.0
1790101960.993,java-user-service,jvm_memory_committed_bytes,"{area=""nonheap"",framework=""spring-boot"",id=""CodeHeap 'profiled nmethods'"",language=""java"",service=""java-user-service"",}",26411008.0
1790101960.993,java-user-service,system_cpu_usage,"{framework=""spring-boot"",language=""java"",service=""java-user-service"",}",0.0
1790101960.993,java-user-service,hikaricp_connections_pending,"{framework=""spring-boot"",language=""java"",pool=""HikariPool-1"",service=""java-user-service"",}",0.0
1790101960.993,java-user-service,hikaricp_connections_acquire_seconds_count,"{framework=""spring-boot"",language=""java"",pool=""HikariPool-1"",service=""java-user-service"",}",334.0
1790101960.993,java-user-service,hikaricp_connections_acquire_seconds_sum,"{framework=""spring-boot"",language=""java"",pool=""HikariPool-1"",service=""java-user-service"",}",0.006622512
1790101960.993,java-user-service,tomcat_threads_config_max_threads,"{framework=""spring-boot"",language=""java"",name=""http-nio-9081"",service=""java-user-service"",}",-1.0
1790101960.993,java-user-service,hikaricp_connections_active,"{framework=""spring-boot"",language=""java"",pool=""HikariPool-1"",service=""java-user-service"",}",0.0
1790101960.993,java-product-service,jvm_memory_used_bytes,"{area=""nonheap"",id=""CodeHeap 'non-nmethods'"",language=""java"",service=""java-product-service"",}",1638144.0
1790101960.993,java-product-service,jvm_memory_used_bytes,"{area=""heap"",id=""G1 Eden Space"",language=""java"",service=""java-product-service"",}",9437184.0
1790101960.993,java-product-service,jvm_memory_used_bytes,"{area=""nonheap"",id=""Metaspace"",language=""java"",service=""java-product-service"",}",96864136.0
1790101960.993,java-product-service,jvm_memory_used_bytes,"{area=""heap"",id=""G1 Old Gen"",language=""java"",service=""java-product-service"",}",38518680.0
1790101960.993,java-product-service,jvm_memory_used_bytes,"{area=""nonheap"",id=""Compressed Class Space"",language=""java"",service=""java-product-service"",}",12916144.0
1790101960.993,java-product-service,jvm_memory_used_bytes,"{area=""heap"",id=""G1 Survivor Space"",language=""java"",service=""java-product-service"",}",3928528.0
1790101960.993,java-product-service,jvm_memory_used_bytes,"{area=""nonheap"",id=""CodeHeap 'profiled nmethods'"",language=""java"",service=""java-product-service"",}",22053760.0
1790101960.993,java-product-service,jvm_memory_used_bytes,"{area=""nonheap"",id=""CodeHeap 'non-profiled nmethods'"",language=""java"",service=""java-product-service"",}",5739904.0
1790101960.993,java-product-service,tomcat_threads_current_threads,"{language=""java"",name=""http-nio-9082"",service=""java-product-service"",}",-1.0
1790101960.993,java-product-service,hikaricp_connections_acquire_seconds_count,"{language=""java"",pool=""HikariPool-1"",service=""java-product-service"",}",17.0
1790101960.993,java-product-service,hikaricp_connections_acquire_seconds_sum,"{language=""java"",pool=""HikariPool-1"",service=""java-product-service"",}",0.171483292
1790101960.993,java-product-service,tomcat_threads_busy_threads,"{language=""java"",name=""http-nio-9082"",service=""java-product-service"",}",-1.0
1790101960.993,java-product-service,hikaricp_connections_pending,"{language=""java"",pool=""HikariPool-1"",service=""java-product-service"",}",0.0
1790101960.993,java-product-service,hikaricp_connections_active,"{language=""java"",pool=""HikariPool-1"",service=""java-product-service"",}",0.0
1790101960.993,java-product-service,tomcat_threads_config_max_threads,"{language=""java"",name=""http-nio-9082"",service=""java-product-service"",}",-1.0
1790101960.993,java-product-service,process_cpu_usage,"{language=""java"",service=""java-product-service"",}",0.0
1790101960.993,java-product-service,system_cpu_usage,"{language=""java"",service=""java-product-service"",}",0.0
1790101960.993,java-product-service,jvm_gc_pause_seconds_count,"{action=""end of minor GC"",cause=""G1 Evacuation Pause"",gc=""G1 Young Generation"",language=""java"",service=""java-product-service"",}",4.0
1790101960.993,java-product-service,jvm_gc_pause_seconds_sum,"{action=""end of minor GC"",cause=""G1 Evacuation Pause"",gc=""G1 Young Generation"",language=""java"",service=""java-product-service"",}",0.02
1790101960.993,java-product-service,jvm_memory_committed_bytes,"{area=""nonheap"",id=""CodeHeap 'non-nmethods'"",language=""java"",service=""java-product-service"",}",2555904.0
1790101960.993,java-product-service,jvm_memory_committed_bytes,"{area=""heap"",id=""G1 Eden Space"",language=""java"",service=""java-product-service"",}",52428800.0
1790101960.993,java-product-service,jvm_memory_committed_bytes,"{area=""nonheap"",id=""Metaspace"",language=""java"",service=""java-product-service"",}",97845248.0
1790101960.993,java-product-service,jvm_memory_committed_bytes,"{area=""heap"",id=""G1 Old Gen"",language=""java"",service=""java-product-service"",}",41943040.0
1790101960.993,java-product-service,jvm_memory_committed_bytes,"{area=""nonheap"",id=""Compressed Class Space"",language=""java"",service=""java-product-service"",}",13369344.0
1790101960.993,java-product-service,jvm_memory_committed_bytes,"{area=""heap"",id=""G1 Survivor Space"",language=""java"",service=""java-product-service"",}",4194304.0
1790101960.993,java-product-service,jvm_memory_committed_bytes,"{area=""nonheap"",id=""CodeHeap 'profiled nmethods'"",language=""java"",service=""java-product-service"",}",22085632.0
1790101960.993,java-product-service,jvm_memory_committed_bytes,"{area=""nonheap"",id=""CodeHeap 'non-profiled nmethods'"",language=""java"",service=""java-product-service"",}",5767168.0
1790101960.993,java-product-service,hikaricp_connections_usage_seconds_count,"{language=""java"",pool=""HikariPool-1"",service=""java-product-service"",}",17.0
1790101960.993,java-product-service,hikaricp_connections_usage_seconds_sum,"{language=""java"",pool=""HikariPool-1"",service=""java-product-service"",}",0.274
1790101960.993,java-order-service,system_cpu_usage,"{language=""java"",service=""java-order-service"",}",0.35051333333333334
1790101960.993,java-order-service,jvm_gc_pause_seconds_count,"{action=""end of minor GC"",cause=""G1 Evacuation Pause"",gc=""G1 Young Generation"",language=""java"",service=""java-order-service"",}",1.0
1790101960.993,java-order-service,jvm_gc_pause_seconds_sum,"{action=""end of minor GC"",cause=""G1 Evacuation Pause"",gc=""G1 Young Generation"",language=""java"",service=""java-order-service"",}",0.008
1790101960.993,java-order-service,hikaricp_connections_usage_seconds_count,"{language=""java"",pool=""HikariPool-1"",service=""java-order-service"",}",10.0
1790101960.993,java-order-service,hikaricp_connections_usage_seconds_sum,"{language=""java"",pool=""HikariPool-1"",service=""java-order-service"",}",0.002
1790101960.993,java-order-service,hikaricp_connections_active,"{language=""java"",pool=""HikariPool-1"",service=""java-order-service"",}",0.0
1790101960.993,java-order-service,tomcat_threads_config_max_threads,"{language=""java"",name=""http-nio-9083"",service=""java-order-service"",}",-1.0
1790101960.993,java-order-service,hikaricp_connections_acquire_seconds_count,"{language=""java"",pool=""HikariPool-1"",service=""java-order-service"",}",10.0
1790101960.993,java-order-service,hikaricp_connections_acquire_seconds_sum,"{language=""java"",pool=""HikariPool-1"",service=""java-order-service"",}",0.004097123
1790101960.993,java-order-service,tomcat_threads_busy_threads,"{language=""java"",name=""http-nio-9083"",service=""java-order-service"",}",-1.0
1790101960.993,java-order-service,jvm_memory_committed_bytes,"{area=""nonheap"",id=""CodeHeap 'non-profiled nmethods'"",language=""java"",service=""java-order-service"",}",4063232.0
1790101960.993,java-order-service,jvm_memory_committed_bytes,"{area=""heap"",id=""G1 Eden Space"",language=""java"",service=""java-order-service"",}",73400320.0
1790101960.993,java-order-service,jvm_memory_committed_bytes,"{area=""nonheap"",id=""CodeHeap 'profiled nmethods'"",language=""java"",service=""java-order-service"",}",13762560.0
1790101960.993,java-order-service,jvm_memory_committed_bytes,"{area=""nonheap"",id=""CodeHeap 'non-nmethods'"",language=""java"",service=""java-order-service"",}",2555904.0
1790101960.993,java-order-service,jvm_memory_committed_bytes,"{area=""heap"",id=""G1 Survivor Space"",language=""java"",service=""java-order-service"",}",6291456.0
1790101960.993,java-order-service,jvm_memory_committed_bytes,"{area=""nonheap"",id=""Compressed Class Space"",language=""java"",service=""java-order-service"",}",11075584.0
1790101960.993,java-order-service,jvm_memory_committed_bytes,"{area=""heap"",id=""G1 Old Gen"",language=""java"",service=""java-order-service"",}",46137344.0
1790101960.993,java-order-service,jvm_memory_committed_bytes,"{area=""nonheap"",id=""Metaspace"",language=""java"",service=""java-order-service"",}",78970880.0
1790101960.993,java-order-service,hikaricp_connections_pending,"{language=""java"",pool=""HikariPool-1"",service=""java-order-service"",}",0.0
1790101960.993,java-order-service,process_cpu_usage,"{language=""java"",service=""java-order-service"",}",0.0
1790101960.993,java-order-service,tomcat_threads_current_threads,"{language=""java"",name=""http-nio-9083"",service=""java-order-service"",}",-1.0
1790101960.993,java-order-service,jvm_memory_used_bytes,"{area=""nonheap"",id=""CodeHeap 'non-profiled nmethods'"",language=""java"",service=""java-order-service"",}",4048384.0
1790101960.993,java-order-service,jvm_memory_used_bytes,"{area=""heap"",id=""G1 Eden Space"",language=""java"",service=""java-order-service"",}",12582912.0
1790101960.993,java-order-service,jvm_memory_used_bytes,"{area=""nonheap"",id=""CodeHeap 'profiled nmethods'"",language=""java"",service=""java-order-service"",}",13733376.0
1790101960.993,java-order-service,jvm_memory_used_bytes,"{area=""nonheap"",id=""CodeHeap 'non-nmethods'"",language=""java"",service=""java-order-service"",}",1610368.0
1790101960.993,java-order-service,jvm_memory_used_bytes,"{area=""heap"",id=""G1 Survivor Space"",language=""java"",service=""java-order-service"",}",5766432.0
1790101960.993,java-order-service,jvm_memory_used_bytes,"{area=""nonheap"",id=""Compressed Class Space"",language=""java"",service=""java-order-service"",}",10676480.0
1790101960.993,java-order-service,jvm_memory_used_bytes,"{area=""heap"",id=""G1 Old Gen"",language=""java"",service=""java-order-service"",}",29144680.0
1790101960.993,java-order-service,jvm_memory_used_bytes,"{area=""nonheap"",id=""Metaspace"",language=""java"",service=""java-order-service"",}",78120160.0
1790101966.039,java-user-service,tomcat_threads_busy_threads,"{framework=""spring-boot"",language=""java"",name=""http-nio-9081"",service=""java-user-service"",}",-1.0
1790101966.039,java-user-service,jvm_gc_pause_seconds_count,"{action=""end of minor GC"",cause=""G1 Evacuation Pause"",framework=""spring-boot"",gc=""G1 Young Generation"",language=""java"",service=""java-user-service"",}",7.0
1790101966.039,java-user-service,jvm_gc_pause_seconds_sum,"{action=""end of minor GC"",cause=""G1 Evacuation Pause"",framework=""spring-boot"",gc=""G1 Young Generation"",language=""java"",service=""java-user-service"",}",0.043
1790101966.039,java-user-service,jvm_memory_used_bytes,"{area=""nonheap"",framework=""spring-boot"",id=""CodeHeap 'non-nmethods'"",language=""java"",service=""java-user-service"",}",1645696.0
1790101966.039,java-user-service,jvm_memory_used_bytes,"{area=""nonheap"",framework=""spring-boot"",id=""CodeHeap 'non-profiled nmethods'"",language=""java"",service=""java-user-service"",}",7522816.0
1790101966.039,java-user-service,jvm_memory_used_bytes,"{area=""heap"",framework=""spring-boot"",id=""G1 Survivor Space"",language=""java"",service=""java-user-service"",}",3145728.0
1790101966.039,java-user-service,jvm_memory_used_bytes,"{area=""heap"",framework=""spring-boot"",id=""G1 Old Gen"",language=""java"",service=""java-user-service"",}",39334584.0
1790101966.039,java-user-service,jvm_memory_used_bytes,"{area=""nonheap"",framework=""spring-boot"",id=""Metaspace"",language=""java"",service=""java-user-service"",}",101509016.0
1790101966.039,java-user-service,jvm_memory_used_bytes,"{area=""heap"",framework=""spring-boot"",id=""G1 Eden Space"",language=""java"",service=""java-user-service"",}",4194304.0
1790101966.039,java-user-service,jvm_memory_used_bytes,"{area=""nonheap"",framework=""spring-boot"",id=""Compressed Class Space"",language=""java"",service=""java-user-service"",}",13402608.0
1790101966.039,java-user-service,jvm_memory_used_bytes,"{area=""nonheap"",framework=""spring-boot"",id=""CodeHeap 'profiled nmethods'"",language=""java"",service=""java-user-service"",}",24784640.0
1790101966.039,java-user-service,hikaricp_connections_usage_seconds_count,"{framework=""spring-boot"",language=""java"",pool=""HikariPool-1"",service=""java-user-service"",}",362.0
1790101966.039,java-user-service,hikaricp_connections_usage_seconds_sum,"{framework=""spring-boot"",language=""java"",pool=""HikariPool-1"",service=""java-user-service"",}",14.891
1790101966.039,java-user-service,process_cpu_usage,"{framework=""spring-boot"",language=""java"",service=""java-user-service"",}",0.19428571428571428
1790101966.039,java-user-service,tomcat_threads_current_threads,"{framework=""spring-boot"",language=""java"",name=""http-nio-9081"",service=""java-user-service"",}",-1.0
1790101966.039,java-user-service,jvm_memory_committed_bytes,"{area=""nonheap"",framework=""spring-boot"",id=""CodeHeap 'non-nmethods'"",language=""java"",service=""java-user-service"",}",2555904.0
1790101966.039,java-user-service,jvm_memory_committed_bytes,"{area=""nonheap"",framework=""spring-boot"",id=""CodeHeap 'non-profiled nmethods'"",language=""java"",service=""java-user-service"",}",7667712.0
1790101966.039,java-user-service,jvm_memory_committed_bytes,"{area=""heap"",framework=""spring-boot"",id=""G1 Survivor Space"",language=""java"",service=""java-user-service"",}",3145728.0
1790101966.039,java-user-service,jvm_memory_committed_bytes,"{area=""heap"",framework=""spring-boot"",id=""G1 Old Gen"",language=""java"",service=""java-user-service"",}",42991616.0
1790101966.039,java-user-service,jvm_memory_committed_bytes,"{area=""nonheap"",framework=""spring-boot"",id=""Metaspace"",language=""java"",service=""java-user-service"",}",102432768.0
1790101966.039,java-user-service,jvm_memory_committed_bytes,"{area=""heap"",framework=""spring-boot"",id=""G1 Eden Space"",language=""java"",service=""java-user-service"",}",59768832.0
1790101966.039,java-user-service,jvm_memory_committed_bytes,"{area=""nonheap"",framework=""spring-boot"",id=""Compressed Class Space"",language=""java"",service=""java-user-service"",}",13828096.0
1790101966.039,java-user-service,jvm_memory_committed_bytes,"{area=""nonheap"",framework=""spring-boot"",id=""CodeHeap 'profiled nmethods'"",language=""java"",service=""java-user-service"",}",26476544.0
1790101966.039,java-user-service,system_cpu_usage,"{framework=""spring-boot"",language=""java"",service=""java-user-service"",}",0.19745580952380953
1790101966.039,java-user-service,hikaricp_connections_pending,"{framework=""spring-boot"",language=""java"",pool=""HikariPool-1"",service=""java-user-service"",}",0.0
1790101966.039,java-user-service,hikaricp_connections_acquire_seconds_count,"{framework=""spring-boot"",language=""java"",pool=""HikariPool-1"",service=""java-user-service"",}",362.0
1790101966.039,java-user-service,hikaricp_connections_acquire_seconds_sum,"{framework=""spring-boot"",language=""java"",pool=""HikariPool-1"",service=""java-user-service"",}",0.01030626
1790101966.039,java-user-service,tomcat_threads_config_max_threads,"{framework=""spring-boot"",language=""java"",name=""http-nio-9081"",service=""java-user-service"",}",-1.0
1790101966.039,java-user-service,hikaricp_connections_active,"{framework=""spring-boot"",language=""java"",pool=""HikariPool-1"",service=""java-user-service"",}",0.0
1790101966.039,java-product-service,jvm_memory_used_bytes,"{area=""nonheap"",id=""CodeHeap 'non-nmethods'"",language=""java"",service=""java-product-service"",}",1638144.0
1790101966.039,java-product-service,jvm_memory_used_bytes,"{area=""heap"",id=""G1 Eden Space"",language=""java"",service=""java-product-service"",}",11534336.0
1790101966.039,java-product-service,jvm_memory_used_bytes,"{area=""nonheap"",id=""Metaspace"",language=""java"",service=""java-product-service"",}",96921216.0
1790101966.039,java-product-service,jvm_memory_used_bytes,"{area=""heap"",id=""G1 Old Gen"",language=""java"",service=""java-product-service"",}",38518680.0
1790101966.039,java-product-service,jvm_memory_used_bytes,"{area=""nonheap"",id=""Compressed Class Space"",language=""java"",service=""java-product-service"",}",12917144.0
1790101966.039,java-product-service,jvm_memory_used_bytes,"{area=""heap"",id=""G1 Survivor Space"",language=""java"",service=""java-product-service"",}",3928528.0
1790101966.039,java-product-service,jvm_memory_used_bytes,"{area=""nonheap"",id=""CodeHeap 'profiled nmethods'"",language=""java"",service=""java-product-service"",}",22302464.0
1790101966.039,java-product-service,jvm_memory_used_bytes,"{area=""nonheap"",id=""CodeHeap 'non-profiled nmethods'"",language=""java"",service=""java-product-service"",}",5858560.0
1790101966.039,java-product-service,tomcat_threads_current_threads,"{language=""java"",name=""http-nio-9082"",service=""java-product-service"",}",-1.0
1790101966.039,java-product-service,hikaricp_connections_acquire_seconds_count,"{language=""java"",pool=""HikariPool-1"",service=""java-product-service"",}",43.0
1790101966.039,java-product-service,hikaricp_connections_acquire_seconds_sum,"{language=""java"",pool=""HikariPool-1"",service=""java-product-service"",}",0.174827748
1790101966.039,java-product-service,tomcat_threads_busy_threads,"{language=""java"",name=""http-nio-9082"",service=""java-product-service"",}",-1.0
1790101966.039,java-product-service,hikaricp_connections_pending,"{language=""java"",pool=""HikariPool-1"",service=""java-product-service"",}",0.0
1790101966.039,java-product-service,hikaricp_connections_active,"{language=""java"",pool=""HikariPool-1"",service=""java-product-service"",}",0.0
1790101966.039,java-product-service,tomcat_threads_config_max_threads,"{language=""java"",name=""http-nio-9082"",service=""java-product-service"",}",-1.0
1790101966.039,java-product-service,process_cpu_usage,"{language=""java"",service=""java-product-service"",}",0.03684210526315789
1790101966.039,java-product-service,system_cpu_usage,"{language=""java"",service=""java-product-service"",}",0.039661929824561404
1790101966.039,java-product-service,jvm_gc_pause_seconds_count,"{action=""end of minor GC"",cause=""G1 Evacuation Pause"",gc=""G1 Young Generation"",language=""java"",service=""java-product-service"",}",4.0
1790101966.039,java-product-service,jvm_gc_pause_seconds_sum,"{action=""end of minor GC"",cause=""G1 Evacuation Pause"",gc=""G1 Young Generation"",language=""java"",service=""java-product-service"",}",0.02
1790101966.039,java-product-service,jvm_memory_committed_bytes,"{area=""nonheap"",id=""CodeHeap 'non-nmethods'"",language=""java"",service=""java-product-service"",}",2555904.0
1790101966.039,java-product-service,jvm_memory_committed_bytes,"{area=""heap"",id=""G1 Eden Space"",language=""java"",service=""java-product-service"",}",52428800.0
1790101966.039,java-product-service,jvm_memory_committed_bytes,"{area=""nonheap"",id=""Metaspace"",language=""java"",service=""java-product-service"",}",97845248.0
1790101966.039,java-product-service,jvm_memory_committed_bytes,"{area=""heap"",id=""G1 Old Gen"",language=""java"",service=""java-product-service"",}",41943040.0
1790101966.039,java-product-service,jvm_memory_committed_bytes,"{area=""nonheap"",id=""Compressed Class Space"",language=""java"",service=""java-product-service"",}",13369344.0
1790101966.039,java-product-service,jvm_memory_committed_bytes,"{area=""heap"",id=""G1 Survivor Space"",language=""java"",service=""java-product-service"",}",4194304.0
1790101966.039,java-product-service,jvm_memory_committed_bytes,"{area=""nonheap"",id=""CodeHeap 'profiled nmethods'"",language=""java"",service=""java-product-service"",}",22347776.0
1790101966.039,java-product-service,jvm_memory_committed_bytes,"{area=""nonheap"",id=""CodeHeap 'non-profiled nmethods'"",language=""java"",service=""java-product-service"",}",5898240.0
1790101966.039,java-product-service,hikaricp_connections_usage_seconds_count,"{language=""java"",pool=""HikariPool-1"",service=""java-product-service"",}",43.0
1790101966.039,java-product-service,hikaricp_connections_usage_seconds_sum,"{language=""java"",pool=""HikariPool-1"",service=""java-product-service"",}",0.285
1790101966.039,java-order-service,system_cpu_usage,"{language=""java"",service=""java-order-service"",}",0.025969761904761905
1790101966.039,java-order-service,jvm_gc_pause_seconds_count,"{action=""end of minor GC"",cause=""G1 Evacuation Pause"",gc=""G1 Young Generation"",language=""java"",service=""java-order-service"",}",1.0
1790101966.039,java-order-service,jvm_gc_pause_seconds_sum,"{action=""end of minor GC"",cause=""G1 Evacuation Pause"",gc=""G1 Young Generation"",language=""java"",service=""java-order-service"",}",0.008
1790101966.039,java-order-service,hikaricp_connections_usage_seconds_count,"{language=""java"",pool=""HikariPool-1"",service=""java-order-service"",}",28.0
1790101966.039,java-order-service,hikaricp_connections_usage_seconds_sum,"{language=""java"",pool=""HikariPool-1"",service=""java-order-service"",}",0.002
1790101966.039,java-order-service,hikaricp_connections_active,"{language=""java"",pool=""HikariPool-1"",service=""java-order-service"",}",0.0
1790101966.039,java-order-service,tomcat_threads_config_max_threads,"{language=""java"",name=""http-nio-9083"",service=""java-order-service"",}",-1.0
1790101966.039,java-order-service,hikaricp_connections_acquire_seconds_count,"{language=""java"",pool=""HikariPool-1"",service=""java-order-service"",}",28.0
1790101966.039,java-order-service,hikaricp_connections_acquire_seconds_sum,"{language=""java"",pool=""HikariPool-1"",service=""java-order-service"",}",0.007979872
1790101966.039,java-order-service,tomcat_threads_busy_threads,"{language=""java"",name=""http-nio-9083"",service=""java-order-service"",}",-1.0
1790101966.039,java-order-service,jvm_memory_committed_bytes,"{area=""nonheap"",id=""CodeHeap 'non-profiled nmethods'"",language=""java"",service=""java-order-service"",}",4128768.0
1790101966.039,java-order-service,jvm_memory_committed_bytes,"{area=""heap"",id=""G1 Eden Space"",language=""java"",service=""java-order-service"",}",73400320.0
1790101966.039,java-order-service,jvm_memory_committed_bytes,"{area=""nonheap"",id=""CodeHeap 'profiled nmethods'"",language=""java"",service=""java-order-service"",}",13959168.0
1790101966.039,java-order-service,jvm_memory_committed_bytes,"{area=""nonheap"",id=""CodeHeap 'non-nmethods'"",language=""java"",service=""java-order-service"",}",2555904.0
1790101966.039,java-order-service,jvm_memory_committed_bytes,"{area=""heap"",id=""G1 Survivor Space"",language=""java"",service=""java-order-service"",}",6291456.0
1790101966.039,java-order-service,jvm_memory_committed_bytes,"{area=""nonheap"",id=""Compressed Class Space"",language=""java"",service=""java-order-service"",}",11075584.0
1790101966.039,java-order-service,jvm_memory_committed_bytes,"{area=""heap"",id=""G1 Old Gen"",language=""java"",service=""java-order-service"",}",46137344.0
1790101966.039,java-order-service,jvm_memory_committed_bytes,"{area=""nonheap"",id=""Metaspace"",language=""java"",service=""java-order-service"",}",79036416.0
1790101966.039,java-order-service,hikaricp_connections_pending,"{language=""java"",pool=""HikariPool-1"",service=""java-order-service"",}",0.0
1790101966.039,java-order-service,process_cpu_usage,"{language=""java"",service=""java-order-service"",}",0.023809523809523808
1790101966.039,java-order-service,tomcat_threads_current_threads,"{language=""java"",name=""http-nio-9083"",service=""java-order-service"",}",-1.0
1790101966.039,java-order-service,jvm_memory_used_bytes,"{area=""nonheap"",id=""CodeHeap 'non-profiled nmethods'"",language=""java"",service=""java-order-service"",}",4111488.0
1790101966.039,java-order-service,jvm_memory_used_bytes,"{area=""heap"",id=""G1 Eden Space"",language=""java"",service=""java-order-service"",}",14680064.0
1790101966.039,java-order-service,jvm_memory_used_bytes,"{area=""nonheap"",id=""CodeHeap 'profiled nmethods'"",language=""java"",service=""java-order-service"",}",13939200.0
1790101966.039,java-order-service,jvm_memory_used_bytes,"{area=""nonheap"",id=""CodeHeap 'non-nmethods'"",language=""java"",service=""java-order-service"",}",1610368.0
1790101966.039,java-order-service,jvm_memory_used_bytes,"{area=""heap"",id=""G1 Survivor Space"",language=""java"",service=""java-order-service"",}",5766432.0
1790101966.039,java-order-service,jvm_memory_used_bytes,"{area=""nonheap"",id=""Compressed Class Space"",language=""java"",service=""java-order-service"",}",10676480.0
1790101966.039,java-order-service,jvm_memory_used_bytes,"{area=""heap"",id=""G1 Old Gen"",language=""java"",service=""java-order-service"",}",29144680.0
1790101966.039,java-order-service,jvm_memory_used_bytes,"{area=""nonheap"",id=""Metaspace"",language=""java"",service=""java-order-service"",}",78186216.0
1790101971.096,java-user-service,tomcat_threads_busy_threads,"{framework=""spring-boot"",language=""java"",name=""http-nio-9081"",service=""java-user-service"",}",-1.0
1790101971.096,java-user-service,jvm_gc_pause_seconds_count,"{action=""end of minor GC"",cause=""G1 Evacuation Pause"",framework=""spring-boot"",gc=""G1 Young Generation"",language=""java"",service=""java-user-service"",}",7.0
1790101971.096,java-user-service,jvm_gc_pause_seconds_sum,"{action=""end of minor GC"",cause=""G1 Evacuation Pause"",framework=""spring-boot"",gc=""G1 Young Generation"",language=""java"",service=""java-user-service"",}",0.043
1790101971.096,java-user-service,jvm_memory_used_bytes,"{area=""nonheap"",framework=""spring-boot"",id=""CodeHeap 'non-nmethods'"",language=""java"",service=""java-user-service"",}",1645696.0
1790101971.096,java-user-service,jvm_memory_used_bytes,"{area=""nonheap"",framework=""spring-boot"",id=""CodeHeap 'non-profiled nmethods'"",language=""java"",service=""java-user-service"",}",7607168.0
1790101971.096,java-user-service,jvm_memory_used_bytes,"{area=""heap"",framework=""spring-boot"",id=""G1 Survivor Space"",language=""java"",service=""java-user-service"",}",3145728.0
1790101971.096,java-user-service,jvm_memory_used_bytes,"{area=""heap"",framework=""spring-boot"",id=""G1 Old Gen"",language=""java"",service=""java-user-service"",}",39334584.0
1790101971.096,java-user-service,jvm_memory_used_bytes,"{area=""nonheap"",framework=""spring-boot"",id=""Metaspace"",language=""java"",service=""java-user-service"",}",101571096.0
1790101971.096,java-user-service,jvm_memory_used_bytes,"{area=""heap"",framework=""spring-boot"",id=""G1 Eden Space"",language=""java"",service=""java-user-service"",}",9437184.0
1790101971.096,java-user-service,jvm_memory_used_bytes,"{area=""nonheap"",framework=""spring-boot"",id=""Compressed Class Space"",language=""java"",service=""java-user-service"",}",13402608.0
1790101971.096,java-user-service,jvm_memory_used_bytes,"{area=""nonheap"",framework=""spring-boot"",id=""CodeHeap 'profiled nmethods'"",language=""java"",service=""java-user-service"",}",25082112.0
1790101971.096,java-user-service,hikaricp_connections_usage_seconds_count,"{framework=""spring-boot"",language=""java"",pool=""HikariPool-1"",service=""java-user-service"",}",390.0
1790101971.096,java-user-service,hikaricp_connections_usage_seconds_sum,"{framework=""spring-boot"",language=""java"",pool=""HikariPool-1"",service=""java-user-service"",}",15.474
1790101971.096,java-user-service,process_cpu_usage,"{framework=""spring-boot"",language=""java"",service=""java-user-service"",}",0.16363636363636364
1790101971.096,java-user-service,tomcat_threads_current_threads,"{framework=""spring-boot"",language=""java"",name=""http-nio-9081"",service=""java-user-service"",}",-1.0
1790101971.096,java-user-service,jvm_memory_committed_bytes,"{area=""nonheap"",framework=""spring-boot"",id=""CodeHeap 'non-nmethods'"",language=""java"",service=""java-user-service"",}",2555904.0
1790101971.096,java-user-service,jvm_memory_committed_bytes,"{area=""nonheap"",framework=""spring-boot"",id=""CodeHeap 'non-profiled nmethods'"",language=""java"",service=""java-user-service"",}",7667712.0
1790101971.096,java-user-service,jvm_memory_committed_bytes,"{area=""heap"",framework=""spring-boot"",id=""G1 Survivor Space"",language=""java"",service=""java-user-service"",}",3145728.0
1790101971.096,java-user-service,jvm_memory_committed_bytes,"{area=""heap"",framework=""spring-boot"",id=""G1 Old Gen"",language=""java"",service=""java-user-service"",}",42991616.0
1790101971.096,java-user-service,jvm_memory_committed_bytes,"{area=""nonheap"",framework=""spring-boot"",id=""Metaspace"",language=""java"",service=""java-user-service"",}",102498304.0
1790101971.096,java-user-service,jvm_memory_committed_bytes,"{area=""heap"",framework=""spring-boot"",id=""G1 Eden Space"",language=""java"",service=""java-user-service"",}",59768832.0
1790101971.096,java-user-service,jvm_memory_committed_bytes,"{area=""nonheap"",framework=""spring-boot"",id=""Compressed Class Space"",language=""java"",service=""java-user-service"",}",13828096.0
1790101971.096,java-user-service,jvm_memory_committed_bytes,"{area=""nonheap"",framework=""spring-boot"",id=""CodeHeap 'profiled nmethods'"",language=""java"",service=""java-user-service"",}",26542080.0
1790101971.096,java-user-service,system_cpu_usage,"{framework=""spring-boot"",language=""java"",service=""java-user-service"",}",0.1617791919191919
1790101971.096,java-user-service,hikaricp_connections_pending,"{framework=""spring-boot"",language=""java"",pool=""HikariPool-1"",service=""java-user-service"",}",0.0
1790101971.096,java-user-service,hikaricp_connections_acquire_seconds_count,"{framework=""spring-boot"",language=""java"",pool=""HikariPool-1"",service=""java-user-service"",}",390.0
1790101971.096,java-user-service,hikaricp_connections_acquire_seconds_sum,"{framework=""spring-boot"",language=""java"",pool=""HikariPool-1"",service=""java-user-service"",}",0.014188636
1790101971.096,java-user-service,tomcat_threads_config_max_threads,"{framework=""spring-boot"",language=""java"",name=""http-nio-9081"",service=""java-user-service"",}",-1.0
1790101971.096,java-user-service,hikaricp_connections_active,"{framework=""spring-boot"",language=""java"",pool=""HikariPool-1"",service=""java-user-service"",}",0.0
1790101971.096,java-product-service,jvm_memory_used_bytes,"{area=""nonheap"",id=""CodeHeap 'non-nmethods'"",language=""java"",service=""java-product-service"",}",1638144.0
1790101971.096,java-product-service,jvm_memory_used_bytes,"{area=""heap"",id=""G1 Eden Space"",language=""java"",service=""java-product-service"",}",16777216.0
1790101971.096,java-product-service,jvm_memory_used_bytes,"{area=""nonheap"",id=""Metaspace"",language=""java"",service=""java-product-service"",}",96976248.0
1790101971.096,java-product-service,jvm_memory_used_bytes,"{area=""heap"",id=""G1 Old Gen"",language=""java"",service=""java-product-service"",}",38518680.0
1790101971.096,java-product-service,jvm_memory_used_bytes,"{area=""nonheap"",id=""Compressed Class Space"",language=""java"",service=""java-product-service"",}",12917664.0
1790101971.096,java-product-service,jvm_memory_used_bytes,"{area=""heap"",id=""G1 Survivor Space"",language=""java"",service=""java-product-service"",}",3928528.0
1790101971.096,java-product-service,jvm_memory_used_bytes,"{area=""nonheap"",id=""CodeHeap 'profiled nmethods'"",language=""java"",service=""java-product-service"",}",22785920.0
1790101971.096,java-product-service,jvm_memory_used_bytes,"{area=""nonheap"",id=""CodeHeap 'non-profiled nmethods'"",language=""java"",service=""java-product-service"",}",5908480.0
1790101971.096,java-product-service,tomcat_threads_current_threads,"{language=""java"",name=""http-nio-9082"",service=""java-product-service"",}",-1.0
1790101971.096,java-product-service,hikaricp_connections_acquire_seconds_count,"{language=""java"",pool=""HikariPool-1"",service=""java-product-service"",}",63.0
1790101971.096,java-product-service,hikaricp_connections_acquire_seconds_sum,"{language=""java"",pool=""HikariPool-1"",service=""java-product-service"",}",0.179348833
1790101971.096,java-product-service,tomcat_threads_busy_threads,"{language=""java"",name=""http-nio-9082"",service=""java-product-service"",}",-1.0
1790101971.096,java-product-service,hikaricp_connections_pending,"{language=""java"",pool=""HikariPool-1"",service=""java-product-service"",}",0.0
1790101971.096,java-product-service,hikaricp_connections_active,"{language=""java"",pool=""HikariPool-1"",service=""java-product-service"",}",0.0
1790101971.096,java-product-service,tomcat_threads_config_max_threads,"{language=""java"",name=""http-nio-9082"",service=""java-product-service"",}",-1.0
1790101971.096,java-product-service,process_cpu_usage,"{language=""java"",service=""java-product-service"",}",0.041176470588235294
1790101971.096,java-product-service,system_cpu_usage,"{language=""java"",service=""java-product-service"",}",0.042445490196078434
1790101971.096,java-product-service,jvm_gc_pause_seconds_count,"{action=""end of minor GC"",cause=""G1 Evacuation Pause"",gc=""G1 Young Generation"",language=""java"",service=""java-product-service"",}",4.0
1790101971.096,java-product-service,jvm_gc_pause_seconds_sum,"{action=""end of minor GC"",cause=""G1 Evacuation Pause"",gc=""G1 Young Generation"",language=""java"",service=""java-product-service"",}",0.02
1790101971.096,java-product-service,jvm_memory_committed_bytes,"{area=""nonheap"",id=""CodeHeap 'non-nmethods'"",language=""java"",service=""java-product-service"",}",2555904.0
1790101971.096,java-product-service,jvm_memory_committed_bytes,"{area=""heap"",id=""G1 Eden Space"",language=""java"",service=""java-product-service"",}",52428800.0
1790101971.096,java-product-service,jvm_memory_committed_bytes,"{area=""nonheap"",id=""Metaspace"",language=""java"",service=""java-product-service"",}",97976320.0
1790101971.096,java-product-service,jvm_memory_committed_bytes,"{area=""heap"",id=""G1 Old Gen"",language=""java"",service=""java-product-service"",}",41943040.0
1790101971.096,java-product-service,jvm_memory_committed_bytes,"{area=""nonheap"",id=""Compressed Class Space"",language=""java"",service=""java-product-service"",}",13369344.0
1790101971.096,java-product-service,jvm_memory_committed_bytes,"{area=""heap"",id=""G1 Survivor Space"",language=""java"",service=""java-product-service"",}",4194304.0
1790101971.096,java-product-service,jvm_memory_committed_bytes,"{area=""nonheap"",id=""CodeHeap 'profiled nmethods'"",language=""java"",service=""java-product-service"",}",22872064.0
1790101971.096,java-product-service,jvm_memory_committed_bytes,"{area=""nonheap"",id=""CodeHeap 'non-profiled nmethods'"",language=""java"",service=""java-product-service"",}",5963776.0
1790101971.096,java-product-service,hikaricp_connections_usage_seconds_count,"{language=""java"",pool=""HikariPool-1"",service=""java-product-service"",}",63.0
1790101971.096,java-product-service,hikaricp_connections_usage_seconds_sum,"{language=""java"",pool=""HikariPool-1"",service=""java-product-service"",}",0.285
1790101971.096,java-order-service,system_cpu_usage,"{language=""java"",service=""java-order-service"",}",0.0246475
1790101971.096,java-order-service,jvm_gc_pause_seconds_count,"{action=""end of minor GC"",cause=""G1 Evacuation Pause"",gc=""G1 Young Generation"",language=""java"",service=""java-order-service"",}",1.0
1790101971.096,java-order-service,jvm_gc_pause_seconds_sum,"{action=""end of minor GC"",cause=""G1 Evacuation Pause"",gc=""G1 Young Generation"",language=""java"",service=""java-order-service"",}",0.008
1790101971.096,java-order-service,hikaricp_connections_usage_seconds_count,"{language=""java"",pool=""HikariPool-1"",service=""java-order-service"",}",50.0
1790101971.096,java-order-service,hikaricp_connections_usage_seconds_sum,"{language=""java"",pool=""HikariPool-1"",service=""java-order-service"",}",0.002
1790101971.096,java-order-service,hikaricp_connections_active,"{language=""java"",pool=""HikariPool-1"",service=""java-order-service"",}",0.0
1790101971.096,java-order-service,tomcat_threads_config_max_threads,"{language=""java"",name=""http-nio-9083"",service=""java-order-service"",}",-1.0
1790101971.096,java-order-service,hikaricp_connections_acquire_seconds_count,"{language=""java"",pool=""HikariPool-1"",service=""java-order-service"",}",50.0
1790101971.096,java-order-service,hikaricp_connections_acquire_seconds_sum,"{language=""java"",pool=""HikariPool-1"",service=""java-order-service"",}",0.01156254
1790101971.096,java-order-service,tomcat_threads_busy_threads,"{language=""java"",name=""http-nio-9083"",service=""java-order-service"",}",-1.0
1790101971.096,java-order-service,jvm_memory_committed_bytes,"{area=""nonheap"",id=""CodeHeap 'non-profiled nmethods'"",language=""java"",service=""java-order-service"",}",4194304.0
1790101971.096,java-order-service,jvm_memory_committed_bytes,"{area=""heap"",id=""G1 Eden Space"",language=""java"",service=""java-order-service"",}",73400320.0
1790101971.096,java-order-service,jvm_memory_committed_bytes,"{area=""nonheap"",id=""CodeHeap 'profiled nmethods'"",language=""java"",service=""java-order-service"",}",14221312.0
1790101971.096,java-order-service,jvm_memory_committed_bytes,"{area=""nonheap"",id=""CodeHeap 'non-nmethods'"",language=""java"",service=""java-order-service"",}",2555904.0
1790101971.096,java-order-service,jvm_memory_committed_bytes,"{area=""heap"",id=""G1 Survivor Space"",language=""java"",service=""java-order-service"",}",6291456.0
1790101971.096,java-order-service,jvm_memory_committed_bytes,"{area=""nonheap"",id=""Compressed Class Space"",language=""java"",service=""java-order-service"",}",11075584.0
1790101971.096,java-order-service,jvm_memory_committed_bytes,"{area=""heap"",id=""G1 Old Gen"",language=""java"",service=""java-order-service"",}",46137344.0
1790101971.096,java-order-service,jvm_memory_committed_bytes,"{area=""nonheap"",id=""Metaspace"",language=""java"",service=""java-order-service"",}",79167488.0
1790101971.096,java-order-service,hikaricp_connections_pending,"{language=""java"",pool=""HikariPool-1"",service=""java-order-service"",}",0.0
1790101971.096,java-order-service,process_cpu_usage,"{language=""java"",service=""java-order-service"",}",0.020833333333333332
1790101971.096,java-order-service,tomcat_threads_current_threads,"{language=""java"",name=""http-nio-9083"",service=""java-order-service"",}",-1.0
1790101971.096,java-order-service,jvm_memory_used_bytes,"{area=""nonheap"",id=""CodeHeap 'non-profiled nmethods'"",language=""java"",service=""java-order-service"",}",4169216.0
1790101971.096,java-order-service,jvm_memory_used_bytes,"{area=""heap"",id=""G1 Eden Space"",language=""java"",service=""java-order-service"",}",16777216.0
1790101971.096,java-order-service,jvm_memory_used_bytes,"{area=""nonheap"",id=""CodeHeap 'profiled nmethods'"",language=""java"",service=""java-order-service"",}",14237696.0
1790101971.096,java-order-service,jvm_memory_used_bytes,"{area=""nonheap"",id=""CodeHeap 'non-nmethods'"",language=""java"",service=""java-order-service"",}",1610368.0
1790101971.096,java-order-service,jvm_memory_used_bytes,"{area=""heap"",id=""G1 Survivor Space"",language=""java"",service=""java-order-service"",}",5766432.0
1790101971.096,java-order-service,jvm_memory_used_bytes,"{area=""nonheap"",id=""Compressed Class Space"",language=""java"",service=""java-order-service"",}",10676480.0
1790101971.096,java-order-service,jvm_memory_used_bytes,"{area=""heap"",id=""G1 Old Gen"",language=""java"",service=""java-order-service"",}",29144680.0
1790101971.096,java-order-service,jvm_memory_used_bytes,"{area=""nonheap"",id=""Metaspace"",language=""java"",service=""java-order-service"",}",78333240.0
1790101976.157,java-user-service,tomcat_threads_busy_threads,"{framework=""spring-boot"",language=""java"",name=""http-nio-9081"",service=""java-user-service"",}",-1.0
1790101976.157,java-user-service,jvm_gc_pause_seconds_count,"{action=""end of minor GC"",cause=""G1 Evacuation Pause"",framework=""spring-boot"",gc=""G1 Young Generation"",language=""java"",service=""java-user-service"",}",7.0
1790101976.157,java-user-service,jvm_gc_pause_seconds_sum,"{action=""end of minor GC"",cause=""G1 Evacuation Pause"",framework=""spring-boot"",gc=""G1 Young Generation"",language=""java"",service=""java-user-service"",}",0.043
1790101976.157,java-user-service,jvm_memory_used_bytes,"{area=""nonheap"",framework=""spring-boot"",id=""CodeHeap 'non-nmethods'"",language=""java"",service=""java-user-service"",}",1645696.0
1790101976.157,java-user-service,jvm_memory_used_bytes,"{area=""nonheap"",framework=""spring-boot"",id=""CodeHeap 'non-profiled nmethods'"",language=""java"",service=""java-user-service"",}",7804800.0
1790101976.157,java-user-service,jvm_memory_used_bytes,"{area=""heap"",framework=""spring-boot"",id=""G1 Survivor Space"",language=""java"",service=""java-user-service"",}",3145728.0
1790101976.157,java-user-service,jvm_memory_used_bytes,"{area=""heap"",framework=""spring-boot"",id=""G1 Old Gen"",language=""java"",service=""java-user-service"",}",39334584.0
1790101976.157,java-user-service,jvm_memory_used_bytes,"{area=""nonheap"",framework=""spring-boot"",id=""Metaspace"",language=""java"",service=""java-user-service"",}",101668960.0
1790101976.157,java-user-service,jvm_memory_used_bytes,"{area=""heap"",framework=""spring-boot"",id=""G1 Eden Space"",language=""java"",service=""java-user-service"",}",14680064.0
1790101976.157,java-user-service,jvm_memory_used_bytes,"{area=""nonheap"",framework=""spring-boot"",id=""Compressed Class Space"",language=""java"",service=""java-user-service"",}",13405728.0
1790101976.157,java-user-service,jvm_memory_used_bytes,"{area=""nonheap"",framework=""spring-boot"",id=""CodeHeap 'profiled nmethods'"",language=""java"",service=""java-user-service"",}",25543424.0
1790101976.157,java-user-service,hikaricp_connections_usage_seconds_count,"{framework=""spring-boot"",language=""java"",pool=""HikariPool-1"",service=""java-user-service"",}",423.0
1790101976.157,java-user-service,hikaricp_connections_usage_seconds_sum,"{framework=""spring-boot"",language=""java"",pool=""HikariPool-1"",service=""java-user-service"",}",16.397
1790101976.157,java-user-service,process_cpu_usage,"{framework=""spring-boot"",language=""java"",service=""java-user-service"",}",0.17984496124031008
1790101976.157,java-user-service,tomcat_threads_current_threads,"{framework=""spring-boot"",language=""java"",name=""http-nio-9081"",service=""java-user-service"",}",-1.0
1790101976.157,java-user-service,jvm_memory_committed_bytes,"{area=""nonheap"",framework=""spring-boot"",id=""CodeHeap 'non-nmethods'"",language=""java"",service=""java-user-service"",}",2555904.0
1790101976.157,java-user-service,jvm_memory_committed_bytes,"{area=""nonheap"",framework=""spring-boot"",id=""CodeHeap 'non-profiled nmethods'"",language=""java"",service=""java-user-service"",}",7864320.0
1790101976.157,java-user-service,jvm_memory_committed_bytes,"{area=""heap"",framework=""spring-boot"",id=""G1 Survivor Space"",language=""java"",service=""java-user-service"",}",3145728.0
1790101976.157,java-user-service,jvm_memory_committed_bytes,"{area=""heap"",framework=""spring-boot"",id=""G1 Old Gen"",language=""java"",service=""java-user-service"",}",42991616.0
1790101976.157,java-user-service,jvm_memory_committed_bytes,"{area=""nonheap"",framework=""spring-boot"",id=""Metaspace"",language=""java"",service=""java-user-service"",}",102629376.0
1790101976.157,java-user-service,jvm_memory_committed_bytes,"{area=""heap"",framework=""spring-boot"",id=""G1 Eden Space"",language=""java"",service=""java-user-service"",}",59768832.0
1790101976.157,java-user-service,jvm_memory_committed_bytes,"{area=""nonheap"",framework=""spring-boot"",id=""Compressed Class Space"",language=""java"",service=""java-user-service"",}",13828096.0
1790101976.157,java-user-service,jvm_memory_committed_bytes,"{area=""nonheap"",framework=""spring-boot"",id=""CodeHeap 'profiled nmethods'"",language=""java"",service=""java-user-service"",}",26542080.0
1790101976.157,java-user-service,system_cpu_usage,"{framework=""spring-boot"",language=""java"",service=""java-user-service"",}",0.1825522480620155
1790101976.157,java-user-service,hikaricp_connections_pending,"{framework=""spring-boot"",language=""java"",pool=""HikariPool-1"",service=""java-user-service"",}",0.0
1790101976.157,java-user-service,hikaricp_connections_acquire_seconds_count,"{framework=""spring-boot"",language=""java"",pool=""HikariPool-1"",service=""java-user-service"",}",423.0
1790101976.157,java-user-service,hikaricp_connections_acquire_seconds_sum,"{framework=""spring-boot"",language=""java"",pool=""HikariPool-1"",service=""java-user-service"",}",0.017612928
1790101976.157,java-user-service,tomcat_threads_config_max_threads,"{framework=""spring-boot"",language=""java"",name=""http-nio-9081"",service=""java-user-service"",}",-1.0
1790101976.157,java-user-service,hikaricp_connections_active,"{framework=""spring-boot"",language=""java"",pool=""HikariPool-1"",service=""java-user-service"",}",0.0
1790101976.157,java-product-service,jvm_memory_used_bytes,"{area=""nonheap"",id=""CodeHeap 'non-nmethods'"",language=""java"",service=""java-product-service"",}",1638144.0
1790101976.157,java-product-service,jvm_memory_used_bytes,"{area=""heap"",id=""G1 Eden Space"",language=""java"",service=""java-product-service"",}",23068672.0
1790101976.157,java-product-service,jvm_memory_used_bytes,"{area=""nonheap"",id=""Metaspace"",language=""java"",service=""java-product-service"",}",96998640.0
1790101976.157,java-product-service,jvm_memory_used_bytes,"{area=""heap"",id=""G1 Old Gen"",language=""java"",service=""java-product-service"",}",38518680.0
1790101976.157,java-product-service,jvm_memory_used_bytes,"{area=""nonheap"",id=""Compressed Class Space"",language=""java"",service=""java-product-service"",}",12917664.0
1790101976.157,java-product-service,jvm_memory_used_bytes,"{area=""heap"",id=""G1 Survivor Space"",language=""java"",service=""java-product-service"",}",3928528.0
1790101976.157,java-product-service,jvm_memory_used_bytes,"{area=""nonheap"",id=""CodeHeap 'profiled nmethods'"",language=""java"",service=""java-product-service"",}",22949760.0
1790101976.157,java-product-service,jvm_memory_used_bytes,"{area=""nonheap"",id=""CodeHeap 'non-profiled nmethods'"",language=""java"",service=""java-product-service"",}",6028416.0
1790101976.157,java-product-service,tomcat_threads_current_threads,"{language=""java"",name=""http-nio-9082"",service=""java-product-service"",}",-1.0
1790101976.157,java-product-service,hikaricp_connections_acquire_seconds_count,"{language=""java"",pool=""HikariPool-1"",service=""java-product-service"",}",83.0
1790101976.157,java-product-service,hikaricp_connections_acquire_seconds_sum,"{language=""java"",pool=""HikariPool-1"",service=""java-product-service"",}",0.182350626
1790101976.157,java-product-service,tomcat_threads_busy_threads,"{language=""java"",name=""http-nio-9082"",service=""java-product-service"",}",-1.0
1790101976.157,java-product-service,hikaricp_connections_pending,"{language=""java"",pool=""HikariPool-1"",service=""java-product-service"",}",0.0
1790101976.157,java-product-service,hikaricp_connections_active,"{language=""java"",pool=""HikariPool-1"",service=""java-product-service"",}",0.0
1790101976.157,java-product-service,tomcat_threads_config_max_threads,"{language=""java"",name=""http-nio-9082"",service=""java-product-service"",}",-1.0
1790101976.157,java-product-service,process_cpu_usage,"{language=""java"",service=""java-product-service"",}",0.04552845528455285
1790101976.157,java-product-service,system_cpu_usage,"{language=""java"",service=""java-product-service"",}",0.048619837398373986
1790101976.157,java-product-service,jvm_gc_pause_seconds_count,"{action=""end of minor GC"",cause=""G1 Evacuation Pause"",gc=""G1 Young Generation"",language=""java"",service=""java-product-service"",}",4.0
1790101976.157,java-product-service,jvm_gc_pause_seconds_sum,"{action=""end of minor GC"",cause=""G1 Evacuation Pause"",gc=""G1 Young Generation"",language=""java"",service=""java-product-service"",}",0.02
1790101976.157,java-product-service,jvm_memory_committed_bytes,"{area=""nonheap"",id=""CodeHeap 'non-nmethods'"",language=""java"",service=""java-product-service"",}",2555904.0
1790101976.157,java-product-service,jvm_memory_committed_bytes,"{area=""heap"",id=""G1 Eden Space"",language=""java"",service=""java-product-service"",}",52428800.0
1790101976.157,java-product-service,jvm_memory_committed_bytes,"{area=""nonheap"",id=""Metaspace"",language=""java"",service=""java-product-service"",}",97976320.0
1790101976.157,java-product-service,jvm_memory_committed_bytes,"{area=""heap"",id=""G1 Old Gen"",language=""java"",service=""java-product-service"",}",41943040.0
1790101976.157,java-product-service,jvm_memory_committed_bytes,"{area=""nonheap"",id=""Compressed Class Space"",language=""java"",service=""java-product-service"",}",13369344.0
1790101976.157,java-product-service,jvm_memory_committed_bytes,"{area=""heap"",id=""G1 Survivor Space"",language=""java"",service=""java-product-service"",}",4194304.0
1790101976.157,java-product-service,jvm_memory_committed_bytes,"{area=""nonheap"",id=""CodeHeap 'profiled nmethods'"",language=""java"",service=""java-product-service"",}",23003136.0
1790101976.157,java-product-service,jvm_memory_committed_bytes,"{area=""nonheap"",id=""CodeHeap 'non-profiled nmethods'"",language=""java"",service=""java-product-service"",}",6094848.0
1790101976.157,java-product-service,hikaricp_connections_usage_seconds_count,"{language=""java"",pool=""HikariPool-1"",service=""java-product-service"",}",83.0
1790101976.157,java-product-service,hikaricp_connections_usage_seconds_sum,"{language=""java"",pool=""HikariPool-1"",service=""java-product-service"",}",0.285
1790101976.157,java-order-service,system_cpu_usage,"{language=""java"",service=""java-order-service"",}",0.019901111111111112
1790101976.157,java-order-service,jvm_gc_pause_seconds_count,"{action=""end of minor GC"",cause=""G1 Evacuation Pause"",gc=""G1 Young Generation"",language=""java"",service=""java-order-service"",}",1.0
1790101976.157,java-order-service,jvm_gc_pause_seconds_sum,"{action=""end of minor GC"",cause=""G1 Evacuation Pause"",gc=""G1 Young Generation"",language=""java"",service=""java-order-service"",}",0.008
1790101976.157,java-order-service,hikaricp_connections_usage_seconds_count,"{language=""java"",pool=""HikariPool-1"",service=""java-order-service"",}",68.0
1790101976.157,java-order-service,hikaricp_connections_usage_seconds_sum,"{language=""java"",pool=""HikariPool-1"",service=""java-order-service"",}",0.002
1790101976.157,java-order-service,hikaricp_connections_active,"{language=""java"",pool=""HikariPool-1"",service=""java-order-service"",}",0.0
1790101976.157,java-order-service,tomcat_threads_config_max_threads,"{language=""java"",name=""http-nio-9083"",service=""java-order-service"",}",-1.0
1790101976.157,java-order-service,hikaricp_connections_acquire_seconds_count,"{language=""java"",pool=""HikariPool-1"",service=""java-order-service"",}",68.0
1790101976.157,java-order-service,hikaricp_connections_acquire_seconds_sum,"{language=""java"",pool=""HikariPool-1"",service=""java-order-service"",}",0.014889373
1790101976.157,java-order-service,tomcat_threads_busy_threads,"{language=""java"",name=""http-nio-9083"",service=""java-order-service"",}",-1.0
1790101976.157,java-order-service,jvm_memory_committed_bytes,"{area=""nonheap"",id=""CodeHeap 'non-profiled nmethods'"",language=""java"",service=""java-order-service"",}",4259840.0
1790101976.157,java-order-service,jvm_memory_committed_bytes,"{area=""heap"",id=""G1 Eden Space"",language=""java"",service=""java-order-service"",}",73400320.0
1790101976.157,java-order-service,jvm_memory_committed_bytes,"{area=""nonheap"",id=""CodeHeap 'profiled nmethods'"",language=""java"",service=""java-order-service"",}",14483456.0
1790101976.157,java-order-service,jvm_memory_committed_bytes,"{area=""nonheap"",id=""CodeHeap 'non-nmethods'"",language=""java"",service=""java-order-service"",}",2555904.0
1790101976.157,java-order-service,jvm_memory_committed_bytes,"{area=""heap"",id=""G1 Survivor Space"",language=""java"",service=""java-order-service"",}",6291456.0
1790101976.157,java-order-service,jvm_memory_committed_bytes,"{area=""nonheap"",id=""Compressed Class Space"",language=""java"",service=""java-order-service"",}",11075584.0
1790101976.157,java-order-service,jvm_memory_committed_bytes,"{area=""heap"",id=""G1 Old Gen"",language=""java"",service=""java-order-service"",}",46137344.0
1790101976.157,java-order-service,jvm_memory_committed_bytes,"{area=""nonheap"",id=""Metaspace"",language=""java"",service=""java-order-service"",}",79233024.0
1790101976.157,java-order-service,hikaricp_connections_pending,"{language=""java"",pool=""HikariPool-1"",service=""java-order-service"",}",0.0
1790101976.157,java-order-service,process_cpu_usage,"{language=""java"",service=""java-order-service"",}",0.022222222222222223
1790101976.157,java-order-service,tomcat_threads_current_threads,"{language=""java"",name=""http-nio-9083"",service=""java-order-service"",}",-1.0
1790101976.157,java-order-service,jvm_memory_used_bytes,"{area=""nonheap"",id=""CodeHeap 'non-profiled nmethods'"",language=""java"",service=""java-order-service"",}",4221568.0
1790101976.157,java-order-service,jvm_memory_used_bytes,"{area=""heap"",id=""G1 Eden Space"",language=""java"",service=""java-order-service"",}",17825792.0
1790101976.157,java-order-service,jvm_memory_used_bytes,"{area=""nonheap"",id=""CodeHeap 'profiled nmethods'"",language=""java"",service=""java-order-service"",}",14471424.0
1790101976.157,java-order-service,jvm_memory_used_bytes,"{area=""nonheap"",id=""CodeHeap 'non-nmethods'"",language=""java"",service=""java-order-service"",}",1610368.0
1790101976.157,java-order-service,jvm_memory_used_bytes,"{area=""heap"",id=""G1 Survivor Space"",language=""java"",service=""java-order-service"",}",5766432.0
1790101976.157,java-order-service,jvm_memory_used_bytes,"{area=""nonheap"",id=""Compressed Class Space"",language=""java"",service=""java-order-service"",}",10676480.0
1790101976.157,java-order-service,jvm_memory_used_bytes,"{area=""heap"",id=""G1 Old Gen"",language=""java"",service=""java-order-service"",}",29144680.0
1790101976.157,java-order-service,jvm_memory_used_bytes,"{area=""nonheap"",id=""Metaspace"",language=""java"",service=""java-order-service"",}",78387960.0
1790101981.213,java-user-service,tomcat_threads_busy_threads,"{framework=""spring-boot"",language=""java"",name=""http-nio-9081"",service=""java-user-service"",}",-1.0
1790101981.213,java-user-service,jvm_gc_pause_seconds_count,"{action=""end of minor GC"",cause=""G1 Evacuation Pause"",framework=""spring-boot"",gc=""G1 Young Generation"",language=""java"",service=""java-user-service"",}",7.0
1790101981.213,java-user-service,jvm_gc_pause_seconds_sum,"{action=""end of minor GC"",cause=""G1 Evacuation Pause"",framework=""spring-boot"",gc=""G1 Young Generation"",language=""java"",service=""java-user-service"",}",0.043
1790101981.213,java-user-service,jvm_memory_used_bytes,"{area=""nonheap"",framework=""spring-boot"",id=""CodeHeap 'non-nmethods'"",language=""java"",service=""java-user-service"",}",1645696.0
1790101981.213,java-user-service,jvm_memory_used_bytes,"{area=""nonheap"",framework=""spring-boot"",id=""CodeHeap 'non-profiled nmethods'"",language=""java"",service=""java-user-service"",}",7875840.0
1790101981.213,java-user-service,jvm_memory_used_bytes,"{area=""heap"",framework=""spring-boot"",id=""G1 Survivor Space"",language=""java"",service=""java-user-service"",}",3145728.0
1790101981.213,java-user-service,jvm_memory_used_bytes,"{area=""heap"",framework=""spring-boot"",id=""G1 Old Gen"",language=""java"",service=""java-user-service"",}",39334584.0
1790101981.213,java-user-service,jvm_memory_used_bytes,"{area=""nonheap"",framework=""spring-boot"",id=""Metaspace"",language=""java"",service=""java-user-service"",}",101785760.0
1790101981.213,java-user-service,jvm_memory_used_bytes,"{area=""heap"",framework=""spring-boot"",id=""G1 Eden Space"",language=""java"",service=""java-user-service"",}",22020096.0
1790101981.213,java-user-service,jvm_memory_used_bytes,"{area=""nonheap"",framework=""spring-boot"",id=""Compressed Class Space"",language=""java"",service=""java-user-service"",}",13405728.0
1790101981.213,java-user-service,jvm_memory_used_bytes,"{area=""nonheap"",framework=""spring-boot"",id=""CodeHeap 'profiled nmethods'"",language=""java"",service=""java-user-service"",}",25955072.0
1790101981.213,java-user-service,hikaricp_connections_usage_seconds_count,"{framework=""spring-boot"",language=""java"",pool=""HikariPool-1"",service=""java-user-service"",}",461.0
1790101981.213,java-user-service,hikaricp_connections_usage_seconds_sum,"{framework=""spring-boot"",language=""java"",pool=""HikariPool-1"",service=""java-user-service"",}",17.686
1790101981.213,java-user-service,process_cpu_usage,"{framework=""spring-boot"",language=""java"",service=""java-user-service"",}",0.23174603174603176
1790101981.213,java-user-service,tomcat_threads_current_threads,"{framework=""spring-boot"",language=""java"",name=""http-nio-9081"",service=""java-user-service"",}",-1.0
1790101981.213,java-user-service,jvm_memory_committed_bytes,"{area=""nonheap"",framework=""spring-boot"",id=""CodeHeap 'non-nmethods'"",language=""java"",service=""java-user-service"",}",2555904.0
1790101981.213,java-user-service,jvm_memory_committed_bytes,"{area=""nonheap"",framework=""spring-boot"",id=""CodeHeap 'non-profiled nmethods'"",language=""java"",service=""java-user-service"",}",7929856.0
1790101981.213,java-user-service,jvm_memory_committed_bytes,"{area=""heap"",framework=""spring-boot"",id=""G1 Survivor Space"",language=""java"",service=""java-user-service"",}",3145728.0
1790101981.213,java-user-service,jvm_memory_committed_bytes,"{area=""heap"",framework=""spring-boot"",id=""G1 Old Gen"",language=""java"",service=""java-user-service"",}",42991616.0
1790101981.213,java-user-service,jvm_memory_committed_bytes,"{area=""nonheap"",framework=""spring-boot"",id=""Metaspace"",language=""java"",service=""java-user-service"",}",102760448.0
1790101981.213,java-user-service,jvm_memory_committed_bytes,"{area=""heap"",framework=""spring-boot"",id=""G1 Eden Space"",language=""java"",service=""java-user-service"",}",59768832.0
1790101981.213,java-user-service,jvm_memory_committed_bytes,"{area=""nonheap"",framework=""spring-boot"",id=""Compressed Class Space"",language=""java"",service=""java-user-service"",}",13828096.0
1790101981.213,java-user-service,jvm_memory_committed_bytes,"{area=""nonheap"",framework=""spring-boot"",id=""CodeHeap 'profiled nmethods'"",language=""java"",service=""java-user-service"",}",26542080.0
1790101981.213,java-user-service,system_cpu_usage,"{framework=""spring-boot"",language=""java"",service=""java-user-service"",}",0.23143126984126985
1790101981.213,java-user-service,hikaricp_connections_pending,"{framework=""spring-boot"",language=""java"",pool=""HikariPool-1"",service=""java-user-service"",}",0.0
1790101981.213,java-user-service,hikaricp_connections_acquire_seconds_count,"{framework=""spring-boot"",language=""java"",pool=""HikariPool-1"",service=""java-user-service"",}",461.0
1790101981.213,java-user-service,hikaricp_connections_acquire_seconds_sum,"{framework=""spring-boot"",language=""java"",pool=""HikariPool-1"",service=""java-user-service"",}",0.02290251
1790101981.213,java-user-service,tomcat_threads_config_max_threads,"{framework=""spring-boot"",language=""java"",name=""http-nio-9081"",service=""java-user-service"",}",-1.0
1790101981.213,java-user-service,hikaricp_connections_active,"{framework=""spring-boot"",language=""java"",pool=""HikariPool-1"",service=""java-user-service"",}",0.0
1790101981.213,java-product-service,jvm_memory_used_bytes,"{area=""nonheap"",id=""CodeHeap 'non-nmethods'"",language=""java"",service=""java-product-service"",}",1638144.0
1790101981.213,java-product-service,jvm_memory_used_bytes,"{area=""heap"",id=""G1 Eden Space"",language=""java"",service=""java-product-service"",}",31457280.0
1790101981.213,java-product-service,jvm_memory_used_bytes,"{area=""nonheap"",id=""Metaspace"",language=""java"",service=""java-product-service"",}",97058208.0
1790101981.213,java-product-service,jvm_memory_used_bytes,"{area=""heap"",id=""G1 Old Gen"",language=""java"",service=""java-product-service"",}",38518680.0
1790101981.213,java-product-service,jvm_memory_used_bytes,"{area=""nonheap"",id=""Compressed Class Space"",language=""java"",service=""java-product-service"",}",12920184.0
1790101981.213,java-product-service,jvm_memory_used_bytes,"{area=""heap"",id=""G1 Survivor Space"",language=""java"",service=""java-product-service"",}",3928528.0
1790101981.213,java-product-service,jvm_memory_used_bytes,"{area=""nonheap"",id=""CodeHeap 'profiled nmethods'"",language=""java"",service=""java-product-service"",}",23133184.0
1790101981.213,java-product-service,jvm_memory_used_bytes,"{area=""nonheap"",id=""CodeHeap 'non-profiled nmethods'"",language=""java"",service=""java-product-service"",}",6189696.0
1790101981.213,java-product-service,tomcat_threads_current_threads,"{language=""java"",name=""http-nio-9082"",service=""java-product-service"",}",-1.0
1790101981.213,java-product-service,hikaricp_connections_acquire_seconds_count,"{language=""java"",pool=""HikariPool-1"",service=""java-product-service"",}",103.0
1790101981.213,java-product-service,hikaricp_connections_acquire_seconds_sum,"{language=""java"",pool=""HikariPool-1"",service=""java-product-service"",}",0.186830542
1790101981.213,java-product-service,tomcat_threads_busy_threads,"{language=""java"",name=""http-nio-9082"",service=""java-product-service"",}",-1.0
1790101981.213,java-product-service,hikaricp_connections_pending,"{language=""java"",pool=""HikariPool-1"",service=""java-product-service"",}",0.0
1790101981.213,java-product-service,hikaricp_connections_active,"{language=""java"",pool=""HikariPool-1"",service=""java-product-service"",}",0.0
1790101981.213,java-product-service,tomcat_threads_config_max_threads,"{language=""java"",name=""http-nio-9082"",service=""java-product-service"",}",-1.0
1790101981.213,java-product-service,process_cpu_usage,"{language=""java"",service=""java-product-service"",}",0.045925925925925926
1790101981.213,java-product-service,system_cpu_usage,"{language=""java"",service=""java-product-service"",}",0.046104296296296296
1790101981.213,java-product-service,jvm_gc_pause_seconds_count,"{action=""end of minor GC"",cause=""G1 Evacuation Pause"",gc=""G1 Young Generation"",language=""java"",service=""java-product-service"",}",4.0
1790101981.213,java-product-service,jvm_gc_pause_seconds_sum,"{action=""end of minor GC"",cause=""G1 Evacuation Pause"",gc=""G1 Young Generation"",language=""java"",service=""java-product-service"",}",0.02
1790101981.213,java-product-service,jvm_memory_committed_bytes,"{area=""nonheap"",id=""CodeHeap 'non-nmethods'"",language=""java"",service=""java-product-service"",}",2555904.0
1790101981.213,java-product-service,jvm_memory_committed_bytes,"{area=""heap"",id=""G1 Eden Space"",language=""java"",service=""java-product-service"",}",52428800.0
1790101981.213,java-product-service,jvm_memory_committed_bytes,"{area=""nonheap"",id=""Metaspace"",language=""java"",service=""java-product-service"",}",97976320.0
1790101981.213,java-product-service,jvm_memory_committed_bytes,"{area=""heap"",id=""G1 Old Gen"",language=""java"",service=""java-product-service"",}",41943040.0
1790101981.213,java-product-service,jvm_memory_committed_bytes,"{area=""nonheap"",id=""Compressed Class Space"",language=""java"",service=""java-product-service"",}",13369344.0
1790101981.213,java-product-service,jvm_memory_committed_bytes,"{area=""heap"",id=""G1 Survivor Space"",language=""java"",service=""java-product-service"",}",4194304.0
1790101981.213,java-product-service,jvm_memory_committed_bytes,"{area=""nonheap"",id=""CodeHeap 'profiled nmethods'"",language=""java"",service=""java-product-service"",}",23199744.0
1790101981.213,java-product-service,jvm_memory_committed_bytes,"{area=""nonheap"",id=""CodeHeap 'non-profiled nmethods'"",language=""java"",service=""java-product-service"",}",6225920.0
1790101981.213,java-product-service,hikaricp_connections_usage_seconds_count,"{language=""java"",pool=""HikariPool-1"",service=""java-product-service"",}",103.0
1790101981.213,java-product-service,hikaricp_connections_usage_seconds_sum,"{language=""java"",pool=""HikariPool-1"",service=""java-product-service"",}",0.285
1790101981.213,java-order-service,system_cpu_usage,"{language=""java"",service=""java-order-service"",}",0.032913333333333336
1790101981.213,java-order-service,jvm_gc_pause_seconds_count,"{action=""end of minor GC"",cause=""G1 Evacuation Pause"",gc=""G1 Young Generation"",language=""java"",service=""java-order-service"",}",1.0
1790101981.213,java-order-service,jvm_gc_pause_seconds_sum,"{action=""end of minor GC"",cause=""G1 Evacuation Pause"",gc=""G1 Young Generation"",language=""java"",service=""java-order-service"",}",0.008
1790101981.213,java-order-service,hikaricp_connections_usage_seconds_count,"{language=""java"",pool=""HikariPool-1"",service=""java-order-service"",}",90.0
1790101981.213,java-order-service,hikaricp_connections_usage_seconds_sum,"{language=""java"",pool=""HikariPool-1"",service=""java-order-service"",}",0.002
1790101981.213,java-order-service,hikaricp_connections_active,"{language=""java"",pool=""HikariPool-1"",service=""java-order-service"",}",0.0
1790101981.213,java-order-service,tomcat_threads_config_max_threads,"{language=""java"",name=""http-nio-9083"",service=""java-order-service"",}",-1.0
1790101981.213,java-order-service,hikaricp_connections_acquire_seconds_count,"{language=""java"",pool=""HikariPool-1"",service=""java-order-service"",}",90.0
1790101981.213,java-order-service,hikaricp_connections_acquire_seconds_sum,"{language=""java"",pool=""HikariPool-1"",service=""java-order-service"",}",0.018713999
1790101981.213,java-order-service,tomcat_threads_busy_threads,"{language=""java"",name=""http-nio-9083"",service=""java-order-service"",}",-1.0
1790101981.213,java-order-service,jvm_memory_committed_bytes,"{area=""nonheap"",id=""CodeHeap 'non-profiled nmethods'"",language=""java"",service=""java-order-service"",}",4325376.0
1790101981.213,java-order-service,jvm_memory_committed_bytes,"{area=""heap"",id=""G1 Eden Space"",language=""java"",service=""java-order-service"",}",73400320.0
1790101981.213,java-order-service,jvm_memory_committed_bytes,"{area=""nonheap"",id=""CodeHeap 'profiled nmethods'"",language=""java"",service=""java-order-service"",}",14680064.0
1790101981.213,java-order-service,jvm_memory_committed_bytes,"{area=""nonheap"",id=""CodeHeap 'non-nmethods'"",language=""java"",service=""java-order-service"",}",2555904.0
1790101981.213,java-order-service,jvm_memory_committed_bytes,"{area=""heap"",id=""G1 Survivor Space"",language=""java"",service=""java-order-service"",}",6291456.0
1790101981.213,java-order-service,jvm_memory_committed_bytes,"{area=""nonheap"",id=""Compressed Class Space"",language=""java"",service=""java-order-service"",}",11075584.0
1790101981.213,java-order-service,jvm_memory_committed_bytes,"{area=""heap"",id=""G1 Old Gen"",language=""java"",service=""java-order-service"",}",46137344.0
1790101981.213,java-order-service,jvm_memory_committed_bytes,"{area=""nonheap"",id=""Metaspace"",language=""java"",service=""java-order-service"",}",79364096.0
1790101981.213,java-order-service,hikaricp_connections_pending,"{language=""java"",pool=""HikariPool-1"",service=""java-order-service"",}",0.0
1790101981.213,java-order-service,process_cpu_usage,"{language=""java"",service=""java-order-service"",}",0.02564102564102564
1790101981.213,java-order-service,tomcat_threads_current_threads,"{language=""java"",name=""http-nio-9083"",service=""java-order-service"",}",-1.0
1790101981.213,java-order-service,jvm_memory_used_bytes,"{area=""nonheap"",id=""CodeHeap 'non-profiled nmethods'"",language=""java"",service=""java-order-service"",}",4274048.0
1790101981.213,java-order-service,jvm_memory_used_bytes,"{area=""heap"",id=""G1 Eden Space"",language=""java"",service=""java-order-service"",}",19922944.0
1790101981.213,java-order-service,jvm_memory_used_bytes,"{area=""nonheap"",id=""CodeHeap 'profiled nmethods'"",language=""java"",service=""java-order-service"",}",14698624.0
1790101981.213,java-order-service,jvm_memory_used_bytes,"{area=""nonheap"",id=""CodeHeap 'non-nmethods'"",language=""java"",service=""java-order-service"",}",1610368.0
1790101981.213,java-order-service,jvm_memory_used_bytes,"{area=""heap"",id=""G1 Survivor Space"",language=""java"",service=""java-order-service"",}",5766432.0
1790101981.213,java-order-service,jvm_memory_used_bytes,"{area=""nonheap"",id=""Compressed Class Space"",language=""java"",service=""java-order-service"",}",10679264.0
1790101981.213,java-order-service,jvm_memory_used_bytes,"{area=""heap"",id=""G1 Old Gen"",language=""java"",service=""java-order-service"",}",29144680.0
1790101981.213,java-order-service,jvm_memory_used_bytes,"{area=""nonheap"",id=""Metaspace"",language=""java"",service=""java-order-service"",}",78467288.0
1790101986.268,java-user-service,tomcat_threads_busy_threads,"{framework=""spring-boot"",language=""java"",name=""http-nio-9081"",service=""java-user-service"",}",-1.0
1790101986.268,java-user-service,jvm_gc_pause_seconds_count,"{action=""end of minor GC"",cause=""G1 Evacuation Pause"",framework=""spring-boot"",gc=""G1 Young Generation"",language=""java"",service=""java-user-service"",}",7.0
1790101986.268,java-user-service,jvm_gc_pause_seconds_sum,"{action=""end of minor GC"",cause=""G1 Evacuation Pause"",framework=""spring-boot"",gc=""G1 Young Generation"",language=""java"",service=""java-user-service"",}",0.043
1790101986.268,java-user-service,jvm_memory_used_bytes,"{area=""nonheap"",framework=""spring-boot"",id=""CodeHeap 'non-nmethods'"",language=""java"",service=""java-user-service"",}",1645696.0
1790101986.268,java-user-service,jvm_memory_used_bytes,"{area=""nonheap"",framework=""spring-boot"",id=""CodeHeap 'non-profiled nmethods'"",language=""java"",service=""java-user-service"",}",7928832.0
1790101986.268,java-user-service,jvm_memory_used_bytes,"{area=""heap"",framework=""spring-boot"",id=""G1 Survivor Space"",language=""java"",service=""java-user-service"",}",3145728.0
1790101986.268,java-user-service,jvm_memory_used_bytes,"{area=""heap"",framework=""spring-boot"",id=""G1 Old Gen"",language=""java"",service=""java-user-service"",}",39334584.0
1790101986.268,java-user-service,jvm_memory_used_bytes,"{area=""nonheap"",framework=""spring-boot"",id=""Metaspace"",language=""java"",service=""java-user-service"",}",101994456.0
1790101986.268,java-user-service,jvm_memory_used_bytes,"{area=""heap"",framework=""spring-boot"",id=""G1 Eden Space"",language=""java"",service=""java-user-service"",}",29360128.0
1790101986.268,java-user-service,jvm_memory_used_bytes,"{area=""nonheap"",framework=""spring-boot"",id=""Compressed Class Space"",language=""java"",service=""java-user-service"",}",13406752.0
1790101986.268,java-user-service,jvm_memory_used_bytes,"{area=""nonheap"",framework=""spring-boot"",id=""CodeHeap 'profiled nmethods'"",language=""java"",service=""java-user-service"",}",26563456.0
1790101986.268,java-user-service,hikaricp_connections_usage_seconds_count,"{framework=""spring-boot"",language=""java"",pool=""HikariPool-1"",service=""java-user-service"",}",504.0
1790101986.268,java-user-service,hikaricp_connections_usage_seconds_sum,"{framework=""spring-boot"",language=""java"",pool=""HikariPool-1"",service=""java-user-service"",}",19.289
1790101986.268,java-user-service,process_cpu_usage,"{framework=""spring-boot"",language=""java"",service=""java-user-service"",}",0.2744186046511628
1790101986.268,java-user-service,tomcat_threads_current_threads,"{framework=""spring-boot"",language=""java"",name=""http-nio-9081"",service=""java-user-service"",}",-1.0
1790101986.268,java-user-service,jvm_memory_committed_bytes,"{area=""nonheap"",framework=""spring-boot"",id=""CodeHeap 'non-nmethods'"",language=""java"",service=""java-user-service"",}",2555904.0
1790101986.268,java-user-service,jvm_memory_committed_bytes,"{area=""nonheap"",framework=""spring-boot"",id=""CodeHeap 'non-profiled nmethods'"",language=""java"",service=""java-user-service"",}",7929856.0
1790101986.268,java-user-service,jvm_memory_committed_bytes,"{area=""heap"",framework=""spring-boot"",id=""G1 Survivor Space"",language=""java"",service=""java-user-service"",}",3145728.0
1790101986.268,java-user-service,jvm_memory_committed_bytes,"{area=""heap"",framework=""spring-boot"",id=""G1 Old Gen"",language=""java"",service=""java-user-service"",}",42991616.0
1790101986.268,java-user-service,jvm_memory_committed_bytes,"{area=""nonheap"",framework=""spring-boot"",id=""Metaspace"",language=""java"",service=""java-user-service"",}",102957056.0
1790101986.268,java-user-service,jvm_memory_committed_bytes,"{area=""heap"",framework=""spring-boot"",id=""G1 Eden Space"",language=""java"",service=""java-user-service"",}",59768832.0
1790101986.268,java-user-service,jvm_memory_committed_bytes,"{area=""nonheap"",framework=""spring-boot"",id=""Compressed Class Space"",language=""java"",service=""java-user-service"",}",13828096.0
1790101986.268,java-user-service,jvm_memory_committed_bytes,"{area=""nonheap"",framework=""spring-boot"",id=""CodeHeap 'profiled nmethods'"",language=""java"",service=""java-user-service"",}",26738688.0
1790101986.268,java-user-service,system_cpu_usage,"{framework=""spring-boot"",language=""java"",service=""java-user-service"",}",0.27610124031007754
1790101986.268,java-user-service,hikaricp_connections_pending,"{framework=""spring-boot"",language=""java"",pool=""HikariPool-1"",service=""java-user-service"",}",0.0
1790101986.268,java-user-service,hikaricp_connections_acquire_seconds_count,"{framework=""spring-boot"",language=""java"",pool=""HikariPool-1"",service=""java-user-service"",}",504.0
1790101986.268,java-user-service,hikaricp_connections_acquire_seconds_sum,"{framework=""spring-boot"",language=""java"",pool=""HikariPool-1"",service=""java-user-service"",}",0.030845007
1790101986.268,java-user-service,tomcat_threads_config_max_threads,"{framework=""spring-boot"",language=""java"",name=""http-nio-9081"",service=""java-user-service"",}",-1.0
1790101986.268,java-user-service,hikaricp_connections_active,"{framework=""spring-boot"",language=""java"",pool=""HikariPool-1"",service=""java-user-service"",}",0.0
1790101986.268,java-product-service,jvm_memory_used_bytes,"{area=""nonheap"",id=""CodeHeap 'non-nmethods'"",language=""java"",service=""java-product-service"",}",1638144.0
1790101986.268,java-product-service,jvm_memory_used_bytes,"{area=""heap"",id=""G1 Eden Space"",language=""java"",service=""java-product-service"",}",40894464.0
1790101986.268,java-product-service,jvm_memory_used_bytes,"{area=""nonheap"",id=""Metaspace"",language=""java"",service=""java-product-service"",}",97088840.0
1790101986.268,java-product-service,jvm_memory_used_bytes,"{area=""heap"",id=""G1 Old Gen"",language=""java"",service=""java-product-service"",}",38518680.0
1790101986.268,java-product-service,jvm_memory_used_bytes,"{area=""nonheap"",id=""Compressed Class Space"",language=""java"",service=""java-product-service"",}",12920184.0
1790101986.268,java-product-service,jvm_memory_used_bytes,"{area=""heap"",id=""G1 Survivor Space"",language=""java"",service=""java-product-service"",}",3928528.0
1790101986.268,java-product-service,jvm_memory_used_bytes,"{area=""nonheap"",id=""CodeHeap 'profiled nmethods'"",language=""java"",service=""java-product-service"",}",23250944.0
1790101986.268,java-product-service,jvm_memory_used_bytes,"{area=""nonheap"",id=""CodeHeap 'non-profiled nmethods'"",language=""java"",service=""java-product-service"",}",6246016.0
1790101986.268,java-product-service,tomcat_threads_current_threads,"{language=""java"",name=""http-nio-9082"",service=""java-product-service"",}",-1.0
1790101986.268,java-product-service,hikaricp_connections_acquire_seconds_count,"{language=""java"",pool=""HikariPool-1"",service=""java-product-service"",}",123.0
1790101986.268,java-product-service,hikaricp_connections_acquire_seconds_sum,"{language=""java"",pool=""HikariPool-1"",service=""java-product-service"",}",0.190967334
1790101986.268,java-product-service,tomcat_threads_busy_threads,"{language=""java"",name=""http-nio-9082"",service=""java-product-service"",}",-1.0
1790101986.268,java-product-service,hikaricp_connections_pending,"{language=""java"",pool=""HikariPool-1"",service=""java-product-service"",}",0.0
1790101986.268,java-product-service,hikaricp_connections_active,"{language=""java"",pool=""HikariPool-1"",service=""java-product-service"",}",0.0
1790101986.268,java-product-service,tomcat_threads_config_max_threads,"{language=""java"",name=""http-nio-9082"",service=""java-product-service"",}",-1.0
1790101986.268,java-product-service,process_cpu_usage,"{language=""java"",service=""java-product-service"",}",0.03833333333333333
1790101986.268,java-product-service,system_cpu_usage,"{language=""java"",service=""java-product-service"",}",0.03962216666666667
1790101986.268,java-product-service,jvm_gc_pause_seconds_count,"{action=""end of minor GC"",cause=""G1 Evacuation Pause"",gc=""G1 Young Generation"",language=""java"",service=""java-product-service"",}",4.0
1790101986.268,java-product-service,jvm_gc_pause_seconds_sum,"{action=""end of minor GC"",cause=""G1 Evacuation Pause"",gc=""G1 Young Generation"",language=""java"",service=""java-product-service"",}",0.02
1790101986.268,java-product-service,jvm_memory_committed_bytes,"{area=""nonheap"",id=""CodeHeap 'non-nmethods'"",language=""java"",service=""java-product-service"",}",2555904.0
1790101986.268,java-product-service,jvm_memory_committed_bytes,"{area=""heap"",id=""G1 Eden Space"",language=""java"",service=""java-product-service"",}",52428800.0
1790101986.268,java-product-service,jvm_memory_committed_bytes,"{area=""nonheap"",id=""Metaspace"",language=""java"",service=""java-product-service"",}",98107392.0
1790101986.268,java-product-service,jvm_memory_committed_bytes,"{area=""heap"",id=""G1 Old Gen"",language=""java"",service=""java-product-service"",}",41943040.0
1790101986.268,java-product-service,jvm_memory_committed_bytes,"{area=""nonheap"",id=""Compressed Class Space"",language=""java"",service=""java-product-service"",}",13369344.0
1790101986.268,java-product-service,jvm_memory_committed_bytes,"{area=""heap"",id=""G1 Survivor Space"",language=""java"",service=""java-product-service"",}",4194304.0
1790101986.268,java-product-service,jvm_memory_committed_bytes,"{area=""nonheap"",id=""CodeHeap 'profiled nmethods'"",language=""java"",service=""java-product-service"",}",23265280.0
1790101986.268,java-product-service,jvm_memory_committed_bytes,"{area=""nonheap"",id=""CodeHeap 'non-profiled nmethods'"",language=""java"",service=""java-product-service"",}",6291456.0
1790101986.268,java-product-service,hikaricp_connections_usage_seconds_count,"{language=""java"",pool=""HikariPool-1"",service=""java-product-service"",}",123.0
1790101986.268,java-product-service,hikaricp_connections_usage_seconds_sum,"{language=""java"",pool=""HikariPool-1"",service=""java-product-service"",}",0.285
1790101986.268,java-order-service,system_cpu_usage,"{language=""java"",service=""java-order-service"",}",0.023439540229885057
1790101986.268,java-order-service,jvm_gc_pause_seconds_count,"{action=""end of minor GC"",cause=""G1 Evacuation Pause"",gc=""G1 Young Generation"",language=""java"",service=""java-order-service"",}",1.0
1790101986.268,java-order-service,jvm_gc_pause_seconds_sum,"{action=""end of minor GC"",cause=""G1 Evacuation Pause"",gc=""G1 Young Generation"",language=""java"",service=""java-order-service"",}",0.008
1790101986.268,java-order-service,hikaricp_connections_usage_seconds_count,"{language=""java"",pool=""HikariPool-1"",service=""java-order-service"",}",108.0
1790101986.268,java-order-service,hikaricp_connections_usage_seconds_sum,"{language=""java"",pool=""HikariPool-1"",service=""java-order-service"",}",0.002
1790101986.268,java-order-service,hikaricp_connections_active,"{language=""java"",pool=""HikariPool-1"",service=""java-order-service"",}",0.0
1790101986.268,java-order-service,tomcat_threads_config_max_threads,"{language=""java"",name=""http-nio-9083"",service=""java-order-service"",}",-1.0
1790101986.268,java-order-service,hikaricp_connections_acquire_seconds_count,"{language=""java"",pool=""HikariPool-1"",service=""java-order-service"",}",108.0
1790101986.268,java-order-service,hikaricp_connections_acquire_seconds_sum,"{language=""java"",pool=""HikariPool-1"",service=""java-order-service"",}",0.023749289
1790101986.268,java-order-service,tomcat_threads_busy_threads,"{language=""java"",name=""http-nio-9083"",service=""java-order-service"",}",-1.0
1790101986.268,java-order-service,jvm_memory_committed_bytes,"{area=""nonheap"",id=""CodeHeap 'non-profiled nmethods'"",language=""java"",service=""java-order-service"",}",4325376.0
1790101986.268,java-order-service,jvm_memory_committed_bytes,"{area=""heap"",id=""G1 Eden Space"",language=""java"",service=""java-order-service"",}",73400320.0
1790101986.268,java-order-service,jvm_memory_committed_bytes,"{area=""nonheap"",id=""CodeHeap 'profiled nmethods'"",language=""java"",service=""java-order-service"",}",14876672.0
1790101986.268,java-order-service,jvm_memory_committed_bytes,"{area=""nonheap"",id=""CodeHeap 'non-nmethods'"",language=""java"",service=""java-order-service"",}",2555904.0
1790101986.268,java-order-service,jvm_memory_committed_bytes,"{area=""heap"",id=""G1 Survivor Space"",language=""java"",service=""java-order-service"",}",6291456.0
1790101986.268,java-order-service,jvm_memory_committed_bytes,"{area=""nonheap"",id=""Compressed Class Space"",language=""java"",service=""java-order-service"",}",11075584.0
1790101986.268,java-order-service,jvm_memory_committed_bytes,"{area=""heap"",id=""G1 Old Gen"",language=""java"",service=""java-order-service"",}",46137344.0
1790101986.268,java-order-service,jvm_memory_committed_bytes,"{area=""nonheap"",id=""Metaspace"",language=""java"",service=""java-order-service"",}",79364096.0
1790101986.268,java-order-service,hikaricp_connections_pending,"{language=""java"",pool=""HikariPool-1"",service=""java-order-service"",}",0.0
1790101986.268,java-order-service,process_cpu_usage,"{language=""java"",service=""java-order-service"",}",0.02528735632183908
1790101986.268,java-order-service,tomcat_threads_current_threads,"{language=""java"",name=""http-nio-9083"",service=""java-order-service"",}",-1.0
1790101986.268,java-order-service,jvm_memory_used_bytes,"{area=""nonheap"",id=""CodeHeap 'non-profiled nmethods'"",language=""java"",service=""java-order-service"",}",4304000.0
1790101986.268,java-order-service,jvm_memory_used_bytes,"{area=""heap"",id=""G1 Eden Space"",language=""java"",service=""java-order-service"",}",22020096.0
1790101986.268,java-order-service,jvm_memory_used_bytes,"{area=""nonheap"",id=""CodeHeap 'profiled nmethods'"",language=""java"",service=""java-order-service"",}",14844544.0
1790101986.268,java-order-service,jvm_memory_used_bytes,"{area=""nonheap"",id=""CodeHeap 'non-nmethods'"",language=""java"",service=""java-order-service"",}",1610368.0
1790101986.268,java-order-service,jvm_memory_used_bytes,"{area=""heap"",id=""G1 Survivor Space"",language=""java"",service=""java-order-service"",}",5766432.0
1790101986.268,java-order-service,jvm_memory_used_bytes,"{area=""nonheap"",id=""Compressed Class Space"",language=""java"",service=""java-order-service"",}",10679784.0
1790101986.268,java-order-service,jvm_memory_used_bytes,"{area=""heap"",id=""G1 Old Gen"",language=""java"",service=""java-order-service"",}",29144680.0
1790101986.268,java-order-service,jvm_memory_used_bytes,"{area=""nonheap"",id=""Metaspace"",language=""java"",service=""java-order-service"",}",78527440.0
1790101991.323,java-user-service,tomcat_threads_busy_threads,"{framework=""spring-boot"",language=""java"",name=""http-nio-9081"",service=""java-user-service"",}",-1.0
1790101991.323,java-user-service,jvm_gc_pause_seconds_count,"{action=""end of minor GC"",cause=""G1 Evacuation Pause"",framework=""spring-boot"",gc=""G1 Young Generation"",language=""java"",service=""java-user-service"",}",7.0
1790101991.323,java-user-service,jvm_gc_pause_seconds_sum,"{action=""end of minor GC"",cause=""G1 Evacuation Pause"",framework=""spring-boot"",gc=""G1 Young Generation"",language=""java"",service=""java-user-service"",}",0.043
1790101991.323,java-user-service,jvm_memory_used_bytes,"{area=""nonheap"",framework=""spring-boot"",id=""CodeHeap 'non-nmethods'"",language=""java"",service=""java-user-service"",}",1645696.0
1790101991.323,java-user-service,jvm_memory_used_bytes,"{area=""nonheap"",framework=""spring-boot"",id=""CodeHeap 'non-profiled nmethods'"",language=""java"",service=""java-user-service"",}",8000896.0
1790101991.323,java-user-service,jvm_memory_used_bytes,"{area=""heap"",framework=""spring-boot"",id=""G1 Survivor Space"",language=""java"",service=""java-user-service"",}",3145728.0
1790101991.323,java-user-service,jvm_memory_used_bytes,"{area=""heap"",framework=""spring-boot"",id=""G1 Old Gen"",language=""java"",service=""java-user-service"",}",39334584.0
1790101991.323,java-user-service,jvm_memory_used_bytes,"{area=""nonheap"",framework=""spring-boot"",id=""Metaspace"",language=""java"",service=""java-user-service"",}",102142640.0
1790101991.323,java-user-service,jvm_memory_used_bytes,"{area=""heap"",framework=""spring-boot"",id=""G1 Eden Space"",language=""java"",service=""java-user-service"",}",38797312.0
1790101991.323,java-user-service,jvm_memory_used_bytes,"{area=""nonheap"",framework=""spring-boot"",id=""Compressed Class Space"",language=""java"",service=""java-user-service"",}",13407800.0
1790101991.323,java-user-service,jvm_memory_used_bytes,"{area=""nonheap"",framework=""spring-boot"",id=""CodeHeap 'profiled nmethods'"",language=""java"",service=""java-user-service"",}",26960512.0
1790101991.323,java-user-service,hikaricp_connections_usage_seconds_count,"{framework=""spring-boot"",language=""java"",pool=""HikariPool-1"",service=""java-user-service"",}",552.0
1790101991.323,java-user-service,hikaricp_connections_usage_seconds_sum,"{framework=""spring-boot"",language=""java"",pool=""HikariPool-1"",service=""java-user-service"",}",21.335
1790101991.323,java-user-service,process_cpu_usage,"{framework=""spring-boot"",language=""java"",service=""java-user-service"",}",0.2971014492753623
1790101991.323,java-user-service,tomcat_threads_current_threads,"{framework=""spring-boot"",language=""java"",name=""http-nio-9081"",service=""java-user-service"",}",-1.0
1790101991.323,java-user-service,jvm_memory_committed_bytes,"{area=""nonheap"",framework=""spring-boot"",id=""CodeHeap 'non-nmethods'"",language=""java"",service=""java-user-service"",}",2555904.0
1790101991.323,java-user-service,jvm_memory_committed_bytes,"{area=""nonheap"",framework=""spring-boot"",id=""CodeHeap 'non-profiled nmethods'"",language=""java"",service=""java-user-service"",}",8060928.0
1790101991.323,java-user-service,jvm_memory_committed_bytes,"{area=""heap"",framework=""spring-boot"",id=""G1 Survivor Space"",language=""java"",service=""java-user-service"",}",3145728.0
1790101991.323,java-user-service,jvm_memory_committed_bytes,"{area=""heap"",framework=""spring-boot"",id=""G1 Old Gen"",language=""java"",service=""java-user-service"",}",42991616.0
1790101991.323,java-user-service,jvm_memory_committed_bytes,"{area=""nonheap"",framework=""spring-boot"",id=""Metaspace"",language=""java"",service=""java-user-service"",}",103022592.0
1790101991.323,java-user-service,jvm_memory_committed_bytes,"{area=""heap"",framework=""spring-boot"",id=""G1 Eden Space"",language=""java"",service=""java-user-service"",}",59768832.0
1790101991.323,java-user-service,jvm_memory_committed_bytes,"{area=""nonheap"",framework=""spring-boot"",id=""Compressed Class Space"",language=""java"",service=""java-user-service"",}",13828096.0
1790101991.323,java-user-service,jvm_memory_committed_bytes,"{area=""nonheap"",framework=""spring-boot"",id=""CodeHeap 'profiled nmethods'"",language=""java"",service=""java-user-service"",}",27066368.0
1790101991.323,java-user-service,system_cpu_usage,"{framework=""spring-boot"",language=""java"",service=""java-user-service"",}",0.29657260869565216
1790101991.323,java-user-service,hikaricp_connections_pending,"{framework=""spring-boot"",language=""java"",pool=""HikariPool-1"",service=""java-user-service"",}",0.0
1790101991.323,java-user-service,hikaricp_connections_acquire_seconds_count,"{framework=""spring-boot"",language=""java"",pool=""HikariPool-1"",service=""java-user-service"",}",552.0
1790101991.323,java-user-service,hikaricp_connections_acquire_seconds_sum,"{framework=""spring-boot"",language=""java"",pool=""HikariPool-1"",service=""java-user-service"",}",0.035302136
1790101991.323,java-user-service,tomcat_threads_config_max_threads,"{framework=""spring-boot"",language=""java"",name=""http-nio-9081"",service=""java-user-service"",}",-1.0
1790101991.323,java-user-service,hikaricp_connections_active,"{framework=""spring-boot"",language=""java"",pool=""HikariPool-1"",service=""java-user-service"",}",0.0
1790101991.323,java-product-service,jvm_memory_used_bytes,"{area=""nonheap"",id=""CodeHeap 'non-nmethods'"",language=""java"",service=""java-product-service"",}",1638144.0
1790101991.323,java-product-service,jvm_memory_used_bytes,"{area=""heap"",id=""G1 Eden Space"",language=""java"",service=""java-product-service"",}",5242880.0
1790101991.323,java-product-service,jvm_memory_used_bytes,"{area=""nonheap"",id=""Metaspace"",language=""java"",service=""java-product-service"",}",97132216.0
1790101991.323,java-product-service,jvm_memory_used_bytes,"{area=""heap"",id=""G1 Old Gen"",language=""java"",service=""java-product-service"",}",37392568.0
1790101991.323,java-product-service,jvm_memory_used_bytes,"{area=""nonheap"",id=""Compressed Class Space"",language=""java"",service=""java-product-service"",}",12921776.0
1790101991.323,java-product-service,jvm_memory_used_bytes,"{area=""heap"",id=""G1 Survivor Space"",language=""java"",service=""java-product-service"",}",4194304.0
1790101991.323,java-product-service,jvm_memory_used_bytes,"{area=""nonheap"",id=""CodeHeap 'profiled nmethods'"",language=""java"",service=""java-product-service"",}",23393152.0
1790101991.323,java-product-service,jvm_memory_used_bytes,"{area=""nonheap"",id=""CodeHeap 'non-profiled nmethods'"",language=""java"",service=""java-product-service"",}",6343296.0
1790101991.323,java-product-service,tomcat_threads_current_threads,"{language=""java"",name=""http-nio-9082"",service=""java-product-service"",}",-1.0
1790101991.323,java-product-service,hikaricp_connections_acquire_seconds_count,"{language=""java"",pool=""HikariPool-1"",service=""java-product-service"",}",143.0
1790101991.323,java-product-service,hikaricp_connections_acquire_seconds_sum,"{language=""java"",pool=""HikariPool-1"",service=""java-product-service"",}",0.195557541
1790101991.323,java-product-service,tomcat_threads_busy_threads,"{language=""java"",name=""http-nio-9082"",service=""java-product-service"",}",-1.0
1790101991.323,java-product-service,hikaricp_connections_pending,"{language=""java"",pool=""HikariPool-1"",service=""java-product-service"",}",0.0
1790101991.323,java-product-service,hikaricp_connections_active,"{language=""java"",pool=""HikariPool-1"",service=""java-product-service"",}",0.0
1790101991.323,java-product-service,tomcat_threads_config_max_threads,"{language=""java"",name=""http-nio-9082"",service=""java-product-service"",}",-1.0
1790101991.323,java-product-service,process_cpu_usage,"{language=""java"",service=""java-product-service"",}",0.05087719298245614
1790101991.323,java-product-service,system_cpu_usage,"{language=""java"",service=""java-product-service"",}",0.05149035087719298
1790101991.323,java-product-service,jvm_gc_pause_seconds_count,"{action=""end of minor GC"",cause=""G1 Evacuation Pause"",gc=""G1 Young Generation"",language=""java"",service=""java-product-service"",}",5.0
1790101991.323,java-product-service,jvm_gc_pause_seconds_sum,"{action=""end of minor GC"",cause=""G1 Evacuation Pause"",gc=""G1 Young Generation"",language=""java"",service=""java-product-service"",}",0.026
1790101991.323,java-product-service,jvm_memory_committed_bytes,"{area=""nonheap"",id=""CodeHeap 'non-nmethods'"",language=""java"",service=""java-product-service"",}",2555904.0
1790101991.323,java-product-service,jvm_memory_committed_bytes,"{area=""heap"",id=""G1 Eden Space"",language=""java"",service=""java-product-service"",}",53477376.0
1790101991.323,java-product-service,jvm_memory_committed_bytes,"{area=""nonheap"",id=""Metaspace"",language=""java"",service=""java-product-service"",}",98107392.0
1790101991.323,java-product-service,jvm_memory_committed_bytes,"{area=""heap"",id=""G1 Old Gen"",language=""java"",service=""java-product-service"",}",40894464.0
1790101991.323,java-product-service,jvm_memory_committed_bytes,"{area=""nonheap"",id=""Compressed Class Space"",language=""java"",service=""java-product-service"",}",13369344.0
1790101991.323,java-product-service,jvm_memory_committed_bytes,"{area=""heap"",id=""G1 Survivor Space"",language=""java"",service=""java-product-service"",}",4194304.0
1790101991.323,java-product-service,jvm_memory_committed_bytes,"{area=""nonheap"",id=""CodeHeap 'profiled nmethods'"",language=""java"",service=""java-product-service"",}",23396352.0
1790101991.323,java-product-service,jvm_memory_committed_bytes,"{area=""nonheap"",id=""CodeHeap 'non-profiled nmethods'"",language=""java"",service=""java-product-service"",}",6356992.0
1790101991.323,java-product-service,hikaricp_connections_usage_seconds_count,"{language=""java"",pool=""HikariPool-1"",service=""java-product-service"",}",143.0
1790101991.323,java-product-service,hikaricp_connections_usage_seconds_sum,"{language=""java"",pool=""HikariPool-1"",service=""java-product-service"",}",0.285
1790101991.323,java-order-service,system_cpu_usage,"{language=""java"",service=""java-order-service"",}",0.048550833333333335
1790101991.323,java-order-service,jvm_gc_pause_seconds_count,"{action=""end of minor GC"",cause=""G1 Evacuation Pause"",gc=""G1 Young Generation"",language=""java"",service=""java-order-service"",}",1.0
1790101991.323,java-order-service,jvm_gc_pause_seconds_sum,"{action=""end of minor GC"",cause=""G1 Evacuation Pause"",gc=""G1 Young Generation"",language=""java"",service=""java-order-service"",}",0.008
1790101991.323,java-order-service,hikaricp_connections_usage_seconds_count,"{language=""java"",pool=""HikariPool-1"",service=""java-order-service"",}",130.0
1790101991.323,java-order-service,hikaricp_connections_usage_seconds_sum,"{language=""java"",pool=""HikariPool-1"",service=""java-order-service"",}",0.002
1790101991.323,java-order-service,hikaricp_connections_active,"{language=""java"",pool=""HikariPool-1"",service=""java-order-service"",}",0.0
1790101991.323,java-order-service,tomcat_threads_config_max_threads,"{language=""java"",name=""http-nio-9083"",service=""java-order-service"",}",-1.0
1790101991.323,java-order-service,hikaricp_connections_acquire_seconds_count,"{language=""java"",pool=""HikariPool-1"",service=""java-order-service"",}",130.0
1790101991.323,java-order-service,hikaricp_connections_acquire_seconds_sum,"{language=""java"",pool=""HikariPool-1"",service=""java-order-service"",}",0.026939082
1790101991.323,java-order-service,tomcat_threads_busy_threads,"{language=""java"",name=""http-nio-9083"",service=""java-order-service"",}",-1.0
1790101991.323,java-order-service,jvm_memory_committed_bytes,"{area=""nonheap"",id=""CodeHeap 'non-profiled nmethods'"",language=""java"",service=""java-order-service"",}",4456448.0
1790101991.323,java-order-service,jvm_memory_committed_bytes,"{area=""heap"",id=""G1 Eden Space"",language=""java"",service=""java-order-service"",}",73400320.0
1790101991.323,java-order-service,jvm_memory_committed_bytes,"{area=""nonheap"",id=""CodeHeap 'profiled nmethods'"",language=""java"",service=""java-order-service"",}",15138816.0
1790101991.323,java-order-service,jvm_memory_committed_bytes,"{area=""nonheap"",id=""CodeHeap 'non-nmethods'"",language=""java"",service=""java-order-service"",}",2555904.0
1790101991.323,java-order-service,jvm_memory_committed_bytes,"{area=""heap"",id=""G1 Survivor Space"",language=""java"",service=""java-order-service"",}",6291456.0
1790101991.323,java-order-service,jvm_memory_committed_bytes,"{area=""nonheap"",id=""Compressed Class Space"",language=""java"",service=""java-order-service"",}",11075584.0
1790101991.323,java-order-service,jvm_memory_committed_bytes,"{area=""heap"",id=""G1 Old Gen"",language=""java"",service=""java-order-service"",}",46137344.0
1790101991.323,java-order-service,jvm_memory_committed_bytes,"{area=""nonheap"",id=""Metaspace"",language=""java"",service=""java-order-service"",}",79495168.0
1790101991.323,java-order-service,hikaricp_connections_pending,"{language=""java"",pool=""HikariPool-1"",service=""java-order-service"",}",0.0
1790101991.323,java-order-service,process_cpu_usage,"{language=""java"",service=""java-order-service"",}",0.04583333333333333
1790101991.323,java-order-service,tomcat_threads_current_threads,"{language=""java"",name=""http-nio-9083"",service=""java-order-service"",}",-1.0
1790101991.323,java-order-service,jvm_memory_used_bytes,"{area=""nonheap"",id=""CodeHeap 'non-profiled nmethods'"",language=""java"",service=""java-order-service"",}",4453248.0
1790101991.323,java-order-service,jvm_memory_used_bytes,"{area=""heap"",id=""G1 Eden Space"",language=""java"",service=""java-order-service"",}",23068672.0
1790101991.323,java-order-service,jvm_memory_used_bytes,"{area=""nonheap"",id=""CodeHeap 'profiled nmethods'"",language=""java"",service=""java-order-service"",}",15111168.0
1790101991.323,java-order-service,jvm_memory_used_bytes,"{area=""nonheap"",id=""CodeHeap 'non-nmethods'"",language=""java"",service=""java-order-service"",}",1610368.0
1790101991.323,java-order-service,jvm_memory_used_bytes,"{area=""heap"",id=""G1 Survivor Space"",language=""java"",service=""java-order-service"",}",5766432.0
1790101991.323,java-order-service,jvm_memory_used_bytes,"{area=""nonheap"",id=""Compressed Class Space"",language=""java"",service=""java-order-service"",}",10680304.0
1790101991.323,java-order-service,jvm_memory_used_bytes,"{area=""heap"",id=""G1 Old Gen"",language=""java"",service=""java-order-service"",}",29144680.0
1790101991.323,java-order-service,jvm_memory_used_bytes,"{area=""nonheap"",id=""Metaspace"",language=""java"",service=""java-order-service"",}",78613680.0
1790101996.370,java-user-service,tomcat_threads_busy_threads,"{framework=""spring-boot"",language=""java"",name=""http-nio-9081"",service=""java-user-service"",}",-1.0
1790101996.370,java-user-service,jvm_gc_pause_seconds_count,"{action=""end of minor GC"",cause=""G1 Evacuation Pause"",framework=""spring-boot"",gc=""G1 Young Generation"",language=""java"",service=""java-user-service"",}",7.0
1790101996.370,java-user-service,jvm_gc_pause_seconds_sum,"{action=""end of minor GC"",cause=""G1 Evacuation Pause"",framework=""spring-boot"",gc=""G1 Young Generation"",language=""java"",service=""java-user-service"",}",0.043
1790101996.370,java-user-service,jvm_memory_used_bytes,"{area=""nonheap"",framework=""spring-boot"",id=""CodeHeap 'non-nmethods'"",language=""java"",service=""java-user-service"",}",1645696.0
1790101996.370,java-user-service,jvm_memory_used_bytes,"{area=""nonheap"",framework=""spring-boot"",id=""CodeHeap 'non-profiled nmethods'"",language=""java"",service=""java-user-service"",}",8149376.0
1790101996.370,java-user-service,jvm_memory_used_bytes,"{area=""heap"",framework=""spring-boot"",id=""G1 Survivor Space"",language=""java"",service=""java-user-service"",}",3145728.0
1790101996.370,java-user-service,jvm_memory_used_bytes,"{area=""heap"",framework=""spring-boot"",id=""G1 Old Gen"",language=""java"",service=""java-user-service"",}",39334584.0
1790101996.370,java-user-service,jvm_memory_used_bytes,"{area=""nonheap"",framework=""spring-boot"",id=""Metaspace"",language=""java"",service=""java-user-service"",}",102210136.0
1790101996.370,java-user-service,jvm_memory_used_bytes,"{area=""heap"",framework=""spring-boot"",id=""G1 Eden Space"",language=""java"",service=""java-user-service"",}",48234496.0
1790101996.370,java-user-service,jvm_memory_used_bytes,"{area=""nonheap"",framework=""spring-boot"",id=""Compressed Class Space"",language=""java"",service=""java-user-service"",}",13409344.0
1790101996.370,java-user-service,jvm_memory_used_bytes,"{area=""nonheap"",framework=""spring-boot"",id=""CodeHeap 'profiled nmethods'"",language=""java"",service=""java-user-service"",}",27344768.0
1790101996.370,java-user-service,hikaricp_connections_usage_seconds_count,"{framework=""spring-boot"",language=""java"",pool=""HikariPool-1"",service=""java-user-service"",}",604.0
1790101996.370,java-user-service,hikaricp_connections_usage_seconds_sum,"{framework=""spring-boot"",language=""java"",pool=""HikariPool-1"",service=""java-user-service"",}",23.763
1790101996.370,java-user-service,process_cpu_usage,"{framework=""spring-boot"",language=""java"",service=""java-user-service"",}",0.37833333333333335
1790101996.370,java-user-service,tomcat_threads_current_threads,"{framework=""spring-boot"",language=""java"",name=""http-nio-9081"",service=""java-user-service"",}",-1.0
1790101996.370,java-user-service,jvm_memory_committed_bytes,"{area=""nonheap"",framework=""spring-boot"",id=""CodeHeap 'non-nmethods'"",language=""java"",service=""java-user-service"",}",2555904.0
1790101996.370,java-user-service,jvm_memory_committed_bytes,"{area=""nonheap"",framework=""spring-boot"",id=""CodeHeap 'non-profiled nmethods'"",language=""java"",service=""java-user-service"",}",8192000.0
1790101996.370,java-user-service,jvm_memory_committed_bytes,"{area=""heap"",framework=""spring-boot"",id=""G1 Survivor Space"",language=""java"",service=""java-user-service"",}",3145728.0
1790101996.370,java-user-service,jvm_memory_committed_bytes,"{area=""heap"",framework=""spring-boot"",id=""G1 Old Gen"",language=""java"",service=""java-user-service"",}",42991616.0
1790101996.370,java-user-service,jvm_memory_committed_bytes,"{area=""nonheap"",framework=""spring-boot"",id=""Metaspace"",language=""java"",service=""java-user-service"",}",103153664.0
1790101996.370,java-user-service,jvm_memory_committed_bytes,"{area=""heap"",framework=""spring-boot"",id=""G1 Eden Space"",language=""java"",service=""java-user-service"",}",59768832.0
1790101996.370,java-user-service,jvm_memory_committed_bytes,"{area=""nonheap"",framework=""spring-boot"",id=""Compressed Class Space"",language=""java"",service=""java-user-service"",}",13828096.0
1790101996.370,java-user-service,jvm_memory_committed_bytes,"{area=""nonheap"",framework=""spring-boot"",id=""CodeHeap 'profiled nmethods'"",language=""java"",service=""java-user-service"",}",27394048.0
1790101996.370,java-user-service,system_cpu_usage,"{framework=""spring-boot"",language=""java"",service=""java-user-service"",}",0.380536
1790101996.370,java-user-service,hikaricp_connections_pending,"{framework=""spring-boot"",language=""java"",pool=""HikariPool-1"",service=""java-user-service"",}",0.0
1790101996.370,java-user-service,hikaricp_connections_acquire_seconds_count,"{framework=""spring-boot"",language=""java"",pool=""HikariPool-1"",service=""java-user-service"",}",604.0
1790101996.370,java-user-service,hikaricp_connections_acquire_seconds_sum,"{framework=""spring-boot"",language=""java"",pool=""HikariPool-1"",service=""java-user-service"",}",0.266894349
1790101996.370,java-user-service,tomcat_threads_config_max_threads,"{framework=""spring-boot"",language=""java"",name=""http-nio-9081"",service=""java-user-service"",}",-1.0
1790101996.370,java-user-service,hikaricp_connections_active,"{framework=""spring-boot"",language=""java"",pool=""HikariPool-1"",service=""java-user-service"",}",0.0
1790101996.370,java-product-service,jvm_memory_used_bytes,"{area=""nonheap"",id=""CodeHeap 'non-nmethods'"",language=""java"",service=""java-product-service"",}",1638144.0
1790101996.370,java-product-service,jvm_memory_used_bytes,"{area=""heap"",id=""G1 Eden Space"",language=""java"",service=""java-product-service"",}",18874368.0
1790101996.370,java-product-service,jvm_memory_used_bytes,"{area=""nonheap"",id=""Metaspace"",language=""java"",service=""java-product-service"",}",97213488.0
1790101996.370,java-product-service,jvm_memory_used_bytes,"{area=""heap"",id=""G1 Old Gen"",language=""java"",service=""java-product-service"",}",37392568.0
1790101996.370,java-product-service,jvm_memory_used_bytes,"{area=""nonheap"",id=""Compressed Class Space"",language=""java"",service=""java-product-service"",}",12922800.0
1790101996.370,java-product-service,jvm_memory_used_bytes,"{area=""heap"",id=""G1 Survivor Space"",language=""java"",service=""java-product-service"",}",4194304.0
1790101996.370,java-product-service,jvm_memory_used_bytes,"{area=""nonheap"",id=""CodeHeap 'profiled nmethods'"",language=""java"",service=""java-product-service"",}",23593728.0
1790101996.370,java-product-service,jvm_memory_used_bytes,"{area=""nonheap"",id=""CodeHeap 'non-profiled nmethods'"",language=""java"",service=""java-product-service"",}",6550144.0
1790101996.370,java-product-service,tomcat_threads_current_threads,"{language=""java"",name=""http-nio-9082"",service=""java-product-service"",}",-1.0
1790101996.370,java-product-service,hikaricp_connections_acquire_seconds_count,"{language=""java"",pool=""HikariPool-1"",service=""java-product-service"",}",169.0
1790101996.370,java-product-service,hikaricp_connections_acquire_seconds_sum,"{language=""java"",pool=""HikariPool-1"",service=""java-product-service"",}",0.20681271
1790101996.370,java-product-service,tomcat_threads_busy_threads,"{language=""java"",name=""http-nio-9082"",service=""java-product-service"",}",-1.0
1790101996.370,java-product-service,hikaricp_connections_pending,"{language=""java"",pool=""HikariPool-1"",service=""java-product-service"",}",0.0
1790101996.370,java-product-service,hikaricp_connections_active,"{language=""java"",pool=""HikariPool-1"",service=""java-product-service"",}",0.0
1790101996.370,java-product-service,tomcat_threads_config_max_threads,"{language=""java"",name=""http-nio-9082"",service=""java-product-service"",}",-1.0
1790101996.370,java-product-service,process_cpu_usage,"{language=""java"",service=""java-product-service"",}",0.06212121212121212
1790101996.370,java-product-service,system_cpu_usage,"{language=""java"",service=""java-product-service"",}",0.06208863636363637
1790101996.370,java-product-service,jvm_gc_pause_seconds_count,"{action=""end of minor GC"",cause=""G1 Evacuation Pause"",gc=""G1 Young Generation"",language=""java"",service=""java-product-service"",}",5.0
1790101996.370,java-product-service,jvm_gc_pause_seconds_sum,"{action=""end of minor GC"",cause=""G1 Evacuation Pause"",gc=""G1 Young Generation"",language=""java"",service=""java-product-service"",}",0.026
1790101996.370,java-product-service,jvm_memory_committed_bytes,"{area=""nonheap"",id=""CodeHeap 'non-nmethods'"",language=""java"",service=""java-product-service"",}",2555904.0
1790101996.370,java-product-service,jvm_memory_committed_bytes,"{area=""heap"",id=""G1 Eden Space"",language=""java"",service=""java-product-service"",}",53477376.0
1790101996.370,java-product-service,jvm_memory_committed_bytes,"{area=""nonheap"",id=""Metaspace"",language=""java"",service=""java-product-service"",}",98172928.0
1790101996.370,java-product-service,jvm_memory_committed_bytes,"{area=""heap"",id=""G1 Old Gen"",language=""java"",service=""java-product-service"",}",40894464.0
1790101996.370,java-product-service,jvm_memory_committed_bytes,"{area=""nonheap"",id=""Compressed Class Space"",language=""java"",service=""java-product-service"",}",13369344.0
1790101996.370,java-product-service,jvm_memory_committed_bytes,"{area=""heap"",id=""G1 Survivor Space"",language=""java"",service=""java-product-service"",}",4194304.0
1790101996.370,java-product-service,jvm_memory_committed_bytes,"{area=""nonheap"",id=""CodeHeap 'profiled nmethods'"",language=""java"",service=""java-product-service"",}",23658496.0
1790101996.370,java-product-service,jvm_memory_committed_bytes,"{area=""nonheap"",id=""CodeHeap 'non-profiled nmethods'"",language=""java"",service=""java-product-service"",}",6553600.0
1790101996.370,java-product-service,hikaricp_connections_usage_seconds_count,"{language=""java"",pool=""HikariPool-1"",service=""java-product-service"",}",169.0
1790101996.370,java-product-service,hikaricp_connections_usage_seconds_sum,"{language=""java"",pool=""HikariPool-1"",service=""java-product-service"",}",0.332
1790101996.370,java-order-service,system_cpu_usage,"{language=""java"",service=""java-order-service"",}",0.01326313725490196
1790101996.370,java-order-service,jvm_gc_pause_seconds_count,"{action=""end of minor GC"",cause=""G1 Evacuation Pause"",gc=""G1 Young Generation"",language=""java"",service=""java-order-service"",}",1.0
1790101996.370,java-order-service,jvm_gc_pause_seconds_sum,"{action=""end of minor GC"",cause=""G1 Evacuation Pause"",gc=""G1 Young Generation"",language=""java"",service=""java-order-service"",}",0.008
1790101996.370,java-order-service,hikaricp_connections_usage_seconds_count,"{language=""java"",pool=""HikariPool-1"",service=""java-order-service"",}",150.0
1790101996.370,java-order-service,hikaricp_connections_usage_seconds_sum,"{language=""java"",pool=""HikariPool-1"",service=""java-order-service"",}",0.002
1790101996.370,java-order-service,hikaricp_connections_active,"{language=""java"",pool=""HikariPool-1"",service=""java-order-service"",}",0.0
1790101996.370,java-order-service,tomcat_threads_config_max_threads,"{language=""java"",name=""http-nio-9083"",service=""java-order-service"",}",-1.0
1790101996.370,java-order-service,hikaricp_connections_acquire_seconds_count,"{language=""java"",pool=""HikariPool-1"",service=""java-order-service"",}",150.0
1790101996.370,java-order-service,hikaricp_connections_acquire_seconds_sum,"{language=""java"",pool=""HikariPool-1"",service=""java-order-service"",}",0.030612124
1790101996.370,java-order-service,tomcat_threads_busy_threads,"{language=""java"",name=""http-nio-9083"",service=""java-order-service"",}",-1.0
1790101996.370,java-order-service,jvm_memory_committed_bytes,"{area=""nonheap"",id=""CodeHeap 'non-profiled nmethods'"",language=""java"",service=""java-order-service"",}",4521984.0
1790101996.370,java-order-service,jvm_memory_committed_bytes,"{area=""heap"",id=""G1 Eden Space"",language=""java"",service=""java-order-service"",}",73400320.0
1790101996.370,java-order-service,jvm_memory_committed_bytes,"{area=""nonheap"",id=""CodeHeap 'profiled nmethods'"",language=""java"",service=""java-order-service"",}",15269888.0
1790101996.370,java-order-service,jvm_memory_committed_bytes,"{area=""nonheap"",id=""CodeHeap 'non-nmethods'"",language=""java"",service=""java-order-service"",}",2555904.0
1790101996.370,java-order-service,jvm_memory_committed_bytes,"{area=""heap"",id=""G1 Survivor Space"",language=""java"",service=""java-order-service"",}",6291456.0
1790101996.370,java-order-service,jvm_memory_committed_bytes,"{area=""nonheap"",id=""Compressed Class Space"",language=""java"",service=""java-order-service"",}",11075584.0
1790101996.370,java-order-service,jvm_memory_committed_bytes,"{area=""heap"",id=""G1 Old Gen"",language=""java"",service=""java-order-service"",}",46137344.0
1790101996.370,java-order-service,jvm_memory_committed_bytes,"{area=""nonheap"",id=""Metaspace"",language=""java"",service=""java-order-service"",}",79495168.0
1790101996.370,java-order-service,hikaricp_connections_pending,"{language=""java"",pool=""HikariPool-1"",service=""java-order-service"",}",0.0
1790101996.370,java-order-service,process_cpu_usage,"{language=""java"",service=""java-order-service"",}",0.011764705882352941
1790101996.370,java-order-service,tomcat_threads_current_threads,"{language=""java"",name=""http-nio-9083"",service=""java-order-service"",}",-1.0
1790101996.370,java-order-service,jvm_memory_used_bytes,"{area=""nonheap"",id=""CodeHeap 'non-profiled nmethods'"",language=""java"",service=""java-order-service"",}",4463488.0
1790101996.370,java-order-service,jvm_memory_used_bytes,"{area=""heap"",id=""G1 Eden Space"",language=""java"",service=""java-order-service"",}",25165824.0
1790101996.370,java-order-service,jvm_memory_used_bytes,"{area=""nonheap"",id=""CodeHeap 'profiled nmethods'"",language=""java"",service=""java-order-service"",}",15279232.0
1790101996.370,java-order-service,jvm_memory_used_bytes,"{area=""nonheap"",id=""CodeHeap 'non-nmethods'"",language=""java"",service=""java-order-service"",}",1610368.0
1790101996.370,java-order-service,jvm_memory_used_bytes,"{area=""heap"",id=""G1 Survivor Space"",language=""java"",service=""java-order-service"",}",5766432.0
1790101996.370,java-order-service,jvm_memory_used_bytes,"{area=""nonheap"",id=""Compressed Class Space"",language=""java"",service=""java-order-service"",}",10680808.0
1790101996.370,java-order-service,jvm_memory_used_bytes,"{area=""heap"",id=""G1 Old Gen"",language=""java"",service=""java-order-service"",}",29144680.0
1790101996.370,java-order-service,jvm_memory_used_bytes,"{area=""nonheap"",id=""Metaspace"",language=""java"",service=""java-order-service"",}",78656616.0
1790102001.410,java-user-service,tomcat_threads_busy_threads,"{framework=""spring-boot"",language=""java"",name=""http-nio-9081"",service=""java-user-service"",}",-1.0
1790102001.410,java-user-service,jvm_gc_pause_seconds_count,"{action=""end of minor GC"",cause=""G1 Evacuation Pause"",framework=""spring-boot"",gc=""G1 Young Generation"",language=""java"",service=""java-user-service"",}",8.0
1790102001.410,java-user-service,jvm_gc_pause_seconds_sum,"{action=""end of minor GC"",cause=""G1 Evacuation Pause"",framework=""spring-boot"",gc=""G1 Young Generation"",language=""java"",service=""java-user-service"",}",0.047
1790102001.410,java-user-service,jvm_memory_used_bytes,"{area=""nonheap"",framework=""spring-boot"",id=""CodeHeap 'non-nmethods'"",language=""java"",service=""java-user-service"",}",1645696.0
1790102001.410,java-user-service,jvm_memory_used_bytes,"{area=""nonheap"",framework=""spring-boot"",id=""CodeHeap 'non-profiled nmethods'"",language=""java"",service=""java-user-service"",}",8270848.0
1790102001.410,java-user-service,jvm_memory_used_bytes,"{area=""heap"",framework=""spring-boot"",id=""G1 Survivor Space"",language=""java"",service=""java-user-service"",}",4494264.0
1790102001.410,java-user-service,jvm_memory_used_bytes,"{area=""heap"",framework=""spring-boot"",id=""G1 Old Gen"",language=""java"",service=""java-user-service"",}",39334584.0
1790102001.410,java-user-service,jvm_memory_used_bytes,"{area=""nonheap"",framework=""spring-boot"",id=""Metaspace"",language=""java"",service=""java-user-service"",}",102415120.0
1790102001.410,java-user-service,jvm_memory_used_bytes,"{area=""heap"",framework=""spring-boot"",id=""G1 Eden Space"",language=""java"",service=""java-user-service"",}",1048576.0
1790102001.410,java-user-service,jvm_memory_used_bytes,"{area=""nonheap"",framework=""spring-boot"",id=""Compressed Class Space"",language=""java"",service=""java-user-service"",}",13409344.0
1790102001.410,java-user-service,jvm_memory_used_bytes,"{area=""nonheap"",framework=""spring-boot"",id=""CodeHeap 'profiled nmethods'"",language=""java"",service=""java-user-service"",}",27947648.0
1790102001.410,java-user-service,hikaricp_connections_usage_seconds_count,"{framework=""spring-boot"",language=""java"",pool=""HikariPool-1"",service=""java-user-service"",}",652.0
1790102001.410,java-user-service,hikaricp_connections_usage_seconds_sum,"{framework=""spring-boot"",language=""java"",pool=""HikariPool-1"",service=""java-user-service"",}",27.135
1790102001.410,java-user-service,process_cpu_usage,"{framework=""spring-boot"",language=""java"",service=""java-user-service"",}",0.3634920634920635
1790102001.410,java-user-service,tomcat_threads_current_threads,"{framework=""spring-boot"",language=""java"",name=""http-nio-9081"",service=""java-user-service"",}",-1.0
1790102001.410,java-user-service,jvm_memory_committed_bytes,"{area=""nonheap"",framework=""spring-boot"",id=""CodeHeap 'non-nmethods'"",language=""java"",service=""java-user-service"",}",2555904.0
1790102001.410,java-user-service,jvm_memory_committed_bytes,"{area=""nonheap"",framework=""spring-boot"",id=""CodeHeap 'non-profiled nmethods'"",language=""java"",service=""java-user-service"",}",8323072.0
1790102001.410,java-user-service,jvm_memory_committed_bytes,"{area=""heap"",framework=""spring-boot"",id=""G1 Survivor Space"",language=""java"",service=""java-user-service"",}",5242880.0
1790102001.410,java-user-service,jvm_memory_committed_bytes,"{area=""heap"",framework=""spring-boot"",id=""G1 Old Gen"",language=""java"",service=""java-user-service"",}",42991616.0
1790102001.410,java-user-service,jvm_memory_committed_bytes,"{area=""nonheap"",framework=""spring-boot"",id=""Metaspace"",language=""java"",service=""java-user-service"",}",103350272.0
1790102001.410,java-user-service,jvm_memory_committed_bytes,"{area=""heap"",framework=""spring-boot"",id=""G1 Eden Space"",language=""java"",service=""java-user-service"",}",57671680.0
1790102001.410,java-user-service,jvm_memory_committed_bytes,"{area=""nonheap"",framework=""spring-boot"",id=""Compressed Class Space"",language=""java"",service=""java-user-service"",}",13828096.0
1790102001.410,java-user-service,jvm_memory_committed_bytes,"{area=""nonheap"",framework=""spring-boot"",id=""CodeHeap 'profiled nmethods'"",language=""java"",service=""java-user-service"",}",27983872.0
1790102001.410,java-user-service,system_cpu_usage,"{framework=""spring-boot"",language=""java"",service=""java-user-service"",}",0.36277507936507936
1790102001.410,java-user-service,hikaricp_connections_pending,"{framework=""spring-boot"",language=""java"",pool=""HikariPool-1"",service=""java-user-service"",}",0.0
1790102001.410,java-user-service,hikaricp_connections_acquire_seconds_count,"{framework=""spring-boot"",language=""java"",pool=""HikariPool-1"",service=""java-user-service"",}",652.0
1790102001.410,java-user-service,hikaricp_connections_acquire_seconds_sum,"{framework=""spring-boot"",language=""java"",pool=""HikariPool-1"",service=""java-user-service"",}",0.288710976
1790102001.410,java-user-service,tomcat_threads_config_max_threads,"{framework=""spring-boot"",language=""java"",name=""http-nio-9081"",service=""java-user-service"",}",-1.0
1790102001.410,java-user-service,hikaricp_connections_active,"{framework=""spring-boot"",language=""java"",pool=""HikariPool-1"",service=""java-user-service"",}",0.0
1790102001.410,java-product-service,jvm_memory_used_bytes,"{area=""nonheap"",id=""CodeHeap 'non-nmethods'"",language=""java"",service=""java-product-service"",}",1638144.0
1790102001.410,java-product-service,jvm_memory_used_bytes,"{area=""heap"",id=""G1 Eden Space"",language=""java"",service=""java-product-service"",}",32505856.0
1790102001.410,java-product-service,jvm_memory_used_bytes,"{area=""nonheap"",id=""Metaspace"",language=""java"",service=""java-product-service"",}",97250088.0
1790102001.410,java-product-service,jvm_memory_used_bytes,"{area=""heap"",id=""G1 Old Gen"",language=""java"",service=""java-product-service"",}",37392568.0
1790102001.410,java-product-service,jvm_memory_used_bytes,"{area=""nonheap"",id=""Compressed Class Space"",language=""java"",service=""java-product-service"",}",12922800.0
1790102001.410,java-product-service,jvm_memory_used_bytes,"{area=""heap"",id=""G1 Survivor Space"",language=""java"",service=""java-product-service"",}",4194304.0
1790102001.410,java-product-service,jvm_memory_used_bytes,"{area=""nonheap"",id=""CodeHeap 'profiled nmethods'"",language=""java"",service=""java-product-service"",}",23738624.0
1790102001.410,java-product-service,jvm_memory_used_bytes,"{area=""nonheap"",id=""CodeHeap 'non-profiled nmethods'"",language=""java"",service=""java-product-service"",}",6609280.0
1790102001.410,java-product-service,tomcat_threads_current_threads,"{language=""java"",name=""http-nio-9082"",service=""java-product-service"",}",-1.0
1790102001.410,java-product-service,hikaricp_connections_acquire_seconds_count,"{language=""java"",pool=""HikariPool-1"",service=""java-product-service"",}",187.0
1790102001.410,java-product-service,hikaricp_connections_acquire_seconds_sum,"{language=""java"",pool=""HikariPool-1"",service=""java-product-service"",}",0.210720459
1790102001.410,java-product-service,tomcat_threads_busy_threads,"{language=""java"",name=""http-nio-9082"",service=""java-product-service"",}",-1.0
1790102001.410,java-product-service,hikaricp_connections_pending,"{language=""java"",pool=""HikariPool-1"",service=""java-product-service"",}",0.0
1790102001.410,java-product-service,hikaricp_connections_active,"{language=""java"",pool=""HikariPool-1"",service=""java-product-service"",}",0.0
1790102001.410,java-product-service,tomcat_threads_config_max_threads,"{language=""java"",name=""http-nio-9082"",service=""java-product-service"",}",-1.0
1790102001.410,java-product-service,process_cpu_usage,"{language=""java"",service=""java-product-service"",}",0.046153846153846156
1790102001.410,java-product-service,system_cpu_usage,"{language=""java"",service=""java-product-service"",}",0.047656068376068374
1790102001.410,java-product-service,jvm_gc_pause_seconds_count,"{action=""end of minor GC"",cause=""G1 Evacuation Pause"",gc=""G1 Young Generation"",language=""java"",service=""java-product-service"",}",5.0
1790102001.410,java-product-service,jvm_gc_pause_seconds_sum,"{action=""end of minor GC"",cause=""G1 Evacuation Pause"",gc=""G1 Young Generation"",language=""java"",service=""java-product-service"",}",0.026
1790102001.410,java-product-service,jvm_memory_committed_bytes,"{area=""nonheap"",id=""CodeHeap 'non-nmethods'"",language=""java"",service=""java-product-service"",}",2555904.0
1790102001.410,java-product-service,jvm_memory_committed_bytes,"{area=""heap"",id=""G1 Eden Space"",language=""java"",service=""java-product-service"",}",53477376.0
1790102001.410,java-product-service,jvm_memory_committed_bytes,"{area=""nonheap"",id=""Metaspace"",language=""java"",service=""java-product-service"",}",98238464.0
1790102001.410,java-product-service,jvm_memory_committed_bytes,"{area=""heap"",id=""G1 Old Gen"",language=""java"",service=""java-product-service"",}",40894464.0
1790102001.410,java-product-service,jvm_memory_committed_bytes,"{area=""nonheap"",id=""Compressed Class Space"",language=""java"",service=""java-product-service"",}",13369344.0
1790102001.410,java-product-service,jvm_memory_committed_bytes,"{area=""heap"",id=""G1 Survivor Space"",language=""java"",service=""java-product-service"",}",4194304.0
1790102001.410,java-product-service,jvm_memory_committed_bytes,"{area=""nonheap"",id=""CodeHeap 'profiled nmethods'"",language=""java"",service=""java-product-service"",}",23789568.0
1790102001.410,java-product-service,jvm_memory_committed_bytes,"{area=""nonheap"",id=""CodeHeap 'non-profiled nmethods'"",language=""java"",service=""java-product-service"",}",6619136.0
1790102001.410,java-product-service,hikaricp_connections_usage_seconds_count,"{language=""java"",pool=""HikariPool-1"",service=""java-product-service"",}",187.0
1790102001.410,java-product-service,hikaricp_connections_usage_seconds_sum,"{language=""java"",pool=""HikariPool-1"",service=""java-product-service"",}",0.332
1790102001.410,java-order-service,system_cpu_usage,"{language=""java"",service=""java-order-service"",}",0.020384791666666666
1790102001.410,java-order-service,jvm_gc_pause_seconds_count,"{action=""end of minor GC"",cause=""G1 Evacuation Pause"",gc=""G1 Young Generation"",language=""java"",service=""java-order-service"",}",1.0
1790102001.410,java-order-service,jvm_gc_pause_seconds_sum,"{action=""end of minor GC"",cause=""G1 Evacuation Pause"",gc=""G1 Young Generation"",language=""java"",service=""java-order-service"",}",0.008
1790102001.410,java-order-service,hikaricp_connections_usage_seconds_count,"{language=""java"",pool=""HikariPool-1"",service=""java-order-service"",}",170.0
1790102001.410,java-order-service,hikaricp_connections_usage_seconds_sum,"{language=""java"",pool=""HikariPool-1"",service=""java-order-service"",}",0.002
1790102001.410,java-order-service,hikaricp_connections_active,"{language=""java"",pool=""HikariPool-1"",service=""java-order-service"",}",0.0
1790102001.410,java-order-service,tomcat_threads_config_max_threads,"{language=""java"",name=""http-nio-9083"",service=""java-order-service"",}",-1.0
1790102001.410,java-order-service,hikaricp_connections_acquire_seconds_count,"{language=""java"",pool=""HikariPool-1"",service=""java-order-service"",}",170.0
1790102001.410,java-order-service,hikaricp_connections_acquire_seconds_sum,"{language=""java"",pool=""HikariPool-1"",service=""java-order-service"",}",0.034258918
1790102001.410,java-order-service,tomcat_threads_busy_threads,"{language=""java"",name=""http-nio-9083"",service=""java-order-service"",}",-1.0
1790102001.410,java-order-service,jvm_memory_committed_bytes,"{area=""nonheap"",id=""CodeHeap 'non-profiled nmethods'"",language=""java"",service=""java-order-service"",}",4521984.0
1790102001.410,java-order-service,jvm_memory_committed_bytes,"{area=""heap"",id=""G1 Eden Space"",language=""java"",service=""java-order-service"",}",73400320.0
1790102001.410,java-order-service,jvm_memory_committed_bytes,"{area=""nonheap"",id=""CodeHeap 'profiled nmethods'"",language=""java"",service=""java-order-service"",}",15532032.0
1790102001.410,java-order-service,jvm_memory_committed_bytes,"{area=""nonheap"",id=""CodeHeap 'non-nmethods'"",language=""java"",service=""java-order-service"",}",2555904.0
1790102001.410,java-order-service,jvm_memory_committed_bytes,"{area=""heap"",id=""G1 Survivor Space"",language=""java"",service=""java-order-service"",}",6291456.0
1790102001.410,java-order-service,jvm_memory_committed_bytes,"{area=""nonheap"",id=""Compressed Class Space"",language=""java"",service=""java-order-service"",}",11075584.0
1790102001.410,java-order-service,jvm_memory_committed_bytes,"{area=""heap"",id=""G1 Old Gen"",language=""java"",service=""java-order-service"",}",46137344.0
1790102001.410,java-order-service,jvm_memory_committed_bytes,"{area=""nonheap"",id=""Metaspace"",language=""java"",service=""java-order-service"",}",79626240.0
1790102001.410,java-order-service,hikaricp_connections_pending,"{language=""java"",pool=""HikariPool-1"",service=""java-order-service"",}",0.0
1790102001.410,java-order-service,process_cpu_usage,"{language=""java"",service=""java-order-service"",}",0.01875
1790102001.410,java-order-service,tomcat_threads_current_threads,"{language=""java"",name=""http-nio-9083"",service=""java-order-service"",}",-1.0
1790102001.410,java-order-service,jvm_memory_used_bytes,"{area=""nonheap"",id=""CodeHeap 'non-profiled nmethods'"",language=""java"",service=""java-order-service"",}",4481536.0
1790102001.410,java-order-service,jvm_memory_used_bytes,"{area=""heap"",id=""G1 Eden Space"",language=""java"",service=""java-order-service"",}",27262976.0
1790102001.410,java-order-service,jvm_memory_used_bytes,"{area=""nonheap"",id=""CodeHeap 'profiled nmethods'"",language=""java"",service=""java-order-service"",}",15503232.0
1790102001.410,java-order-service,jvm_memory_used_bytes,"{area=""nonheap"",id=""CodeHeap 'non-nmethods'"",language=""java"",service=""java-order-service"",}",1610368.0
1790102001.410,java-order-service,jvm_memory_used_bytes,"{area=""heap"",id=""G1 Survivor Space"",language=""java"",service=""java-order-service"",}",5766432.0
1790102001.410,java-order-service,jvm_memory_used_bytes,"{area=""nonheap"",id=""Compressed Class Space"",language=""java"",service=""java-order-service"",}",10680808.0
1790102001.410,java-order-service,jvm_memory_used_bytes,"{area=""heap"",id=""G1 Old Gen"",language=""java"",service=""java-order-service"",}",29144680.0
1790102001.410,java-order-service,jvm_memory_used_bytes,"{area=""nonheap"",id=""Metaspace"",language=""java"",service=""java-order-service"",}",78735632.0
1790102006.444,java-user-service,tomcat_threads_busy_threads,"{framework=""spring-boot"",language=""java"",name=""http-nio-9081"",service=""java-user-service"",}",-1.0
1790102006.444,java-user-service,jvm_gc_pause_seconds_count,"{action=""end of minor GC"",cause=""G1 Evacuation Pause"",framework=""spring-boot"",gc=""G1 Young Generation"",language=""java"",service=""java-user-service"",}",8.0
1790102006.444,java-user-service,jvm_gc_pause_seconds_sum,"{action=""end of minor GC"",cause=""G1 Evacuation Pause"",framework=""spring-boot"",gc=""G1 Young Generation"",language=""java"",service=""java-user-service"",}",0.047
1790102006.444,java-user-service,jvm_memory_used_bytes,"{area=""nonheap"",framework=""spring-boot"",id=""CodeHeap 'non-nmethods'"",language=""java"",service=""java-user-service"",}",1645696.0
1790102006.444,java-user-service,jvm_memory_used_bytes,"{area=""nonheap"",framework=""spring-boot"",id=""CodeHeap 'non-profiled nmethods'"",language=""java"",service=""java-user-service"",}",8369280.0
1790102006.444,java-user-service,jvm_memory_used_bytes,"{area=""heap"",framework=""spring-boot"",id=""G1 Survivor Space"",language=""java"",service=""java-user-service"",}",4494264.0
1790102006.444,java-user-service,jvm_memory_used_bytes,"{area=""heap"",framework=""spring-boot"",id=""G1 Old Gen"",language=""java"",service=""java-user-service"",}",39334584.0
1790102006.444,java-user-service,jvm_memory_used_bytes,"{area=""nonheap"",framework=""spring-boot"",id=""Metaspace"",language=""java"",service=""java-user-service"",}",102752168.0
1790102006.444,java-user-service,jvm_memory_used_bytes,"{area=""heap"",framework=""spring-boot"",id=""G1 Eden Space"",language=""java"",service=""java-user-service"",}",9437184.0
1790102006.444,java-user-service,jvm_memory_used_bytes,"{area=""nonheap"",framework=""spring-boot"",id=""Compressed Class Space"",language=""java"",service=""java-user-service"",}",13409848.0
1790102006.444,java-user-service,jvm_memory_used_bytes,"{area=""nonheap"",framework=""spring-boot"",id=""CodeHeap 'profiled nmethods'"",language=""java"",service=""java-user-service"",}",28388096.0
1790102006.444,java-user-service,hikaricp_connections_usage_seconds_count,"{framework=""spring-boot"",language=""java"",pool=""HikariPool-1"",service=""java-user-service"",}",698.0
1790102006.444,java-user-service,hikaricp_connections_usage_seconds_sum,"{framework=""spring-boot"",language=""java"",pool=""HikariPool-1"",service=""java-user-service"",}",30.443
1790102006.444,java-user-service,process_cpu_usage,"{framework=""spring-boot"",language=""java"",service=""java-user-service"",}",0.38198198198198197
1790102006.444,java-user-service,tomcat_threads_current_threads,"{framework=""spring-boot"",language=""java"",name=""http-nio-9081"",service=""java-user-service"",}",-1.0
1790102006.444,java-user-service,jvm_memory_committed_bytes,"{area=""nonheap"",framework=""spring-boot"",id=""CodeHeap 'non-nmethods'"",language=""java"",service=""java-user-service"",}",2555904.0
1790102006.444,java-user-service,jvm_memory_committed_bytes,"{area=""nonheap"",framework=""spring-boot"",id=""CodeHeap 'non-profiled nmethods'"",language=""java"",service=""java-user-service"",}",8388608.0
1790102006.444,java-user-service,jvm_memory_committed_bytes,"{area=""heap"",framework=""spring-boot"",id=""G1 Survivor Space"",language=""java"",service=""java-user-service"",}",5242880.0
1790102006.444,java-user-service,jvm_memory_committed_bytes,"{area=""heap"",framework=""spring-boot"",id=""G1 Old Gen"",language=""java"",service=""java-user-service"",}",42991616.0
1790102006.444,java-user-service,jvm_memory_committed_bytes,"{area=""nonheap"",framework=""spring-boot"",id=""Metaspace"",language=""java"",service=""java-user-service"",}",103677952.0
1790102006.444,java-user-service,jvm_memory_committed_bytes,"{area=""heap"",framework=""spring-boot"",id=""G1 Eden Space"",language=""java"",service=""java-user-service"",}",57671680.0
1790102006.444,java-user-service,jvm_memory_committed_bytes,"{area=""nonheap"",framework=""spring-boot"",id=""Compressed Class Space"",language=""java"",service=""java-user-service"",}",13828096.0
1790102006.444,java-user-service,jvm_memory_committed_bytes,"{area=""nonheap"",framework=""spring-boot"",id=""CodeHeap 'profiled nmethods'"",language=""java"",service=""java-user-service"",}",28442624.0
1790102006.444,java-user-service,system_cpu_usage,"{framework=""spring-boot"",language=""java"",service=""java-user-service"",}",0.38500054054054056
1790102006.444,java-user-service,hikaricp_connections_pending,"{framework=""spring-boot"",language=""java"",pool=""HikariPool-1"",service=""java-user-service"",}",0.0
1790102006.444,java-user-service,hikaricp_connections_acquire_seconds_count,"{framework=""spring-boot"",language=""java"",pool=""HikariPool-1"",service=""java-user-service"",}",701.0
1790102006.444,java-user-service,hikaricp_connections_acquire_seconds_sum,"{framework=""spring-boot"",language=""java"",pool=""HikariPool-1"",service=""java-user-service"",}",0.809392056
1790102006.444,java-user-service,tomcat_threads_config_max_threads,"{framework=""spring-boot"",language=""java"",name=""http-nio-9081"",service=""java-user-service"",}",-1.0
1790102006.444,java-user-service,hikaricp_connections_active,"{framework=""spring-boot"",language=""java"",pool=""HikariPool-1"",service=""java-user-service"",}",4.0
1790102006.444,java-product-service,jvm_memory_used_bytes,"{area=""nonheap"",id=""CodeHeap 'non-nmethods'"",language=""java"",service=""java-product-service"",}",1638144.0
1790102006.444,java-product-service,jvm_memory_used_bytes,"{area=""heap"",id=""G1 Eden Space"",language=""java"",service=""java-product-service"",}",46137344.0
1790102006.444,java-product-service,jvm_memory_used_bytes,"{area=""nonheap"",id=""Metaspace"",language=""java"",service=""java-product-service"",}",97319952.0
1790102006.444,java-product-service,jvm_memory_used_bytes,"{area=""heap"",id=""G1 Old Gen"",language=""java"",service=""java-product-service"",}",37392568.0
1790102006.444,java-product-service,jvm_memory_used_bytes,"{area=""nonheap"",id=""Compressed Class Space"",language=""java"",service=""java-product-service"",}",12922800.0
1790102006.444,java-product-service,jvm_memory_used_bytes,"{area=""heap"",id=""G1 Survivor Space"",language=""java"",service=""java-product-service"",}",4194304.0
1790102006.444,java-product-service,jvm_memory_used_bytes,"{area=""nonheap"",id=""CodeHeap 'profiled nmethods'"",language=""java"",service=""java-product-service"",}",23928960.0
1790102006.444,java-product-service,jvm_memory_used_bytes,"{area=""nonheap"",id=""CodeHeap 'non-profiled nmethods'"",language=""java"",service=""java-product-service"",}",6753024.0
1790102006.444,java-product-service,tomcat_threads_current_threads,"{language=""java"",name=""http-nio-9082"",service=""java-product-service"",}",-1.0
1790102006.444,java-product-service,hikaricp_connections_acquire_seconds_count,"{language=""java"",pool=""HikariPool-1"",service=""java-product-service"",}",207.0
1790102006.444,java-product-service,hikaricp_connections_acquire_seconds_sum,"{language=""java"",pool=""HikariPool-1"",service=""java-product-service"",}",0.214566961
1790102006.444,java-product-service,tomcat_threads_busy_threads,"{language=""java"",name=""http-nio-9082"",service=""java-product-service"",}",-1.0
1790102006.444,java-product-service,hikaricp_connections_pending,"{language=""java"",pool=""HikariPool-1"",service=""java-product-service"",}",0.0
1790102006.444,java-product-service,hikaricp_connections_active,"{language=""java"",pool=""HikariPool-1"",service=""java-product-service"",}",0.0
1790102006.444,java-product-service,tomcat_threads_config_max_threads,"{language=""java"",name=""http-nio-9082"",service=""java-product-service"",}",-1.0
1790102006.444,java-product-service,process_cpu_usage,"{language=""java"",service=""java-product-service"",}",0.051515151515151514
1790102006.444,java-product-service,system_cpu_usage,"{language=""java"",service=""java-product-service"",}",0.05344181818181818
1790102006.444,java-product-service,jvm_gc_pause_seconds_count,"{action=""end of minor GC"",cause=""G1 Evacuation Pause"",gc=""G1 Young Generation"",language=""java"",service=""java-product-service"",}",5.0
1790102006.444,java-product-service,jvm_gc_pause_seconds_sum,"{action=""end of minor GC"",cause=""G1 Evacuation Pause"",gc=""G1 Young Generation"",language=""java"",service=""java-product-service"",}",0.026
1790102006.444,java-product-service,jvm_memory_committed_bytes,"{area=""nonheap"",id=""CodeHeap 'non-nmethods'"",language=""java"",service=""java-product-service"",}",2555904.0
1790102006.444,java-product-service,jvm_memory_committed_bytes,"{area=""heap"",id=""G1 Eden Space"",language=""java"",service=""java-product-service"",}",53477376.0
1790102006.444,java-product-service,jvm_memory_committed_bytes,"{area=""nonheap"",id=""Metaspace"",language=""java"",service=""java-product-service"",}",98238464.0
1790102006.444,java-product-service,jvm_memory_committed_bytes,"{area=""heap"",id=""G1 Old Gen"",language=""java"",service=""java-product-service"",}",40894464.0
1790102006.444,java-product-service,jvm_memory_committed_bytes,"{area=""nonheap"",id=""Compressed Class Space"",language=""java"",service=""java-product-service"",}",13369344.0
1790102006.444,java-product-service,jvm_memory_committed_bytes,"{area=""heap"",id=""G1 Survivor Space"",language=""java"",service=""java-product-service"",}",4194304.0
1790102006.444,java-product-service,jvm_memory_committed_bytes,"{area=""nonheap"",id=""CodeHeap 'profiled nmethods'"",language=""java"",service=""java-product-service"",}",23986176.0
1790102006.444,java-product-service,jvm_memory_committed_bytes,"{area=""nonheap"",id=""CodeHeap 'non-profiled nmethods'"",language=""java"",service=""java-product-service"",}",6815744.0
1790102006.444,java-product-service,hikaricp_connections_usage_seconds_count,"{language=""java"",pool=""HikariPool-1"",service=""java-product-service"",}",207.0
1790102006.444,java-product-service,hikaricp_connections_usage_seconds_sum,"{language=""java"",pool=""HikariPool-1"",service=""java-product-service"",}",0.332
1790102006.444,java-order-service,system_cpu_usage,"{language=""java"",service=""java-order-service"",}",0.017213333333333334
1790102006.444,java-order-service,jvm_gc_pause_seconds_count,"{action=""end of minor GC"",cause=""G1 Evacuation Pause"",gc=""G1 Young Generation"",language=""java"",service=""java-order-service"",}",1.0
1790102006.444,java-order-service,jvm_gc_pause_seconds_sum,"{action=""end of minor GC"",cause=""G1 Evacuation Pause"",gc=""G1 Young Generation"",language=""java"",service=""java-order-service"",}",0.008
1790102006.444,java-order-service,hikaricp_connections_usage_seconds_count,"{language=""java"",pool=""HikariPool-1"",service=""java-order-service"",}",188.0
1790102006.444,java-order-service,hikaricp_connections_usage_seconds_sum,"{language=""java"",pool=""HikariPool-1"",service=""java-order-service"",}",0.002
1790102006.444,java-order-service,hikaricp_connections_active,"{language=""java"",pool=""HikariPool-1"",service=""java-order-service"",}",0.0
1790102006.444,java-order-service,tomcat_threads_config_max_threads,"{language=""java"",name=""http-nio-9083"",service=""java-order-service"",}",-1.0
1790102006.444,java-order-service,hikaricp_connections_acquire_seconds_count,"{language=""java"",pool=""HikariPool-1"",service=""java-order-service"",}",188.0
1790102006.444,java-order-service,hikaricp_connections_acquire_seconds_sum,"{language=""java"",pool=""HikariPool-1"",service=""java-order-service"",}",0.037603627
1790102006.444,java-order-service,tomcat_threads_busy_threads,"{language=""java"",name=""http-nio-9083"",service=""java-order-service"",}",-1.0
1790102006.444,java-order-service,jvm_memory_committed_bytes,"{area=""nonheap"",id=""CodeHeap 'non-profiled nmethods'"",language=""java"",service=""java-order-service"",}",4521984.0
1790102006.444,java-order-service,jvm_memory_committed_bytes,"{area=""heap"",id=""G1 Eden Space"",language=""java"",service=""java-order-service"",}",73400320.0
1790102006.444,java-order-service,jvm_memory_committed_bytes,"{area=""nonheap"",id=""CodeHeap 'profiled nmethods'"",language=""java"",service=""java-order-service"",}",15728640.0
1790102006.444,java-order-service,jvm_memory_committed_bytes,"{area=""nonheap"",id=""CodeHeap 'non-nmethods'"",language=""java"",service=""java-order-service"",}",2555904.0
1790102006.444,java-order-service,jvm_memory_committed_bytes,"{area=""heap"",id=""G1 Survivor Space"",language=""java"",service=""java-order-service"",}",6291456.0
1790102006.444,java-order-service,jvm_memory_committed_bytes,"{area=""nonheap"",id=""Compressed Class Space"",language=""java"",service=""java-order-service"",}",11075584.0
1790102006.444,java-order-service,jvm_memory_committed_bytes,"{area=""heap"",id=""G1 Old Gen"",language=""java"",service=""java-order-service"",}",46137344.0
1790102006.444,java-order-service,jvm_memory_committed_bytes,"{area=""nonheap"",id=""Metaspace"",language=""java"",service=""java-order-service"",}",79626240.0
1790102006.444,java-order-service,hikaricp_connections_pending,"{language=""java"",pool=""HikariPool-1"",service=""java-order-service"",}",0.0
1790102006.444,java-order-service,process_cpu_usage,"{language=""java"",service=""java-order-service"",}",0.016666666666666666
1790102006.444,java-order-service,tomcat_threads_current_threads,"{language=""java"",name=""http-nio-9083"",service=""java-order-service"",}",-1.0
1790102006.444,java-order-service,jvm_memory_used_bytes,"{area=""nonheap"",id=""CodeHeap 'non-profiled nmethods'"",language=""java"",service=""java-order-service"",}",4496000.0
1790102006.444,java-order-service,jvm_memory_used_bytes,"{area=""heap"",id=""G1 Eden Space"",language=""java"",service=""java-order-service"",}",28311552.0
1790102006.444,java-order-service,jvm_memory_used_bytes,"{area=""nonheap"",id=""CodeHeap 'profiled nmethods'"",language=""java"",service=""java-order-service"",}",15682816.0
1790102006.444,java-order-service,jvm_memory_used_bytes,"{area=""nonheap"",id=""CodeHeap 'non-nmethods'"",language=""java"",service=""java-order-service"",}",1610368.0
1790102006.444,java-order-service,jvm_memory_used_bytes,"{area=""heap"",id=""G1 Survivor Space"",language=""java"",service=""java-order-service"",}",5766432.0
1790102006.444,java-order-service,jvm_memory_used_bytes,"{area=""nonheap"",id=""Compressed Class Space"",language=""java"",service=""java-order-service"",}",10680808.0
1790102006.444,java-order-service,jvm_memory_used_bytes,"{area=""heap"",id=""G1 Old Gen"",language=""java"",service=""java-order-service"",}",29144680.0
1790102006.444,java-order-service,jvm_memory_used_bytes,"{area=""nonheap"",id=""Metaspace"",language=""java"",service=""java-order-service"",}",78803160.0
1790102011.489,java-user-service,tomcat_threads_busy_threads,"{framework=""spring-boot"",language=""java"",name=""http-nio-9081"",service=""java-user-service"",}",-1.0
1790102011.489,java-user-service,jvm_gc_pause_seconds_count,"{action=""end of minor GC"",cause=""G1 Evacuation Pause"",framework=""spring-boot"",gc=""G1 Young Generation"",language=""java"",service=""java-user-service"",}",8.0
1790102011.489,java-user-service,jvm_gc_pause_seconds_sum,"{action=""end of minor GC"",cause=""G1 Evacuation Pause"",framework=""spring-boot"",gc=""G1 Young Generation"",language=""java"",service=""java-user-service"",}",0.047
1790102011.489,java-user-service,jvm_memory_used_bytes,"{area=""nonheap"",framework=""spring-boot"",id=""CodeHeap 'non-nmethods'"",language=""java"",service=""java-user-service"",}",1645696.0
1790102011.489,java-user-service,jvm_memory_used_bytes,"{area=""nonheap"",framework=""spring-boot"",id=""CodeHeap 'non-profiled nmethods'"",language=""java"",service=""java-user-service"",}",8461952.0
1790102011.489,java-user-service,jvm_memory_used_bytes,"{area=""heap"",framework=""spring-boot"",id=""G1 Survivor Space"",language=""java"",service=""java-user-service"",}",4494264.0
1790102011.489,java-user-service,jvm_memory_used_bytes,"{area=""heap"",framework=""spring-boot"",id=""G1 Old Gen"",language=""java"",service=""java-user-service"",}",39334584.0
1790102011.489,java-user-service,jvm_memory_used_bytes,"{area=""nonheap"",framework=""spring-boot"",id=""Metaspace"",language=""java"",service=""java-user-service"",}",102901960.0
1790102011.489,java-user-service,jvm_memory_used_bytes,"{area=""heap"",framework=""spring-boot"",id=""G1 Eden Space"",language=""java"",service=""java-user-service"",}",17825792.0
1790102011.489,java-user-service,jvm_memory_used_bytes,"{area=""nonheap"",framework=""spring-boot"",id=""Compressed Class Space"",language=""java"",service=""java-user-service"",}",13409848.0
1790102011.489,java-user-service,jvm_memory_used_bytes,"{area=""nonheap"",framework=""spring-boot"",id=""CodeHeap 'profiled nmethods'"",language=""java"",service=""java-user-service"",}",28837248.0
1790102011.489,java-user-service,hikaricp_connections_usage_seconds_count,"{framework=""spring-boot"",language=""java"",pool=""HikariPool-1"",service=""java-user-service"",}",746.0
1790102011.489,java-user-service,hikaricp_connections_usage_seconds_sum,"{framework=""spring-boot"",language=""java"",pool=""HikariPool-1"",service=""java-user-service"",}",35.143
1790102011.489,java-user-service,process_cpu_usage,"{framework=""spring-boot"",language=""java"",service=""java-user-service"",}",0.387037037037037
1790102011.489,java-user-service,tomcat_threads_current_threads,"{framework=""spring-boot"",language=""java"",name=""http-nio-9081"",service=""java-user-service"",}",-1.0
1790102011.489,java-user-service,jvm_memory_committed_bytes,"{area=""nonheap"",framework=""spring-boot"",id=""CodeHeap 'non-nmethods'"",language=""java"",service=""java-user-service"",}",2555904.0
1790102011.489,java-user-service,jvm_memory_committed_bytes,"{area=""nonheap"",framework=""spring-boot"",id=""CodeHeap 'non-profiled nmethods'"",language=""java"",service=""java-user-service"",}",8519680.0
1790102011.489,java-user-service,jvm_memory_committed_bytes,"{area=""heap"",framework=""spring-boot"",id=""G1 Survivor Space"",language=""java"",service=""java-user-service"",}",5242880.0
1790102011.489,java-user-service,jvm_memory_committed_bytes,"{area=""heap"",framework=""spring-boot"",id=""G1 Old Gen"",language=""java"",service=""java-user-service"",}",42991616.0
1790102011.489,java-user-service,jvm_memory_committed_bytes,"{area=""nonheap"",framework=""spring-boot"",id=""Metaspace"",language=""java"",service=""java-user-service"",}",103874560.0
1790102011.489,java-user-service,jvm_memory_committed_bytes,"{area=""heap"",framework=""spring-boot"",id=""G1 Eden Space"",language=""java"",service=""java-user-service"",}",57671680.0
1790102011.489,java-user-service,jvm_memory_committed_bytes,"{area=""nonheap"",framework=""spring-boot"",id=""Compressed Class Space"",language=""java"",service=""java-user-service"",}",13828096.0
1790102011.489,java-user-service,jvm_memory_committed_bytes,"{area=""nonheap"",framework=""spring-boot"",id=""CodeHeap 'profiled nmethods'"",language=""java"",service=""java-user-service"",}",28901376.0
1790102011.489,java-user-service,system_cpu_usage,"{framework=""spring-boot"",language=""java"",service=""java-user-service"",}",0.38574685185185187
1790102011.489,java-user-service,hikaricp_connections_pending,"{framework=""spring-boot"",language=""java"",pool=""HikariPool-1"",service=""java-user-service"",}",0.0
1790102011.489,java-user-service,hikaricp_connections_acquire_seconds_count,"{framework=""spring-boot"",language=""java"",pool=""HikariPool-1"",service=""java-user-service"",}",746.0
1790102011.489,java-user-service,hikaricp_connections_acquire_seconds_sum,"{framework=""spring-boot"",language=""java"",pool=""HikariPool-1"",service=""java-user-service"",}",1.365379887
1790102011.489,java-user-service,tomcat_threads_config_max_threads,"{framework=""spring-boot"",language=""java"",name=""http-nio-9081"",service=""java-user-service"",}",-1.0
1790102011.489,java-user-service,hikaricp_connections_active,"{framework=""spring-boot"",language=""java"",pool=""HikariPool-1"",service=""java-user-service"",}",0.0
1790102011.489,java-product-service,jvm_memory_used_bytes,"{area=""nonheap"",id=""CodeHeap 'non-nmethods'"",language=""java"",service=""java-product-service"",}",1638144.0
1790102011.489,java-product-service,jvm_memory_used_bytes,"{area=""heap"",id=""G1 Eden Space"",language=""java"",service=""java-product-service"",}",8388608.0
1790102011.489,java-product-service,jvm_memory_used_bytes,"{area=""nonheap"",id=""Metaspace"",language=""java"",service=""java-product-service"",}",97403976.0
1790102011.489,java-product-service,jvm_memory_used_bytes,"{area=""heap"",id=""G1 Old Gen"",language=""java"",service=""java-product-service"",}",40424856.0
1790102011.489,java-product-service,jvm_memory_used_bytes,"{area=""nonheap"",id=""Compressed Class Space"",language=""java"",service=""java-product-service"",}",12922800.0
1790102011.489,java-product-service,jvm_memory_used_bytes,"{area=""heap"",id=""G1 Survivor Space"",language=""java"",service=""java-product-service"",}",1806240.0
1790102011.489,java-product-service,jvm_memory_used_bytes,"{area=""nonheap"",id=""CodeHeap 'profiled nmethods'"",language=""java"",service=""java-product-service"",}",22062976.0
1790102011.489,java-product-service,jvm_memory_used_bytes,"{area=""nonheap"",id=""CodeHeap 'non-profiled nmethods'"",language=""java"",service=""java-product-service"",}",6589824.0
1790102011.489,java-product-service,tomcat_threads_current_threads,"{language=""java"",name=""http-nio-9082"",service=""java-product-service"",}",-1.0
1790102011.489,java-product-service,hikaricp_connections_acquire_seconds_count,"{language=""java"",pool=""HikariPool-1"",service=""java-product-service"",}",225.0
1790102011.489,java-product-service,hikaricp_connections_acquire_seconds_sum,"{language=""java"",pool=""HikariPool-1"",service=""java-product-service"",}",0.2184725
1790102011.489,java-product-service,tomcat_threads_busy_threads,"{language=""java"",name=""http-nio-9082"",service=""java-product-service"",}",-1.0
1790102011.489,java-product-service,hikaricp_connections_pending,"{language=""java"",pool=""HikariPool-1"",service=""java-product-service"",}",0.0
1790102011.489,java-product-service,hikaricp_connections_active,"{language=""java"",pool=""HikariPool-1"",service=""java-product-service"",}",0.0
1790102011.489,java-product-service,tomcat_threads_config_max_threads,"{language=""java"",name=""http-nio-9082"",service=""java-product-service"",}",-1.0
1790102011.489,java-product-service,process_cpu_usage,"{language=""java"",service=""java-product-service"",}",0.09074074074074075
1790102011.489,java-product-service,system_cpu_usage,"{language=""java"",service=""java-product-service"",}",0.09246407407407407
1790102011.489,java-product-service,jvm_gc_pause_seconds_count,"{action=""end of minor GC"",cause=""G1 Evacuation Pause"",gc=""G1 Young Generation"",language=""java"",service=""java-product-service"",}",6.0
1790102011.489,java-product-service,jvm_gc_pause_seconds_sum,"{action=""end of minor GC"",cause=""G1 Evacuation Pause"",gc=""G1 Young Generation"",language=""java"",service=""java-product-service"",}",0.03
1790102011.489,java-product-service,jvm_memory_committed_bytes,"{area=""nonheap"",id=""CodeHeap 'non-nmethods'"",language=""java"",service=""java-product-service"",}",2555904.0
1790102011.489,java-product-service,jvm_memory_committed_bytes,"{area=""heap"",id=""G1 Eden Space"",language=""java"",service=""java-product-service"",}",52428800.0
1790102011.489,java-product-service,jvm_memory_committed_bytes,"{area=""nonheap"",id=""Metaspace"",language=""java"",service=""java-product-service"",}",98304000.0
1790102011.489,java-product-service,jvm_memory_committed_bytes,"{area=""heap"",id=""G1 Old Gen"",language=""java"",service=""java-product-service"",}",44040192.0
1790102011.489,java-product-service,jvm_memory_committed_bytes,"{area=""nonheap"",id=""Compressed Class Space"",language=""java"",service=""java-product-service"",}",13369344.0
1790102011.489,java-product-service,jvm_memory_committed_bytes,"{area=""heap"",id=""G1 Survivor Space"",language=""java"",service=""java-product-service"",}",2097152.0
1790102011.489,java-product-service,jvm_memory_committed_bytes,"{area=""nonheap"",id=""CodeHeap 'profiled nmethods'"",language=""java"",service=""java-product-service"",}",24051712.0
1790102011.489,java-product-service,jvm_memory_committed_bytes,"{area=""nonheap"",id=""CodeHeap 'non-profiled nmethods'"",language=""java"",service=""java-product-service"",}",6815744.0
1790102011.489,java-product-service,hikaricp_connections_usage_seconds_count,"{language=""java"",pool=""HikariPool-1"",service=""java-product-service"",}",225.0
1790102011.489,java-product-service,hikaricp_connections_usage_seconds_sum,"{language=""java"",pool=""HikariPool-1"",service=""java-product-service"",}",0.332
1790102011.489,java-order-service,system_cpu_usage,"{language=""java"",service=""java-order-service"",}",0.020602716049382717
1790102011.489,java-order-service,jvm_gc_pause_seconds_count,"{action=""end of minor GC"",cause=""G1 Evacuation Pause"",gc=""G1 Young Generation"",language=""java"",service=""java-order-service"",}",1.0
1790102011.489,java-order-service,jvm_gc_pause_seconds_sum,"{action=""end of minor GC"",cause=""G1 Evacuation Pause"",gc=""G1 Young Generation"",language=""java"",service=""java-order-service"",}",0.008
1790102011.489,java-order-service,hikaricp_connections_usage_seconds_count,"{language=""java"",pool=""HikariPool-1"",service=""java-order-service"",}",208.0
1790102011.489,java-order-service,hikaricp_connections_usage_seconds_sum,"{language=""java"",pool=""HikariPool-1"",service=""java-order-service"",}",0.002
1790102011.489,java-order-service,hikaricp_connections_active,"{language=""java"",pool=""HikariPool-1"",service=""java-order-service"",}",0.0
1790102011.489,java-order-service,tomcat_threads_config_max_threads,"{language=""java"",name=""http-nio-9083"",service=""java-order-service"",}",-1.0
1790102011.489,java-order-service,hikaricp_connections_acquire_seconds_count,"{language=""java"",pool=""HikariPool-1"",service=""java-order-service"",}",208.0
1790102011.489,java-order-service,hikaricp_connections_acquire_seconds_sum,"{language=""java"",pool=""HikariPool-1"",service=""java-order-service"",}",0.040647668
1790102011.489,java-order-service,tomcat_threads_busy_threads,"{language=""java"",name=""http-nio-9083"",service=""java-order-service"",}",-1.0
1790102011.489,java-order-service,jvm_memory_committed_bytes,"{area=""nonheap"",id=""CodeHeap 'non-profiled nmethods'"",language=""java"",service=""java-order-service"",}",4587520.0
1790102011.489,java-order-service,jvm_memory_committed_bytes,"{area=""heap"",id=""G1 Eden Space"",language=""java"",service=""java-order-service"",}",73400320.0
1790102011.489,java-order-service,jvm_memory_committed_bytes,"{area=""nonheap"",id=""CodeHeap 'profiled nmethods'"",language=""java"",service=""java-order-service"",}",15859712.0
1790102011.489,java-order-service,jvm_memory_committed_bytes,"{area=""nonheap"",id=""CodeHeap 'non-nmethods'"",language=""java"",service=""java-order-service"",}",2555904.0
1790102011.489,java-order-service,jvm_memory_committed_bytes,"{area=""heap"",id=""G1 Survivor Space"",language=""java"",service=""java-order-service"",}",6291456.0
1790102011.489,java-order-service,jvm_memory_committed_bytes,"{area=""nonheap"",id=""Compressed Class Space"",language=""java"",service=""java-order-service"",}",11075584.0
1790102011.489,java-order-service,jvm_memory_committed_bytes,"{area=""heap"",id=""G1 Old Gen"",language=""java"",service=""java-order-service"",}",46137344.0
1790102011.489,java-order-service,jvm_memory_committed_bytes,"{area=""nonheap"",id=""Metaspace"",language=""java"",service=""java-order-service"",}",79691776.0
1790102011.489,java-order-service,hikaricp_connections_pending,"{language=""java"",pool=""HikariPool-1"",service=""java-order-service"",}",0.0
1790102011.489,java-order-service,process_cpu_usage,"{language=""java"",service=""java-order-service"",}",0.01728395061728395
1790102011.489,java-order-service,tomcat_threads_current_threads,"{language=""java"",name=""http-nio-9083"",service=""java-order-service"",}",-1.0
1790102011.489,java-order-service,jvm_memory_used_bytes,"{area=""nonheap"",id=""CodeHeap 'non-profiled nmethods'"",language=""java"",service=""java-order-service"",}",4536064.0
1790102011.489,java-order-service,jvm_memory_used_bytes,"{area=""heap"",id=""G1 Eden Space"",language=""java"",service=""java-order-service"",}",30408704.0
1790102011.489,java-order-service,jvm_memory_used_bytes,"{area=""nonheap"",id=""CodeHeap 'profiled nmethods'"",language=""java"",service=""java-order-service"",}",15830400.0
1790102011.489,java-order-service,jvm_memory_used_bytes,"{area=""nonheap"",id=""CodeHeap 'non-nmethods'"",language=""java"",service=""java-order-service"",}",1610368.0
1790102011.489,java-order-service,jvm_memory_used_bytes,"{area=""heap"",id=""G1 Survivor Space"",language=""java"",service=""java-order-service"",}",5766432.0
1790102011.489,java-order-service,jvm_memory_used_bytes,"{area=""nonheap"",id=""Compressed Class Space"",language=""java"",service=""java-order-service"",}",10680808.0
1790102011.489,java-order-service,jvm_memory_used_bytes,"{area=""heap"",id=""G1 Old Gen"",language=""java"",service=""java-order-service"",}",29144680.0
1790102011.489,java-order-service,jvm_memory_used_bytes,"{area=""nonheap"",id=""Metaspace"",language=""java"",service=""java-order-service"",}",78839912.0
1790102016.521,java-user-service,tomcat_threads_busy_threads,"{framework=""spring-boot"",language=""java"",name=""http-nio-9081"",service=""java-user-service"",}",-1.0
1790102016.521,java-user-service,jvm_gc_pause_seconds_count,"{action=""end of minor GC"",cause=""G1 Evacuation Pause"",framework=""spring-boot"",gc=""G1 Young Generation"",language=""java"",service=""java-user-service"",}",8.0
1790102016.521,java-user-service,jvm_gc_pause_seconds_sum,"{action=""end of minor GC"",cause=""G1 Evacuation Pause"",framework=""spring-boot"",gc=""G1 Young Generation"",language=""java"",service=""java-user-service"",}",0.047
1790102016.521,java-user-service,jvm_memory_used_bytes,"{area=""nonheap"",framework=""spring-boot"",id=""CodeHeap 'non-nmethods'"",language=""java"",service=""java-user-service"",}",1645696.0
1790102016.521,java-user-service,jvm_memory_used_bytes,"{area=""nonheap"",framework=""spring-boot"",id=""CodeHeap 'non-profiled nmethods'"",language=""java"",service=""java-user-service"",}",8513152.0
1790102016.521,java-user-service,jvm_memory_used_bytes,"{area=""heap"",framework=""spring-boot"",id=""G1 Survivor Space"",language=""java"",service=""java-user-service"",}",4494264.0
1790102016.521,java-user-service,jvm_memory_used_bytes,"{area=""heap"",framework=""spring-boot"",id=""G1 Old Gen"",language=""java"",service=""java-user-service"",}",39334584.0
1790102016.521,java-user-service,jvm_memory_used_bytes,"{area=""nonheap"",framework=""spring-boot"",id=""Metaspace"",language=""java"",service=""java-user-service"",}",102930688.0
1790102016.521,java-user-service,jvm_memory_used_bytes,"{area=""heap"",framework=""spring-boot"",id=""G1 Eden Space"",language=""java"",service=""java-user-service"",}",27262976.0
1790102016.521,java-user-service,jvm_memory_used_bytes,"{area=""nonheap"",framework=""spring-boot"",id=""Compressed Class Space"",language=""java"",service=""java-user-service"",}",13409848.0
1790102016.521,java-user-service,jvm_memory_used_bytes,"{area=""nonheap"",framework=""spring-boot"",id=""CodeHeap 'profiled nmethods'"",language=""java"",service=""java-user-service"",}",29201536.0
1790102016.521,java-user-service,hikaricp_connections_usage_seconds_count,"{framework=""spring-boot"",language=""java"",pool=""HikariPool-1"",service=""java-user-service"",}",795.0
1790102016.521,java-user-service,hikaricp_connections_usage_seconds_sum,"{framework=""spring-boot"",language=""java"",pool=""HikariPool-1"",service=""java-user-service"",}",40.476
1790102016.521,java-user-service,process_cpu_usage,"{framework=""spring-boot"",language=""java"",service=""java-user-service"",}",0.35772357723577236
1790102016.521,java-user-service,tomcat_threads_current_threads,"{framework=""spring-boot"",language=""java"",name=""http-nio-9081"",service=""java-user-service"",}",-1.0
1790102016.521,java-user-service,jvm_memory_committed_bytes,"{area=""nonheap"",framework=""spring-boot"",id=""CodeHeap 'non-nmethods'"",language=""java"",service=""java-user-service"",}",2555904.0
1790102016.521,java-user-service,jvm_memory_committed_bytes,"{area=""nonheap"",framework=""spring-boot"",id=""CodeHeap 'non-profiled nmethods'"",language=""java"",service=""java-user-service"",}",8519680.0
1790102016.521,java-user-service,jvm_memory_committed_bytes,"{area=""heap"",framework=""spring-boot"",id=""G1 Survivor Space"",language=""java"",service=""java-user-service"",}",5242880.0
1790102016.521,java-user-service,jvm_memory_committed_bytes,"{area=""heap"",framework=""spring-boot"",id=""G1 Old Gen"",language=""java"",service=""java-user-service"",}",42991616.0
1790102016.521,java-user-service,jvm_memory_committed_bytes,"{area=""nonheap"",framework=""spring-boot"",id=""Metaspace"",language=""java"",service=""java-user-service"",}",103874560.0
1790102016.521,java-user-service,jvm_memory_committed_bytes,"{area=""heap"",framework=""spring-boot"",id=""G1 Eden Space"",language=""java"",service=""java-user-service"",}",57671680.0
1790102016.521,java-user-service,jvm_memory_committed_bytes,"{area=""nonheap"",framework=""spring-boot"",id=""Compressed Class Space"",language=""java"",service=""java-user-service"",}",13828096.0
1790102016.521,java-user-service,jvm_memory_committed_bytes,"{area=""nonheap"",framework=""spring-boot"",id=""CodeHeap 'profiled nmethods'"",language=""java"",service=""java-user-service"",}",29229056.0
1790102016.521,java-user-service,system_cpu_usage,"{framework=""spring-boot"",language=""java"",service=""java-user-service"",}",0.35965024390243905
1790102016.521,java-user-service,hikaricp_connections_pending,"{framework=""spring-boot"",language=""java"",pool=""HikariPool-1"",service=""java-user-service"",}",0.0
1790102016.521,java-user-service,hikaricp_connections_acquire_seconds_count,"{framework=""spring-boot"",language=""java"",pool=""HikariPool-1"",service=""java-user-service"",}",796.0
1790102016.521,java-user-service,hikaricp_connections_acquire_seconds_sum,"{framework=""spring-boot"",language=""java"",pool=""HikariPool-1"",service=""java-user-service"",}",2.158437427
1790102016.521,java-user-service,tomcat_threads_config_max_threads,"{framework=""spring-boot"",language=""java"",name=""http-nio-9081"",service=""java-user-service"",}",-1.0
1790102016.521,java-user-service,hikaricp_connections_active,"{framework=""spring-boot"",language=""java"",pool=""HikariPool-1"",service=""java-user-service"",}",3.0
1790102016.521,java-product-service,jvm_memory_used_bytes,"{area=""nonheap"",id=""CodeHeap 'non-nmethods'"",language=""java"",service=""java-product-service"",}",1638144.0
1790102016.521,java-product-service,jvm_memory_used_bytes,"{area=""heap"",id=""G1 Eden Space"",language=""java"",service=""java-product-service"",}",20971520.0
1790102016.521,java-product-service,jvm_memory_used_bytes,"{area=""nonheap"",id=""Metaspace"",language=""java"",service=""java-product-service"",}",97436912.0
1790102016.521,java-product-service,jvm_memory_used_bytes,"{area=""heap"",id=""G1 Old Gen"",language=""java"",service=""java-product-service"",}",40424856.0
1790102016.521,java-product-service,jvm_memory_used_bytes,"{area=""nonheap"",id=""Compressed Class Space"",language=""java"",service=""java-product-service"",}",12923320.0
1790102016.521,java-product-service,jvm_memory_used_bytes,"{area=""heap"",id=""G1 Survivor Space"",language=""java"",service=""java-product-service"",}",1806240.0
1790102016.521,java-product-service,jvm_memory_used_bytes,"{area=""nonheap"",id=""CodeHeap 'profiled nmethods'"",language=""java"",service=""java-product-service"",}",22165376.0
1790102016.521,java-product-service,jvm_memory_used_bytes,"{area=""nonheap"",id=""CodeHeap 'non-profiled nmethods'"",language=""java"",service=""java-product-service"",}",6724352.0
1790102016.521,java-product-service,tomcat_threads_current_threads,"{language=""java"",name=""http-nio-9082"",service=""java-product-service"",}",-1.0
1790102016.521,java-product-service,hikaricp_connections_acquire_seconds_count,"{language=""java"",pool=""HikariPool-1"",service=""java-product-service"",}",245.0
1790102016.521,java-product-service,hikaricp_connections_acquire_seconds_sum,"{language=""java"",pool=""HikariPool-1"",service=""java-product-service"",}",0.221669164
1790102016.521,java-product-service,tomcat_threads_busy_threads,"{language=""java"",name=""http-nio-9082"",service=""java-product-service"",}",-1.0
1790102016.521,java-product-service,hikaricp_connections_pending,"{language=""java"",pool=""HikariPool-1"",service=""java-product-service"",}",0.0
1790102016.521,java-product-service,hikaricp_connections_active,"{language=""java"",pool=""HikariPool-1"",service=""java-product-service"",}",0.0
1790102016.521,java-product-service,tomcat_threads_config_max_threads,"{language=""java"",name=""http-nio-9082"",service=""java-product-service"",}",-1.0
1790102016.521,java-product-service,process_cpu_usage,"{language=""java"",service=""java-product-service"",}",0.05128205128205128
1790102016.521,java-product-service,system_cpu_usage,"{language=""java"",service=""java-product-service"",}",0.05446854700854701
1790102016.521,java-product-service,jvm_gc_pause_seconds_count,"{action=""end of minor GC"",cause=""G1 Evacuation Pause"",gc=""G1 Young Generation"",language=""java"",service=""java-product-service"",}",6.0
1790102016.521,java-product-service,jvm_gc_pause_seconds_sum,"{action=""end of minor GC"",cause=""G1 Evacuation Pause"",gc=""G1 Young Generation"",language=""java"",service=""java-product-service"",}",0.03
1790102016.521,java-product-service,jvm_memory_committed_bytes,"{area=""nonheap"",id=""CodeHeap 'non-nmethods'"",language=""java"",service=""java-product-service"",}",2555904.0
1790102016.521,java-product-service,jvm_memory_committed_bytes,"{area=""heap"",id=""G1 Eden Space"",language=""java"",service=""java-product-service"",}",52428800.0
1790102016.521,java-product-service,jvm_memory_committed_bytes,"{area=""nonheap"",id=""Metaspace"",language=""java"",service=""java-product-service"",}",98435072.0
1790102016.521,java-product-service,jvm_memory_committed_bytes,"{area=""heap"",id=""G1 Old Gen"",language=""java"",service=""java-product-service"",}",44040192.0
1790102016.521,java-product-service,jvm_memory_committed_bytes,"{area=""nonheap"",id=""Compressed Class Space"",language=""java"",service=""java-product-service"",}",13369344.0
1790102016.521,java-product-service,jvm_memory_committed_bytes,"{area=""heap"",id=""G1 Survivor Space"",language=""java"",service=""java-product-service"",}",2097152.0
1790102016.521,java-product-service,jvm_memory_committed_bytes,"{area=""nonheap"",id=""CodeHeap 'profiled nmethods'"",language=""java"",service=""java-product-service"",}",24051712.0
1790102016.521,java-product-service,jvm_memory_committed_bytes,"{area=""nonheap"",id=""CodeHeap 'non-profiled nmethods'"",language=""java"",service=""java-product-service"",}",6881280.0
1790102016.521,java-product-service,hikaricp_connections_usage_seconds_count,"{language=""java"",pool=""HikariPool-1"",service=""java-product-service"",}",245.0
1790102016.521,java-product-service,hikaricp_connections_usage_seconds_sum,"{language=""java"",pool=""HikariPool-1"",service=""java-product-service"",}",0.332
1790102016.521,java-order-service,system_cpu_usage,"{language=""java"",service=""java-order-service"",}",0.018294444444444443
1790102016.521,java-order-service,jvm_gc_pause_seconds_count,"{action=""end of minor GC"",cause=""G1 Evacuation Pause"",gc=""G1 Young Generation"",language=""java"",service=""java-order-service"",}",1.0
1790102016.521,java-order-service,jvm_gc_pause_seconds_sum,"{action=""end of minor GC"",cause=""G1 Evacuation Pause"",gc=""G1 Young Generation"",language=""java"",service=""java-order-service"",}",0.008
1790102016.521,java-order-service,hikaricp_connections_usage_seconds_count,"{language=""java"",pool=""HikariPool-1"",service=""java-order-service"",}",226.0
1790102016.521,java-order-service,hikaricp_connections_usage_seconds_sum,"{language=""java"",pool=""HikariPool-1"",service=""java-order-service"",}",0.002
1790102016.521,java-order-service,hikaricp_connections_active,"{language=""java"",pool=""HikariPool-1"",service=""java-order-service"",}",0.0
1790102016.521,java-order-service,tomcat_threads_config_max_threads,"{language=""java"",name=""http-nio-9083"",service=""java-order-service"",}",-1.0
1790102016.521,java-order-service,hikaricp_connections_acquire_seconds_count,"{language=""java"",pool=""HikariPool-1"",service=""java-order-service"",}",226.0
1790102016.521,java-order-service,hikaricp_connections_acquire_seconds_sum,"{language=""java"",pool=""HikariPool-1"",service=""java-order-service"",}",0.044199498
1790102016.521,java-order-service,tomcat_threads_busy_threads,"{language=""java"",name=""http-nio-9083"",service=""java-order-service"",}",-1.0
1790102016.521,java-order-service,jvm_memory_committed_bytes,"{area=""nonheap"",id=""CodeHeap 'non-profiled nmethods'"",language=""java"",service=""java-order-service"",}",4587520.0
1790102016.521,java-order-service,jvm_memory_committed_bytes,"{area=""heap"",id=""G1 Eden Space"",language=""java"",service=""java-order-service"",}",73400320.0
1790102016.521,java-order-service,jvm_memory_committed_bytes,"{area=""nonheap"",id=""CodeHeap 'profiled nmethods'"",language=""java"",service=""java-order-service"",}",16121856.0
1790102016.521,java-order-service,jvm_memory_committed_bytes,"{area=""nonheap"",id=""CodeHeap 'non-nmethods'"",language=""java"",service=""java-order-service"",}",2555904.0
1790102016.521,java-order-service,jvm_memory_committed_bytes,"{area=""heap"",id=""G1 Survivor Space"",language=""java"",service=""java-order-service"",}",6291456.0
1790102016.521,java-order-service,jvm_memory_committed_bytes,"{area=""nonheap"",id=""Compressed Class Space"",language=""java"",service=""java-order-service"",}",11075584.0
1790102016.521,java-order-service,jvm_memory_committed_bytes,"{area=""heap"",id=""G1 Old Gen"",language=""java"",service=""java-order-service"",}",46137344.0
1790102016.521,java-order-service,jvm_memory_committed_bytes,"{area=""nonheap"",id=""Metaspace"",language=""java"",service=""java-order-service"",}",79822848.0
1790102016.521,java-order-service,hikaricp_connections_pending,"{language=""java"",pool=""HikariPool-1"",service=""java-order-service"",}",0.0
1790102016.521,java-order-service,process_cpu_usage,"{language=""java"",service=""java-order-service"",}",0.017777777777777778
1790102016.521,java-order-service,tomcat_threads_current_threads,"{language=""java"",name=""http-nio-9083"",service=""java-order-service"",}",-1.0
1790102016.521,java-order-service,jvm_memory_used_bytes,"{area=""nonheap"",id=""CodeHeap 'non-profiled nmethods'"",language=""java"",service=""java-order-service"",}",4573952.0
1790102016.521,java-order-service,jvm_memory_used_bytes,"{area=""heap"",id=""G1 Eden Space"",language=""java"",service=""java-order-service"",}",32505856.0
1790102016.521,java-order-service,jvm_memory_used_bytes,"{area=""nonheap"",id=""CodeHeap 'profiled nmethods'"",language=""java"",service=""java-order-service"",}",16096512.0
1790102016.521,java-order-service,jvm_memory_used_bytes,"{area=""nonheap"",id=""CodeHeap 'non-nmethods'"",language=""java"",service=""java-order-service"",}",1610368.0
1790102016.521,java-order-service,jvm_memory_used_bytes,"{area=""heap"",id=""G1 Survivor Space"",language=""java"",service=""java-order-service"",}",5766432.0
1790102016.521,java-order-service,jvm_memory_used_bytes,"{area=""nonheap"",id=""Compressed Class Space"",language=""java"",service=""java-order-service"",}",10681328.0
1790102016.521,java-order-service,jvm_memory_used_bytes,"{area=""heap"",id=""G1 Old Gen"",language=""java"",service=""java-order-service"",}",29144680.0
1790102016.521,java-order-service,jvm_memory_used_bytes,"{area=""nonheap"",id=""Metaspace"",language=""java"",service=""java-order-service"",}",78934704.0
1790102021.602,java-user-service,tomcat_threads_busy_threads,"{framework=""spring-boot"",language=""java"",name=""http-nio-9081"",service=""java-user-service"",}",-1.0
1790102021.602,java-user-service,jvm_gc_pause_seconds_count,"{action=""end of minor GC"",cause=""G1 Evacuation Pause"",framework=""spring-boot"",gc=""G1 Young Generation"",language=""java"",service=""java-user-service"",}",8.0
1790102021.602,java-user-service,jvm_gc_pause_seconds_sum,"{action=""end of minor GC"",cause=""G1 Evacuation Pause"",framework=""spring-boot"",gc=""G1 Young Generation"",language=""java"",service=""java-user-service"",}",0.047
1790102021.602,java-user-service,jvm_memory_used_bytes,"{area=""nonheap"",framework=""spring-boot"",id=""CodeHeap 'non-nmethods'"",language=""java"",service=""java-user-service"",}",1645696.0
1790102021.602,java-user-service,jvm_memory_used_bytes,"{area=""nonheap"",framework=""spring-boot"",id=""CodeHeap 'non-profiled nmethods'"",language=""java"",service=""java-user-service"",}",8583936.0
1790102021.602,java-user-service,jvm_memory_used_bytes,"{area=""heap"",framework=""spring-boot"",id=""G1 Survivor Space"",language=""java"",service=""java-user-service"",}",4494264.0
1790102021.602,java-user-service,jvm_memory_used_bytes,"{area=""heap"",framework=""spring-boot"",id=""G1 Old Gen"",language=""java"",service=""java-user-service"",}",39334584.0
1790102021.602,java-user-service,jvm_memory_used_bytes,"{area=""nonheap"",framework=""spring-boot"",id=""Metaspace"",language=""java"",service=""java-user-service"",}",102990760.0
1790102021.602,java-user-service,jvm_memory_used_bytes,"{area=""heap"",framework=""spring-boot"",id=""G1 Eden Space"",language=""java"",service=""java-user-service"",}",35651584.0
1790102021.602,java-user-service,jvm_memory_used_bytes,"{area=""nonheap"",framework=""spring-boot"",id=""Compressed Class Space"",language=""java"",service=""java-user-service"",}",13410368.0
1790102021.602,java-user-service,jvm_memory_used_bytes,"{area=""nonheap"",framework=""spring-boot"",id=""CodeHeap 'profiled nmethods'"",language=""java"",service=""java-user-service"",}",29531904.0
1790102021.602,java-user-service,hikaricp_connections_usage_seconds_count,"{framework=""spring-boot"",language=""java"",pool=""HikariPool-1"",service=""java-user-service"",}",840.0
1790102021.602,java-user-service,hikaricp_connections_usage_seconds_sum,"{framework=""spring-boot"",language=""java"",pool=""HikariPool-1"",service=""java-user-service"",}",46.221
1790102021.602,java-user-service,process_cpu_usage,"{framework=""spring-boot"",language=""java"",service=""java-user-service"",}",0.36036036036036034
1790102021.602,java-user-service,tomcat_threads_current_threads,"{framework=""spring-boot"",language=""java"",name=""http-nio-9081"",service=""java-user-service"",}",-1.0
1790102021.602,java-user-service,jvm_memory_committed_bytes,"{area=""nonheap"",framework=""spring-boot"",id=""CodeHeap 'non-nmethods'"",language=""java"",service=""java-user-service"",}",2555904.0
1790102021.602,java-user-service,jvm_memory_committed_bytes,"{area=""nonheap"",framework=""spring-boot"",id=""CodeHeap 'non-profiled nmethods'"",language=""java"",service=""java-user-service"",}",8585216.0
1790102021.602,java-user-service,jvm_memory_committed_bytes,"{area=""heap"",framework=""spring-boot"",id=""G1 Survivor Space"",language=""java"",service=""java-user-service"",}",5242880.0
1790102021.602,java-user-service,jvm_memory_committed_bytes,"{area=""heap"",framework=""spring-boot"",id=""G1 Old Gen"",language=""java"",service=""java-user-service"",}",42991616.0
1790102021.602,java-user-service,jvm_memory_committed_bytes,"{area=""nonheap"",framework=""spring-boot"",id=""Metaspace"",language=""java"",service=""java-user-service"",}",103874560.0
1790102021.602,java-user-service,jvm_memory_committed_bytes,"{area=""heap"",framework=""spring-boot"",id=""G1 Eden Space"",language=""java"",service=""java-user-service"",}",57671680.0
1790102021.602,java-user-service,jvm_memory_committed_bytes,"{area=""nonheap"",framework=""spring-boot"",id=""Compressed Class Space"",language=""java"",service=""java-user-service"",}",13828096.0
1790102021.602,java-user-service,jvm_memory_committed_bytes,"{area=""nonheap"",framework=""spring-boot"",id=""CodeHeap 'profiled nmethods'"",language=""java"",service=""java-user-service"",}",29556736.0
1790102021.602,java-user-service,system_cpu_usage,"{framework=""spring-boot"",language=""java"",service=""java-user-service"",}",0.3626628828828829
1790102021.602,java-user-service,hikaricp_connections_pending,"{framework=""spring-boot"",language=""java"",pool=""HikariPool-1"",service=""java-user-service"",}",0.0
1790102021.602,java-user-service,hikaricp_connections_acquire_seconds_count,"{framework=""spring-boot"",language=""java"",pool=""HikariPool-1"",service=""java-user-service"",}",842.0
1790102021.602,java-user-service,hikaricp_connections_acquire_seconds_sum,"{framework=""spring-boot"",language=""java"",pool=""HikariPool-1"",service=""java-user-service"",}",2.678197723
1790102021.602,java-user-service,tomcat_threads_config_max_threads,"{framework=""spring-boot"",language=""java"",name=""http-nio-9081"",service=""java-user-service"",}",-1.0
1790102021.602,java-user-service,hikaricp_connections_active,"{framework=""spring-boot"",language=""java"",pool=""HikariPool-1"",service=""java-user-service"",}",2.0
1790102021.602,java-product-service,jvm_memory_used_bytes,"{area=""nonheap"",id=""CodeHeap 'non-nmethods'"",language=""java"",service=""java-product-service"",}",1638144.0
1790102021.602,java-product-service,jvm_memory_used_bytes,"{area=""heap"",id=""G1 Eden Space"",language=""java"",service=""java-product-service"",}",33554432.0
1790102021.602,java-product-service,jvm_memory_used_bytes,"{area=""nonheap"",id=""Metaspace"",language=""java"",service=""java-product-service"",}",97492120.0
1790102021.602,java-product-service,jvm_memory_used_bytes,"{area=""heap"",id=""G1 Old Gen"",language=""java"",service=""java-product-service"",}",40424856.0
1790102021.602,java-product-service,jvm_memory_used_bytes,"{area=""nonheap"",id=""Compressed Class Space"",language=""java"",service=""java-product-service"",}",12923840.0
1790102021.602,java-product-service,jvm_memory_used_bytes,"{area=""heap"",id=""G1 Survivor Space"",language=""java"",service=""java-product-service"",}",1806240.0
1790102021.602,java-product-service,jvm_memory_used_bytes,"{area=""nonheap"",id=""CodeHeap 'profiled nmethods'"",language=""java"",service=""java-product-service"",}",22360576.0
1790102021.602,java-product-service,jvm_memory_used_bytes,"{area=""nonheap"",id=""CodeHeap 'non-profiled nmethods'"",language=""java"",service=""java-product-service"",}",6883968.0
1790102021.602,java-product-service,tomcat_threads_current_threads,"{language=""java"",name=""http-nio-9082"",service=""java-product-service"",}",-1.0
1790102021.602,java-product-service,hikaricp_connections_acquire_seconds_count,"{language=""java"",pool=""HikariPool-1"",service=""java-product-service"",}",261.0
1790102021.602,java-product-service,hikaricp_connections_acquire_seconds_sum,"{language=""java"",pool=""HikariPool-1"",service=""java-product-service"",}",0.225059537
1790102021.602,java-product-service,tomcat_threads_busy_threads,"{language=""java"",name=""http-nio-9082"",service=""java-product-service"",}",-1.0
1790102021.602,java-product-service,hikaricp_connections_pending,"{language=""java"",pool=""HikariPool-1"",service=""java-product-service"",}",0.0
1790102021.602,java-product-service,hikaricp_connections_active,"{language=""java"",pool=""HikariPool-1"",service=""java-product-service"",}",0.0
1790102021.602,java-product-service,tomcat_threads_config_max_threads,"{language=""java"",name=""http-nio-9082"",service=""java-product-service"",}",-1.0
1790102021.602,java-product-service,process_cpu_usage,"{language=""java"",service=""java-product-service"",}",0.06046511627906977
1790102021.602,java-product-service,system_cpu_usage,"{language=""java"",service=""java-product-service"",}",0.05955782945736434
1790102021.602,java-product-service,jvm_gc_pause_seconds_count,"{action=""end of minor GC"",cause=""G1 Evacuation Pause"",gc=""G1 Young Generation"",language=""java"",service=""java-product-service"",}",6.0
1790102021.602,java-product-service,jvm_gc_pause_seconds_sum,"{action=""end of minor GC"",cause=""G1 Evacuation Pause"",gc=""G1 Young Generation"",language=""java"",service=""java-product-service"",}",0.03
1790102021.602,java-product-service,jvm_memory_committed_bytes,"{area=""nonheap"",id=""CodeHeap 'non-nmethods'"",language=""java"",service=""java-product-service"",}",2555904.0
1790102021.602,java-product-service,jvm_memory_committed_bytes,"{area=""heap"",id=""G1 Eden Space"",language=""java"",service=""java-product-service"",}",52428800.0
1790102021.602,java-product-service,jvm_memory_committed_bytes,"{area=""nonheap"",id=""Metaspace"",language=""java"",service=""java-product-service"",}",98500608.0
1790102021.602,java-product-service,jvm_memory_committed_bytes,"{area=""heap"",id=""G1 Old Gen"",language=""java"",service=""java-product-service"",}",44040192.0
1790102021.602,java-product-service,jvm_memory_committed_bytes,"{area=""nonheap"",id=""Compressed Class Space"",language=""java"",service=""java-product-service"",}",13369344.0
1790102021.602,java-product-service,jvm_memory_committed_bytes,"{area=""heap"",id=""G1 Survivor Space"",language=""java"",service=""java-product-service"",}",2097152.0
1790102021.602,java-product-service,jvm_memory_committed_bytes,"{area=""nonheap"",id=""CodeHeap 'profiled nmethods'"",language=""java"",service=""java-product-service"",}",24051712.0
1790102021.602,java-product-service,jvm_memory_committed_bytes,"{area=""nonheap"",id=""CodeHeap 'non-profiled nmethods'"",language=""java"",service=""java-product-service"",}",6946816.0
1790102021.602,java-product-service,hikaricp_connections_usage_seconds_count,"{language=""java"",pool=""HikariPool-1"",service=""java-product-service"",}",261.0
1790102021.602,java-product-service,hikaricp_connections_usage_seconds_sum,"{language=""java"",pool=""HikariPool-1"",service=""java-product-service"",}",0.332
1790102021.602,java-order-service,system_cpu_usage,"{language=""java"",service=""java-order-service"",}",0.025173589743589745
1790102021.602,java-order-service,jvm_gc_pause_seconds_count,"{action=""end of minor GC"",cause=""G1 Evacuation Pause"",gc=""G1 Young Generation"",language=""java"",service=""java-order-service"",}",1.0
1790102021.602,java-order-service,jvm_gc_pause_seconds_sum,"{action=""end of minor GC"",cause=""G1 Evacuation Pause"",gc=""G1 Young Generation"",language=""java"",service=""java-order-service"",}",0.008
1790102021.602,java-order-service,hikaricp_connections_usage_seconds_count,"{language=""java"",pool=""HikariPool-1"",service=""java-order-service"",}",244.0
1790102021.602,java-order-service,hikaricp_connections_usage_seconds_sum,"{language=""java"",pool=""HikariPool-1"",service=""java-order-service"",}",0.002
1790102021.602,java-order-service,hikaricp_connections_active,"{language=""java"",pool=""HikariPool-1"",service=""java-order-service"",}",0.0
1790102021.602,java-order-service,tomcat_threads_config_max_threads,"{language=""java"",name=""http-nio-9083"",service=""java-order-service"",}",-1.0
1790102021.602,java-order-service,hikaricp_connections_acquire_seconds_count,"{language=""java"",pool=""HikariPool-1"",service=""java-order-service"",}",244.0
1790102021.602,java-order-service,hikaricp_connections_acquire_seconds_sum,"{language=""java"",pool=""HikariPool-1"",service=""java-order-service"",}",0.047398122
1790102021.602,java-order-service,tomcat_threads_busy_threads,"{language=""java"",name=""http-nio-9083"",service=""java-order-service"",}",-1.0
1790102021.602,java-order-service,jvm_memory_committed_bytes,"{area=""nonheap"",id=""CodeHeap 'non-profiled nmethods'"",language=""java"",service=""java-order-service"",}",4718592.0
1790102021.602,java-order-service,jvm_memory_committed_bytes,"{area=""heap"",id=""G1 Eden Space"",language=""java"",service=""java-order-service"",}",73400320.0
1790102021.602,java-order-service,jvm_memory_committed_bytes,"{area=""nonheap"",id=""CodeHeap 'profiled nmethods'"",language=""java"",service=""java-order-service"",}",16318464.0
1790102021.602,java-order-service,jvm_memory_committed_bytes,"{area=""nonheap"",id=""CodeHeap 'non-nmethods'"",language=""java"",service=""java-order-service"",}",2555904.0
1790102021.602,java-order-service,jvm_memory_committed_bytes,"{area=""heap"",id=""G1 Survivor Space"",language=""java"",service=""java-order-service"",}",6291456.0
1790102021.602,java-order-service,jvm_memory_committed_bytes,"{area=""nonheap"",id=""Compressed Class Space"",language=""java"",service=""java-order-service"",}",11075584.0
1790102021.602,java-order-service,jvm_memory_committed_bytes,"{area=""heap"",id=""G1 Old Gen"",language=""java"",service=""java-order-service"",}",46137344.0
1790102021.602,java-order-service,jvm_memory_committed_bytes,"{area=""nonheap"",id=""Metaspace"",language=""java"",service=""java-order-service"",}",79888384.0
1790102021.602,java-order-service,hikaricp_connections_pending,"{language=""java"",pool=""HikariPool-1"",service=""java-order-service"",}",0.0
1790102021.602,java-order-service,process_cpu_usage,"{language=""java"",service=""java-order-service"",}",0.023076923076923078
1790102021.602,java-order-service,tomcat_threads_current_threads,"{language=""java"",name=""http-nio-9083"",service=""java-order-service"",}",-1.0
1790102021.602,java-order-service,jvm_memory_used_bytes,"{area=""nonheap"",id=""CodeHeap 'non-profiled nmethods'"",language=""java"",service=""java-order-service"",}",4699776.0
1790102021.602,java-order-service,jvm_memory_used_bytes,"{area=""heap"",id=""G1 Eden Space"",language=""java"",service=""java-order-service"",}",33554432.0
1790102021.602,java-order-service,jvm_memory_used_bytes,"{area=""nonheap"",id=""CodeHeap 'profiled nmethods'"",language=""java"",service=""java-order-service"",}",16307712.0
1790102021.602,java-order-service,jvm_memory_used_bytes,"{area=""nonheap"",id=""CodeHeap 'non-nmethods'"",language=""java"",service=""java-order-service"",}",1610368.0
1790102021.602,java-order-service,jvm_memory_used_bytes,"{area=""heap"",id=""G1 Survivor Space"",language=""java"",service=""java-order-service"",}",5766432.0
1790102021.602,java-order-service,jvm_memory_used_bytes,"{area=""nonheap"",id=""Compressed Class Space"",language=""java"",service=""java-order-service"",}",10681848.0
1790102021.602,java-order-service,jvm_memory_used_bytes,"{area=""heap"",id=""G1 Old Gen"",language=""java"",service=""java-order-service"",}",29144680.0
1790102021.602,java-order-service,jvm_memory_used_bytes,"{area=""nonheap"",id=""Metaspace"",language=""java"",service=""java-order-service"",}",78984264.0
1790102026.656,java-user-service,tomcat_threads_busy_threads,"{framework=""spring-boot"",language=""java"",name=""http-nio-9081"",service=""java-user-service"",}",-1.0
1790102026.656,java-user-service,jvm_gc_pause_seconds_count,"{action=""end of minor GC"",cause=""G1 Evacuation Pause"",framework=""spring-boot"",gc=""G1 Young Generation"",language=""java"",service=""java-user-service"",}",8.0
1790102026.656,java-user-service,jvm_gc_pause_seconds_sum,"{action=""end of minor GC"",cause=""G1 Evacuation Pause"",framework=""spring-boot"",gc=""G1 Young Generation"",language=""java"",service=""java-user-service"",}",0.047
1790102026.656,java-user-service,jvm_memory_used_bytes,"{area=""nonheap"",framework=""spring-boot"",id=""CodeHeap 'non-nmethods'"",language=""java"",service=""java-user-service"",}",1645696.0
1790102026.656,java-user-service,jvm_memory_used_bytes,"{area=""nonheap"",framework=""spring-boot"",id=""CodeHeap 'non-profiled nmethods'"",language=""java"",service=""java-user-service"",}",8632704.0
1790102026.656,java-user-service,jvm_memory_used_bytes,"{area=""heap"",framework=""spring-boot"",id=""G1 Survivor Space"",language=""java"",service=""java-user-service"",}",4494264.0
1790102026.656,java-user-service,jvm_memory_used_bytes,"{area=""heap"",framework=""spring-boot"",id=""G1 Old Gen"",language=""java"",service=""java-user-service"",}",39334584.0
1790102026.656,java-user-service,jvm_memory_used_bytes,"{area=""nonheap"",framework=""spring-boot"",id=""Metaspace"",language=""java"",service=""java-user-service"",}",103227160.0
1790102026.656,java-user-service,jvm_memory_used_bytes,"{area=""heap"",framework=""spring-boot"",id=""G1 Eden Space"",language=""java"",service=""java-user-service"",}",45088768.0
1790102026.656,java-user-service,jvm_memory_used_bytes,"{area=""nonheap"",framework=""spring-boot"",id=""Compressed Class Space"",language=""java"",service=""java-user-service"",}",13414008.0
1790102026.656,java-user-service,jvm_memory_used_bytes,"{area=""nonheap"",framework=""spring-boot"",id=""CodeHeap 'profiled nmethods'"",language=""java"",service=""java-user-service"",}",30118912.0
1790102026.656,java-user-service,hikaricp_connections_usage_seconds_count,"{framework=""spring-boot"",language=""java"",pool=""HikariPool-1"",service=""java-user-service"",}",890.0
1790102026.656,java-user-service,hikaricp_connections_usage_seconds_sum,"{framework=""spring-boot"",language=""java"",pool=""HikariPool-1"",service=""java-user-service"",}",50.93
1790102026.656,java-user-service,process_cpu_usage,"{framework=""spring-boot"",language=""java"",service=""java-user-service"",}",0.3701754385964912
1790102026.656,java-user-service,tomcat_threads_current_threads,"{framework=""spring-boot"",language=""java"",name=""http-nio-9081"",service=""java-user-service"",}",-1.0
1790102026.656,java-user-service,jvm_memory_committed_bytes,"{area=""nonheap"",framework=""spring-boot"",id=""CodeHeap 'non-nmethods'"",language=""java"",service=""java-user-service"",}",2555904.0
1790102026.656,java-user-service,jvm_memory_committed_bytes,"{area=""nonheap"",framework=""spring-boot"",id=""CodeHeap 'non-profiled nmethods'"",language=""java"",service=""java-user-service"",}",8650752.0
1790102026.656,java-user-service,jvm_memory_committed_bytes,"{area=""heap"",framework=""spring-boot"",id=""G1 Survivor Space"",language=""java"",service=""java-user-service"",}",5242880.0
1790102026.656,java-user-service,jvm_memory_committed_bytes,"{area=""heap"",framework=""spring-boot"",id=""G1 Old Gen"",language=""java"",service=""java-user-service"",}",42991616.0
1790102026.656,java-user-service,jvm_memory_committed_bytes,"{area=""nonheap"",framework=""spring-boot"",id=""Metaspace"",language=""java"",service=""java-user-service"",}",104202240.0
1790102026.656,java-user-service,jvm_memory_committed_bytes,"{area=""heap"",framework=""spring-boot"",id=""G1 Eden Space"",language=""java"",service=""java-user-service"",}",57671680.0
1790102026.656,java-user-service,jvm_memory_committed_bytes,"{area=""nonheap"",framework=""spring-boot"",id=""Compressed Class Space"",language=""java"",service=""java-user-service"",}",13828096.0
1790102026.656,java-user-service,jvm_memory_committed_bytes,"{area=""nonheap"",framework=""spring-boot"",id=""CodeHeap 'profiled nmethods'"",language=""java"",service=""java-user-service"",}",30146560.0
1790102026.656,java-user-service,system_cpu_usage,"{framework=""spring-boot"",language=""java"",service=""java-user-service"",}",0.3716763157894737
1790102026.656,java-user-service,hikaricp_connections_pending,"{framework=""spring-boot"",language=""java"",pool=""HikariPool-1"",service=""java-user-service"",}",0.0
1790102026.656,java-user-service,hikaricp_connections_acquire_seconds_count,"{framework=""spring-boot"",language=""java"",pool=""HikariPool-1"",service=""java-user-service"",}",890.0
1790102026.656,java-user-service,hikaricp_connections_acquire_seconds_sum,"{framework=""spring-boot"",language=""java"",pool=""HikariPool-1"",service=""java-user-service"",}",4.083425682
1790102026.656,java-user-service,tomcat_threads_config_max_threads,"{framework=""spring-boot"",language=""java"",name=""http-nio-9081"",service=""java-user-service"",}",-1.0
1790102026.656,java-user-service,hikaricp_connections_active,"{framework=""spring-boot"",language=""java"",pool=""HikariPool-1"",service=""java-user-service"",}",0.0
1790102026.656,java-product-service,jvm_memory_used_bytes,"{area=""nonheap"",id=""CodeHeap 'non-nmethods'"",language=""java"",service=""java-product-service"",}",1638144.0
1790102026.656,java-product-service,jvm_memory_used_bytes,"{area=""heap"",id=""G1 Eden Space"",language=""java"",service=""java-product-service"",}",47185920.0
1790102026.656,java-product-service,jvm_memory_used_bytes,"{area=""nonheap"",id=""Metaspace"",language=""java"",service=""java-product-service"",}",97592440.0
1790102026.656,java-product-service,jvm_memory_used_bytes,"{area=""heap"",id=""G1 Old Gen"",language=""java"",service=""java-product-service"",}",40424856.0
1790102026.656,java-product-service,jvm_memory_used_bytes,"{area=""nonheap"",id=""Compressed Class Space"",language=""java"",service=""java-product-service"",}",12928520.0
1790102026.656,java-product-service,jvm_memory_used_bytes,"{area=""heap"",id=""G1 Survivor Space"",language=""java"",service=""java-product-service"",}",1806240.0
1790102026.656,java-product-service,jvm_memory_used_bytes,"{area=""nonheap"",id=""CodeHeap 'profiled nmethods'"",language=""java"",service=""java-product-service"",}",22663424.0
1790102026.656,java-product-service,jvm_memory_used_bytes,"{area=""nonheap"",id=""CodeHeap 'non-profiled nmethods'"",language=""java"",service=""java-product-service"",}",7040000.0
1790102026.656,java-product-service,tomcat_threads_current_threads,"{language=""java"",name=""http-nio-9082"",service=""java-product-service"",}",-1.0
1790102026.656,java-product-service,hikaricp_connections_acquire_seconds_count,"{language=""java"",pool=""HikariPool-1"",service=""java-product-service"",}",285.0
1790102026.656,java-product-service,hikaricp_connections_acquire_seconds_sum,"{language=""java"",pool=""HikariPool-1"",service=""java-product-service"",}",0.235816786
1790102026.656,java-product-service,tomcat_threads_busy_threads,"{language=""java"",name=""http-nio-9082"",service=""java-product-service"",}",-1.0
1790102026.656,java-product-service,hikaricp_connections_pending,"{language=""java"",pool=""HikariPool-1"",service=""java-product-service"",}",0.0
1790102026.656,java-product-service,hikaricp_connections_active,"{language=""java"",pool=""HikariPool-1"",service=""java-product-service"",}",0.0
1790102026.656,java-product-service,tomcat_threads_config_max_threads,"{language=""java"",name=""http-nio-9082"",service=""java-product-service"",}",-1.0
1790102026.656,java-product-service,process_cpu_usage,"{language=""java"",service=""java-product-service"",}",0.06201550387596899
1790102026.656,java-product-service,system_cpu_usage,"{language=""java"",service=""java-product-service"",}",0.06542635658914729
1790102026.656,java-product-service,jvm_gc_pause_seconds_count,"{action=""end of minor GC"",cause=""G1 Evacuation Pause"",gc=""G1 Young Generation"",language=""java"",service=""java-product-service"",}",6.0
1790102026.656,java-product-service,jvm_gc_pause_seconds_sum,"{action=""end of minor GC"",cause=""G1 Evacuation Pause"",gc=""G1 Young Generation"",language=""java"",service=""java-product-service"",}",0.03
1790102026.656,java-product-service,jvm_memory_committed_bytes,"{area=""nonheap"",id=""CodeHeap 'non-nmethods'"",language=""java"",service=""java-product-service"",}",2555904.0
1790102026.656,java-product-service,jvm_memory_committed_bytes,"{area=""heap"",id=""G1 Eden Space"",language=""java"",service=""java-product-service"",}",52428800.0
1790102026.656,java-product-service,jvm_memory_committed_bytes,"{area=""nonheap"",id=""Metaspace"",language=""java"",service=""java-product-service"",}",98500608.0
1790102026.656,java-product-service,jvm_memory_committed_bytes,"{area=""heap"",id=""G1 Old Gen"",language=""java"",service=""java-product-service"",}",44040192.0
1790102026.656,java-product-service,jvm_memory_committed_bytes,"{area=""nonheap"",id=""Compressed Class Space"",language=""java"",service=""java-product-service"",}",13369344.0
1790102026.656,java-product-service,jvm_memory_committed_bytes,"{area=""heap"",id=""G1 Survivor Space"",language=""java"",service=""java-product-service"",}",2097152.0
1790102026.656,java-product-service,jvm_memory_committed_bytes,"{area=""nonheap"",id=""CodeHeap 'profiled nmethods'"",language=""java"",service=""java-product-service"",}",24051712.0
1790102026.656,java-product-service,jvm_memory_committed_bytes,"{area=""nonheap"",id=""CodeHeap 'non-profiled nmethods'"",language=""java"",service=""java-product-service"",}",7077888.0
1790102026.656,java-product-service,hikaricp_connections_usage_seconds_count,"{language=""java"",pool=""HikariPool-1"",service=""java-product-service"",}",285.0
1790102026.656,java-product-service,hikaricp_connections_usage_seconds_sum,"{language=""java"",pool=""HikariPool-1"",service=""java-product-service"",}",0.388
1790102026.656,java-order-service,system_cpu_usage,"{language=""java"",service=""java-order-service"",}",0.022406021505376343
1790102026.656,java-order-service,jvm_gc_pause_seconds_count,"{action=""end of minor GC"",cause=""G1 Evacuation Pause"",gc=""G1 Young Generation"",language=""java"",service=""java-order-service"",}",1.0
1790102026.656,java-order-service,jvm_gc_pause_seconds_sum,"{action=""end of minor GC"",cause=""G1 Evacuation Pause"",gc=""G1 Young Generation"",language=""java"",service=""java-order-service"",}",0.008
1790102026.656,java-order-service,hikaricp_connections_usage_seconds_count,"{language=""java"",pool=""HikariPool-1"",service=""java-order-service"",}",262.0
1790102026.656,java-order-service,hikaricp_connections_usage_seconds_sum,"{language=""java"",pool=""HikariPool-1"",service=""java-order-service"",}",0.002
1790102026.656,java-order-service,hikaricp_connections_active,"{language=""java"",pool=""HikariPool-1"",service=""java-order-service"",}",0.0
1790102026.656,java-order-service,tomcat_threads_config_max_threads,"{language=""java"",name=""http-nio-9083"",service=""java-order-service"",}",-1.0
1790102026.656,java-order-service,hikaricp_connections_acquire_seconds_count,"{language=""java"",pool=""HikariPool-1"",service=""java-order-service"",}",262.0
1790102026.656,java-order-service,hikaricp_connections_acquire_seconds_sum,"{language=""java"",pool=""HikariPool-1"",service=""java-order-service"",}",0.050770538
1790102026.656,java-order-service,tomcat_threads_busy_threads,"{language=""java"",name=""http-nio-9083"",service=""java-order-service"",}",-1.0
1790102026.656,java-order-service,jvm_memory_committed_bytes,"{area=""nonheap"",id=""CodeHeap 'non-profiled nmethods'"",language=""java"",service=""java-order-service"",}",4784128.0
1790102026.656,java-order-service,jvm_memory_committed_bytes,"{area=""heap"",id=""G1 Eden Space"",language=""java"",service=""java-order-service"",}",73400320.0
1790102026.656,java-order-service,jvm_memory_committed_bytes,"{area=""nonheap"",id=""CodeHeap 'profiled nmethods'"",language=""java"",service=""java-order-service"",}",16580608.0
1790102026.656,java-order-service,jvm_memory_committed_bytes,"{area=""nonheap"",id=""CodeHeap 'non-nmethods'"",language=""java"",service=""java-order-service"",}",2555904.0
1790102026.656,java-order-service,jvm_memory_committed_bytes,"{area=""heap"",id=""G1 Survivor Space"",language=""java"",service=""java-order-service"",}",6291456.0
1790102026.656,java-order-service,jvm_memory_committed_bytes,"{area=""nonheap"",id=""Compressed Class Space"",language=""java"",service=""java-order-service"",}",11141120.0
1790102026.656,java-order-service,jvm_memory_committed_bytes,"{area=""heap"",id=""G1 Old Gen"",language=""java"",service=""java-order-service"",}",46137344.0
1790102026.656,java-order-service,jvm_memory_committed_bytes,"{area=""nonheap"",id=""Metaspace"",language=""java"",service=""java-order-service"",}",80084992.0
1790102026.656,java-order-service,hikaricp_connections_pending,"{language=""java"",pool=""HikariPool-1"",service=""java-order-service"",}",0.0
1790102026.656,java-order-service,process_cpu_usage,"{language=""java"",service=""java-order-service"",}",0.020833333333333332
1790102026.656,java-order-service,tomcat_threads_current_threads,"{language=""java"",name=""http-nio-9083"",service=""java-order-service"",}",-1.0
1790102026.656,java-order-service,jvm_memory_used_bytes,"{area=""nonheap"",id=""CodeHeap 'non-profiled nmethods'"",language=""java"",service=""java-order-service"",}",4753152.0
1790102026.656,java-order-service,jvm_memory_used_bytes,"{area=""heap"",id=""G1 Eden Space"",language=""java"",service=""java-order-service"",}",35651584.0
1790102026.656,java-order-service,jvm_memory_used_bytes,"{area=""nonheap"",id=""CodeHeap 'profiled nmethods'"",language=""java"",service=""java-order-service"",}",16563968.0
1790102026.656,java-order-service,jvm_memory_used_bytes,"{area=""nonheap"",id=""CodeHeap 'non-nmethods'"",language=""java"",service=""java-order-service"",}",1617152.0
1790102026.656,java-order-service,jvm_memory_used_bytes,"{area=""heap"",id=""G1 Survivor Space"",language=""java"",service=""java-order-service"",}",5766432.0
1790102026.656,java-order-service,jvm_memory_used_bytes,"{area=""nonheap"",id=""Compressed Class Space"",language=""java"",service=""java-order-service"",}",10686528.0
1790102026.656,java-order-service,jvm_memory_used_bytes,"{area=""heap"",id=""G1 Old Gen"",language=""java"",service=""java-order-service"",}",29144680.0
1790102026.656,java-order-service,jvm_memory_used_bytes,"{area=""nonheap"",id=""Metaspace"",language=""java"",service=""java-order-service"",}",79107232.0
1790102031.698,java-user-service,tomcat_threads_busy_threads,"{framework=""spring-boot"",language=""java"",name=""http-nio-9081"",service=""java-user-service"",}",-1.0
1790102031.698,java-user-service,jvm_gc_pause_seconds_count,"{action=""end of minor GC"",cause=""G1 Evacuation Pause"",framework=""spring-boot"",gc=""G1 Young Generation"",language=""java"",service=""java-user-service"",}",9.0
1790102031.698,java-user-service,jvm_gc_pause_seconds_sum,"{action=""end of minor GC"",cause=""G1 Evacuation Pause"",framework=""spring-boot"",gc=""G1 Young Generation"",language=""java"",service=""java-user-service"",}",0.056
1790102031.698,java-user-service,jvm_memory_used_bytes,"{area=""nonheap"",framework=""spring-boot"",id=""CodeHeap 'non-nmethods'"",language=""java"",service=""java-user-service"",}",1645696.0
1790102031.698,java-user-service,jvm_memory_used_bytes,"{area=""nonheap"",framework=""spring-boot"",id=""CodeHeap 'non-profiled nmethods'"",language=""java"",service=""java-user-service"",}",8720256.0
1790102031.698,java-user-service,jvm_memory_used_bytes,"{area=""heap"",framework=""spring-boot"",id=""G1 Survivor Space"",language=""java"",service=""java-user-service"",}",5085344.0
1790102031.698,java-user-service,jvm_memory_used_bytes,"{area=""heap"",framework=""spring-boot"",id=""G1 Old Gen"",language=""java"",service=""java-user-service"",}",38358072.0
1790102031.698,java-user-service,jvm_memory_used_bytes,"{area=""nonheap"",framework=""spring-boot"",id=""Metaspace"",language=""java"",service=""java-user-service"",}",103282832.0
1790102031.698,java-user-service,jvm_memory_used_bytes,"{area=""heap"",framework=""spring-boot"",id=""G1 Eden Space"",language=""java"",service=""java-user-service"",}",1048576.0
1790102031.698,java-user-service,jvm_memory_used_bytes,"{area=""nonheap"",framework=""spring-boot"",id=""Compressed Class Space"",language=""java"",service=""java-user-service"",}",13414008.0
1790102031.698,java-user-service,jvm_memory_used_bytes,"{area=""nonheap"",framework=""spring-boot"",id=""CodeHeap 'profiled nmethods'"",language=""java"",service=""java-user-service"",}",30571904.0
1790102031.698,java-user-service,hikaricp_connections_usage_seconds_count,"{framework=""spring-boot"",language=""java"",pool=""HikariPool-1"",service=""java-user-service"",}",932.0
1790102031.698,java-user-service,hikaricp_connections_usage_seconds_sum,"{framework=""spring-boot"",language=""java"",pool=""HikariPool-1"",service=""java-user-service"",}",54.698
1790102031.698,java-user-service,process_cpu_usage,"{framework=""spring-boot"",language=""java"",service=""java-user-service"",}",0.4247619047619048
1790102031.698,java-user-service,tomcat_threads_current_threads,"{framework=""spring-boot"",language=""java"",name=""http-nio-9081"",service=""java-user-service"",}",-1.0
1790102031.698,java-user-service,jvm_memory_committed_bytes,"{area=""nonheap"",framework=""spring-boot"",id=""CodeHeap 'non-nmethods'"",language=""java"",service=""java-user-service"",}",2555904.0
1790102031.698,java-user-service,jvm_memory_committed_bytes,"{area=""nonheap"",framework=""spring-boot"",id=""CodeHeap 'non-profiled nmethods'"",language=""java"",service=""java-user-service"",}",8781824.0
1790102031.698,java-user-service,jvm_memory_committed_bytes,"{area=""heap"",framework=""spring-boot"",id=""G1 Survivor Space"",language=""java"",service=""java-user-service"",}",5242880.0
1790102031.698,java-user-service,jvm_memory_committed_bytes,"{area=""heap"",framework=""spring-boot"",id=""G1 Old Gen"",language=""java"",service=""java-user-service"",}",41943040.0
1790102031.698,java-user-service,jvm_memory_committed_bytes,"{area=""nonheap"",framework=""spring-boot"",id=""Metaspace"",language=""java"",service=""java-user-service"",}",104202240.0
1790102031.698,java-user-service,jvm_memory_committed_bytes,"{area=""heap"",framework=""spring-boot"",id=""G1 Eden Space"",language=""java"",service=""java-user-service"",}",59768832.0
1790102031.698,java-user-service,jvm_memory_committed_bytes,"{area=""nonheap"",framework=""spring-boot"",id=""Compressed Class Space"",language=""java"",service=""java-user-service"",}",13828096.0
1790102031.698,java-user-service,jvm_memory_committed_bytes,"{area=""nonheap"",framework=""spring-boot"",id=""CodeHeap 'profiled nmethods'"",language=""java"",service=""java-user-service"",}",30605312.0
1790102031.698,java-user-service,system_cpu_usage,"{framework=""spring-boot"",language=""java"",service=""java-user-service"",}",0.4248662857142857
1790102031.698,java-user-service,hikaricp_connections_pending,"{framework=""spring-boot"",language=""java"",pool=""HikariPool-1"",service=""java-user-service"",}",0.0
1790102031.698,java-user-service,hikaricp_connections_acquire_seconds_count,"{framework=""spring-boot"",language=""java"",pool=""HikariPool-1"",service=""java-user-service"",}",938.0
1790102031.698,java-user-service,hikaricp_connections_acquire_seconds_sum,"{framework=""spring-boot"",language=""java"",pool=""HikariPool-1"",service=""java-user-service"",}",4.697428349
1790102031.698,java-user-service,tomcat_threads_config_max_threads,"{framework=""spring-boot"",language=""java"",name=""http-nio-9081"",service=""java-user-service"",}",-1.0
1790102031.698,java-user-service,hikaricp_connections_active,"{framework=""spring-boot"",language=""java"",pool=""HikariPool-1"",service=""java-user-service"",}",6.0
1790102031.698,java-product-service,jvm_memory_used_bytes,"{area=""nonheap"",id=""CodeHeap 'non-nmethods'"",language=""java"",service=""java-product-service"",}",1638144.0
1790102031.698,java-product-service,jvm_memory_used_bytes,"{area=""heap"",id=""G1 Eden Space"",language=""java"",service=""java-product-service"",}",10485760.0
1790102031.698,java-product-service,jvm_memory_used_bytes,"{area=""nonheap"",id=""Metaspace"",language=""java"",service=""java-product-service"",}",97619240.0
1790102031.698,java-product-service,jvm_memory_used_bytes,"{area=""heap"",id=""G1 Old Gen"",language=""java"",service=""java-product-service"",}",40424856.0
1790102031.698,java-product-service,jvm_memory_used_bytes,"{area=""nonheap"",id=""Compressed Class Space"",language=""java"",service=""java-product-service"",}",12928520.0
1790102031.698,java-product-service,jvm_memory_used_bytes,"{area=""heap"",id=""G1 Survivor Space"",language=""java"",service=""java-product-service"",}",2095376.0
1790102031.698,java-product-service,jvm_memory_used_bytes,"{area=""nonheap"",id=""CodeHeap 'profiled nmethods'"",language=""java"",service=""java-product-service"",}",22782976.0
1790102031.698,java-product-service,jvm_memory_used_bytes,"{area=""nonheap"",id=""CodeHeap 'non-profiled nmethods'"",language=""java"",service=""java-product-service"",}",7103232.0
1790102031.698,java-product-service,tomcat_threads_current_threads,"{language=""java"",name=""http-nio-9082"",service=""java-product-service"",}",-1.0
1790102031.698,java-product-service,hikaricp_connections_acquire_seconds_count,"{language=""java"",pool=""HikariPool-1"",service=""java-product-service"",}",303.0
1790102031.698,java-product-service,hikaricp_connections_acquire_seconds_sum,"{language=""java"",pool=""HikariPool-1"",service=""java-product-service"",}",0.238937868
1790102031.698,java-product-service,tomcat_threads_busy_threads,"{language=""java"",name=""http-nio-9082"",service=""java-product-service"",}",-1.0
1790102031.698,java-product-service,hikaricp_connections_pending,"{language=""java"",pool=""HikariPool-1"",service=""java-product-service"",}",0.0
1790102031.698,java-product-service,hikaricp_connections_active,"{language=""java"",pool=""HikariPool-1"",service=""java-product-service"",}",0.0
1790102031.698,java-product-service,tomcat_threads_config_max_threads,"{language=""java"",name=""http-nio-9082"",service=""java-product-service"",}",-1.0
1790102031.698,java-product-service,process_cpu_usage,"{language=""java"",service=""java-product-service"",}",0.03971631205673759
1790102031.698,java-product-service,system_cpu_usage,"{language=""java"",service=""java-product-service"",}",0.03961900709219858
1790102031.698,java-product-service,jvm_gc_pause_seconds_count,"{action=""end of minor GC"",cause=""G1 Evacuation Pause"",gc=""G1 Young Generation"",language=""java"",service=""java-product-service"",}",7.0
1790102031.698,java-product-service,jvm_gc_pause_seconds_sum,"{action=""end of minor GC"",cause=""G1 Evacuation Pause"",gc=""G1 Young Generation"",language=""java"",service=""java-product-service"",}",0.033
1790102031.698,java-product-service,jvm_memory_committed_bytes,"{area=""nonheap"",id=""CodeHeap 'non-nmethods'"",language=""java"",service=""java-product-service"",}",2555904.0
1790102031.698,java-product-service,jvm_memory_committed_bytes,"{area=""heap"",id=""G1 Eden Space"",language=""java"",service=""java-product-service"",}",52428800.0
1790102031.698,java-product-service,jvm_memory_committed_bytes,"{area=""nonheap"",id=""Metaspace"",language=""java"",service=""java-product-service"",}",98566144.0
1790102031.698,java-product-service,jvm_memory_committed_bytes,"{area=""heap"",id=""G1 Old Gen"",language=""java"",service=""java-product-service"",}",44040192.0
1790102031.698,java-product-service,jvm_memory_committed_bytes,"{area=""nonheap"",id=""Compressed Class Space"",language=""java"",service=""java-product-service"",}",13369344.0
1790102031.698,java-product-service,jvm_memory_committed_bytes,"{area=""heap"",id=""G1 Survivor Space"",language=""java"",service=""java-product-service"",}",2097152.0
1790102031.698,java-product-service,jvm_memory_committed_bytes,"{area=""nonheap"",id=""CodeHeap 'profiled nmethods'"",language=""java"",service=""java-product-service"",}",24051712.0
1790102031.698,java-product-service,jvm_memory_committed_bytes,"{area=""nonheap"",id=""CodeHeap 'non-profiled nmethods'"",language=""java"",service=""java-product-service"",}",7143424.0
1790102031.698,java-product-service,hikaricp_connections_usage_seconds_count,"{language=""java"",pool=""HikariPool-1"",service=""java-product-service"",}",303.0
1790102031.698,java-product-service,hikaricp_connections_usage_seconds_sum,"{language=""java"",pool=""HikariPool-1"",service=""java-product-service"",}",0.388
1790102031.698,java-order-service,system_cpu_usage,"{language=""java"",service=""java-order-service"",}",0.02278809523809524
1790102031.698,java-order-service,jvm_gc_pause_seconds_count,"{action=""end of minor GC"",cause=""G1 Evacuation Pause"",gc=""G1 Young Generation"",language=""java"",service=""java-order-service"",}",1.0
1790102031.698,java-order-service,jvm_gc_pause_seconds_sum,"{action=""end of minor GC"",cause=""G1 Evacuation Pause"",gc=""G1 Young Generation"",language=""java"",service=""java-order-service"",}",0.008
1790102031.698,java-order-service,hikaricp_connections_usage_seconds_count,"{language=""java"",pool=""HikariPool-1"",service=""java-order-service"",}",282.0
1790102031.698,java-order-service,hikaricp_connections_usage_seconds_sum,"{language=""java"",pool=""HikariPool-1"",service=""java-order-service"",}",0.002
1790102031.698,java-order-service,hikaricp_connections_active,"{language=""java"",pool=""HikariPool-1"",service=""java-order-service"",}",0.0
1790102031.698,java-order-service,tomcat_threads_config_max_threads,"{language=""java"",name=""http-nio-9083"",service=""java-order-service"",}",-1.0
1790102031.698,java-order-service,hikaricp_connections_acquire_seconds_count,"{language=""java"",pool=""HikariPool-1"",service=""java-order-service"",}",282.0
1790102031.698,java-order-service,hikaricp_connections_acquire_seconds_sum,"{language=""java"",pool=""HikariPool-1"",service=""java-order-service"",}",0.054119288
1790102031.698,java-order-service,tomcat_threads_busy_threads,"{language=""java"",name=""http-nio-9083"",service=""java-order-service"",}",-1.0
1790102031.698,java-order-service,jvm_memory_committed_bytes,"{area=""nonheap"",id=""CodeHeap 'non-profiled nmethods'"",language=""java"",service=""java-order-service"",}",4784128.0
1790102031.698,java-order-service,jvm_memory_committed_bytes,"{area=""heap"",id=""G1 Eden Space"",language=""java"",service=""java-order-service"",}",73400320.0
1790102031.698,java-order-service,jvm_memory_committed_bytes,"{area=""nonheap"",id=""CodeHeap 'profiled nmethods'"",language=""java"",service=""java-order-service"",}",16711680.0
1790102031.698,java-order-service,jvm_memory_committed_bytes,"{area=""nonheap"",id=""CodeHeap 'non-nmethods'"",language=""java"",service=""java-order-service"",}",2555904.0
1790102031.698,java-order-service,jvm_memory_committed_bytes,"{area=""heap"",id=""G1 Survivor Space"",language=""java"",service=""java-order-service"",}",6291456.0
1790102031.698,java-order-service,jvm_memory_committed_bytes,"{area=""nonheap"",id=""Compressed Class Space"",language=""java"",service=""java-order-service"",}",11141120.0
1790102031.698,java-order-service,jvm_memory_committed_bytes,"{area=""heap"",id=""G1 Old Gen"",language=""java"",service=""java-order-service"",}",46137344.0
1790102031.698,java-order-service,jvm_memory_committed_bytes,"{area=""nonheap"",id=""Metaspace"",language=""java"",service=""java-order-service"",}",80084992.0
1790102031.698,java-order-service,hikaricp_connections_pending,"{language=""java"",pool=""HikariPool-1"",service=""java-order-service"",}",0.0
1790102031.698,java-order-service,process_cpu_usage,"{language=""java"",service=""java-order-service"",}",0.019753086419753086
1790102031.698,java-order-service,tomcat_threads_current_threads,"{language=""java"",name=""http-nio-9083"",service=""java-order-service"",}",-1.0
1790102031.698,java-order-service,jvm_memory_used_bytes,"{area=""nonheap"",id=""CodeHeap 'non-profiled nmethods'"",language=""java"",service=""java-order-service"",}",4769408.0
1790102031.698,java-order-service,jvm_memory_used_bytes,"{area=""heap"",id=""G1 Eden Space"",language=""java"",service=""java-order-service"",}",37748736.0
1790102031.698,java-order-service,jvm_memory_used_bytes,"{area=""nonheap"",id=""CodeHeap 'profiled nmethods'"",language=""java"",service=""java-order-service"",}",16664192.0
1790102031.698,java-order-service,jvm_memory_used_bytes,"{area=""nonheap"",id=""CodeHeap 'non-nmethods'"",language=""java"",service=""java-order-service"",}",1610368.0
1790102031.698,java-order-service,jvm_memory_used_bytes,"{area=""heap"",id=""G1 Survivor Space"",language=""java"",service=""java-order-service"",}",5766432.0
1790102031.698,java-order-service,jvm_memory_used_bytes,"{area=""nonheap"",id=""Compressed Class Space"",language=""java"",service=""java-order-service"",}",10687056.0
1790102031.698,java-order-service,jvm_memory_used_bytes,"{area=""heap"",id=""G1 Old Gen"",language=""java"",service=""java-order-service"",}",29144680.0
1790102031.698,java-order-service,jvm_memory_used_bytes,"{area=""nonheap"",id=""Metaspace"",language=""java"",service=""java-order-service"",}",79134800.0
1790102036.875,java-user-service,tomcat_threads_busy_threads,"{framework=""spring-boot"",language=""java"",name=""http-nio-9081"",service=""java-user-service"",}",-1.0
1790102036.875,java-user-service,jvm_gc_pause_seconds_count,"{action=""end of minor GC"",cause=""G1 Evacuation Pause"",framework=""spring-boot"",gc=""G1 Young Generation"",language=""java"",service=""java-user-service"",}",9.0
1790102036.875,java-user-service,jvm_gc_pause_seconds_sum,"{action=""end of minor GC"",cause=""G1 Evacuation Pause"",framework=""spring-boot"",gc=""G1 Young Generation"",language=""java"",service=""java-user-service"",}",0.056
1790102036.875,java-user-service,jvm_memory_used_bytes,"{area=""nonheap"",framework=""spring-boot"",id=""CodeHeap 'non-nmethods'"",language=""java"",service=""java-user-service"",}",1645696.0
1790102036.875,java-user-service,jvm_memory_used_bytes,"{area=""nonheap"",framework=""spring-boot"",id=""CodeHeap 'non-profiled nmethods'"",language=""java"",service=""java-user-service"",}",8759296.0
1790102036.875,java-user-service,jvm_memory_used_bytes,"{area=""heap"",framework=""spring-boot"",id=""G1 Survivor Space"",language=""java"",service=""java-user-service"",}",5085344.0
1790102036.875,java-user-service,jvm_memory_used_bytes,"{area=""heap"",framework=""spring-boot"",id=""G1 Old Gen"",language=""java"",service=""java-user-service"",}",38358072.0
1790102036.875,java-user-service,jvm_memory_used_bytes,"{area=""nonheap"",framework=""spring-boot"",id=""Metaspace"",language=""java"",service=""java-user-service"",}",103298936.0
1790102036.875,java-user-service,jvm_memory_used_bytes,"{area=""heap"",framework=""spring-boot"",id=""G1 Eden Space"",language=""java"",service=""java-user-service"",}",8388608.0
1790102036.875,java-user-service,jvm_memory_used_bytes,"{area=""nonheap"",framework=""spring-boot"",id=""Compressed Class Space"",language=""java"",service=""java-user-service"",}",13414008.0
1790102036.875,java-user-service,jvm_memory_used_bytes,"{area=""nonheap"",framework=""spring-boot"",id=""CodeHeap 'profiled nmethods'"",language=""java"",service=""java-user-service"",}",30732928.0
1790102036.875,java-user-service,hikaricp_connections_usage_seconds_count,"{framework=""spring-boot"",language=""java"",pool=""HikariPool-1"",service=""java-user-service"",}",980.0
1790102036.875,java-user-service,hikaricp_connections_usage_seconds_sum,"{framework=""spring-boot"",language=""java"",pool=""HikariPool-1"",service=""java-user-service"",}",60.147
1790102036.875,java-user-service,process_cpu_usage,"{framework=""spring-boot"",language=""java"",service=""java-user-service"",}",0.3296296296296296
1790102036.875,java-user-service,tomcat_threads_current_threads,"{framework=""spring-boot"",language=""java"",name=""http-nio-9081"",service=""java-user-service"",}",-1.0
1790102036.875,java-user-service,jvm_memory_committed_bytes,"{area=""nonheap"",framework=""spring-boot"",id=""CodeHeap 'non-nmethods'"",language=""java"",service=""java-user-service"",}",2555904.0
1790102036.875,java-user-service,jvm_memory_committed_bytes,"{area=""nonheap"",framework=""spring-boot"",id=""CodeHeap 'non-profiled nmethods'"",language=""java"",service=""java-user-service"",}",8781824.0
1790102036.875,java-user-service,jvm_memory_committed_bytes,"{area=""heap"",framework=""spring-boot"",id=""G1 Survivor Space"",language=""java"",service=""java-user-service"",}",5242880.0
1790102036.875,java-user-service,jvm_memory_committed_bytes,"{area=""heap"",framework=""spring-boot"",id=""G1 Old Gen"",language=""java"",service=""java-user-service"",}",41943040.0
1790102036.875,java-user-service,jvm_memory_committed_bytes,"{area=""nonheap"",framework=""spring-boot"",id=""Metaspace"",language=""java"",service=""java-user-service"",}",104202240.0
1790102036.875,java-user-service,jvm_memory_committed_bytes,"{area=""heap"",framework=""spring-boot"",id=""G1 Eden Space"",language=""java"",service=""java-user-service"",}",59768832.0
1790102036.875,java-user-service,jvm_memory_committed_bytes,"{area=""nonheap"",framework=""spring-boot"",id=""Compressed Class Space"",language=""java"",service=""java-user-service"",}",13828096.0
1790102036.875,java-user-service,jvm_memory_committed_bytes,"{area=""nonheap"",framework=""spring-boot"",id=""CodeHeap 'profiled nmethods'"",language=""java"",service=""java-user-service"",}",30801920.0
1790102036.875,java-user-service,system_cpu_usage,"{framework=""spring-boot"",language=""java"",service=""java-user-service"",}",0.33368296296296296
1790102036.875,java-user-service,hikaricp_connections_pending,"{framework=""spring-boot"",language=""java"",pool=""HikariPool-1"",service=""java-user-service"",}",0.0
1790102036.875,java-user-service,hikaricp_connections_acquire_seconds_count,"{framework=""spring-boot"",language=""java"",pool=""HikariPool-1"",service=""java-user-service"",}",982.0
1790102036.875,java-user-service,hikaricp_connections_acquire_seconds_sum,"{framework=""spring-boot"",language=""java"",pool=""HikariPool-1"",service=""java-user-service"",}",4.935955599
1790102036.875,java-user-service,tomcat_threads_config_max_threads,"{framework=""spring-boot"",language=""java"",name=""http-nio-9081"",service=""java-user-service"",}",-1.0
1790102036.875,java-user-service,hikaricp_connections_active,"{framework=""spring-boot"",language=""java"",pool=""HikariPool-1"",service=""java-user-service"",}",6.0
1790102036.875,java-product-service,jvm_memory_used_bytes,"{area=""nonheap"",id=""CodeHeap 'non-nmethods'"",language=""java"",service=""java-product-service"",}",1638144.0
1790102036.875,java-product-service,jvm_memory_used_bytes,"{area=""heap"",id=""G1 Eden Space"",language=""java"",service=""java-product-service"",}",24117248.0
1790102036.875,java-product-service,jvm_memory_used_bytes,"{area=""nonheap"",id=""Metaspace"",language=""java"",service=""java-product-service"",}",97647640.0
1790102036.875,java-product-service,jvm_memory_used_bytes,"{area=""heap"",id=""G1 Old Gen"",language=""java"",service=""java-product-service"",}",40424856.0
1790102036.875,java-product-service,jvm_memory_used_bytes,"{area=""nonheap"",id=""Compressed Class Space"",language=""java"",service=""java-product-service"",}",12928520.0
1790102036.875,java-product-service,jvm_memory_used_bytes,"{area=""heap"",id=""G1 Survivor Space"",language=""java"",service=""java-product-service"",}",2095376.0
1790102036.875,java-product-service,jvm_memory_used_bytes,"{area=""nonheap"",id=""CodeHeap 'profiled nmethods'"",language=""java"",service=""java-product-service"",}",22907904.0
1790102036.875,java-product-service,jvm_memory_used_bytes,"{area=""nonheap"",id=""CodeHeap 'non-profiled nmethods'"",language=""java"",service=""java-product-service"",}",7143040.0
1790102036.875,java-product-service,tomcat_threads_current_threads,"{language=""java"",name=""http-nio-9082"",service=""java-product-service"",}",-1.0
1790102036.875,java-product-service,hikaricp_connections_acquire_seconds_count,"{language=""java"",pool=""HikariPool-1"",service=""java-product-service"",}",321.0
1790102036.875,java-product-service,hikaricp_connections_acquire_seconds_sum,"{language=""java"",pool=""HikariPool-1"",service=""java-product-service"",}",0.24183895
1790102036.875,java-product-service,tomcat_threads_busy_threads,"{language=""java"",name=""http-nio-9082"",service=""java-product-service"",}",-1.0
1790102036.875,java-product-service,hikaricp_connections_pending,"{language=""java"",pool=""HikariPool-1"",service=""java-product-service"",}",0.0
1790102036.875,java-product-service,hikaricp_connections_active,"{language=""java"",pool=""HikariPool-1"",service=""java-product-service"",}",0.0
1790102036.875,java-product-service,tomcat_threads_config_max_threads,"{language=""java"",name=""http-nio-9082"",service=""java-product-service"",}",-1.0
1790102036.875,java-product-service,process_cpu_usage,"{language=""java"",service=""java-product-service"",}",0.04715447154471545
1790102036.875,java-product-service,system_cpu_usage,"{language=""java"",service=""java-product-service"",}",0.0501219512195122
1790102036.875,java-product-service,jvm_gc_pause_seconds_count,"{action=""end of minor GC"",cause=""G1 Evacuation Pause"",gc=""G1 Young Generation"",language=""java"",service=""java-product-service"",}",7.0
1790102036.875,java-product-service,jvm_gc_pause_seconds_sum,"{action=""end of minor GC"",cause=""G1 Evacuation Pause"",gc=""G1 Young Generation"",language=""java"",service=""java-product-service"",}",0.033
1790102036.875,java-product-service,jvm_memory_committed_bytes,"{area=""nonheap"",id=""CodeHeap 'non-nmethods'"",language=""java"",service=""java-product-service"",}",2555904.0
1790102036.875,java-product-service,jvm_memory_committed_bytes,"{area=""heap"",id=""G1 Eden Space"",language=""java"",service=""java-product-service"",}",52428800.0
1790102036.875,java-product-service,jvm_memory_committed_bytes,"{area=""nonheap"",id=""Metaspace"",language=""java"",service=""java-product-service"",}",98631680.0
1790102036.875,java-product-service,jvm_memory_committed_bytes,"{area=""heap"",id=""G1 Old Gen"",language=""java"",service=""java-product-service"",}",44040192.0
1790102036.875,java-product-service,jvm_memory_committed_bytes,"{area=""nonheap"",id=""Compressed Class Space"",language=""java"",service=""java-product-service"",}",13369344.0
1790102036.875,java-product-service,jvm_memory_committed_bytes,"{area=""heap"",id=""G1 Survivor Space"",language=""java"",service=""java-product-service"",}",2097152.0
1790102036.875,java-product-service,jvm_memory_committed_bytes,"{area=""nonheap"",id=""CodeHeap 'profiled nmethods'"",language=""java"",service=""java-product-service"",}",24051712.0
1790102036.875,java-product-service,jvm_memory_committed_bytes,"{area=""nonheap"",id=""CodeHeap 'non-profiled nmethods'"",language=""java"",service=""java-product-service"",}",7208960.0
1790102036.875,java-product-service,hikaricp_connections_usage_seconds_count,"{language=""java"",pool=""HikariPool-1"",service=""java-product-service"",}",321.0
1790102036.875,java-product-service,hikaricp_connections_usage_seconds_sum,"{language=""java"",pool=""HikariPool-1"",service=""java-product-service"",}",0.388
1790102036.875,java-order-service,system_cpu_usage,"{language=""java"",service=""java-order-service"",}",0.018843809523809523
1790102036.875,java-order-service,jvm_gc_pause_seconds_count,"{action=""end of minor GC"",cause=""G1 Evacuation Pause"",gc=""G1 Young Generation"",language=""java"",service=""java-order-service"",}",1.0
1790102036.875,java-order-service,jvm_gc_pause_seconds_sum,"{action=""end of minor GC"",cause=""G1 Evacuation Pause"",gc=""G1 Young Generation"",language=""java"",service=""java-order-service"",}",0.008
1790102036.875,java-order-service,hikaricp_connections_usage_seconds_count,"{language=""java"",pool=""HikariPool-1"",service=""java-order-service"",}",298.0
1790102036.875,java-order-service,hikaricp_connections_usage_seconds_sum,"{language=""java"",pool=""HikariPool-1"",service=""java-order-service"",}",0.002
1790102036.875,java-order-service,hikaricp_connections_active,"{language=""java"",pool=""HikariPool-1"",service=""java-order-service"",}",0.0
1790102036.875,java-order-service,tomcat_threads_config_max_threads,"{language=""java"",name=""http-nio-9083"",service=""java-order-service"",}",-1.0
1790102036.875,java-order-service,hikaricp_connections_acquire_seconds_count,"{language=""java"",pool=""HikariPool-1"",service=""java-order-service"",}",298.0
1790102036.875,java-order-service,hikaricp_connections_acquire_seconds_sum,"{language=""java"",pool=""HikariPool-1"",service=""java-order-service"",}",0.057270873
1790102036.875,java-order-service,tomcat_threads_busy_threads,"{language=""java"",name=""http-nio-9083"",service=""java-order-service"",}",-1.0
1790102036.875,java-order-service,jvm_memory_committed_bytes,"{area=""nonheap"",id=""CodeHeap 'non-profiled nmethods'"",language=""java"",service=""java-order-service"",}",4849664.0
1790102036.875,java-order-service,jvm_memory_committed_bytes,"{area=""heap"",id=""G1 Eden Space"",language=""java"",service=""java-order-service"",}",73400320.0
1790102036.875,java-order-service,jvm_memory_committed_bytes,"{area=""nonheap"",id=""CodeHeap 'profiled nmethods'"",language=""java"",service=""java-order-service"",}",16842752.0
1790102036.875,java-order-service,jvm_memory_committed_bytes,"{area=""nonheap"",id=""CodeHeap 'non-nmethods'"",language=""java"",service=""java-order-service"",}",2555904.0
1790102036.875,java-order-service,jvm_memory_committed_bytes,"{area=""heap"",id=""G1 Survivor Space"",language=""java"",service=""java-order-service"",}",6291456.0
1790102036.875,java-order-service,jvm_memory_committed_bytes,"{area=""nonheap"",id=""Compressed Class Space"",language=""java"",service=""java-order-service"",}",11141120.0
1790102036.875,java-order-service,jvm_memory_committed_bytes,"{area=""heap"",id=""G1 Old Gen"",language=""java"",service=""java-order-service"",}",46137344.0
1790102036.875,java-order-service,jvm_memory_committed_bytes,"{area=""nonheap"",id=""Metaspace"",language=""java"",service=""java-order-service"",}",80084992.0
1790102036.875,java-order-service,hikaricp_connections_pending,"{language=""java"",pool=""HikariPool-1"",service=""java-order-service"",}",0.0
1790102036.875,java-order-service,process_cpu_usage,"{language=""java"",service=""java-order-service"",}",0.016666666666666666
1790102036.875,java-order-service,tomcat_threads_current_threads,"{language=""java"",name=""http-nio-9083"",service=""java-order-service"",}",-1.0
1790102036.875,java-order-service,jvm_memory_used_bytes,"{area=""nonheap"",id=""CodeHeap 'non-profiled nmethods'"",language=""java"",service=""java-order-service"",}",4790656.0
1790102036.875,java-order-service,jvm_memory_used_bytes,"{area=""heap"",id=""G1 Eden Space"",language=""java"",service=""java-order-service"",}",38797312.0
1790102036.875,java-order-service,jvm_memory_used_bytes,"{area=""nonheap"",id=""CodeHeap 'profiled nmethods'"",language=""java"",service=""java-order-service"",}",16779264.0
1790102036.875,java-order-service,jvm_memory_used_bytes,"{area=""nonheap"",id=""CodeHeap 'non-nmethods'"",language=""java"",service=""java-order-service"",}",1610368.0
1790102036.875,java-order-service,jvm_memory_used_bytes,"{area=""heap"",id=""G1 Survivor Space"",language=""java"",service=""java-order-service"",}",5766432.0
1790102036.875,java-order-service,jvm_memory_used_bytes,"{area=""nonheap"",id=""Compressed Class Space"",language=""java"",service=""java-order-service"",}",10687056.0
1790102036.875,java-order-service,jvm_memory_used_bytes,"{area=""heap"",id=""G1 Old Gen"",language=""java"",service=""java-order-service"",}",29144680.0
1790102036.875,java-order-service,jvm_memory_used_bytes,"{area=""nonheap"",id=""Metaspace"",language=""java"",service=""java-order-service"",}",79151384.0
1790102041.932,java-user-service,tomcat_threads_busy_threads,"{framework=""spring-boot"",language=""java"",name=""http-nio-9081"",service=""java-user-service"",}",-1.0
1790102041.932,java-user-service,jvm_gc_pause_seconds_count,"{action=""end of minor GC"",cause=""G1 Evacuation Pause"",framework=""spring-boot"",gc=""G1 Young Generation"",language=""java"",service=""java-user-service"",}",9.0
1790102041.932,java-user-service,jvm_gc_pause_seconds_sum,"{action=""end of minor GC"",cause=""G1 Evacuation Pause"",framework=""spring-boot"",gc=""G1 Young Generation"",language=""java"",service=""java-user-service"",}",0.056
1790102041.932,java-user-service,jvm_memory_used_bytes,"{area=""nonheap"",framework=""spring-boot"",id=""CodeHeap 'non-nmethods'"",language=""java"",service=""java-user-service"",}",1645696.0
1790102041.932,java-user-service,jvm_memory_used_bytes,"{area=""nonheap"",framework=""spring-boot"",id=""CodeHeap 'non-profiled nmethods'"",language=""java"",service=""java-user-service"",}",8842496.0
1790102041.932,java-user-service,jvm_memory_used_bytes,"{area=""heap"",framework=""spring-boot"",id=""G1 Survivor Space"",language=""java"",service=""java-user-service"",}",5085344.0
1790102041.932,java-user-service,jvm_memory_used_bytes,"{area=""heap"",framework=""spring-boot"",id=""G1 Old Gen"",language=""java"",service=""java-user-service"",}",38358072.0
1790102041.932,java-user-service,jvm_memory_used_bytes,"{area=""nonheap"",framework=""spring-boot"",id=""Metaspace"",language=""java"",service=""java-user-service"",}",103315152.0
1790102041.932,java-user-service,jvm_memory_used_bytes,"{area=""heap"",framework=""spring-boot"",id=""G1 Eden Space"",language=""java"",service=""java-user-service"",}",16777216.0
1790102041.932,java-user-service,jvm_memory_used_bytes,"{area=""nonheap"",framework=""spring-boot"",id=""Compressed Class Space"",language=""java"",service=""java-user-service"",}",13414008.0
1790102041.932,java-user-service,jvm_memory_used_bytes,"{area=""nonheap"",framework=""spring-boot"",id=""CodeHeap 'profiled nmethods'"",language=""java"",service=""java-user-service"",}",30823936.0
1790102041.932,java-user-service,hikaricp_connections_usage_seconds_count,"{framework=""spring-boot"",language=""java"",pool=""HikariPool-1"",service=""java-user-service"",}",1028.0
1790102041.932,java-user-service,hikaricp_connections_usage_seconds_sum,"{framework=""spring-boot"",language=""java"",pool=""HikariPool-1"",service=""java-user-service"",}",65.185
1790102041.932,java-user-service,process_cpu_usage,"{framework=""spring-boot"",language=""java"",service=""java-user-service"",}",0.36333333333333334
1790102041.932,java-user-service,tomcat_threads_current_threads,"{framework=""spring-boot"",language=""java"",name=""http-nio-9081"",service=""java-user-service"",}",-1.0
1790102041.932,java-user-service,jvm_memory_committed_bytes,"{area=""nonheap"",framework=""spring-boot"",id=""CodeHeap 'non-nmethods'"",language=""java"",service=""java-user-service"",}",2555904.0
1790102041.932,java-user-service,jvm_memory_committed_bytes,"{area=""nonheap"",framework=""spring-boot"",id=""CodeHeap 'non-profiled nmethods'"",language=""java"",service=""java-user-service"",}",8847360.0
1790102041.932,java-user-service,jvm_memory_committed_bytes,"{area=""heap"",framework=""spring-boot"",id=""G1 Survivor Space"",language=""java"",service=""java-user-service"",}",5242880.0
1790102041.932,java-user-service,jvm_memory_committed_bytes,"{area=""heap"",framework=""spring-boot"",id=""G1 Old Gen"",language=""java"",service=""java-user-service"",}",41943040.0
1790102041.932,java-user-service,jvm_memory_committed_bytes,"{area=""nonheap"",framework=""spring-boot"",id=""Metaspace"",language=""java"",service=""java-user-service"",}",104267776.0
1790102041.932,java-user-service,jvm_memory_committed_bytes,"{area=""heap"",framework=""spring-boot"",id=""G1 Eden Space"",language=""java"",service=""java-user-service"",}",59768832.0
1790102041.932,java-user-service,jvm_memory_committed_bytes,"{area=""nonheap"",framework=""spring-boot"",id=""Compressed Class Space"",language=""java"",service=""java-user-service"",}",13828096.0
1790102041.932,java-user-service,jvm_memory_committed_bytes,"{area=""nonheap"",framework=""spring-boot"",id=""CodeHeap 'profiled nmethods'"",language=""java"",service=""java-user-service"",}",30867456.0
1790102041.932,java-user-service,system_cpu_usage,"{framework=""spring-boot"",language=""java"",service=""java-user-service"",}",0.3628245
1790102041.932,java-user-service,hikaricp_connections_pending,"{framework=""spring-boot"",language=""java"",pool=""HikariPool-1"",service=""java-user-service"",}",0.0
1790102041.932,java-user-service,hikaricp_connections_acquire_seconds_count,"{framework=""spring-boot"",language=""java"",pool=""HikariPool-1"",service=""java-user-service"",}",1028.0
1790102041.932,java-user-service,hikaricp_connections_acquire_seconds_sum,"{framework=""spring-boot"",language=""java"",pool=""HikariPool-1"",service=""java-user-service"",}",6.005714433
1790102041.932,java-user-service,tomcat_threads_config_max_threads,"{framework=""spring-boot"",language=""java"",name=""http-nio-9081"",service=""java-user-service"",}",-1.0
1790102041.932,java-user-service,hikaricp_connections_active,"{framework=""spring-boot"",language=""java"",pool=""HikariPool-1"",service=""java-user-service"",}",0.0
1790102041.932,java-product-service,jvm_memory_used_bytes,"{area=""nonheap"",id=""CodeHeap 'non-nmethods'"",language=""java"",service=""java-product-service"",}",1638144.0
1790102041.932,java-product-service,jvm_memory_used_bytes,"{area=""heap"",id=""G1 Eden Space"",language=""java"",service=""java-product-service"",}",36700160.0
1790102041.932,java-product-service,jvm_memory_used_bytes,"{area=""nonheap"",id=""Metaspace"",language=""java"",service=""java-product-service"",}",97659240.0
1790102041.932,java-product-service,jvm_memory_used_bytes,"{area=""heap"",id=""G1 Old Gen"",language=""java"",service=""java-product-service"",}",40424856.0
1790102041.932,java-product-service,jvm_memory_used_bytes,"{area=""nonheap"",id=""Compressed Class Space"",language=""java"",service=""java-product-service"",}",12928520.0
1790102041.932,java-product-service,jvm_memory_used_bytes,"{area=""heap"",id=""G1 Survivor Space"",language=""java"",service=""java-product-service"",}",2095376.0
1790102041.932,java-product-service,jvm_memory_used_bytes,"{area=""nonheap"",id=""CodeHeap 'profiled nmethods'"",language=""java"",service=""java-product-service"",}",22954752.0
1790102041.932,java-product-service,jvm_memory_used_bytes,"{area=""nonheap"",id=""CodeHeap 'non-profiled nmethods'"",language=""java"",service=""java-product-service"",}",7198592.0
1790102041.932,java-product-service,tomcat_threads_current_threads,"{language=""java"",name=""http-nio-9082"",service=""java-product-service"",}",-1.0
1790102041.932,java-product-service,hikaricp_connections_acquire_seconds_count,"{language=""java"",pool=""HikariPool-1"",service=""java-product-service"",}",339.0
1790102041.932,java-product-service,hikaricp_connections_acquire_seconds_sum,"{language=""java"",pool=""HikariPool-1"",service=""java-product-service"",}",0.24501495
1790102041.932,java-product-service,tomcat_threads_busy_threads,"{language=""java"",name=""http-nio-9082"",service=""java-product-service"",}",-1.0
1790102041.932,java-product-service,hikaricp_connections_pending,"{language=""java"",pool=""HikariPool-1"",service=""java-product-service"",}",0.0
1790102041.932,java-product-service,hikaricp_connections_active,"{language=""java"",pool=""HikariPool-1"",service=""java-product-service"",}",0.0
1790102041.932,java-product-service,tomcat_threads_config_max_threads,"{language=""java"",name=""http-nio-9082"",service=""java-product-service"",}",-1.0
1790102041.932,java-product-service,process_cpu_usage,"{language=""java"",service=""java-product-service"",}",0.04806201550387597
1790102041.932,java-product-service,system_cpu_usage,"{language=""java"",service=""java-product-service"",}",0.047316899224806204
1790102041.932,java-product-service,jvm_gc_pause_seconds_count,"{action=""end of minor GC"",cause=""G1 Evacuation Pause"",gc=""G1 Young Generation"",language=""java"",service=""java-product-service"",}",7.0
1790102041.932,java-product-service,jvm_gc_pause_seconds_sum,"{action=""end of minor GC"",cause=""G1 Evacuation Pause"",gc=""G1 Young Generation"",language=""java"",service=""java-product-service"",}",0.033
1790102041.932,java-product-service,jvm_memory_committed_bytes,"{area=""nonheap"",id=""CodeHeap 'non-nmethods'"",language=""java"",service=""java-product-service"",}",2555904.0
1790102041.932,java-product-service,jvm_memory_committed_bytes,"{area=""heap"",id=""G1 Eden Space"",language=""java"",service=""java-product-service"",}",52428800.0
1790102041.932,java-product-service,jvm_memory_committed_bytes,"{area=""nonheap"",id=""Metaspace"",language=""java"",service=""java-product-service"",}",98631680.0
1790102041.932,java-product-service,jvm_memory_committed_bytes,"{area=""heap"",id=""G1 Old Gen"",language=""java"",service=""java-product-service"",}",44040192.0
1790102041.932,java-product-service,jvm_memory_committed_bytes,"{area=""nonheap"",id=""Compressed Class Space"",language=""java"",service=""java-product-service"",}",13369344.0
1790102041.932,java-product-service,jvm_memory_committed_bytes,"{area=""heap"",id=""G1 Survivor Space"",language=""java"",service=""java-product-service"",}",2097152.0
1790102041.932,java-product-service,jvm_memory_committed_bytes,"{area=""nonheap"",id=""CodeHeap 'profiled nmethods'"",language=""java"",service=""java-product-service"",}",24051712.0
1790102041.932,java-product-service,jvm_memory_committed_bytes,"{area=""nonheap"",id=""CodeHeap 'non-profiled nmethods'"",language=""java"",service=""java-product-service"",}",7208960.0
1790102041.932,java-product-service,hikaricp_connections_usage_seconds_count,"{language=""java"",pool=""HikariPool-1"",service=""java-product-service"",}",339.0
1790102041.932,java-product-service,hikaricp_connections_usage_seconds_sum,"{language=""java"",pool=""HikariPool-1"",service=""java-product-service"",}",0.388
1790102041.932,java-order-service,system_cpu_usage,"{language=""java"",service=""java-order-service"",}",0.019666875
1790102041.932,java-order-service,jvm_gc_pause_seconds_count,"{action=""end of minor GC"",cause=""G1 Evacuation Pause"",gc=""G1 Young Generation"",language=""java"",service=""java-order-service"",}",1.0
1790102041.932,java-order-service,jvm_gc_pause_seconds_sum,"{action=""end of minor GC"",cause=""G1 Evacuation Pause"",gc=""G1 Young Generation"",language=""java"",service=""java-order-service"",}",0.008
1790102041.932,java-order-service,hikaricp_connections_usage_seconds_count,"{language=""java"",pool=""HikariPool-1"",service=""java-order-service"",}",318.0
1790102041.932,java-order-service,hikaricp_connections_usage_seconds_sum,"{language=""java"",pool=""HikariPool-1"",service=""java-order-service"",}",0.002
1790102041.932,java-order-service,hikaricp_connections_active,"{language=""java"",pool=""HikariPool-1"",service=""java-order-service"",}",0.0
1790102041.932,java-order-service,tomcat_threads_config_max_threads,"{language=""java"",name=""http-nio-9083"",service=""java-order-service"",}",-1.0
1790102041.932,java-order-service,hikaricp_connections_acquire_seconds_count,"{language=""java"",pool=""HikariPool-1"",service=""java-order-service"",}",318.0
1790102041.932,java-order-service,hikaricp_connections_acquire_seconds_sum,"{language=""java"",pool=""HikariPool-1"",service=""java-order-service"",}",0.060494999
1790102041.932,java-order-service,tomcat_threads_busy_threads,"{language=""java"",name=""http-nio-9083"",service=""java-order-service"",}",-1.0
1790102041.932,java-order-service,jvm_memory_committed_bytes,"{area=""nonheap"",id=""CodeHeap 'non-profiled nmethods'"",language=""java"",service=""java-order-service"",}",4849664.0
1790102041.932,java-order-service,jvm_memory_committed_bytes,"{area=""heap"",id=""G1 Eden Space"",language=""java"",service=""java-order-service"",}",73400320.0
1790102041.932,java-order-service,jvm_memory_committed_bytes,"{area=""nonheap"",id=""CodeHeap 'profiled nmethods'"",language=""java"",service=""java-order-service"",}",16908288.0
1790102041.932,java-order-service,jvm_memory_committed_bytes,"{area=""nonheap"",id=""CodeHeap 'non-nmethods'"",language=""java"",service=""java-order-service"",}",2555904.0
1790102041.932,java-order-service,jvm_memory_committed_bytes,"{area=""heap"",id=""G1 Survivor Space"",language=""java"",service=""java-order-service"",}",6291456.0
1790102041.932,java-order-service,jvm_memory_committed_bytes,"{area=""nonheap"",id=""Compressed Class Space"",language=""java"",service=""java-order-service"",}",11141120.0
1790102041.932,java-order-service,jvm_memory_committed_bytes,"{area=""heap"",id=""G1 Old Gen"",language=""java"",service=""java-order-service"",}",46137344.0
1790102041.932,java-order-service,jvm_memory_committed_bytes,"{area=""nonheap"",id=""Metaspace"",language=""java"",service=""java-order-service"",}",80084992.0
1790102041.932,java-order-service,hikaricp_connections_pending,"{language=""java"",pool=""HikariPool-1"",service=""java-order-service"",}",0.0
1790102041.932,java-order-service,process_cpu_usage,"{language=""java"",service=""java-order-service"",}",0.01875
1790102041.932,java-order-service,tomcat_threads_current_threads,"{language=""java"",name=""http-nio-9083"",service=""java-order-service"",}",-1.0
1790102041.932,java-order-service,jvm_memory_used_bytes,"{area=""nonheap"",id=""CodeHeap 'non-profiled nmethods'"",language=""java"",service=""java-order-service"",}",4805376.0
1790102041.932,java-order-service,jvm_memory_used_bytes,"{area=""heap"",id=""G1 Eden Space"",language=""java"",service=""java-order-service"",}",40894464.0
1790102041.932,java-order-service,jvm_memory_used_bytes,"{area=""nonheap"",id=""CodeHeap 'profiled nmethods'"",language=""java"",service=""java-order-service"",}",16895616.0
1790102041.932,java-order-service,jvm_memory_used_bytes,"{area=""nonheap"",id=""CodeHeap 'non-nmethods'"",language=""java"",service=""java-order-service"",}",1610368.0
1790102041.932,java-order-service,jvm_memory_used_bytes,"{area=""heap"",id=""G1 Survivor Space"",language=""java"",service=""java-order-service"",}",5766432.0
1790102041.932,java-order-service,jvm_memory_used_bytes,"{area=""nonheap"",id=""Compressed Class Space"",language=""java"",service=""java-order-service"",}",10687056.0
1790102041.932,java-order-service,jvm_memory_used_bytes,"{area=""heap"",id=""G1 Old Gen"",language=""java"",service=""java-order-service"",}",29144680.0
1790102041.932,java-order-service,jvm_memory_used_bytes,"{area=""nonheap"",id=""Metaspace"",language=""java"",service=""java-order-service"",}",79184776.0
1790102046.991,java-user-service,tomcat_threads_busy_threads,"{framework=""spring-boot"",language=""java"",name=""http-nio-9081"",service=""java-user-service"",}",-1.0
1790102046.991,java-user-service,jvm_gc_pause_seconds_count,"{action=""end of minor GC"",cause=""G1 Evacuation Pause"",framework=""spring-boot"",gc=""G1 Young Generation"",language=""java"",service=""java-user-service"",}",9.0
1790102046.991,java-user-service,jvm_gc_pause_seconds_sum,"{action=""end of minor GC"",cause=""G1 Evacuation Pause"",framework=""spring-boot"",gc=""G1 Young Generation"",language=""java"",service=""java-user-service"",}",0.056
1790102046.991,java-user-service,jvm_memory_used_bytes,"{area=""nonheap"",framework=""spring-boot"",id=""CodeHeap 'non-nmethods'"",language=""java"",service=""java-user-service"",}",1645696.0
1790102046.991,java-user-service,jvm_memory_used_bytes,"{area=""nonheap"",framework=""spring-boot"",id=""CodeHeap 'non-profiled nmethods'"",language=""java"",service=""java-user-service"",}",8931840.0
1790102046.991,java-user-service,jvm_memory_used_bytes,"{area=""heap"",framework=""spring-boot"",id=""G1 Survivor Space"",language=""java"",service=""java-user-service"",}",5085344.0
1790102046.991,java-user-service,jvm_memory_used_bytes,"{area=""heap"",framework=""spring-boot"",id=""G1 Old Gen"",language=""java"",service=""java-user-service"",}",38358072.0
1790102046.991,java-user-service,jvm_memory_used_bytes,"{area=""nonheap"",framework=""spring-boot"",id=""Metaspace"",language=""java"",service=""java-user-service"",}",103641792.0
1790102046.991,java-user-service,jvm_memory_used_bytes,"{area=""heap"",framework=""spring-boot"",id=""G1 Eden Space"",language=""java"",service=""java-user-service"",}",25165824.0
1790102046.991,java-user-service,jvm_memory_used_bytes,"{area=""nonheap"",framework=""spring-boot"",id=""Compressed Class Space"",language=""java"",service=""java-user-service"",}",13414008.0
1790102046.991,java-user-service,jvm_memory_used_bytes,"{area=""nonheap"",framework=""spring-boot"",id=""CodeHeap 'profiled nmethods'"",language=""java"",service=""java-user-service"",}",31324160.0
1790102046.991,java-user-service,hikaricp_connections_usage_seconds_count,"{framework=""spring-boot"",language=""java"",pool=""HikariPool-1"",service=""java-user-service"",}",1078.0
1790102046.991,java-user-service,hikaricp_connections_usage_seconds_sum,"{framework=""spring-boot"",language=""java"",pool=""HikariPool-1"",service=""java-user-service"",}",70.407
1790102046.991,java-user-service,process_cpu_usage,"{framework=""spring-boot"",language=""java"",service=""java-user-service"",}",0.3907407407407407
1790102046.991,java-user-service,tomcat_threads_current_threads,"{framework=""spring-boot"",language=""java"",name=""http-nio-9081"",service=""java-user-service"",}",-1.0
1790102046.991,java-user-service,jvm_memory_committed_bytes,"{area=""nonheap"",framework=""spring-boot"",id=""CodeHeap 'non-nmethods'"",language=""java"",service=""java-user-service"",}",2555904.0
1790102046.991,java-user-service,jvm_memory_committed_bytes,"{area=""nonheap"",framework=""spring-boot"",id=""CodeHeap 'non-profiled nmethods'"",language=""java"",service=""java-user-service"",}",8978432.0
1790102046.991,java-user-service,jvm_memory_committed_bytes,"{area=""heap"",framework=""spring-boot"",id=""G1 Survivor Space"",language=""java"",service=""java-user-service"",}",5242880.0
1790102046.991,java-user-service,jvm_memory_committed_bytes,"{area=""heap"",framework=""spring-boot"",id=""G1 Old Gen"",language=""java"",service=""java-user-service"",}",41943040.0
1790102046.991,java-user-service,jvm_memory_committed_bytes,"{area=""nonheap"",framework=""spring-boot"",id=""Metaspace"",language=""java"",service=""java-user-service"",}",104595456.0
1790102046.991,java-user-service,jvm_memory_committed_bytes,"{area=""heap"",framework=""spring-boot"",id=""G1 Eden Space"",language=""java"",service=""java-user-service"",}",59768832.0
1790102046.991,java-user-service,jvm_memory_committed_bytes,"{area=""nonheap"",framework=""spring-boot"",id=""Compressed Class Space"",language=""java"",service=""java-user-service"",}",13828096.0
1790102046.991,java-user-service,jvm_memory_committed_bytes,"{area=""nonheap"",framework=""spring-boot"",id=""CodeHeap 'profiled nmethods'"",language=""java"",service=""java-user-service"",}",31391744.0
1790102046.991,java-user-service,system_cpu_usage,"{framework=""spring-boot"",language=""java"",service=""java-user-service"",}",0.39436185185185185
1790102046.991,java-user-service,hikaricp_connections_pending,"{framework=""spring-boot"",language=""java"",pool=""HikariPool-1"",service=""java-user-service"",}",0.0
1790102046.991,java-user-service,hikaricp_connections_acquire_seconds_count,"{framework=""spring-boot"",language=""java"",pool=""HikariPool-1"",service=""java-user-service"",}",1078.0
1790102046.991,java-user-service,hikaricp_connections_acquire_seconds_sum,"{framework=""spring-boot"",language=""java"",pool=""HikariPool-1"",service=""java-user-service"",}",6.769084523
1790102046.991,java-user-service,tomcat_threads_config_max_threads,"{framework=""spring-boot"",language=""java"",name=""http-nio-9081"",service=""java-user-service"",}",-1.0
1790102046.991,java-user-service,hikaricp_connections_active,"{framework=""spring-boot"",language=""java"",pool=""HikariPool-1"",service=""java-user-service"",}",0.0
1790102046.991,java-product-service,jvm_memory_used_bytes,"{area=""nonheap"",id=""CodeHeap 'non-nmethods'"",language=""java"",service=""java-product-service"",}",1638144.0
1790102046.991,java-product-service,jvm_memory_used_bytes,"{area=""heap"",id=""G1 Eden Space"",language=""java"",service=""java-product-service"",}",2097152.0
1790102046.991,java-product-service,jvm_memory_used_bytes,"{area=""nonheap"",id=""Metaspace"",language=""java"",service=""java-product-service"",}",97673824.0
1790102046.991,java-product-service,jvm_memory_used_bytes,"{area=""heap"",id=""G1 Old Gen"",language=""java"",service=""java-product-service"",}",39820920.0
1790102046.991,java-product-service,jvm_memory_used_bytes,"{area=""nonheap"",id=""Compressed Class Space"",language=""java"",service=""java-product-service"",}",12928520.0
1790102046.991,java-product-service,jvm_memory_used_bytes,"{area=""heap"",id=""G1 Survivor Space"",language=""java"",service=""java-product-service"",}",1942616.0
1790102046.991,java-product-service,jvm_memory_used_bytes,"{area=""nonheap"",id=""CodeHeap 'profiled nmethods'"",language=""java"",service=""java-product-service"",}",23036032.0
1790102046.991,java-product-service,jvm_memory_used_bytes,"{area=""nonheap"",id=""CodeHeap 'non-profiled nmethods'"",language=""java"",service=""java-product-service"",}",7362304.0
1790102046.991,java-product-service,tomcat_threads_current_threads,"{language=""java"",name=""http-nio-9082"",service=""java-product-service"",}",-1.0
1790102046.991,java-product-service,hikaricp_connections_acquire_seconds_count,"{language=""java"",pool=""HikariPool-1"",service=""java-product-service"",}",359.0
1790102046.991,java-product-service,hikaricp_connections_acquire_seconds_sum,"{language=""java"",pool=""HikariPool-1"",service=""java-product-service"",}",0.247717994
1790102046.991,java-product-service,tomcat_threads_busy_threads,"{language=""java"",name=""http-nio-9082"",service=""java-product-service"",}",-1.0
1790102046.991,java-product-service,hikaricp_connections_pending,"{language=""java"",pool=""HikariPool-1"",service=""java-product-service"",}",0.0
1790102046.991,java-product-service,hikaricp_connections_active,"{language=""java"",pool=""HikariPool-1"",service=""java-product-service"",}",0.0
1790102046.991,java-product-service,tomcat_threads_config_max_threads,"{language=""java"",name=""http-nio-9082"",service=""java-product-service"",}",-1.0
1790102046.991,java-product-service,process_cpu_usage,"{language=""java"",service=""java-product-service"",}",0.08617886178861789
1790102046.991,java-product-service,system_cpu_usage,"{language=""java"",service=""java-product-service"",}",0.08944227642276423
1790102046.991,java-product-service,jvm_gc_pause_seconds_count,"{action=""end of minor GC"",cause=""G1 Evacuation Pause"",gc=""G1 Young Generation"",language=""java"",service=""java-product-service"",}",8.0
1790102046.991,java-product-service,jvm_gc_pause_seconds_sum,"{action=""end of minor GC"",cause=""G1 Evacuation Pause"",gc=""G1 Young Generation"",language=""java"",service=""java-product-service"",}",0.04
1790102046.991,java-product-service,jvm_memory_committed_bytes,"{area=""nonheap"",id=""CodeHeap 'non-nmethods'"",language=""java"",service=""java-product-service"",}",2555904.0
1790102046.991,java-product-service,jvm_memory_committed_bytes,"{area=""heap"",id=""G1 Eden Space"",language=""java"",service=""java-product-service"",}",53477376.0
1790102046.991,java-product-service,jvm_memory_committed_bytes,"{area=""nonheap"",id=""Metaspace"",language=""java"",service=""java-product-service"",}",98631680.0
1790102046.991,java-product-service,jvm_memory_committed_bytes,"{area=""heap"",id=""G1 Old Gen"",language=""java"",service=""java-product-service"",}",42991616.0
1790102046.991,java-product-service,jvm_memory_committed_bytes,"{area=""nonheap"",id=""Compressed Class Space"",language=""java"",service=""java-product-service"",}",13369344.0
1790102046.991,java-product-service,jvm_memory_committed_bytes,"{area=""heap"",id=""G1 Survivor Space"",language=""java"",service=""java-product-service"",}",2097152.0
1790102046.991,java-product-service,jvm_memory_committed_bytes,"{area=""nonheap"",id=""CodeHeap 'profiled nmethods'"",language=""java"",service=""java-product-service"",}",24051712.0
1790102046.991,java-product-service,jvm_memory_committed_bytes,"{area=""nonheap"",id=""CodeHeap 'non-profiled nmethods'"",language=""java"",service=""java-product-service"",}",7405568.0
1790102046.991,java-product-service,hikaricp_connections_usage_seconds_count,"{language=""java"",pool=""HikariPool-1"",service=""java-product-service"",}",359.0
1790102046.991,java-product-service,hikaricp_connections_usage_seconds_sum,"{language=""java"",pool=""HikariPool-1"",service=""java-product-service"",}",0.388
1790102046.991,java-order-service,system_cpu_usage,"{language=""java"",service=""java-order-service"",}",0.015813978494623657
1790102046.991,java-order-service,jvm_gc_pause_seconds_count,"{action=""end of minor GC"",cause=""G1 Evacuation Pause"",gc=""G1 Young Generation"",language=""java"",service=""java-order-service"",}",1.0
1790102046.991,java-order-service,jvm_gc_pause_seconds_sum,"{action=""end of minor GC"",cause=""G1 Evacuation Pause"",gc=""G1 Young Generation"",language=""java"",service=""java-order-service"",}",0.008
1790102046.991,java-order-service,hikaricp_connections_usage_seconds_count,"{language=""java"",pool=""HikariPool-1"",service=""java-order-service"",}",336.0
1790102046.991,java-order-service,hikaricp_connections_usage_seconds_sum,"{language=""java"",pool=""HikariPool-1"",service=""java-order-service"",}",0.002
1790102046.991,java-order-service,hikaricp_connections_active,"{language=""java"",pool=""HikariPool-1"",service=""java-order-service"",}",0.0
1790102046.991,java-order-service,tomcat_threads_config_max_threads,"{language=""java"",name=""http-nio-9083"",service=""java-order-service"",}",-1.0
1790102046.991,java-order-service,hikaricp_connections_acquire_seconds_count,"{language=""java"",pool=""HikariPool-1"",service=""java-order-service"",}",336.0
1790102046.991,java-order-service,hikaricp_connections_acquire_seconds_sum,"{language=""java"",pool=""HikariPool-1"",service=""java-order-service"",}",0.0638755
1790102046.991,java-order-service,tomcat_threads_busy_threads,"{language=""java"",name=""http-nio-9083"",service=""java-order-service"",}",-1.0
1790102046.991,java-order-service,jvm_memory_committed_bytes,"{area=""nonheap"",id=""CodeHeap 'non-profiled nmethods'"",language=""java"",service=""java-order-service"",}",4849664.0
1790102046.991,java-order-service,jvm_memory_committed_bytes,"{area=""heap"",id=""G1 Eden Space"",language=""java"",service=""java-order-service"",}",73400320.0
1790102046.991,java-order-service,jvm_memory_committed_bytes,"{area=""nonheap"",id=""CodeHeap 'profiled nmethods'"",language=""java"",service=""java-order-service"",}",16973824.0
1790102046.991,java-order-service,jvm_memory_committed_bytes,"{area=""nonheap"",id=""CodeHeap 'non-nmethods'"",language=""java"",service=""java-order-service"",}",2555904.0
1790102046.991,java-order-service,jvm_memory_committed_bytes,"{area=""heap"",id=""G1 Survivor Space"",language=""java"",service=""java-order-service"",}",6291456.0
1790102046.991,java-order-service,jvm_memory_committed_bytes,"{area=""nonheap"",id=""Compressed Class Space"",language=""java"",service=""java-order-service"",}",11141120.0
1790102046.991,java-order-service,jvm_memory_committed_bytes,"{area=""heap"",id=""G1 Old Gen"",language=""java"",service=""java-order-service"",}",46137344.0
1790102046.991,java-order-service,jvm_memory_committed_bytes,"{area=""nonheap"",id=""Metaspace"",language=""java"",service=""java-order-service"",}",80084992.0
1790102046.991,java-order-service,hikaricp_connections_pending,"{language=""java"",pool=""HikariPool-1"",service=""java-order-service"",}",0.0
1790102046.991,java-order-service,process_cpu_usage,"{language=""java"",service=""java-order-service"",}",0.015053763440860216
1790102046.991,java-order-service,tomcat_threads_current_threads,"{language=""java"",name=""http-nio-9083"",service=""java-order-service"",}",-1.0
1790102046.991,java-order-service,jvm_memory_used_bytes,"{area=""nonheap"",id=""CodeHeap 'non-profiled nmethods'"",language=""java"",service=""java-order-service"",}",4817664.0
1790102046.991,java-order-service,jvm_memory_used_bytes,"{area=""heap"",id=""G1 Eden Space"",language=""java"",service=""java-order-service"",}",41943040.0
1790102046.991,java-order-service,jvm_memory_used_bytes,"{area=""nonheap"",id=""CodeHeap 'profiled nmethods'"",language=""java"",service=""java-order-service"",}",16941696.0
1790102046.991,java-order-service,jvm_memory_used_bytes,"{area=""nonheap"",id=""CodeHeap 'non-nmethods'"",language=""java"",service=""java-order-service"",}",1610368.0
1790102046.991,java-order-service,jvm_memory_used_bytes,"{area=""heap"",id=""G1 Survivor Space"",language=""java"",service=""java-order-service"",}",5766432.0
1790102046.991,java-order-service,jvm_memory_used_bytes,"{area=""nonheap"",id=""Compressed Class Space"",language=""java"",service=""java-order-service"",}",10687056.0
1790102046.991,java-order-service,jvm_memory_used_bytes,"{area=""heap"",id=""G1 Old Gen"",language=""java"",service=""java-order-service"",}",29144680.0
1790102046.991,java-order-service,jvm_memory_used_bytes,"{area=""nonheap"",id=""Metaspace"",language=""java"",service=""java-order-service"",}",79200592.0
1790102052.034,java-user-service,tomcat_threads_busy_threads,"{framework=""spring-boot"",language=""java"",name=""http-nio-9081"",service=""java-user-service"",}",-1.0
1790102052.034,java-user-service,jvm_gc_pause_seconds_count,"{action=""end of minor GC"",cause=""G1 Evacuation Pause"",framework=""spring-boot"",gc=""G1 Young Generation"",language=""java"",service=""java-user-service"",}",9.0
1790102052.034,java-user-service,jvm_gc_pause_seconds_sum,"{action=""end of minor GC"",cause=""G1 Evacuation Pause"",framework=""spring-boot"",gc=""G1 Young Generation"",language=""java"",service=""java-user-service"",}",0.056
1790102052.034,java-user-service,jvm_memory_used_bytes,"{area=""nonheap"",framework=""spring-boot"",id=""CodeHeap 'non-nmethods'"",language=""java"",service=""java-user-service"",}",1645696.0
1790102052.034,java-user-service,jvm_memory_used_bytes,"{area=""nonheap"",framework=""spring-boot"",id=""CodeHeap 'non-profiled nmethods'"",language=""java"",service=""java-user-service"",}",9065984.0
1790102052.034,java-user-service,jvm_memory_used_bytes,"{area=""heap"",framework=""spring-boot"",id=""G1 Survivor Space"",language=""java"",service=""java-user-service"",}",5085344.0
1790102052.034,java-user-service,jvm_memory_used_bytes,"{area=""heap"",framework=""spring-boot"",id=""G1 Old Gen"",language=""java"",service=""java-user-service"",}",38358072.0
1790102052.034,java-user-service,jvm_memory_used_bytes,"{area=""nonheap"",framework=""spring-boot"",id=""Metaspace"",language=""java"",service=""java-user-service"",}",103679560.0
1790102052.034,java-user-service,jvm_memory_used_bytes,"{area=""heap"",framework=""spring-boot"",id=""G1 Eden Space"",language=""java"",service=""java-user-service"",}",35651584.0
1790102052.034,java-user-service,jvm_memory_used_bytes,"{area=""nonheap"",framework=""spring-boot"",id=""Compressed Class Space"",language=""java"",service=""java-user-service"",}",13414008.0
1790102052.034,java-user-service,jvm_memory_used_bytes,"{area=""nonheap"",framework=""spring-boot"",id=""CodeHeap 'profiled nmethods'"",language=""java"",service=""java-user-service"",}",31630464.0
1790102052.034,java-user-service,hikaricp_connections_usage_seconds_count,"{framework=""spring-boot"",language=""java"",pool=""HikariPool-1"",service=""java-user-service"",}",1126.0
1790102052.034,java-user-service,hikaricp_connections_usage_seconds_sum,"{framework=""spring-boot"",language=""java"",pool=""HikariPool-1"",service=""java-user-service"",}",76.965
1790102052.034,java-user-service,process_cpu_usage,"{framework=""spring-boot"",language=""java"",service=""java-user-service"",}",0.3723577235772358
1790102052.034,java-user-service,tomcat_threads_current_threads,"{framework=""spring-boot"",language=""java"",name=""http-nio-9081"",service=""java-user-service"",}",-1.0
1790102052.034,java-user-service,jvm_memory_committed_bytes,"{area=""nonheap"",framework=""spring-boot"",id=""CodeHeap 'non-nmethods'"",language=""java"",service=""java-user-service"",}",2555904.0
1790102052.034,java-user-service,jvm_memory_committed_bytes,"{area=""nonheap"",framework=""spring-boot"",id=""CodeHeap 'non-profiled nmethods'"",language=""java"",service=""java-user-service"",}",9109504.0
1790102052.034,java-user-service,jvm_memory_committed_bytes,"{area=""heap"",framework=""spring-boot"",id=""G1 Survivor Space"",language=""java"",service=""java-user-service"",}",5242880.0
1790102052.034,java-user-service,jvm_memory_committed_bytes,"{area=""heap"",framework=""spring-boot"",id=""G1 Old Gen"",language=""java"",service=""java-user-service"",}",41943040.0
1790102052.034,java-user-service,jvm_memory_committed_bytes,"{area=""nonheap"",framework=""spring-boot"",id=""Metaspace"",language=""java"",service=""java-user-service"",}",104595456.0
1790102052.034,java-user-service,jvm_memory_committed_bytes,"{area=""heap"",framework=""spring-boot"",id=""G1 Eden Space"",language=""java"",service=""java-user-service"",}",59768832.0
1790102052.034,java-user-service,jvm_memory_committed_bytes,"{area=""nonheap"",framework=""spring-boot"",id=""Compressed Class Space"",language=""java"",service=""java-user-service"",}",13828096.0
1790102052.034,java-user-service,jvm_memory_committed_bytes,"{area=""nonheap"",framework=""spring-boot"",id=""CodeHeap 'profiled nmethods'"",language=""java"",service=""java-user-service"",}",31653888.0
1790102052.034,java-user-service,system_cpu_usage,"{framework=""spring-boot"",language=""java"",service=""java-user-service"",}",0.3731321951219512
1790102052.034,java-user-service,hikaricp_connections_pending,"{framework=""spring-boot"",language=""java"",pool=""HikariPool-1"",service=""java-user-service"",}",0.0
1790102052.034,java-user-service,hikaricp_connections_acquire_seconds_count,"{framework=""spring-boot"",language=""java"",pool=""HikariPool-1"",service=""java-user-service"",}",1126.0
1790102052.034,java-user-service,hikaricp_connections_acquire_seconds_sum,"{framework=""spring-boot"",language=""java"",pool=""HikariPool-1"",service=""java-user-service"",}",7.911678109
1790102052.034,java-user-service,tomcat_threads_config_max_threads,"{framework=""spring-boot"",language=""java"",name=""http-nio-9081"",service=""java-user-service"",}",-1.0
1790102052.034,java-user-service,hikaricp_connections_active,"{framework=""spring-boot"",language=""java"",pool=""HikariPool-1"",service=""java-user-service"",}",0.0
1790102052.034,java-product-service,jvm_memory_used_bytes,"{area=""nonheap"",id=""CodeHeap 'non-nmethods'"",language=""java"",service=""java-product-service"",}",1638144.0
1790102052.034,java-product-service,jvm_memory_used_bytes,"{area=""heap"",id=""G1 Eden Space"",language=""java"",service=""java-product-service"",}",14680064.0
1790102052.034,java-product-service,jvm_memory_used_bytes,"{area=""nonheap"",id=""Metaspace"",language=""java"",service=""java-product-service"",}",97699440.0
1790102052.034,java-product-service,jvm_memory_used_bytes,"{area=""heap"",id=""G1 Old Gen"",language=""java"",service=""java-product-service"",}",39820920.0
1790102052.034,java-product-service,jvm_memory_used_bytes,"{area=""nonheap"",id=""Compressed Class Space"",language=""java"",service=""java-product-service"",}",12929088.0
1790102052.034,java-product-service,jvm_memory_used_bytes,"{area=""heap"",id=""G1 Survivor Space"",language=""java"",service=""java-product-service"",}",1942616.0
1790102052.034,java-product-service,jvm_memory_used_bytes,"{area=""nonheap"",id=""CodeHeap 'profiled nmethods'"",language=""java"",service=""java-product-service"",}",23118976.0
1790102052.034,java-product-service,jvm_memory_used_bytes,"{area=""nonheap"",id=""CodeHeap 'non-profiled nmethods'"",language=""java"",service=""java-product-service"",}",7506688.0
1790102052.034,java-product-service,tomcat_threads_current_threads,"{language=""java"",name=""http-nio-9082"",service=""java-product-service"",}",-1.0
1790102052.034,java-product-service,hikaricp_connections_acquire_seconds_count,"{language=""java"",pool=""HikariPool-1"",service=""java-product-service"",}",377.0
1790102052.034,java-product-service,hikaricp_connections_acquire_seconds_sum,"{language=""java"",pool=""HikariPool-1"",service=""java-product-service"",}",0.251027992
1790102052.034,java-product-service,tomcat_threads_busy_threads,"{language=""java"",name=""http-nio-9082"",service=""java-product-service"",}",-1.0
1790102052.034,java-product-service,hikaricp_connections_pending,"{language=""java"",pool=""HikariPool-1"",service=""java-product-service"",}",0.0
1790102052.034,java-product-service,hikaricp_connections_active,"{language=""java"",pool=""HikariPool-1"",service=""java-product-service"",}",0.0
1790102052.034,java-product-service,tomcat_threads_config_max_threads,"{language=""java"",name=""http-nio-9082"",service=""java-product-service"",}",-1.0
1790102052.034,java-product-service,process_cpu_usage,"{language=""java"",service=""java-product-service"",}",0.06821705426356589
1790102052.034,java-product-service,system_cpu_usage,"{language=""java"",service=""java-product-service"",}",0.06972356589147287
1790102052.034,java-product-service,jvm_gc_pause_seconds_count,"{action=""end of minor GC"",cause=""G1 Evacuation Pause"",gc=""G1 Young Generation"",language=""java"",service=""java-product-service"",}",8.0
1790102052.034,java-product-service,jvm_gc_pause_seconds_sum,"{action=""end of minor GC"",cause=""G1 Evacuation Pause"",gc=""G1 Young Generation"",language=""java"",service=""java-product-service"",}",0.04
1790102052.034,java-product-service,jvm_memory_committed_bytes,"{area=""nonheap"",id=""CodeHeap 'non-nmethods'"",language=""java"",service=""java-product-service"",}",2555904.0
1790102052.034,java-product-service,jvm_memory_committed_bytes,"{area=""heap"",id=""G1 Eden Space"",language=""java"",service=""java-product-service"",}",53477376.0
1790102052.034,java-product-service,jvm_memory_committed_bytes,"{area=""nonheap"",id=""Metaspace"",language=""java"",service=""java-product-service"",}",98631680.0
1790102052.034,java-product-service,jvm_memory_committed_bytes,"{area=""heap"",id=""G1 Old Gen"",language=""java"",service=""java-product-service"",}",42991616.0
1790102052.034,java-product-service,jvm_memory_committed_bytes,"{area=""nonheap"",id=""Compressed Class Space"",language=""java"",service=""java-product-service"",}",13369344.0
1790102052.034,java-product-service,jvm_memory_committed_bytes,"{area=""heap"",id=""G1 Survivor Space"",language=""java"",service=""java-product-service"",}",2097152.0
1790102052.034,java-product-service,jvm_memory_committed_bytes,"{area=""nonheap"",id=""CodeHeap 'profiled nmethods'"",language=""java"",service=""java-product-service"",}",24051712.0
1790102052.034,java-product-service,jvm_memory_committed_bytes,"{area=""nonheap"",id=""CodeHeap 'non-profiled nmethods'"",language=""java"",service=""java-product-service"",}",7536640.0
1790102052.034,java-product-service,hikaricp_connections_usage_seconds_count,"{language=""java"",pool=""HikariPool-1"",service=""java-product-service"",}",377.0
1790102052.034,java-product-service,hikaricp_connections_usage_seconds_sum,"{language=""java"",pool=""HikariPool-1"",service=""java-product-service"",}",0.388
1790102052.034,java-order-service,system_cpu_usage,"{language=""java"",service=""java-order-service"",}",0.03132293333333333
1790102052.034,java-order-service,jvm_gc_pause_seconds_count,"{action=""end of minor GC"",cause=""G1 Evacuation Pause"",gc=""G1 Young Generation"",language=""java"",service=""java-order-service"",}",1.0
1790102052.034,java-order-service,jvm_gc_pause_seconds_sum,"{action=""end of minor GC"",cause=""G1 Evacuation Pause"",gc=""G1 Young Generation"",language=""java"",service=""java-order-service"",}",0.008
1790102052.034,java-order-service,hikaricp_connections_usage_seconds_count,"{language=""java"",pool=""HikariPool-1"",service=""java-order-service"",}",356.0
1790102052.034,java-order-service,hikaricp_connections_usage_seconds_sum,"{language=""java"",pool=""HikariPool-1"",service=""java-order-service"",}",0.002
1790102052.034,java-order-service,hikaricp_connections_active,"{language=""java"",pool=""HikariPool-1"",service=""java-order-service"",}",0.0
1790102052.034,java-order-service,tomcat_threads_config_max_threads,"{language=""java"",name=""http-nio-9083"",service=""java-order-service"",}",-1.0
1790102052.034,java-order-service,hikaricp_connections_acquire_seconds_count,"{language=""java"",pool=""HikariPool-1"",service=""java-order-service"",}",356.0
1790102052.034,java-order-service,hikaricp_connections_acquire_seconds_sum,"{language=""java"",pool=""HikariPool-1"",service=""java-order-service"",}",0.066700709
1790102052.034,java-order-service,tomcat_threads_busy_threads,"{language=""java"",name=""http-nio-9083"",service=""java-order-service"",}",-1.0
1790102052.034,java-order-service,jvm_memory_committed_bytes,"{area=""nonheap"",id=""CodeHeap 'non-profiled nmethods'"",language=""java"",service=""java-order-service"",}",4849664.0
1790102052.034,java-order-service,jvm_memory_committed_bytes,"{area=""heap"",id=""G1 Eden Space"",language=""java"",service=""java-order-service"",}",73400320.0
1790102052.034,java-order-service,jvm_memory_committed_bytes,"{area=""nonheap"",id=""CodeHeap 'profiled nmethods'"",language=""java"",service=""java-order-service"",}",17170432.0
1790102052.034,java-order-service,jvm_memory_committed_bytes,"{area=""nonheap"",id=""CodeHeap 'non-nmethods'"",language=""java"",service=""java-order-service"",}",2555904.0
1790102052.034,java-order-service,jvm_memory_committed_bytes,"{area=""heap"",id=""G1 Survivor Space"",language=""java"",service=""java-order-service"",}",6291456.0
1790102052.034,java-order-service,jvm_memory_committed_bytes,"{area=""nonheap"",id=""Compressed Class Space"",language=""java"",service=""java-order-service"",}",11141120.0
1790102052.034,java-order-service,jvm_memory_committed_bytes,"{area=""heap"",id=""G1 Old Gen"",language=""java"",service=""java-order-service"",}",46137344.0
1790102052.034,java-order-service,jvm_memory_committed_bytes,"{area=""nonheap"",id=""Metaspace"",language=""java"",service=""java-order-service"",}",80150528.0
1790102052.034,java-order-service,hikaricp_connections_pending,"{language=""java"",pool=""HikariPool-1"",service=""java-order-service"",}",0.0
1790102052.034,java-order-service,process_cpu_usage,"{language=""java"",service=""java-order-service"",}",0.024
1790102052.034,java-order-service,tomcat_threads_current_threads,"{language=""java"",name=""http-nio-9083"",service=""java-order-service"",}",-1.0
1790102052.034,java-order-service,jvm_memory_used_bytes,"{area=""nonheap"",id=""CodeHeap 'non-profiled nmethods'"",language=""java"",service=""java-order-service"",}",4840192.0
1790102052.034,java-order-service,jvm_memory_used_bytes,"{area=""heap"",id=""G1 Eden Space"",language=""java"",service=""java-order-service"",}",44040192.0
1790102052.034,java-order-service,jvm_memory_used_bytes,"{area=""nonheap"",id=""CodeHeap 'profiled nmethods'"",language=""java"",service=""java-order-service"",}",17141120.0
1790102052.034,java-order-service,jvm_memory_used_bytes,"{area=""nonheap"",id=""CodeHeap 'non-nmethods'"",language=""java"",service=""java-order-service"",}",1610368.0
1790102052.034,java-order-service,jvm_memory_used_bytes,"{area=""heap"",id=""G1 Survivor Space"",language=""java"",service=""java-order-service"",}",5766432.0
1790102052.034,java-order-service,jvm_memory_used_bytes,"{area=""nonheap"",id=""Compressed Class Space"",language=""java"",service=""java-order-service"",}",10687056.0
1790102052.034,java-order-service,jvm_memory_used_bytes,"{area=""heap"",id=""G1 Old Gen"",language=""java"",service=""java-order-service"",}",29144680.0
1790102052.034,java-order-service,jvm_memory_used_bytes,"{area=""nonheap"",id=""Metaspace"",language=""java"",service=""java-order-service"",}",79239920.0
1790102057.063,java-user-service,tomcat_threads_busy_threads,"{framework=""spring-boot"",language=""java"",name=""http-nio-9081"",service=""java-user-service"",}",-1.0
1790102057.063,java-user-service,jvm_gc_pause_seconds_count,"{action=""end of minor GC"",cause=""G1 Evacuation Pause"",framework=""spring-boot"",gc=""G1 Young Generation"",language=""java"",service=""java-user-service"",}",9.0
1790102057.063,java-user-service,jvm_gc_pause_seconds_sum,"{action=""end of minor GC"",cause=""G1 Evacuation Pause"",framework=""spring-boot"",gc=""G1 Young Generation"",language=""java"",service=""java-user-service"",}",0.056
1790102057.063,java-user-service,jvm_memory_used_bytes,"{area=""nonheap"",framework=""spring-boot"",id=""CodeHeap 'non-nmethods'"",language=""java"",service=""java-user-service"",}",1645696.0
1790102057.063,java-user-service,jvm_memory_used_bytes,"{area=""nonheap"",framework=""spring-boot"",id=""CodeHeap 'non-profiled nmethods'"",language=""java"",service=""java-user-service"",}",9195520.0
1790102057.063,java-user-service,jvm_memory_used_bytes,"{area=""heap"",framework=""spring-boot"",id=""G1 Survivor Space"",language=""java"",service=""java-user-service"",}",5085344.0
1790102057.063,java-user-service,jvm_memory_used_bytes,"{area=""heap"",framework=""spring-boot"",id=""G1 Old Gen"",language=""java"",service=""java-user-service"",}",38358072.0
1790102057.063,java-user-service,jvm_memory_used_bytes,"{area=""nonheap"",framework=""spring-boot"",id=""Metaspace"",language=""java"",service=""java-user-service"",}",103700456.0
1790102057.063,java-user-service,jvm_memory_used_bytes,"{area=""heap"",framework=""spring-boot"",id=""G1 Eden Space"",language=""java"",service=""java-user-service"",}",45088768.0
1790102057.063,java-user-service,jvm_memory_used_bytes,"{area=""nonheap"",framework=""spring-boot"",id=""Compressed Class Space"",language=""java"",service=""java-user-service"",}",13414008.0
1790102057.063,java-user-service,jvm_memory_used_bytes,"{area=""nonheap"",framework=""spring-boot"",id=""CodeHeap 'profiled nmethods'"",language=""java"",service=""java-user-service"",}",31835392.0
1790102057.063,java-user-service,hikaricp_connections_usage_seconds_count,"{framework=""spring-boot"",language=""java"",pool=""HikariPool-1"",service=""java-user-service"",}",1176.0
1790102057.063,java-user-service,hikaricp_connections_usage_seconds_sum,"{framework=""spring-boot"",language=""java"",pool=""HikariPool-1"",service=""java-user-service"",}",82.335
1790102057.063,java-user-service,process_cpu_usage,"{framework=""spring-boot"",language=""java"",service=""java-user-service"",}",0.35873015873015873
1790102057.063,java-user-service,tomcat_threads_current_threads,"{framework=""spring-boot"",language=""java"",name=""http-nio-9081"",service=""java-user-service"",}",-1.0
1790102057.063,java-user-service,jvm_memory_committed_bytes,"{area=""nonheap"",framework=""spring-boot"",id=""CodeHeap 'non-nmethods'"",language=""java"",service=""java-user-service"",}",2555904.0
1790102057.063,java-user-service,jvm_memory_committed_bytes,"{area=""nonheap"",framework=""spring-boot"",id=""CodeHeap 'non-profiled nmethods'"",language=""java"",service=""java-user-service"",}",9240576.0
1790102057.063,java-user-service,jvm_memory_committed_bytes,"{area=""heap"",framework=""spring-boot"",id=""G1 Survivor Space"",language=""java"",service=""java-user-service"",}",5242880.0
1790102057.063,java-user-service,jvm_memory_committed_bytes,"{area=""heap"",framework=""spring-boot"",id=""G1 Old Gen"",language=""java"",service=""java-user-service"",}",41943040.0
1790102057.063,java-user-service,jvm_memory_committed_bytes,"{area=""nonheap"",framework=""spring-boot"",id=""Metaspace"",language=""java"",service=""java-user-service"",}",104595456.0
1790102057.063,java-user-service,jvm_memory_committed_bytes,"{area=""heap"",framework=""spring-boot"",id=""G1 Eden Space"",language=""java"",service=""java-user-service"",}",59768832.0
1790102057.063,java-user-service,jvm_memory_committed_bytes,"{area=""nonheap"",framework=""spring-boot"",id=""Compressed Class Space"",language=""java"",service=""java-user-service"",}",13828096.0
1790102057.063,java-user-service,jvm_memory_committed_bytes,"{area=""nonheap"",framework=""spring-boot"",id=""CodeHeap 'profiled nmethods'"",language=""java"",service=""java-user-service"",}",31850496.0
1790102057.063,java-user-service,system_cpu_usage,"{framework=""spring-boot"",language=""java"",service=""java-user-service"",}",0.360458253968254
1790102057.063,java-user-service,hikaricp_connections_pending,"{framework=""spring-boot"",language=""java"",pool=""HikariPool-1"",service=""java-user-service"",}",0.0
1790102057.063,java-user-service,hikaricp_connections_acquire_seconds_count,"{framework=""spring-boot"",language=""java"",pool=""HikariPool-1"",service=""java-user-service"",}",1176.0
1790102057.063,java-user-service,hikaricp_connections_acquire_seconds_sum,"{framework=""spring-boot"",language=""java"",pool=""HikariPool-1"",service=""java-user-service"",}",8.806184485
1790102057.063,java-user-service,tomcat_threads_config_max_threads,"{framework=""spring-boot"",language=""java"",name=""http-nio-9081"",service=""java-user-service"",}",-1.0
1790102057.063,java-user-service,hikaricp_connections_active,"{framework=""spring-boot"",language=""java"",pool=""HikariPool-1"",service=""java-user-service"",}",0.0
1790102057.063,java-product-service,jvm_memory_used_bytes,"{area=""nonheap"",id=""CodeHeap 'non-nmethods'"",language=""java"",service=""java-product-service"",}",1638144.0
1790102057.063,java-product-service,jvm_memory_used_bytes,"{area=""heap"",id=""G1 Eden Space"",language=""java"",service=""java-product-service"",}",26214400.0
1790102057.063,java-product-service,jvm_memory_used_bytes,"{area=""nonheap"",id=""Metaspace"",language=""java"",service=""java-product-service"",}",97739808.0
1790102057.063,java-product-service,jvm_memory_used_bytes,"{area=""heap"",id=""G1 Old Gen"",language=""java"",service=""java-product-service"",}",39820920.0
1790102057.063,java-product-service,jvm_memory_used_bytes,"{area=""nonheap"",id=""Compressed Class Space"",language=""java"",service=""java-product-service"",}",12931168.0
1790102057.063,java-product-service,jvm_memory_used_bytes,"{area=""heap"",id=""G1 Survivor Space"",language=""java"",service=""java-product-service"",}",1942616.0
1790102057.063,java-product-service,jvm_memory_used_bytes,"{area=""nonheap"",id=""CodeHeap 'profiled nmethods'"",language=""java"",service=""java-product-service"",}",23212288.0
1790102057.063,java-product-service,jvm_memory_used_bytes,"{area=""nonheap"",id=""CodeHeap 'non-profiled nmethods'"",language=""java"",service=""java-product-service"",}",7657600.0
1790102057.063,java-product-service,tomcat_threads_current_threads,"{language=""java"",name=""http-nio-9082"",service=""java-product-service"",}",-1.0
1790102057.063,java-product-service,hikaricp_connections_acquire_seconds_count,"{language=""java"",pool=""HikariPool-1"",service=""java-product-service"",}",398.0
1790102057.063,java-product-service,hikaricp_connections_acquire_seconds_sum,"{language=""java"",pool=""HikariPool-1"",service=""java-product-service"",}",0.253784619
1790102057.063,java-product-service,tomcat_threads_busy_threads,"{language=""java"",name=""http-nio-9082"",service=""java-product-service"",}",-1.0
1790102057.063,java-product-service,hikaricp_connections_pending,"{language=""java"",pool=""HikariPool-1"",service=""java-product-service"",}",0.0
1790102057.063,java-product-service,hikaricp_connections_active,"{language=""java"",pool=""HikariPool-1"",service=""java-product-service"",}",0.0
1790102057.063,java-product-service,tomcat_threads_config_max_threads,"{language=""java"",name=""http-nio-9082"",service=""java-product-service"",}",-1.0
1790102057.063,java-product-service,process_cpu_usage,"{language=""java"",service=""java-product-service"",}",0.06984126984126984
1790102057.063,java-product-service,system_cpu_usage,"{language=""java"",service=""java-product-service"",}",0.06921666666666666
1790102057.063,java-product-service,jvm_gc_pause_seconds_count,"{action=""end of minor GC"",cause=""G1 Evacuation Pause"",gc=""G1 Young Generation"",language=""java"",service=""java-product-service"",}",8.0
1790102057.063,java-product-service,jvm_gc_pause_seconds_sum,"{action=""end of minor GC"",cause=""G1 Evacuation Pause"",gc=""G1 Young Generation"",language=""java"",service=""java-product-service"",}",0.04
1790102057.063,java-product-service,jvm_memory_committed_bytes,"{area=""nonheap"",id=""CodeHeap 'non-nmethods'"",language=""java"",service=""java-product-service"",}",2555904.0
1790102057.063,java-product-service,jvm_memory_committed_bytes,"{area=""heap"",id=""G1 Eden Space"",language=""java"",service=""java-product-service"",}",53477376.0
1790102057.063,java-product-service,jvm_memory_committed_bytes,"{area=""nonheap"",id=""Metaspace"",language=""java"",service=""java-product-service"",}",98762752.0
1790102057.063,java-product-service,jvm_memory_committed_bytes,"{area=""heap"",id=""G1 Old Gen"",language=""java"",service=""java-product-service"",}",42991616.0
1790102057.063,java-product-service,jvm_memory_committed_bytes,"{area=""nonheap"",id=""Compressed Class Space"",language=""java"",service=""java-product-service"",}",13434880.0
1790102057.063,java-product-service,jvm_memory_committed_bytes,"{area=""heap"",id=""G1 Survivor Space"",language=""java"",service=""java-product-service"",}",2097152.0
1790102057.063,java-product-service,jvm_memory_committed_bytes,"{area=""nonheap"",id=""CodeHeap 'profiled nmethods'"",language=""java"",service=""java-product-service"",}",24051712.0
1790102057.063,java-product-service,jvm_memory_committed_bytes,"{area=""nonheap"",id=""CodeHeap 'non-profiled nmethods'"",language=""java"",service=""java-product-service"",}",7667712.0
1790102057.063,java-product-service,hikaricp_connections_usage_seconds_count,"{language=""java"",pool=""HikariPool-1"",service=""java-product-service"",}",398.0
1790102057.063,java-product-service,hikaricp_connections_usage_seconds_sum,"{language=""java"",pool=""HikariPool-1"",service=""java-product-service"",}",0.4
1790102057.063,java-order-service,system_cpu_usage,"{language=""java"",service=""java-order-service"",}",0.01631741935483871
1790102057.063,java-order-service,jvm_gc_pause_seconds_count,"{action=""end of minor GC"",cause=""G1 Evacuation Pause"",gc=""G1 Young Generation"",language=""java"",service=""java-order-service"",}",1.0
1790102057.063,java-order-service,jvm_gc_pause_seconds_sum,"{action=""end of minor GC"",cause=""G1 Evacuation Pause"",gc=""G1 Young Generation"",language=""java"",service=""java-order-service"",}",0.008
1790102057.063,java-order-service,hikaricp_connections_usage_seconds_count,"{language=""java"",pool=""HikariPool-1"",service=""java-order-service"",}",374.0
1790102057.063,java-order-service,hikaricp_connections_usage_seconds_sum,"{language=""java"",pool=""HikariPool-1"",service=""java-order-service"",}",0.002
1790102057.063,java-order-service,hikaricp_connections_active,"{language=""java"",pool=""HikariPool-1"",service=""java-order-service"",}",0.0
1790102057.063,java-order-service,tomcat_threads_config_max_threads,"{language=""java"",name=""http-nio-9083"",service=""java-order-service"",}",-1.0
1790102057.063,java-order-service,hikaricp_connections_acquire_seconds_count,"{language=""java"",pool=""HikariPool-1"",service=""java-order-service"",}",374.0
1790102057.063,java-order-service,hikaricp_connections_acquire_seconds_sum,"{language=""java"",pool=""HikariPool-1"",service=""java-order-service"",}",0.070066336
1790102057.063,java-order-service,tomcat_threads_busy_threads,"{language=""java"",name=""http-nio-9083"",service=""java-order-service"",}",-1.0
1790102057.063,java-order-service,jvm_memory_committed_bytes,"{area=""nonheap"",id=""CodeHeap 'non-profiled nmethods'"",language=""java"",service=""java-order-service"",}",4915200.0
1790102057.063,java-order-service,jvm_memory_committed_bytes,"{area=""heap"",id=""G1 Eden Space"",language=""java"",service=""java-order-service"",}",73400320.0
1790102057.063,java-order-service,jvm_memory_committed_bytes,"{area=""nonheap"",id=""CodeHeap 'profiled nmethods'"",language=""java"",service=""java-order-service"",}",17301504.0
1790102057.063,java-order-service,jvm_memory_committed_bytes,"{area=""nonheap"",id=""CodeHeap 'non-nmethods'"",language=""java"",service=""java-order-service"",}",2555904.0
1790102057.063,java-order-service,jvm_memory_committed_bytes,"{area=""heap"",id=""G1 Survivor Space"",language=""java"",service=""java-order-service"",}",6291456.0
1790102057.063,java-order-service,jvm_memory_committed_bytes,"{area=""nonheap"",id=""Compressed Class Space"",language=""java"",service=""java-order-service"",}",11141120.0
1790102057.063,java-order-service,jvm_memory_committed_bytes,"{area=""heap"",id=""G1 Old Gen"",language=""java"",service=""java-order-service"",}",46137344.0
1790102057.063,java-order-service,jvm_memory_committed_bytes,"{area=""nonheap"",id=""Metaspace"",language=""java"",service=""java-order-service"",}",80150528.0
1790102057.063,java-order-service,hikaricp_connections_pending,"{language=""java"",pool=""HikariPool-1"",service=""java-order-service"",}",0.0
1790102057.063,java-order-service,process_cpu_usage,"{language=""java"",service=""java-order-service"",}",0.017204301075268817
1790102057.063,java-order-service,tomcat_threads_current_threads,"{language=""java"",name=""http-nio-9083"",service=""java-order-service"",}",-1.0
1790102057.063,java-order-service,jvm_memory_used_bytes,"{area=""nonheap"",id=""CodeHeap 'non-profiled nmethods'"",language=""java"",service=""java-order-service"",}",4865792.0
1790102057.063,java-order-service,jvm_memory_used_bytes,"{area=""heap"",id=""G1 Eden Space"",language=""java"",service=""java-order-service"",}",46137344.0
1790102057.063,java-order-service,jvm_memory_used_bytes,"{area=""nonheap"",id=""CodeHeap 'profiled nmethods'"",language=""java"",service=""java-order-service"",}",17272960.0
1790102057.063,java-order-service,jvm_memory_used_bytes,"{area=""nonheap"",id=""CodeHeap 'non-nmethods'"",language=""java"",service=""java-order-service"",}",1610368.0
1790102057.063,java-order-service,jvm_memory_used_bytes,"{area=""heap"",id=""G1 Survivor Space"",language=""java"",service=""java-order-service"",}",5766432.0
1790102057.063,java-order-service,jvm_memory_used_bytes,"{area=""nonheap"",id=""Compressed Class Space"",language=""java"",service=""java-order-service"",}",10687056.0
1790102057.063,java-order-service,jvm_memory_used_bytes,"{area=""heap"",id=""G1 Old Gen"",language=""java"",service=""java-order-service"",}",29144680.0
1790102057.063,java-order-service,jvm_memory_used_bytes,"{area=""nonheap"",id=""Metaspace"",language=""java"",service=""java-order-service"",}",79273032.0
1790102062.107,java-user-service,tomcat_threads_busy_threads,"{framework=""spring-boot"",language=""java"",name=""http-nio-9081"",service=""java-user-service"",}",-1.0
1790102062.107,java-user-service,jvm_gc_pause_seconds_count,"{action=""end of minor GC"",cause=""G1 Evacuation Pause"",framework=""spring-boot"",gc=""G1 Young Generation"",language=""java"",service=""java-user-service"",}",9.0
1790102062.107,java-user-service,jvm_gc_pause_seconds_sum,"{action=""end of minor GC"",cause=""G1 Evacuation Pause"",framework=""spring-boot"",gc=""G1 Young Generation"",language=""java"",service=""java-user-service"",}",0.056
1790102062.107,java-user-service,jvm_memory_used_bytes,"{area=""nonheap"",framework=""spring-boot"",id=""CodeHeap 'non-nmethods'"",language=""java"",service=""java-user-service"",}",1645696.0
1790102062.107,java-user-service,jvm_memory_used_bytes,"{area=""nonheap"",framework=""spring-boot"",id=""CodeHeap 'non-profiled nmethods'"",language=""java"",service=""java-user-service"",}",9246848.0
1790102062.107,java-user-service,jvm_memory_used_bytes,"{area=""heap"",framework=""spring-boot"",id=""G1 Survivor Space"",language=""java"",service=""java-user-service"",}",5085344.0
1790102062.107,java-user-service,jvm_memory_used_bytes,"{area=""heap"",framework=""spring-boot"",id=""G1 Old Gen"",language=""java"",service=""java-user-service"",}",38358072.0
1790102062.107,java-user-service,jvm_memory_used_bytes,"{area=""nonheap"",framework=""spring-boot"",id=""Metaspace"",language=""java"",service=""java-user-service"",}",103728552.0
1790102062.107,java-user-service,jvm_memory_used_bytes,"{area=""heap"",framework=""spring-boot"",id=""G1 Eden Space"",language=""java"",service=""java-user-service"",}",53477376.0
1790102062.107,java-user-service,jvm_memory_used_bytes,"{area=""nonheap"",framework=""spring-boot"",id=""Compressed Class Space"",language=""java"",service=""java-user-service"",}",13414008.0
1790102062.107,java-user-service,jvm_memory_used_bytes,"{area=""nonheap"",framework=""spring-boot"",id=""CodeHeap 'profiled nmethods'"",language=""java"",service=""java-user-service"",}",32001792.0
1790102062.107,java-user-service,hikaricp_connections_usage_seconds_count,"{framework=""spring-boot"",language=""java"",pool=""HikariPool-1"",service=""java-user-service"",}",1220.0
1790102062.107,java-user-service,hikaricp_connections_usage_seconds_sum,"{framework=""spring-boot"",language=""java"",pool=""HikariPool-1"",service=""java-user-service"",}",86.379
1790102062.107,java-user-service,process_cpu_usage,"{framework=""spring-boot"",language=""java"",service=""java-user-service"",}",0.42745098039215684
1790102062.107,java-user-service,tomcat_threads_current_threads,"{framework=""spring-boot"",language=""java"",name=""http-nio-9081"",service=""java-user-service"",}",-1.0
1790102062.107,java-user-service,jvm_memory_committed_bytes,"{area=""nonheap"",framework=""spring-boot"",id=""CodeHeap 'non-nmethods'"",language=""java"",service=""java-user-service"",}",2555904.0
1790102062.107,java-user-service,jvm_memory_committed_bytes,"{area=""nonheap"",framework=""spring-boot"",id=""CodeHeap 'non-profiled nmethods'"",language=""java"",service=""java-user-service"",}",9306112.0
1790102062.107,java-user-service,jvm_memory_committed_bytes,"{area=""heap"",framework=""spring-boot"",id=""G1 Survivor Space"",language=""java"",service=""java-user-service"",}",5242880.0
1790102062.107,java-user-service,jvm_memory_committed_bytes,"{area=""heap"",framework=""spring-boot"",id=""G1 Old Gen"",language=""java"",service=""java-user-service"",}",41943040.0
1790102062.107,java-user-service,jvm_memory_committed_bytes,"{area=""nonheap"",framework=""spring-boot"",id=""Metaspace"",language=""java"",service=""java-user-service"",}",104595456.0
1790102062.107,java-user-service,jvm_memory_committed_bytes,"{area=""heap"",framework=""spring-boot"",id=""G1 Eden Space"",language=""java"",service=""java-user-service"",}",59768832.0
1790102062.107,java-user-service,jvm_memory_committed_bytes,"{area=""nonheap"",framework=""spring-boot"",id=""Compressed Class Space"",language=""java"",service=""java-user-service"",}",13828096.0
1790102062.107,java-user-service,jvm_memory_committed_bytes,"{area=""nonheap"",framework=""spring-boot"",id=""CodeHeap 'profiled nmethods'"",language=""java"",service=""java-user-service"",}",32047104.0
1790102062.107,java-user-service,system_cpu_usage,"{framework=""spring-boot"",language=""java"",service=""java-user-service"",}",0.42739647058823527
1790102062.107,java-user-service,hikaricp_connections_pending,"{framework=""spring-boot"",language=""java"",pool=""HikariPool-1"",service=""java-user-service"",}",0.0
1790102062.107,java-user-service,hikaricp_connections_acquire_seconds_count,"{framework=""spring-boot"",language=""java"",pool=""HikariPool-1"",service=""java-user-service"",}",1224.0
1790102062.107,java-user-service,hikaricp_connections_acquire_seconds_sum,"{framework=""spring-boot"",language=""java"",pool=""HikariPool-1"",service=""java-user-service"",}",9.748232774
1790102062.107,java-user-service,tomcat_threads_config_max_threads,"{framework=""spring-boot"",language=""java"",name=""http-nio-9081"",service=""java-user-service"",}",-1.0
1790102062.107,java-user-service,hikaricp_connections_active,"{framework=""spring-boot"",language=""java"",pool=""HikariPool-1"",service=""java-user-service"",}",4.0
1790102062.107,java-product-service,jvm_memory_used_bytes,"{area=""nonheap"",id=""CodeHeap 'non-nmethods'"",language=""java"",service=""java-product-service"",}",1638144.0
1790102062.107,java-product-service,jvm_memory_used_bytes,"{area=""heap"",id=""G1 Eden Space"",language=""java"",service=""java-product-service"",}",39845888.0
1790102062.107,java-product-service,jvm_memory_used_bytes,"{area=""nonheap"",id=""Metaspace"",language=""java"",service=""java-product-service"",}",97783736.0
1790102062.107,java-product-service,jvm_memory_used_bytes,"{area=""heap"",id=""G1 Old Gen"",language=""java"",service=""java-product-service"",}",39820920.0
1790102062.107,java-product-service,jvm_memory_used_bytes,"{area=""nonheap"",id=""Compressed Class Space"",language=""java"",service=""java-product-service"",}",12931168.0
1790102062.107,java-product-service,jvm_memory_used_bytes,"{area=""heap"",id=""G1 Survivor Space"",language=""java"",service=""java-product-service"",}",1942616.0
1790102062.107,java-product-service,jvm_memory_used_bytes,"{area=""nonheap"",id=""CodeHeap 'profiled nmethods'"",language=""java"",service=""java-product-service"",}",23366912.0
1790102062.107,java-product-service,jvm_memory_used_bytes,"{area=""nonheap"",id=""CodeHeap 'non-profiled nmethods'"",language=""java"",service=""java-product-service"",}",7687168.0
1790102062.107,java-product-service,tomcat_threads_current_threads,"{language=""java"",name=""http-nio-9082"",service=""java-product-service"",}",-1.0
1790102062.107,java-product-service,hikaricp_connections_acquire_seconds_count,"{language=""java"",pool=""HikariPool-1"",service=""java-product-service"",}",416.0
1790102062.107,java-product-service,hikaricp_connections_acquire_seconds_sum,"{language=""java"",pool=""HikariPool-1"",service=""java-product-service"",}",0.256702784
1790102062.107,java-product-service,tomcat_threads_busy_threads,"{language=""java"",name=""http-nio-9082"",service=""java-product-service"",}",-1.0
1790102062.107,java-product-service,hikaricp_connections_pending,"{language=""java"",pool=""HikariPool-1"",service=""java-product-service"",}",0.0
1790102062.107,java-product-service,hikaricp_connections_active,"{language=""java"",pool=""HikariPool-1"",service=""java-product-service"",}",0.0
1790102062.107,java-product-service,tomcat_threads_config_max_threads,"{language=""java"",name=""http-nio-9082"",service=""java-product-service"",}",-1.0
1790102062.107,java-product-service,process_cpu_usage,"{language=""java"",service=""java-product-service"",}",0.03687943262411347
1790102062.107,java-product-service,system_cpu_usage,"{language=""java"",service=""java-product-service"",}",0.03764198581560284
1790102062.107,java-product-service,jvm_gc_pause_seconds_count,"{action=""end of minor GC"",cause=""G1 Evacuation Pause"",gc=""G1 Young Generation"",language=""java"",service=""java-product-service"",}",8.0
1790102062.107,java-product-service,jvm_gc_pause_seconds_sum,"{action=""end of minor GC"",cause=""G1 Evacuation Pause"",gc=""G1 Young Generation"",language=""java"",service=""java-product-service"",}",0.04
1790102062.107,java-product-service,jvm_memory_committed_bytes,"{area=""nonheap"",id=""CodeHeap 'non-nmethods'"",language=""java"",service=""java-product-service"",}",2555904.0
1790102062.107,java-product-service,jvm_memory_committed_bytes,"{area=""heap"",id=""G1 Eden Space"",language=""java"",service=""java-product-service"",}",53477376.0
1790102062.107,java-product-service,jvm_memory_committed_bytes,"{area=""nonheap"",id=""Metaspace"",language=""java"",service=""java-product-service"",}",98828288.0
1790102062.107,java-product-service,jvm_memory_committed_bytes,"{area=""heap"",id=""G1 Old Gen"",language=""java"",service=""java-product-service"",}",42991616.0
1790102062.107,java-product-service,jvm_memory_committed_bytes,"{area=""nonheap"",id=""Compressed Class Space"",language=""java"",service=""java-product-service"",}",13434880.0
1790102062.107,java-product-service,jvm_memory_committed_bytes,"{area=""heap"",id=""G1 Survivor Space"",language=""java"",service=""java-product-service"",}",2097152.0
1790102062.107,java-product-service,jvm_memory_committed_bytes,"{area=""nonheap"",id=""CodeHeap 'profiled nmethods'"",language=""java"",service=""java-product-service"",}",24051712.0
1790102062.107,java-product-service,jvm_memory_committed_bytes,"{area=""nonheap"",id=""CodeHeap 'non-profiled nmethods'"",language=""java"",service=""java-product-service"",}",7733248.0
1790102062.107,java-product-service,hikaricp_connections_usage_seconds_count,"{language=""java"",pool=""HikariPool-1"",service=""java-product-service"",}",416.0
1790102062.107,java-product-service,hikaricp_connections_usage_seconds_sum,"{language=""java"",pool=""HikariPool-1"",service=""java-product-service"",}",0.4
1790102062.107,java-order-service,system_cpu_usage,"{language=""java"",service=""java-order-service"",}",0.01957622222222222
1790102062.107,java-order-service,jvm_gc_pause_seconds_count,"{action=""end of minor GC"",cause=""G1 Evacuation Pause"",gc=""G1 Young Generation"",language=""java"",service=""java-order-service"",}",1.0
1790102062.107,java-order-service,jvm_gc_pause_seconds_sum,"{action=""end of minor GC"",cause=""G1 Evacuation Pause"",gc=""G1 Young Generation"",language=""java"",service=""java-order-service"",}",0.008
1790102062.107,java-order-service,hikaricp_connections_usage_seconds_count,"{language=""java"",pool=""HikariPool-1"",service=""java-order-service"",}",394.0
1790102062.107,java-order-service,hikaricp_connections_usage_seconds_sum,"{language=""java"",pool=""HikariPool-1"",service=""java-order-service"",}",0.002
1790102062.107,java-order-service,hikaricp_connections_active,"{language=""java"",pool=""HikariPool-1"",service=""java-order-service"",}",0.0
1790102062.107,java-order-service,tomcat_threads_config_max_threads,"{language=""java"",name=""http-nio-9083"",service=""java-order-service"",}",-1.0
1790102062.107,java-order-service,hikaricp_connections_acquire_seconds_count,"{language=""java"",pool=""HikariPool-1"",service=""java-order-service"",}",394.0
1790102062.107,java-order-service,hikaricp_connections_acquire_seconds_sum,"{language=""java"",pool=""HikariPool-1"",service=""java-order-service"",}",0.073280211
1790102062.107,java-order-service,tomcat_threads_busy_threads,"{language=""java"",name=""http-nio-9083"",service=""java-order-service"",}",-1.0
1790102062.107,java-order-service,jvm_memory_committed_bytes,"{area=""nonheap"",id=""CodeHeap 'non-profiled nmethods'"",language=""java"",service=""java-order-service"",}",4915200.0
1790102062.107,java-order-service,jvm_memory_committed_bytes,"{area=""heap"",id=""G1 Eden Space"",language=""java"",service=""java-order-service"",}",73400320.0
1790102062.107,java-order-service,jvm_memory_committed_bytes,"{area=""nonheap"",id=""CodeHeap 'profiled nmethods'"",language=""java"",service=""java-order-service"",}",17432576.0
1790102062.107,java-order-service,jvm_memory_committed_bytes,"{area=""nonheap"",id=""CodeHeap 'non-nmethods'"",language=""java"",service=""java-order-service"",}",2555904.0
1790102062.107,java-order-service,jvm_memory_committed_bytes,"{area=""heap"",id=""G1 Survivor Space"",language=""java"",service=""java-order-service"",}",6291456.0
1790102062.107,java-order-service,jvm_memory_committed_bytes,"{area=""nonheap"",id=""Compressed Class Space"",language=""java"",service=""java-order-service"",}",11141120.0
1790102062.107,java-order-service,jvm_memory_committed_bytes,"{area=""heap"",id=""G1 Old Gen"",language=""java"",service=""java-order-service"",}",46137344.0
1790102062.107,java-order-service,jvm_memory_committed_bytes,"{area=""nonheap"",id=""Metaspace"",language=""java"",service=""java-order-service"",}",80281600.0
1790102062.107,java-order-service,hikaricp_connections_pending,"{language=""java"",pool=""HikariPool-1"",service=""java-order-service"",}",0.0
1790102062.107,java-order-service,process_cpu_usage,"{language=""java"",service=""java-order-service"",}",0.015555555555555555
1790102062.107,java-order-service,tomcat_threads_current_threads,"{language=""java"",name=""http-nio-9083"",service=""java-order-service"",}",-1.0
1790102062.107,java-order-service,jvm_memory_used_bytes,"{area=""nonheap"",id=""CodeHeap 'non-profiled nmethods'"",language=""java"",service=""java-order-service"",}",4879104.0
1790102062.107,java-order-service,jvm_memory_used_bytes,"{area=""heap"",id=""G1 Eden Space"",language=""java"",service=""java-order-service"",}",47185920.0
1790102062.107,java-order-service,jvm_memory_used_bytes,"{area=""nonheap"",id=""CodeHeap 'profiled nmethods'"",language=""java"",service=""java-order-service"",}",17460992.0
1790102062.107,java-order-service,jvm_memory_used_bytes,"{area=""nonheap"",id=""CodeHeap 'non-nmethods'"",language=""java"",service=""java-order-service"",}",1610368.0
1790102062.107,java-order-service,jvm_memory_used_bytes,"{area=""heap"",id=""G1 Survivor Space"",language=""java"",service=""java-order-service"",}",5766432.0
1790102062.107,java-order-service,jvm_memory_used_bytes,"{area=""nonheap"",id=""Compressed Class Space"",language=""java"",service=""java-order-service"",}",10687056.0
1790102062.107,java-order-service,jvm_memory_used_bytes,"{area=""heap"",id=""G1 Old Gen"",language=""java"",service=""java-order-service"",}",29144680.0
1790102062.107,java-order-service,jvm_memory_used_bytes,"{area=""nonheap"",id=""Metaspace"",language=""java"",service=""java-order-service"",}",79327808.0
1790102067.258,java-user-service,tomcat_threads_busy_threads,"{framework=""spring-boot"",language=""java"",name=""http-nio-9081"",service=""java-user-service"",}",-1.0
1790102067.258,java-user-service,jvm_gc_pause_seconds_count,"{action=""end of minor GC"",cause=""G1 Evacuation Pause"",framework=""spring-boot"",gc=""G1 Young Generation"",language=""java"",service=""java-user-service"",}",10.0
1790102067.258,java-user-service,jvm_gc_pause_seconds_sum,"{action=""end of minor GC"",cause=""G1 Evacuation Pause"",framework=""spring-boot"",gc=""G1 Young Generation"",language=""java"",service=""java-user-service"",}",0.073
1790102067.258,java-user-service,jvm_memory_used_bytes,"{area=""nonheap"",framework=""spring-boot"",id=""CodeHeap 'non-nmethods'"",language=""java"",service=""java-user-service"",}",1659904.0
1790102067.258,java-user-service,jvm_memory_used_bytes,"{area=""nonheap"",framework=""spring-boot"",id=""CodeHeap 'non-profiled nmethods'"",language=""java"",service=""java-user-service"",}",9100160.0
1790102067.258,java-user-service,jvm_memory_used_bytes,"{area=""heap"",framework=""spring-boot"",id=""G1 Survivor Space"",language=""java"",service=""java-user-service"",}",3573128.0
1790102067.258,java-user-service,jvm_memory_used_bytes,"{area=""heap"",framework=""spring-boot"",id=""G1 Old Gen"",language=""java"",service=""java-user-service"",}",40276200.0
1790102067.258,java-user-service,jvm_memory_used_bytes,"{area=""nonheap"",framework=""spring-boot"",id=""Metaspace"",language=""java"",service=""java-user-service"",}",103745944.0
1790102067.258,java-user-service,jvm_memory_used_bytes,"{area=""heap"",framework=""spring-boot"",id=""G1 Eden Space"",language=""java"",service=""java-user-service"",}",8388608.0
1790102067.258,java-user-service,jvm_memory_used_bytes,"{area=""nonheap"",framework=""spring-boot"",id=""Compressed Class Space"",language=""java"",service=""java-user-service"",}",13414008.0
1790102067.258,java-user-service,jvm_memory_used_bytes,"{area=""nonheap"",framework=""spring-boot"",id=""CodeHeap 'profiled nmethods'"",language=""java"",service=""java-user-service"",}",29830016.0
1790102067.258,java-user-service,hikaricp_connections_usage_seconds_count,"{framework=""spring-boot"",language=""java"",pool=""HikariPool-1"",service=""java-user-service"",}",1270.0
1790102067.258,java-user-service,hikaricp_connections_usage_seconds_sum,"{framework=""spring-boot"",language=""java"",pool=""HikariPool-1"",service=""java-user-service"",}",90.709
1790102067.258,java-user-service,process_cpu_usage,"{framework=""spring-boot"",language=""java"",service=""java-user-service"",}",0.3303030303030303
1790102067.258,java-user-service,tomcat_threads_current_threads,"{framework=""spring-boot"",language=""java"",name=""http-nio-9081"",service=""java-user-service"",}",-1.0
1790102067.258,java-user-service,jvm_memory_committed_bytes,"{area=""nonheap"",framework=""spring-boot"",id=""CodeHeap 'non-nmethods'"",language=""java"",service=""java-user-service"",}",2555904.0
1790102067.258,java-user-service,jvm_memory_committed_bytes,"{area=""nonheap"",framework=""spring-boot"",id=""CodeHeap 'non-profiled nmethods'"",language=""java"",service=""java-user-service"",}",9371648.0
1790102067.258,java-user-service,jvm_memory_committed_bytes,"{area=""heap"",framework=""spring-boot"",id=""G1 Survivor Space"",language=""java"",service=""java-user-service"",}",4194304.0
1790102067.258,java-user-service,jvm_memory_committed_bytes,"{area=""heap"",framework=""spring-boot"",id=""G1 Old Gen"",language=""java"",service=""java-user-service"",}",44040192.0
1790102067.258,java-user-service,jvm_memory_committed_bytes,"{area=""nonheap"",framework=""spring-boot"",id=""Metaspace"",language=""java"",service=""java-user-service"",}",104726528.0
1790102067.258,java-user-service,jvm_memory_committed_bytes,"{area=""heap"",framework=""spring-boot"",id=""G1 Eden Space"",language=""java"",service=""java-user-service"",}",58720256.0
1790102067.258,java-user-service,jvm_memory_committed_bytes,"{area=""nonheap"",framework=""spring-boot"",id=""Compressed Class Space"",language=""java"",service=""java-user-service"",}",13828096.0
1790102067.258,java-user-service,jvm_memory_committed_bytes,"{area=""nonheap"",framework=""spring-boot"",id=""CodeHeap 'profiled nmethods'"",language=""java"",service=""java-user-service"",}",32112640.0
1790102067.258,java-user-service,system_cpu_usage,"{framework=""spring-boot"",language=""java"",service=""java-user-service"",}",0.33228439393939396
1790102067.258,java-user-service,hikaricp_connections_pending,"{framework=""spring-boot"",language=""java"",pool=""HikariPool-1"",service=""java-user-service"",}",0.0
1790102067.258,java-user-service,hikaricp_connections_acquire_seconds_count,"{framework=""spring-boot"",language=""java"",pool=""HikariPool-1"",service=""java-user-service"",}",1276.0
1790102067.258,java-user-service,hikaricp_connections_acquire_seconds_sum,"{framework=""spring-boot"",language=""java"",pool=""HikariPool-1"",service=""java-user-service"",}",10.507797234
1790102067.258,java-user-service,tomcat_threads_config_max_threads,"{framework=""spring-boot"",language=""java"",name=""http-nio-9081"",service=""java-user-service"",}",-1.0
1790102067.258,java-user-service,hikaricp_connections_active,"{framework=""spring-boot"",language=""java"",pool=""HikariPool-1"",service=""java-user-service"",}",6.0
1790102067.258,java-product-service,jvm_memory_used_bytes,"{area=""nonheap"",id=""CodeHeap 'non-nmethods'"",language=""java"",service=""java-product-service"",}",1638144.0
1790102067.258,java-product-service,jvm_memory_used_bytes,"{area=""heap"",id=""G1 Eden Space"",language=""java"",service=""java-product-service"",}",3145728.0
1790102067.258,java-product-service,jvm_memory_used_bytes,"{area=""nonheap"",id=""Metaspace"",language=""java"",service=""java-product-service"",}",97812280.0
1790102067.258,java-product-service,jvm_memory_used_bytes,"{area=""heap"",id=""G1 Old Gen"",language=""java"",service=""java-product-service"",}",39820920.0
1790102067.258,java-product-service,jvm_memory_used_bytes,"{area=""nonheap"",id=""Compressed Class Space"",language=""java"",service=""java-product-service"",}",12931168.0
1790102067.258,java-product-service,jvm_memory_used_bytes,"{area=""heap"",id=""G1 Survivor Space"",language=""java"",service=""java-product-service"",}",2444352.0
1790102067.258,java-product-service,jvm_memory_used_bytes,"{area=""nonheap"",id=""CodeHeap 'profiled nmethods'"",language=""java"",service=""java-product-service"",}",18384000.0
1790102067.258,java-product-service,jvm_memory_used_bytes,"{area=""nonheap"",id=""CodeHeap 'non-profiled nmethods'"",language=""java"",service=""java-product-service"",}",7062016.0
1790102067.258,java-product-service,tomcat_threads_current_threads,"{language=""java"",name=""http-nio-9082"",service=""java-product-service"",}",-1.0
1790102067.258,java-product-service,hikaricp_connections_acquire_seconds_count,"{language=""java"",pool=""HikariPool-1"",service=""java-product-service"",}",438.0
1790102067.258,java-product-service,hikaricp_connections_acquire_seconds_sum,"{language=""java"",pool=""HikariPool-1"",service=""java-product-service"",}",0.260350074
1790102067.258,java-product-service,tomcat_threads_busy_threads,"{language=""java"",name=""http-nio-9082"",service=""java-product-service"",}",-1.0
1790102067.258,java-product-service,hikaricp_connections_pending,"{language=""java"",pool=""HikariPool-1"",service=""java-product-service"",}",0.0
1790102067.258,java-product-service,hikaricp_connections_active,"{language=""java"",pool=""HikariPool-1"",service=""java-product-service"",}",0.0
1790102067.258,java-product-service,tomcat_threads_config_max_threads,"{language=""java"",name=""http-nio-9082"",service=""java-product-service"",}",-1.0
1790102067.258,java-product-service,process_cpu_usage,"{language=""java"",service=""java-product-service"",}",0.06802721088435375
1790102067.258,java-product-service,system_cpu_usage,"{language=""java"",service=""java-product-service"",}",0.07026054421768707
1790102067.258,java-product-service,jvm_gc_pause_seconds_count,"{action=""end of minor GC"",cause=""G1 Evacuation Pause"",gc=""G1 Young Generation"",language=""java"",service=""java-product-service"",}",9.0
1790102067.258,java-product-service,jvm_gc_pause_seconds_sum,"{action=""end of minor GC"",cause=""G1 Evacuation Pause"",gc=""G1 Young Generation"",language=""java"",service=""java-product-service"",}",0.049
1790102067.258,java-product-service,jvm_memory_committed_bytes,"{area=""nonheap"",id=""CodeHeap 'non-nmethods'"",language=""java"",service=""java-product-service"",}",2555904.0
1790102067.258,java-product-service,jvm_memory_committed_bytes,"{area=""heap"",id=""G1 Eden Space"",language=""java"",service=""java-product-service"",}",52428800.0
1790102067.258,java-product-service,jvm_memory_committed_bytes,"{area=""nonheap"",id=""Metaspace"",language=""java"",service=""java-product-service"",}",98828288.0
1790102067.258,java-product-service,jvm_memory_committed_bytes,"{area=""heap"",id=""G1 Old Gen"",language=""java"",service=""java-product-service"",}",42991616.0
1790102067.258,java-product-service,jvm_memory_committed_bytes,"{area=""nonheap"",id=""Compressed Class Space"",language=""java"",service=""java-product-service"",}",13434880.0
1790102067.258,java-product-service,jvm_memory_committed_bytes,"{area=""heap"",id=""G1 Survivor Space"",language=""java"",service=""java-product-service"",}",3145728.0
1790102067.258,java-product-service,jvm_memory_committed_bytes,"{area=""nonheap"",id=""CodeHeap 'profiled nmethods'"",language=""java"",service=""java-product-service"",}",24117248.0
1790102067.258,java-product-service,jvm_memory_committed_bytes,"{area=""nonheap"",id=""CodeHeap 'non-profiled nmethods'"",language=""java"",service=""java-product-service"",}",7864320.0
1790102067.258,java-product-service,hikaricp_connections_usage_seconds_count,"{language=""java"",pool=""HikariPool-1"",service=""java-product-service"",}",438.0
1790102067.258,java-product-service,hikaricp_connections_usage_seconds_sum,"{language=""java"",pool=""HikariPool-1"",service=""java-product-service"",}",0.4
1790102067.258,java-order-service,system_cpu_usage,"{language=""java"",service=""java-order-service"",}",0.018890574712643677
1790102067.258,java-order-service,jvm_gc_pause_seconds_count,"{action=""end of minor GC"",cause=""G1 Evacuation Pause"",gc=""G1 Young Generation"",language=""java"",service=""java-order-service"",}",1.0
1790102067.258,java-order-service,jvm_gc_pause_seconds_sum,"{action=""end of minor GC"",cause=""G1 Evacuation Pause"",gc=""G1 Young Generation"",language=""java"",service=""java-order-service"",}",0.008
1790102067.258,java-order-service,hikaricp_connections_usage_seconds_count,"{language=""java"",pool=""HikariPool-1"",service=""java-order-service"",}",414.0
1790102067.258,java-order-service,hikaricp_connections_usage_seconds_sum,"{language=""java"",pool=""HikariPool-1"",service=""java-order-service"",}",0.002
1790102067.258,java-order-service,hikaricp_connections_active,"{language=""java"",pool=""HikariPool-1"",service=""java-order-service"",}",0.0
1790102067.258,java-order-service,tomcat_threads_config_max_threads,"{language=""java"",name=""http-nio-9083"",service=""java-order-service"",}",-1.0
1790102067.258,java-order-service,hikaricp_connections_acquire_seconds_count,"{language=""java"",pool=""HikariPool-1"",service=""java-order-service"",}",414.0
1790102067.258,java-order-service,hikaricp_connections_acquire_seconds_sum,"{language=""java"",pool=""HikariPool-1"",service=""java-order-service"",}",0.077330002
1790102067.258,java-order-service,tomcat_threads_busy_threads,"{language=""java"",name=""http-nio-9083"",service=""java-order-service"",}",-1.0
1790102067.258,java-order-service,jvm_memory_committed_bytes,"{area=""nonheap"",id=""CodeHeap 'non-profiled nmethods'"",language=""java"",service=""java-order-service"",}",4915200.0
1790102067.258,java-order-service,jvm_memory_committed_bytes,"{area=""heap"",id=""G1 Eden Space"",language=""java"",service=""java-order-service"",}",73400320.0
1790102067.258,java-order-service,jvm_memory_committed_bytes,"{area=""nonheap"",id=""CodeHeap 'profiled nmethods'"",language=""java"",service=""java-order-service"",}",17629184.0
1790102067.258,java-order-service,jvm_memory_committed_bytes,"{area=""nonheap"",id=""CodeHeap 'non-nmethods'"",language=""java"",service=""java-order-service"",}",2555904.0
1790102067.258,java-order-service,jvm_memory_committed_bytes,"{area=""heap"",id=""G1 Survivor Space"",language=""java"",service=""java-order-service"",}",6291456.0
1790102067.258,java-order-service,jvm_memory_committed_bytes,"{area=""nonheap"",id=""Compressed Class Space"",language=""java"",service=""java-order-service"",}",11141120.0
1790102067.258,java-order-service,jvm_memory_committed_bytes,"{area=""heap"",id=""G1 Old Gen"",language=""java"",service=""java-order-service"",}",46137344.0
1790102067.258,java-order-service,jvm_memory_committed_bytes,"{area=""nonheap"",id=""Metaspace"",language=""java"",service=""java-order-service"",}",80281600.0
1790102067.258,java-order-service,hikaricp_connections_pending,"{language=""java"",pool=""HikariPool-1"",service=""java-order-service"",}",0.0
1790102067.258,java-order-service,process_cpu_usage,"{language=""java"",service=""java-order-service"",}",0.01839080459770115
1790102067.258,java-order-service,tomcat_threads_current_threads,"{language=""java"",name=""http-nio-9083"",service=""java-order-service"",}",-1.0
1790102067.258,java-order-service,jvm_memory_used_bytes,"{area=""nonheap"",id=""CodeHeap 'non-profiled nmethods'"",language=""java"",service=""java-order-service"",}",4886400.0
1790102067.258,java-order-service,jvm_memory_used_bytes,"{area=""heap"",id=""G1 Eden Space"",language=""java"",service=""java-order-service"",}",49283072.0
1790102067.258,java-order-service,jvm_memory_used_bytes,"{area=""nonheap"",id=""CodeHeap 'profiled nmethods'"",language=""java"",service=""java-order-service"",}",17600640.0
1790102067.258,java-order-service,jvm_memory_used_bytes,"{area=""nonheap"",id=""CodeHeap 'non-nmethods'"",language=""java"",service=""java-order-service"",}",1610368.0
1790102067.258,java-order-service,jvm_memory_used_bytes,"{area=""heap"",id=""G1 Survivor Space"",language=""java"",service=""java-order-service"",}",5766432.0
1790102067.258,java-order-service,jvm_memory_used_bytes,"{area=""nonheap"",id=""Compressed Class Space"",language=""java"",service=""java-order-service"",}",10687056.0
1790102067.258,java-order-service,jvm_memory_used_bytes,"{area=""heap"",id=""G1 Old Gen"",language=""java"",service=""java-order-service"",}",29144680.0
1790102067.258,java-order-service,jvm_memory_used_bytes,"{area=""nonheap"",id=""Metaspace"",language=""java"",service=""java-order-service"",}",79362080.0
1790102072.322,java-user-service,tomcat_threads_busy_threads,"{framework=""spring-boot"",language=""java"",name=""http-nio-9081"",service=""java-user-service"",}",-1.0
1790102072.322,java-user-service,jvm_gc_pause_seconds_count,"{action=""end of minor GC"",cause=""G1 Evacuation Pause"",framework=""spring-boot"",gc=""G1 Young Generation"",language=""java"",service=""java-user-service"",}",10.0
1790102072.322,java-user-service,jvm_gc_pause_seconds_sum,"{action=""end of minor GC"",cause=""G1 Evacuation Pause"",framework=""spring-boot"",gc=""G1 Young Generation"",language=""java"",service=""java-user-service"",}",0.073
1790102072.322,java-user-service,jvm_memory_used_bytes,"{area=""nonheap"",framework=""spring-boot"",id=""CodeHeap 'non-nmethods'"",language=""java"",service=""java-user-service"",}",1645696.0
1790102072.322,java-user-service,jvm_memory_used_bytes,"{area=""nonheap"",framework=""spring-boot"",id=""CodeHeap 'non-profiled nmethods'"",language=""java"",service=""java-user-service"",}",9254016.0
1790102072.322,java-user-service,jvm_memory_used_bytes,"{area=""heap"",framework=""spring-boot"",id=""G1 Survivor Space"",language=""java"",service=""java-user-service"",}",3573128.0
1790102072.322,java-user-service,jvm_memory_used_bytes,"{area=""heap"",framework=""spring-boot"",id=""G1 Old Gen"",language=""java"",service=""java-user-service"",}",40276200.0
1790102072.322,java-user-service,jvm_memory_used_bytes,"{area=""nonheap"",framework=""spring-boot"",id=""Metaspace"",language=""java"",service=""java-user-service"",}",103830816.0
1790102072.322,java-user-service,jvm_memory_used_bytes,"{area=""heap"",framework=""spring-boot"",id=""G1 Eden Space"",language=""java"",service=""java-user-service"",}",14680064.0
1790102072.322,java-user-service,jvm_memory_used_bytes,"{area=""nonheap"",framework=""spring-boot"",id=""Compressed Class Space"",language=""java"",service=""java-user-service"",}",13414008.0
1790102072.322,java-user-service,jvm_memory_used_bytes,"{area=""nonheap"",framework=""spring-boot"",id=""CodeHeap 'profiled nmethods'"",language=""java"",service=""java-user-service"",}",30465792.0
1790102072.322,java-user-service,hikaricp_connections_usage_seconds_count,"{framework=""spring-boot"",language=""java"",pool=""HikariPool-1"",service=""java-user-service"",}",1318.0
1790102072.322,java-user-service,hikaricp_connections_usage_seconds_sum,"{framework=""spring-boot"",language=""java"",pool=""HikariPool-1"",service=""java-user-service"",}",96.43
1790102072.322,java-user-service,process_cpu_usage,"{framework=""spring-boot"",language=""java"",service=""java-user-service"",}",0.37333333333333335
1790102072.322,java-user-service,tomcat_threads_current_threads,"{framework=""spring-boot"",language=""java"",name=""http-nio-9081"",service=""java-user-service"",}",-1.0
1790102072.322,java-user-service,jvm_memory_committed_bytes,"{area=""nonheap"",framework=""spring-boot"",id=""CodeHeap 'non-nmethods'"",language=""java"",service=""java-user-service"",}",2555904.0
1790102072.322,java-user-service,jvm_memory_committed_bytes,"{area=""nonheap"",framework=""spring-boot"",id=""CodeHeap 'non-profiled nmethods'"",language=""java"",service=""java-user-service"",}",9437184.0
1790102072.322,java-user-service,jvm_memory_committed_bytes,"{area=""heap"",framework=""spring-boot"",id=""G1 Survivor Space"",language=""java"",service=""java-user-service"",}",4194304.0
1790102072.322,java-user-service,jvm_memory_committed_bytes,"{area=""heap"",framework=""spring-boot"",id=""G1 Old Gen"",language=""java"",service=""java-user-service"",}",44040192.0
1790102072.322,java-user-service,jvm_memory_committed_bytes,"{area=""nonheap"",framework=""spring-boot"",id=""Metaspace"",language=""java"",service=""java-user-service"",}",104792064.0
1790102072.322,java-user-service,jvm_memory_committed_bytes,"{area=""heap"",framework=""spring-boot"",id=""G1 Eden Space"",language=""java"",service=""java-user-service"",}",58720256.0
1790102072.322,java-user-service,jvm_memory_committed_bytes,"{area=""nonheap"",framework=""spring-boot"",id=""Compressed Class Space"",language=""java"",service=""java-user-service"",}",13828096.0
1790102072.322,java-user-service,jvm_memory_committed_bytes,"{area=""nonheap"",framework=""spring-boot"",id=""CodeHeap 'profiled nmethods'"",language=""java"",service=""java-user-service"",}",32112640.0
1790102072.322,java-user-service,system_cpu_usage,"{framework=""spring-boot"",language=""java"",service=""java-user-service"",}",0.373025
1790102072.322,java-user-service,hikaricp_connections_pending,"{framework=""spring-boot"",language=""java"",pool=""HikariPool-1"",service=""java-user-service"",}",0.0
1790102072.322,java-user-service,hikaricp_connections_acquire_seconds_count,"{framework=""spring-boot"",language=""java"",pool=""HikariPool-1"",service=""java-user-service"",}",1318.0
1790102072.322,java-user-service,hikaricp_connections_acquire_seconds_sum,"{framework=""spring-boot"",language=""java"",pool=""HikariPool-1"",service=""java-user-service"",}",11.006657363
1790102072.322,java-user-service,tomcat_threads_config_max_threads,"{framework=""spring-boot"",language=""java"",name=""http-nio-9081"",service=""java-user-service"",}",-1.0
1790102072.322,java-user-service,hikaricp_connections_active,"{framework=""spring-boot"",language=""java"",pool=""HikariPool-1"",service=""java-user-service"",}",0.0
1790102072.322,java-product-service,jvm_memory_used_bytes,"{area=""nonheap"",id=""CodeHeap 'non-nmethods'"",language=""java"",service=""java-product-service"",}",1638144.0
1790102072.322,java-product-service,jvm_memory_used_bytes,"{area=""heap"",id=""G1 Eden Space"",language=""java"",service=""java-product-service"",}",15728640.0
1790102072.322,java-product-service,jvm_memory_used_bytes,"{area=""nonheap"",id=""Metaspace"",language=""java"",service=""java-product-service"",}",97824320.0
1790102072.322,java-product-service,jvm_memory_used_bytes,"{area=""heap"",id=""G1 Old Gen"",language=""java"",service=""java-product-service"",}",39820920.0
1790102072.322,java-product-service,jvm_memory_used_bytes,"{area=""nonheap"",id=""Compressed Class Space"",language=""java"",service=""java-product-service"",}",12931168.0
1790102072.322,java-product-service,jvm_memory_used_bytes,"{area=""heap"",id=""G1 Survivor Space"",language=""java"",service=""java-product-service"",}",2444352.0
1790102072.322,java-product-service,jvm_memory_used_bytes,"{area=""nonheap"",id=""CodeHeap 'profiled nmethods'"",language=""java"",service=""java-product-service"",}",18431232.0
1790102072.322,java-product-service,jvm_memory_used_bytes,"{area=""nonheap"",id=""CodeHeap 'non-profiled nmethods'"",language=""java"",service=""java-product-service"",}",7130624.0
1790102072.322,java-product-service,tomcat_threads_current_threads,"{language=""java"",name=""http-nio-9082"",service=""java-product-service"",}",-1.0
1790102072.322,java-product-service,hikaricp_connections_acquire_seconds_count,"{language=""java"",pool=""HikariPool-1"",service=""java-product-service"",}",456.0
1790102072.322,java-product-service,hikaricp_connections_acquire_seconds_sum,"{language=""java"",pool=""HikariPool-1"",service=""java-product-service"",}",0.263744408
1790102072.322,java-product-service,tomcat_threads_busy_threads,"{language=""java"",name=""http-nio-9082"",service=""java-product-service"",}",-1.0
1790102072.322,java-product-service,hikaricp_connections_pending,"{language=""java"",pool=""HikariPool-1"",service=""java-product-service"",}",0.0
1790102072.322,java-product-service,hikaricp_connections_active,"{language=""java"",pool=""HikariPool-1"",service=""java-product-service"",}",0.0
1790102072.322,java-product-service,tomcat_threads_config_max_threads,"{language=""java"",name=""http-nio-9082"",service=""java-product-service"",}",-1.0
1790102072.322,java-product-service,process_cpu_usage,"{language=""java"",service=""java-product-service"",}",0.047619047619047616
1790102072.322,java-product-service,system_cpu_usage,"{language=""java"",service=""java-product-service"",}",0.047826349206349206
1790102072.322,java-product-service,jvm_gc_pause_seconds_count,"{action=""end of minor GC"",cause=""G1 Evacuation Pause"",gc=""G1 Young Generation"",language=""java"",service=""java-product-service"",}",9.0
1790102072.322,java-product-service,jvm_gc_pause_seconds_sum,"{action=""end of minor GC"",cause=""G1 Evacuation Pause"",gc=""G1 Young Generation"",language=""java"",service=""java-product-service"",}",0.049
1790102072.322,java-product-service,jvm_memory_committed_bytes,"{area=""nonheap"",id=""CodeHeap 'non-nmethods'"",language=""java"",service=""java-product-service"",}",2555904.0
1790102072.322,java-product-service,jvm_memory_committed_bytes,"{area=""heap"",id=""G1 Eden Space"",language=""java"",service=""java-product-service"",}",52428800.0
1790102072.322,java-product-service,jvm_memory_committed_bytes,"{area=""nonheap"",id=""Metaspace"",language=""java"",service=""java-product-service"",}",98828288.0
1790102072.322,java-product-service,jvm_memory_committed_bytes,"{area=""heap"",id=""G1 Old Gen"",language=""java"",service=""java-product-service"",}",42991616.0
1790102072.322,java-product-service,jvm_memory_committed_bytes,"{area=""nonheap"",id=""Compressed Class Space"",language=""java"",service=""java-product-service"",}",13434880.0
1790102072.322,java-product-service,jvm_memory_committed_bytes,"{area=""heap"",id=""G1 Survivor Space"",language=""java"",service=""java-product-service"",}",3145728.0
1790102072.322,java-product-service,jvm_memory_committed_bytes,"{area=""nonheap"",id=""CodeHeap 'profiled nmethods'"",language=""java"",service=""java-product-service"",}",24117248.0
1790102072.322,java-product-service,jvm_memory_committed_bytes,"{area=""nonheap"",id=""CodeHeap 'non-profiled nmethods'"",language=""java"",service=""java-product-service"",}",7864320.0
1790102072.322,java-product-service,hikaricp_connections_usage_seconds_count,"{language=""java"",pool=""HikariPool-1"",service=""java-product-service"",}",458.0
1790102072.322,java-product-service,hikaricp_connections_usage_seconds_sum,"{language=""java"",pool=""HikariPool-1"",service=""java-product-service"",}",0.4
1790102072.322,java-order-service,system_cpu_usage,"{language=""java"",service=""java-order-service"",}",0.02012309523809524
1790102072.322,java-order-service,jvm_gc_pause_seconds_count,"{action=""end of minor GC"",cause=""G1 Evacuation Pause"",gc=""G1 Young Generation"",language=""java"",service=""java-order-service"",}",1.0
1790102072.322,java-order-service,jvm_gc_pause_seconds_sum,"{action=""end of minor GC"",cause=""G1 Evacuation Pause"",gc=""G1 Young Generation"",language=""java"",service=""java-order-service"",}",0.008
1790102072.322,java-order-service,hikaricp_connections_usage_seconds_count,"{language=""java"",pool=""HikariPool-1"",service=""java-order-service"",}",436.0
1790102072.322,java-order-service,hikaricp_connections_usage_seconds_sum,"{language=""java"",pool=""HikariPool-1"",service=""java-order-service"",}",0.002
1790102072.322,java-order-service,hikaricp_connections_active,"{language=""java"",pool=""HikariPool-1"",service=""java-order-service"",}",0.0
1790102072.322,java-order-service,tomcat_threads_config_max_threads,"{language=""java"",name=""http-nio-9083"",service=""java-order-service"",}",-1.0
1790102072.322,java-order-service,hikaricp_connections_acquire_seconds_count,"{language=""java"",pool=""HikariPool-1"",service=""java-order-service"",}",436.0
1790102072.322,java-order-service,hikaricp_connections_acquire_seconds_sum,"{language=""java"",pool=""HikariPool-1"",service=""java-order-service"",}",0.080649793
1790102072.322,java-order-service,tomcat_threads_busy_threads,"{language=""java"",name=""http-nio-9083"",service=""java-order-service"",}",-1.0
1790102072.322,java-order-service,jvm_memory_committed_bytes,"{area=""nonheap"",id=""CodeHeap 'non-profiled nmethods'"",language=""java"",service=""java-order-service"",}",4915200.0
1790102072.322,java-order-service,jvm_memory_committed_bytes,"{area=""heap"",id=""G1 Eden Space"",language=""java"",service=""java-order-service"",}",73400320.0
1790102072.322,java-order-service,jvm_memory_committed_bytes,"{area=""nonheap"",id=""CodeHeap 'profiled nmethods'"",language=""java"",service=""java-order-service"",}",17760256.0
1790102072.322,java-order-service,jvm_memory_committed_bytes,"{area=""nonheap"",id=""CodeHeap 'non-nmethods'"",language=""java"",service=""java-order-service"",}",2555904.0
1790102072.322,java-order-service,jvm_memory_committed_bytes,"{area=""heap"",id=""G1 Survivor Space"",language=""java"",service=""java-order-service"",}",6291456.0
1790102072.322,java-order-service,jvm_memory_committed_bytes,"{area=""nonheap"",id=""Compressed Class Space"",language=""java"",service=""java-order-service"",}",11141120.0
1790102072.322,java-order-service,jvm_memory_committed_bytes,"{area=""heap"",id=""G1 Old Gen"",language=""java"",service=""java-order-service"",}",46137344.0
1790102072.322,java-order-service,jvm_memory_committed_bytes,"{area=""nonheap"",id=""Metaspace"",language=""java"",service=""java-order-service"",}",80281600.0
1790102072.322,java-order-service,hikaricp_connections_pending,"{language=""java"",pool=""HikariPool-1"",service=""java-order-service"",}",0.0
1790102072.322,java-order-service,process_cpu_usage,"{language=""java"",service=""java-order-service"",}",0.01904761904761905
1790102072.322,java-order-service,tomcat_threads_current_threads,"{language=""java"",name=""http-nio-9083"",service=""java-order-service"",}",-1.0
1790102072.322,java-order-service,jvm_memory_used_bytes,"{area=""nonheap"",id=""CodeHeap 'non-profiled nmethods'"",language=""java"",service=""java-order-service"",}",4895360.0
1790102072.322,java-order-service,jvm_memory_used_bytes,"{area=""heap"",id=""G1 Eden Space"",language=""java"",service=""java-order-service"",}",51380224.0
1790102072.322,java-order-service,jvm_memory_used_bytes,"{area=""nonheap"",id=""CodeHeap 'profiled nmethods'"",language=""java"",service=""java-order-service"",}",17744768.0
1790102072.322,java-order-service,jvm_memory_used_bytes,"{area=""nonheap"",id=""CodeHeap 'non-nmethods'"",language=""java"",service=""java-order-service"",}",1610368.0
1790102072.322,java-order-service,jvm_memory_used_bytes,"{area=""heap"",id=""G1 Survivor Space"",language=""java"",service=""java-order-service"",}",5766432.0
1790102072.322,java-order-service,jvm_memory_used_bytes,"{area=""nonheap"",id=""Compressed Class Space"",language=""java"",service=""java-order-service"",}",10687056.0
1790102072.322,java-order-service,jvm_memory_used_bytes,"{area=""heap"",id=""G1 Old Gen"",language=""java"",service=""java-order-service"",}",29144680.0
1790102072.322,java-order-service,jvm_memory_used_bytes,"{area=""nonheap"",id=""Metaspace"",language=""java"",service=""java-order-service"",}",79399040.0
1790102077.362,java-user-service,tomcat_threads_busy_threads,"{framework=""spring-boot"",language=""java"",name=""http-nio-9081"",service=""java-user-service"",}",-1.0
1790102077.362,java-user-service,jvm_gc_pause_seconds_count,"{action=""end of minor GC"",cause=""G1 Evacuation Pause"",framework=""spring-boot"",gc=""G1 Young Generation"",language=""java"",service=""java-user-service"",}",10.0
1790102077.362,java-user-service,jvm_gc_pause_seconds_sum,"{action=""end of minor GC"",cause=""G1 Evacuation Pause"",framework=""spring-boot"",gc=""G1 Young Generation"",language=""java"",service=""java-user-service"",}",0.073
1790102077.362,java-user-service,jvm_memory_used_bytes,"{area=""nonheap"",framework=""spring-boot"",id=""CodeHeap 'non-nmethods'"",language=""java"",service=""java-user-service"",}",1645696.0
1790102077.362,java-user-service,jvm_memory_used_bytes,"{area=""nonheap"",framework=""spring-boot"",id=""CodeHeap 'non-profiled nmethods'"",language=""java"",service=""java-user-service"",}",9300096.0
1790102077.362,java-user-service,jvm_memory_used_bytes,"{area=""heap"",framework=""spring-boot"",id=""G1 Survivor Space"",language=""java"",service=""java-user-service"",}",3573128.0
1790102077.362,java-user-service,jvm_memory_used_bytes,"{area=""heap"",framework=""spring-boot"",id=""G1 Old Gen"",language=""java"",service=""java-user-service"",}",40276200.0
1790102077.362,java-user-service,jvm_memory_used_bytes,"{area=""nonheap"",framework=""spring-boot"",id=""Metaspace"",language=""java"",service=""java-user-service"",}",103854248.0
1790102077.362,java-user-service,jvm_memory_used_bytes,"{area=""heap"",framework=""spring-boot"",id=""G1 Eden Space"",language=""java"",service=""java-user-service"",}",24117248.0
1790102077.362,java-user-service,jvm_memory_used_bytes,"{area=""nonheap"",framework=""spring-boot"",id=""Compressed Class Space"",language=""java"",service=""java-user-service"",}",13414008.0
1790102077.362,java-user-service,jvm_memory_used_bytes,"{area=""nonheap"",framework=""spring-boot"",id=""CodeHeap 'profiled nmethods'"",language=""java"",service=""java-user-service"",}",30788096.0
1790102077.362,java-user-service,hikaricp_connections_usage_seconds_count,"{framework=""spring-boot"",language=""java"",pool=""HikariPool-1"",service=""java-user-service"",}",1370.0
1790102077.362,java-user-service,hikaricp_connections_usage_seconds_sum,"{framework=""spring-boot"",language=""java"",pool=""HikariPool-1"",service=""java-user-service"",}",102.121
1790102077.362,java-user-service,process_cpu_usage,"{framework=""spring-boot"",language=""java"",service=""java-user-service"",}",0.4
1790102077.362,java-user-service,tomcat_threads_current_threads,"{framework=""spring-boot"",language=""java"",name=""http-nio-9081"",service=""java-user-service"",}",-1.0
1790102077.362,java-user-service,jvm_memory_committed_bytes,"{area=""nonheap"",framework=""spring-boot"",id=""CodeHeap 'non-nmethods'"",language=""java"",service=""java-user-service"",}",2555904.0
1790102077.362,java-user-service,jvm_memory_committed_bytes,"{area=""nonheap"",framework=""spring-boot"",id=""CodeHeap 'non-profiled nmethods'"",language=""java"",service=""java-user-service"",}",9437184.0
1790102077.362,java-user-service,jvm_memory_committed_bytes,"{area=""heap"",framework=""spring-boot"",id=""G1 Survivor Space"",language=""java"",service=""java-user-service"",}",4194304.0
1790102077.362,java-user-service,jvm_memory_committed_bytes,"{area=""heap"",framework=""spring-boot"",id=""G1 Old Gen"",language=""java"",service=""java-user-service"",}",44040192.0
1790102077.362,java-user-service,jvm_memory_committed_bytes,"{area=""nonheap"",framework=""spring-boot"",id=""Metaspace"",language=""java"",service=""java-user-service"",}",104792064.0
1790102077.362,java-user-service,jvm_memory_committed_bytes,"{area=""heap"",framework=""spring-boot"",id=""G1 Eden Space"",language=""java"",service=""java-user-service"",}",58720256.0
1790102077.362,java-user-service,jvm_memory_committed_bytes,"{area=""nonheap"",framework=""spring-boot"",id=""Compressed Class Space"",language=""java"",service=""java-user-service"",}",13828096.0
1790102077.362,java-user-service,jvm_memory_committed_bytes,"{area=""nonheap"",framework=""spring-boot"",id=""CodeHeap 'profiled nmethods'"",language=""java"",service=""java-user-service"",}",32112640.0
1790102077.362,java-user-service,system_cpu_usage,"{framework=""spring-boot"",language=""java"",service=""java-user-service"",}",0.40343495495495496
1790102077.362,java-user-service,hikaricp_connections_pending,"{framework=""spring-boot"",language=""java"",pool=""HikariPool-1"",service=""java-user-service"",}",0.0
1790102077.362,java-user-service,hikaricp_connections_acquire_seconds_count,"{framework=""spring-boot"",language=""java"",pool=""HikariPool-1"",service=""java-user-service"",}",1370.0
1790102077.362,java-user-service,hikaricp_connections_acquire_seconds_sum,"{framework=""spring-boot"",language=""java"",pool=""HikariPool-1"",service=""java-user-service"",}",11.908114611
1790102077.362,java-user-service,tomcat_threads_config_max_threads,"{framework=""spring-boot"",language=""java"",name=""http-nio-9081"",service=""java-user-service"",}",-1.0
1790102077.362,java-user-service,hikaricp_connections_active,"{framework=""spring-boot"",language=""java"",pool=""HikariPool-1"",service=""java-user-service"",}",0.0
1790102077.362,java-product-service,jvm_memory_used_bytes,"{area=""nonheap"",id=""CodeHeap 'non-nmethods'"",language=""java"",service=""java-product-service"",}",1638144.0
1790102077.362,java-product-service,jvm_memory_used_bytes,"{area=""heap"",id=""G1 Eden Space"",language=""java"",service=""java-product-service"",}",28311552.0
1790102077.362,java-product-service,jvm_memory_used_bytes,"{area=""nonheap"",id=""Metaspace"",language=""java"",service=""java-product-service"",}",97864616.0
1790102077.362,java-product-service,jvm_memory_used_bytes,"{area=""heap"",id=""G1 Old Gen"",language=""java"",service=""java-product-service"",}",39820920.0
1790102077.362,java-product-service,jvm_memory_used_bytes,"{area=""nonheap"",id=""Compressed Class Space"",language=""java"",service=""java-product-service"",}",12931168.0
1790102077.362,java-product-service,jvm_memory_used_bytes,"{area=""heap"",id=""G1 Survivor Space"",language=""java"",service=""java-product-service"",}",2444352.0
1790102077.362,java-product-service,jvm_memory_used_bytes,"{area=""nonheap"",id=""CodeHeap 'profiled nmethods'"",language=""java"",service=""java-product-service"",}",18593152.0
1790102077.362,java-product-service,jvm_memory_used_bytes,"{area=""nonheap"",id=""CodeHeap 'non-profiled nmethods'"",language=""java"",service=""java-product-service"",}",7152128.0
1790102077.362,java-product-service,tomcat_threads_current_threads,"{language=""java"",name=""http-nio-9082"",service=""java-product-service"",}",-1.0
1790102077.362,java-product-service,hikaricp_connections_acquire_seconds_count,"{language=""java"",pool=""HikariPool-1"",service=""java-product-service"",}",478.0
1790102077.362,java-product-service,hikaricp_connections_acquire_seconds_sum,"{language=""java"",pool=""HikariPool-1"",service=""java-product-service"",}",0.266768614
1790102077.362,java-product-service,tomcat_threads_busy_threads,"{language=""java"",name=""http-nio-9082"",service=""java-product-service"",}",-1.0
1790102077.362,java-product-service,hikaricp_connections_pending,"{language=""java"",pool=""HikariPool-1"",service=""java-product-service"",}",0.0
1790102077.362,java-product-service,hikaricp_connections_active,"{language=""java"",pool=""HikariPool-1"",service=""java-product-service"",}",0.0
1790102077.362,java-product-service,tomcat_threads_config_max_threads,"{language=""java"",name=""http-nio-9082"",service=""java-product-service"",}",-1.0
1790102077.362,java-product-service,process_cpu_usage,"{language=""java"",service=""java-product-service"",}",0.04126984126984127
1790102077.362,java-product-service,system_cpu_usage,"{language=""java"",service=""java-product-service"",}",0.04297555555555556
1790102077.362,java-product-service,jvm_gc_pause_seconds_count,"{action=""end of minor GC"",cause=""G1 Evacuation Pause"",gc=""G1 Young Generation"",language=""java"",service=""java-product-service"",}",9.0
1790102077.362,java-product-service,jvm_gc_pause_seconds_sum,"{action=""end of minor GC"",cause=""G1 Evacuation Pause"",gc=""G1 Young Generation"",language=""java"",service=""java-product-service"",}",0.049
1790102077.362,java-product-service,jvm_memory_committed_bytes,"{area=""nonheap"",id=""CodeHeap 'non-nmethods'"",language=""java"",service=""java-product-service"",}",2555904.0
1790102077.362,java-product-service,jvm_memory_committed_bytes,"{area=""heap"",id=""G1 Eden Space"",language=""java"",service=""java-product-service"",}",52428800.0
1790102077.362,java-product-service,jvm_memory_committed_bytes,"{area=""nonheap"",id=""Metaspace"",language=""java"",service=""java-product-service"",}",98893824.0
1790102077.362,java-product-service,jvm_memory_committed_bytes,"{area=""heap"",id=""G1 Old Gen"",language=""java"",service=""java-product-service"",}",42991616.0
1790102077.362,java-product-service,jvm_memory_committed_bytes,"{area=""nonheap"",id=""Compressed Class Space"",language=""java"",service=""java-product-service"",}",13434880.0
1790102077.362,java-product-service,jvm_memory_committed_bytes,"{area=""heap"",id=""G1 Survivor Space"",language=""java"",service=""java-product-service"",}",3145728.0
1790102077.362,java-product-service,jvm_memory_committed_bytes,"{area=""nonheap"",id=""CodeHeap 'profiled nmethods'"",language=""java"",service=""java-product-service"",}",24117248.0
1790102077.362,java-product-service,jvm_memory_committed_bytes,"{area=""nonheap"",id=""CodeHeap 'non-profiled nmethods'"",language=""java"",service=""java-product-service"",}",7864320.0
1790102077.362,java-product-service,hikaricp_connections_usage_seconds_count,"{language=""java"",pool=""HikariPool-1"",service=""java-product-service"",}",478.0
1790102077.362,java-product-service,hikaricp_connections_usage_seconds_sum,"{language=""java"",pool=""HikariPool-1"",service=""java-product-service"",}",0.4
1790102077.362,java-order-service,system_cpu_usage,"{language=""java"",service=""java-order-service"",}",0.022545797101449275
1790102077.362,java-order-service,jvm_gc_pause_seconds_count,"{action=""end of minor GC"",cause=""G1 Evacuation Pause"",gc=""G1 Young Generation"",language=""java"",service=""java-order-service"",}",1.0
1790102077.362,java-order-service,jvm_gc_pause_seconds_sum,"{action=""end of minor GC"",cause=""G1 Evacuation Pause"",gc=""G1 Young Generation"",language=""java"",service=""java-order-service"",}",0.008
1790102077.362,java-order-service,hikaricp_connections_usage_seconds_count,"{language=""java"",pool=""HikariPool-1"",service=""java-order-service"",}",454.0
1790102077.362,java-order-service,hikaricp_connections_usage_seconds_sum,"{language=""java"",pool=""HikariPool-1"",service=""java-order-service"",}",0.002
1790102077.362,java-order-service,hikaricp_connections_active,"{language=""java"",pool=""HikariPool-1"",service=""java-order-service"",}",0.0
1790102077.362,java-order-service,tomcat_threads_config_max_threads,"{language=""java"",name=""http-nio-9083"",service=""java-order-service"",}",-1.0
1790102077.362,java-order-service,hikaricp_connections_acquire_seconds_count,"{language=""java"",pool=""HikariPool-1"",service=""java-order-service"",}",454.0
1790102077.362,java-order-service,hikaricp_connections_acquire_seconds_sum,"{language=""java"",pool=""HikariPool-1"",service=""java-order-service"",}",0.083856294
1790102077.362,java-order-service,tomcat_threads_busy_threads,"{language=""java"",name=""http-nio-9083"",service=""java-order-service"",}",-1.0
1790102077.362,java-order-service,jvm_memory_committed_bytes,"{area=""nonheap"",id=""CodeHeap 'non-profiled nmethods'"",language=""java"",service=""java-order-service"",}",4915200.0
1790102077.362,java-order-service,jvm_memory_committed_bytes,"{area=""heap"",id=""G1 Eden Space"",language=""java"",service=""java-order-service"",}",73400320.0
1790102077.362,java-order-service,jvm_memory_committed_bytes,"{area=""nonheap"",id=""CodeHeap 'profiled nmethods'"",language=""java"",service=""java-order-service"",}",17891328.0
1790102077.362,java-order-service,jvm_memory_committed_bytes,"{area=""nonheap"",id=""CodeHeap 'non-nmethods'"",language=""java"",service=""java-order-service"",}",2555904.0
1790102077.362,java-order-service,jvm_memory_committed_bytes,"{area=""heap"",id=""G1 Survivor Space"",language=""java"",service=""java-order-service"",}",6291456.0
1790102077.362,java-order-service,jvm_memory_committed_bytes,"{area=""nonheap"",id=""Compressed Class Space"",language=""java"",service=""java-order-service"",}",11141120.0
1790102077.362,java-order-service,jvm_memory_committed_bytes,"{area=""heap"",id=""G1 Old Gen"",language=""java"",service=""java-order-service"",}",46137344.0
1790102077.362,java-order-service,jvm_memory_committed_bytes,"{area=""nonheap"",id=""Metaspace"",language=""java"",service=""java-order-service"",}",80412672.0
1790102077.362,java-order-service,hikaricp_connections_pending,"{language=""java"",pool=""HikariPool-1"",service=""java-order-service"",}",0.0
1790102077.362,java-order-service,process_cpu_usage,"{language=""java"",service=""java-order-service"",}",0.02318840579710145
1790102077.362,java-order-service,tomcat_threads_current_threads,"{language=""java"",name=""http-nio-9083"",service=""java-order-service"",}",-1.0
1790102077.362,java-order-service,jvm_memory_used_bytes,"{area=""nonheap"",id=""CodeHeap 'non-profiled nmethods'"",language=""java"",service=""java-order-service"",}",4909568.0
1790102077.362,java-order-service,jvm_memory_used_bytes,"{area=""heap"",id=""G1 Eden Space"",language=""java"",service=""java-order-service"",}",52428800.0
1790102077.362,java-order-service,jvm_memory_used_bytes,"{area=""nonheap"",id=""CodeHeap 'profiled nmethods'"",language=""java"",service=""java-order-service"",}",17853440.0
1790102077.362,java-order-service,jvm_memory_used_bytes,"{area=""nonheap"",id=""CodeHeap 'non-nmethods'"",language=""java"",service=""java-order-service"",}",1610368.0
1790102077.362,java-order-service,jvm_memory_used_bytes,"{area=""heap"",id=""G1 Survivor Space"",language=""java"",service=""java-order-service"",}",5766432.0
1790102077.362,java-order-service,jvm_memory_used_bytes,"{area=""nonheap"",id=""Compressed Class Space"",language=""java"",service=""java-order-service"",}",10687056.0
1790102077.362,java-order-service,jvm_memory_used_bytes,"{area=""heap"",id=""G1 Old Gen"",language=""java"",service=""java-order-service"",}",29144680.0
1790102077.362,java-order-service,jvm_memory_used_bytes,"{area=""nonheap"",id=""Metaspace"",language=""java"",service=""java-order-service"",}",79438504.0
1790102082.411,java-user-service,tomcat_threads_busy_threads,"{framework=""spring-boot"",language=""java"",name=""http-nio-9081"",service=""java-user-service"",}",-1.0
1790102082.411,java-user-service,jvm_gc_pause_seconds_count,"{action=""end of minor GC"",cause=""G1 Evacuation Pause"",framework=""spring-boot"",gc=""G1 Young Generation"",language=""java"",service=""java-user-service"",}",10.0
1790102082.411,java-user-service,jvm_gc_pause_seconds_sum,"{action=""end of minor GC"",cause=""G1 Evacuation Pause"",framework=""spring-boot"",gc=""G1 Young Generation"",language=""java"",service=""java-user-service"",}",0.073
1790102082.411,java-user-service,jvm_memory_used_bytes,"{area=""nonheap"",framework=""spring-boot"",id=""CodeHeap 'non-nmethods'"",language=""java"",service=""java-user-service"",}",1645696.0
1790102082.411,java-user-service,jvm_memory_used_bytes,"{area=""nonheap"",framework=""spring-boot"",id=""CodeHeap 'non-profiled nmethods'"",language=""java"",service=""java-user-service"",}",9347328.0
1790102082.411,java-user-service,jvm_memory_used_bytes,"{area=""heap"",framework=""spring-boot"",id=""G1 Survivor Space"",language=""java"",service=""java-user-service"",}",3573128.0
1790102082.411,java-user-service,jvm_memory_used_bytes,"{area=""heap"",framework=""spring-boot"",id=""G1 Old Gen"",language=""java"",service=""java-user-service"",}",40276200.0
1790102082.411,java-user-service,jvm_memory_used_bytes,"{area=""nonheap"",framework=""spring-boot"",id=""Metaspace"",language=""java"",service=""java-user-service"",}",103900280.0
1790102082.411,java-user-service,jvm_memory_used_bytes,"{area=""heap"",framework=""spring-boot"",id=""G1 Eden Space"",language=""java"",service=""java-user-service"",}",32505856.0
1790102082.411,java-user-service,jvm_memory_used_bytes,"{area=""nonheap"",framework=""spring-boot"",id=""Compressed Class Space"",language=""java"",service=""java-user-service"",}",13414008.0
1790102082.411,java-user-service,jvm_memory_used_bytes,"{area=""nonheap"",framework=""spring-boot"",id=""CodeHeap 'profiled nmethods'"",language=""java"",service=""java-user-service"",}",30918272.0
1790102082.411,java-user-service,hikaricp_connections_usage_seconds_count,"{framework=""spring-boot"",language=""java"",pool=""HikariPool-1"",service=""java-user-service"",}",1420.0
1790102082.411,java-user-service,hikaricp_connections_usage_seconds_sum,"{framework=""spring-boot"",language=""java"",pool=""HikariPool-1"",service=""java-user-service"",}",108.927
1790102082.411,java-user-service,process_cpu_usage,"{framework=""spring-boot"",language=""java"",service=""java-user-service"",}",0.35772357723577236
1790102082.411,java-user-service,tomcat_threads_current_threads,"{framework=""spring-boot"",language=""java"",name=""http-nio-9081"",service=""java-user-service"",}",-1.0
1790102082.411,java-user-service,jvm_memory_committed_bytes,"{area=""nonheap"",framework=""spring-boot"",id=""CodeHeap 'non-nmethods'"",language=""java"",service=""java-user-service"",}",2555904.0
1790102082.411,java-user-service,jvm_memory_committed_bytes,"{area=""nonheap"",framework=""spring-boot"",id=""CodeHeap 'non-profiled nmethods'"",language=""java"",service=""java-user-service"",}",9502720.0
1790102082.411,java-user-service,jvm_memory_committed_bytes,"{area=""heap"",framework=""spring-boot"",id=""G1 Survivor Space"",language=""java"",service=""java-user-service"",}",4194304.0
1790102082.411,java-user-service,jvm_memory_committed_bytes,"{area=""heap"",framework=""spring-boot"",id=""G1 Old Gen"",language=""java"",service=""java-user-service"",}",44040192.0
1790102082.411,java-user-service,jvm_memory_committed_bytes,"{area=""nonheap"",framework=""spring-boot"",id=""Metaspace"",language=""java"",service=""java-user-service"",}",104792064.0
1790102082.411,java-user-service,jvm_memory_committed_bytes,"{area=""heap"",framework=""spring-boot"",id=""G1 Eden Space"",language=""java"",service=""java-user-service"",}",58720256.0
1790102082.411,java-user-service,jvm_memory_committed_bytes,"{area=""nonheap"",framework=""spring-boot"",id=""Compressed Class Space"",language=""java"",service=""java-user-service"",}",13828096.0
1790102082.411,java-user-service,jvm_memory_committed_bytes,"{area=""nonheap"",framework=""spring-boot"",id=""CodeHeap 'profiled nmethods'"",language=""java"",service=""java-user-service"",}",32112640.0
1790102082.411,java-user-service,system_cpu_usage,"{framework=""spring-boot"",language=""java"",service=""java-user-service"",}",0.3571760975609756
1790102082.411,java-user-service,hikaricp_connections_pending,"{framework=""spring-boot"",language=""java"",pool=""HikariPool-1"",service=""java-user-service"",}",0.0
1790102082.411,java-user-service,hikaricp_connections_acquire_seconds_count,"{framework=""spring-boot"",language=""java"",pool=""HikariPool-1"",service=""java-user-service"",}",1420.0
1790102082.411,java-user-service,hikaricp_connections_acquire_seconds_sum,"{framework=""spring-boot"",language=""java"",pool=""HikariPool-1"",service=""java-user-service"",}",11.949928362
1790102082.411,java-user-service,tomcat_threads_config_max_threads,"{framework=""spring-boot"",language=""java"",name=""http-nio-9081"",service=""java-user-service"",}",-1.0
1790102082.411,java-user-service,hikaricp_connections_active,"{framework=""spring-boot"",language=""java"",pool=""HikariPool-1"",service=""java-user-service"",}",0.0
1790102082.411,java-product-service,jvm_memory_used_bytes,"{area=""nonheap"",id=""CodeHeap 'non-nmethods'"",language=""java"",service=""java-product-service"",}",1638144.0
1790102082.411,java-product-service,jvm_memory_used_bytes,"{area=""heap"",id=""G1 Eden Space"",language=""java"",service=""java-product-service"",}",40894464.0
1790102082.411,java-product-service,jvm_memory_used_bytes,"{area=""nonheap"",id=""Metaspace"",language=""java"",service=""java-product-service"",}",97913216.0
1790102082.411,java-product-service,jvm_memory_used_bytes,"{area=""heap"",id=""G1 Old Gen"",language=""java"",service=""java-product-service"",}",39820920.0
1790102082.411,java-product-service,jvm_memory_used_bytes,"{area=""nonheap"",id=""Compressed Class Space"",language=""java"",service=""java-product-service"",}",12931168.0
1790102082.411,java-product-service,jvm_memory_used_bytes,"{area=""heap"",id=""G1 Survivor Space"",language=""java"",service=""java-product-service"",}",2444352.0
1790102082.411,java-product-service,jvm_memory_used_bytes,"{area=""nonheap"",id=""CodeHeap 'profiled nmethods'"",language=""java"",service=""java-product-service"",}",18688768.0
1790102082.411,java-product-service,jvm_memory_used_bytes,"{area=""nonheap"",id=""CodeHeap 'non-profiled nmethods'"",language=""java"",service=""java-product-service"",}",7234048.0
1790102082.411,java-product-service,tomcat_threads_current_threads,"{language=""java"",name=""http-nio-9082"",service=""java-product-service"",}",-1.0
1790102082.411,java-product-service,hikaricp_connections_acquire_seconds_count,"{language=""java"",pool=""HikariPool-1"",service=""java-product-service"",}",498.0
1790102082.411,java-product-service,hikaricp_connections_acquire_seconds_sum,"{language=""java"",pool=""HikariPool-1"",service=""java-product-service"",}",0.270230697
1790102082.411,java-product-service,tomcat_threads_busy_threads,"{language=""java"",name=""http-nio-9082"",service=""java-product-service"",}",-1.0
1790102082.411,java-product-service,hikaricp_connections_pending,"{language=""java"",pool=""HikariPool-1"",service=""java-product-service"",}",0.0
1790102082.411,java-product-service,hikaricp_connections_active,"{language=""java"",pool=""HikariPool-1"",service=""java-product-service"",}",0.0
1790102082.411,java-product-service,tomcat_threads_config_max_threads,"{language=""java"",name=""http-nio-9082"",service=""java-product-service"",}",-1.0
1790102082.411,java-product-service,process_cpu_usage,"{language=""java"",service=""java-product-service"",}",0.04782608695652174
1790102082.411,java-product-service,system_cpu_usage,"{language=""java"",service=""java-product-service"",}",0.048494927536231885
1790102082.411,java-product-service,jvm_gc_pause_seconds_count,"{action=""end of minor GC"",cause=""G1 Evacuation Pause"",gc=""G1 Young Generation"",language=""java"",service=""java-product-service"",}",9.0
1790102082.411,java-product-service,jvm_gc_pause_seconds_sum,"{action=""end of minor GC"",cause=""G1 Evacuation Pause"",gc=""G1 Young Generation"",language=""java"",service=""java-product-service"",}",0.049
1790102082.411,java-product-service,jvm_memory_committed_bytes,"{area=""nonheap"",id=""CodeHeap 'non-nmethods'"",language=""java"",service=""java-product-service"",}",2555904.0
1790102082.411,java-product-service,jvm_memory_committed_bytes,"{area=""heap"",id=""G1 Eden Space"",language=""java"",service=""java-product-service"",}",52428800.0
1790102082.411,java-product-service,jvm_memory_committed_bytes,"{area=""nonheap"",id=""Metaspace"",language=""java"",service=""java-product-service"",}",98893824.0
1790102082.411,java-product-service,jvm_memory_committed_bytes,"{area=""heap"",id=""G1 Old Gen"",language=""java"",service=""java-product-service"",}",42991616.0
1790102082.411,java-product-service,jvm_memory_committed_bytes,"{area=""nonheap"",id=""Compressed Class Space"",language=""java"",service=""java-product-service"",}",13434880.0
1790102082.411,java-product-service,jvm_memory_committed_bytes,"{area=""heap"",id=""G1 Survivor Space"",language=""java"",service=""java-product-service"",}",3145728.0
1790102082.411,java-product-service,jvm_memory_committed_bytes,"{area=""nonheap"",id=""CodeHeap 'profiled nmethods'"",language=""java"",service=""java-product-service"",}",24117248.0
1790102082.411,java-product-service,jvm_memory_committed_bytes,"{area=""nonheap"",id=""CodeHeap 'non-profiled nmethods'"",language=""java"",service=""java-product-service"",}",7864320.0
1790102082.411,java-product-service,hikaricp_connections_usage_seconds_count,"{language=""java"",pool=""HikariPool-1"",service=""java-product-service"",}",498.0
1790102082.411,java-product-service,hikaricp_connections_usage_seconds_sum,"{language=""java"",pool=""HikariPool-1"",service=""java-product-service"",}",0.4
1790102082.411,java-order-service,system_cpu_usage,"{language=""java"",service=""java-order-service"",}",0.028738
1790102082.411,java-order-service,jvm_gc_pause_seconds_count,"{action=""end of minor GC"",cause=""G1 Evacuation Pause"",gc=""G1 Young Generation"",language=""java"",service=""java-order-service"",}",1.0
1790102082.411,java-order-service,jvm_gc_pause_seconds_sum,"{action=""end of minor GC"",cause=""G1 Evacuation Pause"",gc=""G1 Young Generation"",language=""java"",service=""java-order-service"",}",0.008
1790102082.411,java-order-service,hikaricp_connections_usage_seconds_count,"{language=""java"",pool=""HikariPool-1"",service=""java-order-service"",}",476.0
1790102082.411,java-order-service,hikaricp_connections_usage_seconds_sum,"{language=""java"",pool=""HikariPool-1"",service=""java-order-service"",}",0.002
1790102082.411,java-order-service,hikaricp_connections_active,"{language=""java"",pool=""HikariPool-1"",service=""java-order-service"",}",0.0
1790102082.411,java-order-service,tomcat_threads_config_max_threads,"{language=""java"",name=""http-nio-9083"",service=""java-order-service"",}",-1.0
1790102082.411,java-order-service,hikaricp_connections_acquire_seconds_count,"{language=""java"",pool=""HikariPool-1"",service=""java-order-service"",}",476.0
1790102082.411,java-order-service,hikaricp_connections_acquire_seconds_sum,"{language=""java"",pool=""HikariPool-1"",service=""java-order-service"",}",0.086955499
1790102082.411,java-order-service,tomcat_threads_busy_threads,"{language=""java"",name=""http-nio-9083"",service=""java-order-service"",}",-1.0
1790102082.411,java-order-service,jvm_memory_committed_bytes,"{area=""nonheap"",id=""CodeHeap 'non-profiled nmethods'"",language=""java"",service=""java-order-service"",}",4980736.0
1790102082.411,java-order-service,jvm_memory_committed_bytes,"{area=""heap"",id=""G1 Eden Space"",language=""java"",service=""java-order-service"",}",73400320.0
1790102082.411,java-order-service,jvm_memory_committed_bytes,"{area=""nonheap"",id=""CodeHeap 'profiled nmethods'"",language=""java"",service=""java-order-service"",}",18153472.0
1790102082.411,java-order-service,jvm_memory_committed_bytes,"{area=""nonheap"",id=""CodeHeap 'non-nmethods'"",language=""java"",service=""java-order-service"",}",2555904.0
1790102082.411,java-order-service,jvm_memory_committed_bytes,"{area=""heap"",id=""G1 Survivor Space"",language=""java"",service=""java-order-service"",}",6291456.0
1790102082.411,java-order-service,jvm_memory_committed_bytes,"{area=""nonheap"",id=""Compressed Class Space"",language=""java"",service=""java-order-service"",}",11141120.0
1790102082.411,java-order-service,jvm_memory_committed_bytes,"{area=""heap"",id=""G1 Old Gen"",language=""java"",service=""java-order-service"",}",46137344.0
1790102082.411,java-order-service,jvm_memory_committed_bytes,"{area=""nonheap"",id=""Metaspace"",language=""java"",service=""java-order-service"",}",80478208.0
1790102082.411,java-order-service,hikaricp_connections_pending,"{language=""java"",pool=""HikariPool-1"",service=""java-order-service"",}",0.0
1790102082.411,java-order-service,process_cpu_usage,"{language=""java"",service=""java-order-service"",}",0.024444444444444446
1790102082.411,java-order-service,tomcat_threads_current_threads,"{language=""java"",name=""http-nio-9083"",service=""java-order-service"",}",-1.0
1790102082.411,java-order-service,jvm_memory_used_bytes,"{area=""nonheap"",id=""CodeHeap 'non-profiled nmethods'"",language=""java"",service=""java-order-service"",}",4928768.0
1790102082.411,java-order-service,jvm_memory_used_bytes,"{area=""heap"",id=""G1 Eden Space"",language=""java"",service=""java-order-service"",}",54525952.0
1790102082.411,java-order-service,jvm_memory_used_bytes,"{area=""nonheap"",id=""CodeHeap 'profiled nmethods'"",language=""java"",service=""java-order-service"",}",18109056.0
1790102082.411,java-order-service,jvm_memory_used_bytes,"{area=""nonheap"",id=""CodeHeap 'non-nmethods'"",language=""java"",service=""java-order-service"",}",1610368.0
1790102082.411,java-order-service,jvm_memory_used_bytes,"{area=""heap"",id=""G1 Survivor Space"",language=""java"",service=""java-order-service"",}",5766432.0
1790102082.411,java-order-service,jvm_memory_used_bytes,"{area=""nonheap"",id=""Compressed Class Space"",language=""java"",service=""java-order-service"",}",10687056.0
1790102082.411,java-order-service,jvm_memory_used_bytes,"{area=""heap"",id=""G1 Old Gen"",language=""java"",service=""java-order-service"",}",29144680.0
1790102082.411,java-order-service,jvm_memory_used_bytes,"{area=""nonheap"",id=""Metaspace"",language=""java"",service=""java-order-service"",}",79562440.0
1790102087.459,java-user-service,tomcat_threads_busy_threads,"{framework=""spring-boot"",language=""java"",name=""http-nio-9081"",service=""java-user-service"",}",-1.0
1790102087.459,java-user-service,jvm_gc_pause_seconds_count,"{action=""end of minor GC"",cause=""G1 Evacuation Pause"",framework=""spring-boot"",gc=""G1 Young Generation"",language=""java"",service=""java-user-service"",}",10.0
1790102087.459,java-user-service,jvm_gc_pause_seconds_sum,"{action=""end of minor GC"",cause=""G1 Evacuation Pause"",framework=""spring-boot"",gc=""G1 Young Generation"",language=""java"",service=""java-user-service"",}",0.073
1790102087.459,java-user-service,jvm_memory_used_bytes,"{area=""nonheap"",framework=""spring-boot"",id=""CodeHeap 'non-nmethods'"",language=""java"",service=""java-user-service"",}",1645696.0
1790102087.459,java-user-service,jvm_memory_used_bytes,"{area=""nonheap"",framework=""spring-boot"",id=""CodeHeap 'non-profiled nmethods'"",language=""java"",service=""java-user-service"",}",9372672.0
1790102087.459,java-user-service,jvm_memory_used_bytes,"{area=""heap"",framework=""spring-boot"",id=""G1 Survivor Space"",language=""java"",service=""java-user-service"",}",3573128.0
1790102087.459,java-user-service,jvm_memory_used_bytes,"{area=""heap"",framework=""spring-boot"",id=""G1 Old Gen"",language=""java"",service=""java-user-service"",}",40276200.0
1790102087.459,java-user-service,jvm_memory_used_bytes,"{area=""nonheap"",framework=""spring-boot"",id=""Metaspace"",language=""java"",service=""java-user-service"",}",103901736.0
1790102087.459,java-user-service,jvm_memory_used_bytes,"{area=""heap"",framework=""spring-boot"",id=""G1 Eden Space"",language=""java"",service=""java-user-service"",}",41943040.0
1790102087.459,java-user-service,jvm_memory_used_bytes,"{area=""nonheap"",framework=""spring-boot"",id=""Compressed Class Space"",language=""java"",service=""java-user-service"",}",13414008.0
1790102087.459,java-user-service,jvm_memory_used_bytes,"{area=""nonheap"",framework=""spring-boot"",id=""CodeHeap 'profiled nmethods'"",language=""java"",service=""java-user-service"",}",30975232.0
1790102087.459,java-user-service,hikaricp_connections_usage_seconds_count,"{framework=""spring-boot"",language=""java"",pool=""HikariPool-1"",service=""java-user-service"",}",1470.0
1790102087.459,java-user-service,hikaricp_connections_usage_seconds_sum,"{framework=""spring-boot"",language=""java"",pool=""HikariPool-1"",service=""java-user-service"",}",114.985
1790102087.459,java-user-service,process_cpu_usage,"{framework=""spring-boot"",language=""java"",service=""java-user-service"",}",0.3111111111111111
1790102087.459,java-user-service,tomcat_threads_current_threads,"{framework=""spring-boot"",language=""java"",name=""http-nio-9081"",service=""java-user-service"",}",-1.0
1790102087.459,java-user-service,jvm_memory_committed_bytes,"{area=""nonheap"",framework=""spring-boot"",id=""CodeHeap 'non-nmethods'"",language=""java"",service=""java-user-service"",}",2555904.0
1790102087.459,java-user-service,jvm_memory_committed_bytes,"{area=""nonheap"",framework=""spring-boot"",id=""CodeHeap 'non-profiled nmethods'"",language=""java"",service=""java-user-service"",}",9502720.0
1790102087.459,java-user-service,jvm_memory_committed_bytes,"{area=""heap"",framework=""spring-boot"",id=""G1 Survivor Space"",language=""java"",service=""java-user-service"",}",4194304.0
1790102087.459,java-user-service,jvm_memory_committed_bytes,"{area=""heap"",framework=""spring-boot"",id=""G1 Old Gen"",language=""java"",service=""java-user-service"",}",44040192.0
1790102087.459,java-user-service,jvm_memory_committed_bytes,"{area=""nonheap"",framework=""spring-boot"",id=""Metaspace"",language=""java"",service=""java-user-service"",}",104792064.0
1790102087.459,java-user-service,jvm_memory_committed_bytes,"{area=""heap"",framework=""spring-boot"",id=""G1 Eden Space"",language=""java"",service=""java-user-service"",}",58720256.0
1790102087.459,java-user-service,jvm_memory_committed_bytes,"{area=""nonheap"",framework=""spring-boot"",id=""Compressed Class Space"",language=""java"",service=""java-user-service"",}",13828096.0
1790102087.459,java-user-service,jvm_memory_committed_bytes,"{area=""nonheap"",framework=""spring-boot"",id=""CodeHeap 'profiled nmethods'"",language=""java"",service=""java-user-service"",}",32112640.0
1790102087.459,java-user-service,system_cpu_usage,"{framework=""spring-boot"",language=""java"",service=""java-user-service"",}",0.31304385185185185
1790102087.459,java-user-service,hikaricp_connections_pending,"{framework=""spring-boot"",language=""java"",pool=""HikariPool-1"",service=""java-user-service"",}",0.0
1790102087.459,java-user-service,hikaricp_connections_acquire_seconds_count,"{framework=""spring-boot"",language=""java"",pool=""HikariPool-1"",service=""java-user-service"",}",1470.0
1790102087.459,java-user-service,hikaricp_connections_acquire_seconds_sum,"{framework=""spring-boot"",language=""java"",pool=""HikariPool-1"",service=""java-user-service"",}",12.444822903
1790102087.459,java-user-service,tomcat_threads_config_max_threads,"{framework=""spring-boot"",language=""java"",name=""http-nio-9081"",service=""java-user-service"",}",-1.0
1790102087.459,java-user-service,hikaricp_connections_active,"{framework=""spring-boot"",language=""java"",pool=""HikariPool-1"",service=""java-user-service"",}",0.0
1790102087.459,java-product-service,jvm_memory_used_bytes,"{area=""nonheap"",id=""CodeHeap 'non-nmethods'"",language=""java"",service=""java-product-service"",}",1638144.0
1790102087.459,java-product-service,jvm_memory_used_bytes,"{area=""heap"",id=""G1 Eden Space"",language=""java"",service=""java-product-service"",}",6291456.0
1790102087.459,java-product-service,jvm_memory_used_bytes,"{area=""nonheap"",id=""Metaspace"",language=""java"",service=""java-product-service"",}",97983984.0
1790102087.459,java-product-service,jvm_memory_used_bytes,"{area=""heap"",id=""G1 Old Gen"",language=""java"",service=""java-product-service"",}",39820920.0
1790102087.459,java-product-service,jvm_memory_used_bytes,"{area=""nonheap"",id=""Compressed Class Space"",language=""java"",service=""java-product-service"",}",12934864.0
1790102087.459,java-product-service,jvm_memory_used_bytes,"{area=""heap"",id=""G1 Survivor Space"",language=""java"",service=""java-product-service"",}",2305776.0
1790102087.459,java-product-service,jvm_memory_used_bytes,"{area=""nonheap"",id=""CodeHeap 'profiled nmethods'"",language=""java"",service=""java-product-service"",}",18886272.0
1790102087.459,java-product-service,jvm_memory_used_bytes,"{area=""nonheap"",id=""CodeHeap 'non-profiled nmethods'"",language=""java"",service=""java-product-service"",}",7294336.0
1790102087.459,java-product-service,tomcat_threads_current_threads,"{language=""java"",name=""http-nio-9082"",service=""java-product-service"",}",-1.0
1790102087.459,java-product-service,hikaricp_connections_acquire_seconds_count,"{language=""java"",pool=""HikariPool-1"",service=""java-product-service"",}",524.0
1790102087.459,java-product-service,hikaricp_connections_acquire_seconds_sum,"{language=""java"",pool=""HikariPool-1"",service=""java-product-service"",}",0.290395362
1790102087.459,java-product-service,tomcat_threads_busy_threads,"{language=""java"",name=""http-nio-9082"",service=""java-product-service"",}",-1.0
1790102087.459,java-product-service,hikaricp_connections_pending,"{language=""java"",pool=""HikariPool-1"",service=""java-product-service"",}",0.0
1790102087.459,java-product-service,hikaricp_connections_active,"{language=""java"",pool=""HikariPool-1"",service=""java-product-service"",}",0.0
1790102087.459,java-product-service,tomcat_threads_config_max_threads,"{language=""java"",name=""http-nio-9082"",service=""java-product-service"",}",-1.0
1790102087.459,java-product-service,process_cpu_usage,"{language=""java"",service=""java-product-service"",}",0.04090909090909091
1790102087.459,java-product-service,system_cpu_usage,"{language=""java"",service=""java-product-service"",}",0.04358590909090909
1790102087.459,java-product-service,jvm_gc_pause_seconds_count,"{action=""end of minor GC"",cause=""G1 Evacuation Pause"",gc=""G1 Young Generation"",language=""java"",service=""java-product-service"",}",10.0
1790102087.459,java-product-service,jvm_gc_pause_seconds_sum,"{action=""end of minor GC"",cause=""G1 Evacuation Pause"",gc=""G1 Young Generation"",language=""java"",service=""java-product-service"",}",0.053
1790102087.459,java-product-service,jvm_memory_committed_bytes,"{area=""nonheap"",id=""CodeHeap 'non-nmethods'"",language=""java"",service=""java-product-service"",}",2555904.0
1790102087.459,java-product-service,jvm_memory_committed_bytes,"{area=""heap"",id=""G1 Eden Space"",language=""java"",service=""java-product-service"",}",52428800.0
1790102087.459,java-product-service,jvm_memory_committed_bytes,"{area=""nonheap"",id=""Metaspace"",language=""java"",service=""java-product-service"",}",99024896.0
1790102087.459,java-product-service,jvm_memory_committed_bytes,"{area=""heap"",id=""G1 Old Gen"",language=""java"",service=""java-product-service"",}",42991616.0
1790102087.459,java-product-service,jvm_memory_committed_bytes,"{area=""nonheap"",id=""Compressed Class Space"",language=""java"",service=""java-product-service"",}",13434880.0
1790102087.459,java-product-service,jvm_memory_committed_bytes,"{area=""heap"",id=""G1 Survivor Space"",language=""java"",service=""java-product-service"",}",3145728.0
1790102087.459,java-product-service,jvm_memory_committed_bytes,"{area=""nonheap"",id=""CodeHeap 'profiled nmethods'"",language=""java"",service=""java-product-service"",}",24117248.0
1790102087.459,java-product-service,jvm_memory_committed_bytes,"{area=""nonheap"",id=""CodeHeap 'non-profiled nmethods'"",language=""java"",service=""java-product-service"",}",7864320.0
1790102087.459,java-product-service,hikaricp_connections_usage_seconds_count,"{language=""java"",pool=""HikariPool-1"",service=""java-product-service"",}",524.0
1790102087.459,java-product-service,hikaricp_connections_usage_seconds_sum,"{language=""java"",pool=""HikariPool-1"",service=""java-product-service"",}",0.445
1790102087.459,java-order-service,system_cpu_usage,"{language=""java"",service=""java-order-service"",}",0.015909047619047618
1790102087.459,java-order-service,jvm_gc_pause_seconds_count,"{action=""end of minor GC"",cause=""G1 Evacuation Pause"",gc=""G1 Young Generation"",language=""java"",service=""java-order-service"",}",1.0
1790102087.459,java-order-service,jvm_gc_pause_seconds_sum,"{action=""end of minor GC"",cause=""G1 Evacuation Pause"",gc=""G1 Young Generation"",language=""java"",service=""java-order-service"",}",0.008
1790102087.459,java-order-service,hikaricp_connections_usage_seconds_count,"{language=""java"",pool=""HikariPool-1"",service=""java-order-service"",}",494.0
1790102087.459,java-order-service,hikaricp_connections_usage_seconds_sum,"{language=""java"",pool=""HikariPool-1"",service=""java-order-service"",}",0.002
1790102087.459,java-order-service,hikaricp_connections_active,"{language=""java"",pool=""HikariPool-1"",service=""java-order-service"",}",0.0
1790102087.459,java-order-service,tomcat_threads_config_max_threads,"{language=""java"",name=""http-nio-9083"",service=""java-order-service"",}",-1.0
1790102087.459,java-order-service,hikaricp_connections_acquire_seconds_count,"{language=""java"",pool=""HikariPool-1"",service=""java-order-service"",}",494.0
1790102087.459,java-order-service,hikaricp_connections_acquire_seconds_sum,"{language=""java"",pool=""HikariPool-1"",service=""java-order-service"",}",0.0899845
1790102087.459,java-order-service,tomcat_threads_busy_threads,"{language=""java"",name=""http-nio-9083"",service=""java-order-service"",}",-1.0
1790102087.459,java-order-service,jvm_memory_committed_bytes,"{area=""nonheap"",id=""CodeHeap 'non-profiled nmethods'"",language=""java"",service=""java-order-service"",}",4980736.0
1790102087.459,java-order-service,jvm_memory_committed_bytes,"{area=""heap"",id=""G1 Eden Space"",language=""java"",service=""java-order-service"",}",73400320.0
1790102087.459,java-order-service,jvm_memory_committed_bytes,"{area=""nonheap"",id=""CodeHeap 'profiled nmethods'"",language=""java"",service=""java-order-service"",}",18219008.0
1790102087.459,java-order-service,jvm_memory_committed_bytes,"{area=""nonheap"",id=""CodeHeap 'non-nmethods'"",language=""java"",service=""java-order-service"",}",2555904.0
1790102087.459,java-order-service,jvm_memory_committed_bytes,"{area=""heap"",id=""G1 Survivor Space"",language=""java"",service=""java-order-service"",}",6291456.0
1790102087.459,java-order-service,jvm_memory_committed_bytes,"{area=""nonheap"",id=""Compressed Class Space"",language=""java"",service=""java-order-service"",}",11141120.0
1790102087.459,java-order-service,jvm_memory_committed_bytes,"{area=""heap"",id=""G1 Old Gen"",language=""java"",service=""java-order-service"",}",46137344.0
1790102087.459,java-order-service,jvm_memory_committed_bytes,"{area=""nonheap"",id=""Metaspace"",language=""java"",service=""java-order-service"",}",80543744.0
1790102087.459,java-order-service,hikaricp_connections_pending,"{language=""java"",pool=""HikariPool-1"",service=""java-order-service"",}",0.0
1790102087.459,java-order-service,process_cpu_usage,"{language=""java"",service=""java-order-service"",}",0.016666666666666666
1790102087.459,java-order-service,tomcat_threads_current_threads,"{language=""java"",name=""http-nio-9083"",service=""java-order-service"",}",-1.0
1790102087.459,java-order-service,jvm_memory_used_bytes,"{area=""nonheap"",id=""CodeHeap 'non-profiled nmethods'"",language=""java"",service=""java-order-service"",}",4931712.0
1790102087.459,java-order-service,jvm_memory_used_bytes,"{area=""heap"",id=""G1 Eden Space"",language=""java"",service=""java-order-service"",}",56623104.0
1790102087.459,java-order-service,jvm_memory_used_bytes,"{area=""nonheap"",id=""CodeHeap 'profiled nmethods'"",language=""java"",service=""java-order-service"",}",18214400.0
1790102087.459,java-order-service,jvm_memory_used_bytes,"{area=""nonheap"",id=""CodeHeap 'non-nmethods'"",language=""java"",service=""java-order-service"",}",1610368.0
1790102087.459,java-order-service,jvm_memory_used_bytes,"{area=""heap"",id=""G1 Survivor Space"",language=""java"",service=""java-order-service"",}",5766432.0
1790102087.459,java-order-service,jvm_memory_used_bytes,"{area=""nonheap"",id=""Compressed Class Space"",language=""java"",service=""java-order-service"",}",10687056.0
1790102087.459,java-order-service,jvm_memory_used_bytes,"{area=""heap"",id=""G1 Old Gen"",language=""java"",service=""java-order-service"",}",29144680.0
1790102087.459,java-order-service,jvm_memory_used_bytes,"{area=""nonheap"",id=""Metaspace"",language=""java"",service=""java-order-service"",}",79588904.0
1790102092.514,java-user-service,tomcat_threads_busy_threads,"{framework=""spring-boot"",language=""java"",name=""http-nio-9081"",service=""java-user-service"",}",-1.0
1790102092.514,java-user-service,jvm_gc_pause_seconds_count,"{action=""end of minor GC"",cause=""G1 Evacuation Pause"",framework=""spring-boot"",gc=""G1 Young Generation"",language=""java"",service=""java-user-service"",}",10.0
1790102092.514,java-user-service,jvm_gc_pause_seconds_sum,"{action=""end of minor GC"",cause=""G1 Evacuation Pause"",framework=""spring-boot"",gc=""G1 Young Generation"",language=""java"",service=""java-user-service"",}",0.073
1790102092.514,java-user-service,jvm_memory_used_bytes,"{area=""nonheap"",framework=""spring-boot"",id=""CodeHeap 'non-nmethods'"",language=""java"",service=""java-user-service"",}",1645696.0
1790102092.514,java-user-service,jvm_memory_used_bytes,"{area=""nonheap"",framework=""spring-boot"",id=""CodeHeap 'non-profiled nmethods'"",language=""java"",service=""java-user-service"",}",9401728.0
1790102092.514,java-user-service,jvm_memory_used_bytes,"{area=""heap"",framework=""spring-boot"",id=""G1 Survivor Space"",language=""java"",service=""java-user-service"",}",3573128.0
1790102092.514,java-user-service,jvm_memory_used_bytes,"{area=""heap"",framework=""spring-boot"",id=""G1 Old Gen"",language=""java"",service=""java-user-service"",}",40276200.0
1790102092.514,java-user-service,jvm_memory_used_bytes,"{area=""nonheap"",framework=""spring-boot"",id=""Metaspace"",language=""java"",service=""java-user-service"",}",103984064.0
1790102092.514,java-user-service,jvm_memory_used_bytes,"{area=""heap"",framework=""spring-boot"",id=""G1 Eden Space"",language=""java"",service=""java-user-service"",}",51380224.0
1790102092.514,java-user-service,jvm_memory_used_bytes,"{area=""nonheap"",framework=""spring-boot"",id=""Compressed Class Space"",language=""java"",service=""java-user-service"",}",13414008.0
1790102092.514,java-user-service,jvm_memory_used_bytes,"{area=""nonheap"",framework=""spring-boot"",id=""CodeHeap 'profiled nmethods'"",language=""java"",service=""java-user-service"",}",31598336.0
1790102092.514,java-user-service,hikaricp_connections_usage_seconds_count,"{framework=""spring-boot"",language=""java"",pool=""HikariPool-1"",service=""java-user-service"",}",1520.0
1790102092.514,java-user-service,hikaricp_connections_usage_seconds_sum,"{framework=""spring-boot"",language=""java"",pool=""HikariPool-1"",service=""java-user-service"",}",120.092
1790102092.514,java-user-service,process_cpu_usage,"{framework=""spring-boot"",language=""java"",service=""java-user-service"",}",0.34285714285714286
1790102092.514,java-user-service,tomcat_threads_current_threads,"{framework=""spring-boot"",language=""java"",name=""http-nio-9081"",service=""java-user-service"",}",-1.0
1790102092.514,java-user-service,jvm_memory_committed_bytes,"{area=""nonheap"",framework=""spring-boot"",id=""CodeHeap 'non-nmethods'"",language=""java"",service=""java-user-service"",}",2555904.0
1790102092.514,java-user-service,jvm_memory_committed_bytes,"{area=""nonheap"",framework=""spring-boot"",id=""CodeHeap 'non-profiled nmethods'"",language=""java"",service=""java-user-service"",}",9502720.0
1790102092.514,java-user-service,jvm_memory_committed_bytes,"{area=""heap"",framework=""spring-boot"",id=""G1 Survivor Space"",language=""java"",service=""java-user-service"",}",4194304.0
1790102092.514,java-user-service,jvm_memory_committed_bytes,"{area=""heap"",framework=""spring-boot"",id=""G1 Old Gen"",language=""java"",service=""java-user-service"",}",44040192.0
1790102092.514,java-user-service,jvm_memory_committed_bytes,"{area=""nonheap"",framework=""spring-boot"",id=""Metaspace"",language=""java"",service=""java-user-service"",}",104857600.0
1790102092.514,java-user-service,jvm_memory_committed_bytes,"{area=""heap"",framework=""spring-boot"",id=""G1 Eden Space"",language=""java"",service=""java-user-service"",}",58720256.0
1790102092.514,java-user-service,jvm_memory_committed_bytes,"{area=""nonheap"",framework=""spring-boot"",id=""Compressed Class Space"",language=""java"",service=""java-user-service"",}",13828096.0
1790102092.514,java-user-service,jvm_memory_committed_bytes,"{area=""nonheap"",framework=""spring-boot"",id=""CodeHeap 'profiled nmethods'"",language=""java"",service=""java-user-service"",}",32178176.0
1790102092.514,java-user-service,system_cpu_usage,"{framework=""spring-boot"",language=""java"",service=""java-user-service"",}",0.3426180952380952
1790102092.514,java-user-service,hikaricp_connections_pending,"{framework=""spring-boot"",language=""java"",pool=""HikariPool-1"",service=""java-user-service"",}",0.0
1790102092.514,java-user-service,hikaricp_connections_acquire_seconds_count,"{framework=""spring-boot"",language=""java"",pool=""HikariPool-1"",service=""java-user-service"",}",1520.0
1790102092.514,java-user-service,hikaricp_connections_acquire_seconds_sum,"{framework=""spring-boot"",language=""java"",pool=""HikariPool-1"",service=""java-user-service"",}",13.69609957
1790102092.514,java-user-service,tomcat_threads_config_max_threads,"{framework=""spring-boot"",language=""java"",name=""http-nio-9081"",service=""java-user-service"",}",-1.0
1790102092.514,java-user-service,hikaricp_connections_active,"{framework=""spring-boot"",language=""java"",pool=""HikariPool-1"",service=""java-user-service"",}",0.0
1790102092.514,java-product-service,jvm_memory_used_bytes,"{area=""nonheap"",id=""CodeHeap 'non-nmethods'"",language=""java"",service=""java-product-service"",}",1638144.0
1790102092.514,java-product-service,jvm_memory_used_bytes,"{area=""heap"",id=""G1 Eden Space"",language=""java"",service=""java-product-service"",}",17825792.0
1790102092.514,java-product-service,jvm_memory_used_bytes,"{area=""nonheap"",id=""Metaspace"",language=""java"",service=""java-product-service"",}",98039608.0
1790102092.514,java-product-service,jvm_memory_used_bytes,"{area=""heap"",id=""G1 Old Gen"",language=""java"",service=""java-product-service"",}",39820920.0
1790102092.514,java-product-service,jvm_memory_used_bytes,"{area=""nonheap"",id=""Compressed Class Space"",language=""java"",service=""java-product-service"",}",12934864.0
1790102092.514,java-product-service,jvm_memory_used_bytes,"{area=""heap"",id=""G1 Survivor Space"",language=""java"",service=""java-product-service"",}",2305776.0
1790102092.514,java-product-service,jvm_memory_used_bytes,"{area=""nonheap"",id=""CodeHeap 'profiled nmethods'"",language=""java"",service=""java-product-service"",}",19008384.0
1790102092.514,java-product-service,jvm_memory_used_bytes,"{area=""nonheap"",id=""CodeHeap 'non-profiled nmethods'"",language=""java"",service=""java-product-service"",}",7369728.0
1790102092.514,java-product-service,tomcat_threads_current_threads,"{language=""java"",name=""http-nio-9082"",service=""java-product-service"",}",-1.0
1790102092.514,java-product-service,hikaricp_connections_acquire_seconds_count,"{language=""java"",pool=""HikariPool-1"",service=""java-product-service"",}",544.0
1790102092.514,java-product-service,hikaricp_connections_acquire_seconds_sum,"{language=""java"",pool=""HikariPool-1"",service=""java-product-service"",}",0.29379532
1790102092.514,java-product-service,tomcat_threads_busy_threads,"{language=""java"",name=""http-nio-9082"",service=""java-product-service"",}",-1.0
1790102092.514,java-product-service,hikaricp_connections_pending,"{language=""java"",pool=""HikariPool-1"",service=""java-product-service"",}",0.0
1790102092.514,java-product-service,hikaricp_connections_active,"{language=""java"",pool=""HikariPool-1"",service=""java-product-service"",}",0.0
1790102092.514,java-product-service,tomcat_threads_config_max_threads,"{language=""java"",name=""http-nio-9082"",service=""java-product-service"",}",-1.0
1790102092.514,java-product-service,process_cpu_usage,"{language=""java"",service=""java-product-service"",}",0.04822695035460993
1790102092.514,java-product-service,system_cpu_usage,"{language=""java"",service=""java-product-service"",}",0.04752212765957447
1790102092.514,java-product-service,jvm_gc_pause_seconds_count,"{action=""end of minor GC"",cause=""G1 Evacuation Pause"",gc=""G1 Young Generation"",language=""java"",service=""java-product-service"",}",10.0
1790102092.514,java-product-service,jvm_gc_pause_seconds_sum,"{action=""end of minor GC"",cause=""G1 Evacuation Pause"",gc=""G1 Young Generation"",language=""java"",service=""java-product-service"",}",0.053
1790102092.514,java-product-service,jvm_memory_committed_bytes,"{area=""nonheap"",id=""CodeHeap 'non-nmethods'"",language=""java"",service=""java-product-service"",}",2555904.0
1790102092.514,java-product-service,jvm_memory_committed_bytes,"{area=""heap"",id=""G1 Eden Space"",language=""java"",service=""java-product-service"",}",52428800.0
1790102092.514,java-product-service,jvm_memory_committed_bytes,"{area=""nonheap"",id=""Metaspace"",language=""java"",service=""java-product-service"",}",99090432.0
1790102092.514,java-product-service,jvm_memory_committed_bytes,"{area=""heap"",id=""G1 Old Gen"",language=""java"",service=""java-product-service"",}",42991616.0
1790102092.514,java-product-service,jvm_memory_committed_bytes,"{area=""nonheap"",id=""Compressed Class Space"",language=""java"",service=""java-product-service"",}",13434880.0
1790102092.514,java-product-service,jvm_memory_committed_bytes,"{area=""heap"",id=""G1 Survivor Space"",language=""java"",service=""java-product-service"",}",3145728.0
1790102092.514,java-product-service,jvm_memory_committed_bytes,"{area=""nonheap"",id=""CodeHeap 'profiled nmethods'"",language=""java"",service=""java-product-service"",}",24117248.0
1790102092.514,java-product-service,jvm_memory_committed_bytes,"{area=""nonheap"",id=""CodeHeap 'non-profiled nmethods'"",language=""java"",service=""java-product-service"",}",7864320.0
1790102092.514,java-product-service,hikaricp_connections_usage_seconds_count,"{language=""java"",pool=""HikariPool-1"",service=""java-product-service"",}",544.0
1790102092.514,java-product-service,hikaricp_connections_usage_seconds_sum,"{language=""java"",pool=""HikariPool-1"",service=""java-product-service"",}",0.445
1790102092.514,java-order-service,system_cpu_usage,"{language=""java"",service=""java-order-service"",}",0.03430822222222222
1790102092.514,java-order-service,jvm_gc_pause_seconds_count,"{action=""end of minor GC"",cause=""G1 Evacuation Pause"",gc=""G1 Young Generation"",language=""java"",service=""java-order-service"",}",1.0
1790102092.514,java-order-service,jvm_gc_pause_seconds_sum,"{action=""end of minor GC"",cause=""G1 Evacuation Pause"",gc=""G1 Young Generation"",language=""java"",service=""java-order-service"",}",0.008
1790102092.514,java-order-service,hikaricp_connections_usage_seconds_count,"{language=""java"",pool=""HikariPool-1"",service=""java-order-service"",}",516.0
1790102092.514,java-order-service,hikaricp_connections_usage_seconds_sum,"{language=""java"",pool=""HikariPool-1"",service=""java-order-service"",}",0.002
1790102092.514,java-order-service,hikaricp_connections_active,"{language=""java"",pool=""HikariPool-1"",service=""java-order-service"",}",0.0
1790102092.514,java-order-service,tomcat_threads_config_max_threads,"{language=""java"",name=""http-nio-9083"",service=""java-order-service"",}",-1.0
1790102092.514,java-order-service,hikaricp_connections_acquire_seconds_count,"{language=""java"",pool=""HikariPool-1"",service=""java-order-service"",}",516.0
1790102092.514,java-order-service,hikaricp_connections_acquire_seconds_sum,"{language=""java"",pool=""HikariPool-1"",service=""java-order-service"",}",0.092967582
1790102092.514,java-order-service,tomcat_threads_busy_threads,"{language=""java"",name=""http-nio-9083"",service=""java-order-service"",}",-1.0
1790102092.514,java-order-service,jvm_memory_committed_bytes,"{area=""nonheap"",id=""CodeHeap 'non-profiled nmethods'"",language=""java"",service=""java-order-service"",}",5046272.0
1790102092.514,java-order-service,jvm_memory_committed_bytes,"{area=""heap"",id=""G1 Eden Space"",language=""java"",service=""java-order-service"",}",73400320.0
1790102092.514,java-order-service,jvm_memory_committed_bytes,"{area=""nonheap"",id=""CodeHeap 'profiled nmethods'"",language=""java"",service=""java-order-service"",}",18481152.0
1790102092.514,java-order-service,jvm_memory_committed_bytes,"{area=""nonheap"",id=""CodeHeap 'non-nmethods'"",language=""java"",service=""java-order-service"",}",2555904.0
1790102092.514,java-order-service,jvm_memory_committed_bytes,"{area=""heap"",id=""G1 Survivor Space"",language=""java"",service=""java-order-service"",}",6291456.0
1790102092.514,java-order-service,jvm_memory_committed_bytes,"{area=""nonheap"",id=""Compressed Class Space"",language=""java"",service=""java-order-service"",}",11141120.0
1790102092.514,java-order-service,jvm_memory_committed_bytes,"{area=""heap"",id=""G1 Old Gen"",language=""java"",service=""java-order-service"",}",46137344.0
1790102092.514,java-order-service,jvm_memory_committed_bytes,"{area=""nonheap"",id=""Metaspace"",language=""java"",service=""java-order-service"",}",80543744.0
1790102092.514,java-order-service,hikaricp_connections_pending,"{language=""java"",pool=""HikariPool-1"",service=""java-order-service"",}",0.0
1790102092.514,java-order-service,process_cpu_usage,"{language=""java"",service=""java-order-service"",}",0.03111111111111111
1790102092.514,java-order-service,tomcat_threads_current_threads,"{language=""java"",name=""http-nio-9083"",service=""java-order-service"",}",-1.0
1790102092.514,java-order-service,jvm_memory_used_bytes,"{area=""nonheap"",id=""CodeHeap 'non-profiled nmethods'"",language=""java"",service=""java-order-service"",}",4987648.0
1790102092.514,java-order-service,jvm_memory_used_bytes,"{area=""heap"",id=""G1 Eden Space"",language=""java"",service=""java-order-service"",}",58720256.0
1790102092.514,java-order-service,jvm_memory_used_bytes,"{area=""nonheap"",id=""CodeHeap 'profiled nmethods'"",language=""java"",service=""java-order-service"",}",18427904.0
1790102092.514,java-order-service,jvm_memory_used_bytes,"{area=""nonheap"",id=""CodeHeap 'non-nmethods'"",language=""java"",service=""java-order-service"",}",1610368.0
1790102092.514,java-order-service,jvm_memory_used_bytes,"{area=""heap"",id=""G1 Survivor Space"",language=""java"",service=""java-order-service"",}",5766432.0
1790102092.514,java-order-service,jvm_memory_used_bytes,"{area=""nonheap"",id=""Compressed Class Space"",language=""java"",service=""java-order-service"",}",10687056.0
1790102092.514,java-order-service,jvm_memory_used_bytes,"{area=""heap"",id=""G1 Old Gen"",language=""java"",service=""java-order-service"",}",29144680.0
1790102092.514,java-order-service,jvm_memory_used_bytes,"{area=""nonheap"",id=""Metaspace"",language=""java"",service=""java-order-service"",}",79650840.0
1790102097.553,java-user-service,tomcat_threads_busy_threads,"{framework=""spring-boot"",language=""java"",name=""http-nio-9081"",service=""java-user-service"",}",-1.0
1790102097.553,java-user-service,jvm_gc_pause_seconds_count,"{action=""end of minor GC"",cause=""G1 Evacuation Pause"",framework=""spring-boot"",gc=""G1 Young Generation"",language=""java"",service=""java-user-service"",}",11.0
1790102097.553,java-user-service,jvm_gc_pause_seconds_sum,"{action=""end of minor GC"",cause=""G1 Evacuation Pause"",framework=""spring-boot"",gc=""G1 Young Generation"",language=""java"",service=""java-user-service"",}",0.091
1790102097.553,java-user-service,jvm_memory_used_bytes,"{area=""nonheap"",framework=""spring-boot"",id=""CodeHeap 'non-nmethods'"",language=""java"",service=""java-user-service"",}",1645696.0
1790102097.553,java-user-service,jvm_memory_used_bytes,"{area=""nonheap"",framework=""spring-boot"",id=""CodeHeap 'non-profiled nmethods'"",language=""java"",service=""java-user-service"",}",9460736.0
1790102097.553,java-user-service,jvm_memory_used_bytes,"{area=""heap"",framework=""spring-boot"",id=""G1 Survivor Space"",language=""java"",service=""java-user-service"",}",3145728.0
1790102097.553,java-user-service,jvm_memory_used_bytes,"{area=""heap"",framework=""spring-boot"",id=""G1 Old Gen"",language=""java"",service=""java-user-service"",}",40276200.0
1790102097.553,java-user-service,jvm_memory_used_bytes,"{area=""nonheap"",framework=""spring-boot"",id=""Metaspace"",language=""java"",service=""java-user-service"",}",104013760.0
1790102097.553,java-user-service,jvm_memory_used_bytes,"{area=""heap"",framework=""spring-boot"",id=""G1 Eden Space"",language=""java"",service=""java-user-service"",}",6291456.0
1790102097.553,java-user-service,jvm_memory_used_bytes,"{area=""nonheap"",framework=""spring-boot"",id=""Compressed Class Space"",language=""java"",service=""java-user-service"",}",13414008.0
1790102097.553,java-user-service,jvm_memory_used_bytes,"{area=""nonheap"",framework=""spring-boot"",id=""CodeHeap 'profiled nmethods'"",language=""java"",service=""java-user-service"",}",31916544.0
1790102097.553,java-user-service,hikaricp_connections_usage_seconds_count,"{framework=""spring-boot"",language=""java"",pool=""HikariPool-1"",service=""java-user-service"",}",1564.0
1790102097.553,java-user-service,hikaricp_connections_usage_seconds_sum,"{framework=""spring-boot"",language=""java"",pool=""HikariPool-1"",service=""java-user-service"",}",124.285
1790102097.553,java-user-service,process_cpu_usage,"{framework=""spring-boot"",language=""java"",service=""java-user-service"",}",0.3101449275362319
1790102097.553,java-user-service,tomcat_threads_current_threads,"{framework=""spring-boot"",language=""java"",name=""http-nio-9081"",service=""java-user-service"",}",-1.0
1790102097.553,java-user-service,jvm_memory_committed_bytes,"{area=""nonheap"",framework=""spring-boot"",id=""CodeHeap 'non-nmethods'"",language=""java"",service=""java-user-service"",}",2555904.0
1790102097.553,java-user-service,jvm_memory_committed_bytes,"{area=""nonheap"",framework=""spring-boot"",id=""CodeHeap 'non-profiled nmethods'"",language=""java"",service=""java-user-service"",}",9502720.0
1790102097.553,java-user-service,jvm_memory_committed_bytes,"{area=""heap"",framework=""spring-boot"",id=""G1 Survivor Space"",language=""java"",service=""java-user-service"",}",3145728.0
1790102097.553,java-user-service,jvm_memory_committed_bytes,"{area=""heap"",framework=""spring-boot"",id=""G1 Old Gen"",language=""java"",service=""java-user-service"",}",44040192.0
1790102097.553,java-user-service,jvm_memory_committed_bytes,"{area=""nonheap"",framework=""spring-boot"",id=""Metaspace"",language=""java"",service=""java-user-service"",}",104923136.0
1790102097.553,java-user-service,jvm_memory_committed_bytes,"{area=""heap"",framework=""spring-boot"",id=""G1 Eden Space"",language=""java"",service=""java-user-service"",}",59768832.0
1790102097.553,java-user-service,jvm_memory_committed_bytes,"{area=""nonheap"",framework=""spring-boot"",id=""Compressed Class Space"",language=""java"",service=""java-user-service"",}",13828096.0
1790102097.553,java-user-service,jvm_memory_committed_bytes,"{area=""nonheap"",framework=""spring-boot"",id=""CodeHeap 'profiled nmethods'"",language=""java"",service=""java-user-service"",}",32178176.0
1790102097.553,java-user-service,system_cpu_usage,"{framework=""spring-boot"",language=""java"",service=""java-user-service"",}",0.31367391304347825
1790102097.553,java-user-service,hikaricp_connections_pending,"{framework=""spring-boot"",language=""java"",pool=""HikariPool-1"",service=""java-user-service"",}",0.0
1790102097.553,java-user-service,hikaricp_connections_acquire_seconds_count,"{framework=""spring-boot"",language=""java"",pool=""HikariPool-1"",service=""java-user-service"",}",1570.0
1790102097.553,java-user-service,hikaricp_connections_acquire_seconds_sum,"{framework=""spring-boot"",language=""java"",pool=""HikariPool-1"",service=""java-user-service"",}",13.979227155
1790102097.553,java-user-service,tomcat_threads_config_max_threads,"{framework=""spring-boot"",language=""java"",name=""http-nio-9081"",service=""java-user-service"",}",-1.0
1790102097.553,java-user-service,hikaricp_connections_active,"{framework=""spring-boot"",language=""java"",pool=""HikariPool-1"",service=""java-user-service"",}",6.0
1790102097.553,java-product-service,jvm_memory_used_bytes,"{area=""nonheap"",id=""CodeHeap 'non-nmethods'"",language=""java"",service=""java-product-service"",}",1638144.0
1790102097.553,java-product-service,jvm_memory_used_bytes,"{area=""heap"",id=""G1 Eden Space"",language=""java"",service=""java-product-service"",}",31457280.0
1790102097.553,java-product-service,jvm_memory_used_bytes,"{area=""nonheap"",id=""Metaspace"",language=""java"",service=""java-product-service"",}",98042504.0
1790102097.553,java-product-service,jvm_memory_used_bytes,"{area=""heap"",id=""G1 Old Gen"",language=""java"",service=""java-product-service"",}",39820920.0
1790102097.553,java-product-service,jvm_memory_used_bytes,"{area=""nonheap"",id=""Compressed Class Space"",language=""java"",service=""java-product-service"",}",12934864.0
1790102097.553,java-product-service,jvm_memory_used_bytes,"{area=""heap"",id=""G1 Survivor Space"",language=""java"",service=""java-product-service"",}",2305776.0
1790102097.553,java-product-service,jvm_memory_used_bytes,"{area=""nonheap"",id=""CodeHeap 'profiled nmethods'"",language=""java"",service=""java-product-service"",}",19034496.0
1790102097.553,java-product-service,jvm_memory_used_bytes,"{area=""nonheap"",id=""CodeHeap 'non-profiled nmethods'"",language=""java"",service=""java-product-service"",}",7395200.0
1790102097.553,java-product-service,tomcat_threads_current_threads,"{language=""java"",name=""http-nio-9082"",service=""java-product-service"",}",-1.0
1790102097.553,java-product-service,hikaricp_connections_acquire_seconds_count,"{language=""java"",pool=""HikariPool-1"",service=""java-product-service"",}",566.0
1790102097.553,java-product-service,hikaricp_connections_acquire_seconds_sum,"{language=""java"",pool=""HikariPool-1"",service=""java-product-service"",}",0.296754195
1790102097.553,java-product-service,tomcat_threads_busy_threads,"{language=""java"",name=""http-nio-9082"",service=""java-product-service"",}",-1.0
1790102097.553,java-product-service,hikaricp_connections_pending,"{language=""java"",pool=""HikariPool-1"",service=""java-product-service"",}",0.0
1790102097.553,java-product-service,hikaricp_connections_active,"{language=""java"",pool=""HikariPool-1"",service=""java-product-service"",}",1.0
1790102097.553,java-product-service,tomcat_threads_config_max_threads,"{language=""java"",name=""http-nio-9082"",service=""java-product-service"",}",-1.0
1790102097.553,java-product-service,process_cpu_usage,"{language=""java"",service=""java-product-service"",}",0.03546099290780142
1790102097.553,java-product-service,system_cpu_usage,"{language=""java"",service=""java-product-service"",}",0.037909787234042557
1790102097.553,java-product-service,jvm_gc_pause_seconds_count,"{action=""end of minor GC"",cause=""G1 Evacuation Pause"",gc=""G1 Young Generation"",language=""java"",service=""java-product-service"",}",10.0
1790102097.553,java-product-service,jvm_gc_pause_seconds_sum,"{action=""end of minor GC"",cause=""G1 Evacuation Pause"",gc=""G1 Young Generation"",language=""java"",service=""java-product-service"",}",0.053
1790102097.553,java-product-service,jvm_memory_committed_bytes,"{area=""nonheap"",id=""CodeHeap 'non-nmethods'"",language=""java"",service=""java-product-service"",}",2555904.0
1790102097.553,java-product-service,jvm_memory_committed_bytes,"{area=""heap"",id=""G1 Eden Space"",language=""java"",service=""java-product-service"",}",52428800.0
1790102097.553,java-product-service,jvm_memory_committed_bytes,"{area=""nonheap"",id=""Metaspace"",language=""java"",service=""java-product-service"",}",99090432.0
1790102097.553,java-product-service,jvm_memory_committed_bytes,"{area=""heap"",id=""G1 Old Gen"",language=""java"",service=""java-product-service"",}",42991616.0
1790102097.553,java-product-service,jvm_memory_committed_bytes,"{area=""nonheap"",id=""Compressed Class Space"",language=""java"",service=""java-product-service"",}",13434880.0
1790102097.553,java-product-service,jvm_memory_committed_bytes,"{area=""heap"",id=""G1 Survivor Space"",language=""java"",service=""java-product-service"",}",3145728.0
1790102097.553,java-product-service,jvm_memory_committed_bytes,"{area=""nonheap"",id=""CodeHeap 'profiled nmethods'"",language=""java"",service=""java-product-service"",}",24117248.0
1790102097.553,java-product-service,jvm_memory_committed_bytes,"{area=""nonheap"",id=""CodeHeap 'non-profiled nmethods'"",language=""java"",service=""java-product-service"",}",7864320.0
1790102097.553,java-product-service,hikaricp_connections_usage_seconds_count,"{language=""java"",pool=""HikariPool-1"",service=""java-product-service"",}",566.0
1790102097.553,java-product-service,hikaricp_connections_usage_seconds_sum,"{language=""java"",pool=""HikariPool-1"",service=""java-product-service"",}",0.445
1790102097.553,java-order-service,system_cpu_usage,"{language=""java"",service=""java-order-service"",}",0.013028541666666667
1790102097.553,java-order-service,jvm_gc_pause_seconds_count,"{action=""end of minor GC"",cause=""G1 Evacuation Pause"",gc=""G1 Young Generation"",language=""java"",service=""java-order-service"",}",1.0
1790102097.553,java-order-service,jvm_gc_pause_seconds_sum,"{action=""end of minor GC"",cause=""G1 Evacuation Pause"",gc=""G1 Young Generation"",language=""java"",service=""java-order-service"",}",0.008
1790102097.553,java-order-service,hikaricp_connections_usage_seconds_count,"{language=""java"",pool=""HikariPool-1"",service=""java-order-service"",}",536.0
1790102097.553,java-order-service,hikaricp_connections_usage_seconds_sum,"{language=""java"",pool=""HikariPool-1"",service=""java-order-service"",}",0.002
1790102097.553,java-order-service,hikaricp_connections_active,"{language=""java"",pool=""HikariPool-1"",service=""java-order-service"",}",0.0
1790102097.553,java-order-service,tomcat_threads_config_max_threads,"{language=""java"",name=""http-nio-9083"",service=""java-order-service"",}",-1.0
1790102097.553,java-order-service,hikaricp_connections_acquire_seconds_count,"{language=""java"",pool=""HikariPool-1"",service=""java-order-service"",}",536.0
1790102097.553,java-order-service,hikaricp_connections_acquire_seconds_sum,"{language=""java"",pool=""HikariPool-1"",service=""java-order-service"",}",0.096473706
1790102097.553,java-order-service,tomcat_threads_busy_threads,"{language=""java"",name=""http-nio-9083"",service=""java-order-service"",}",-1.0
1790102097.553,java-order-service,jvm_memory_committed_bytes,"{area=""nonheap"",id=""CodeHeap 'non-profiled nmethods'"",language=""java"",service=""java-order-service"",}",5046272.0
1790102097.553,java-order-service,jvm_memory_committed_bytes,"{area=""heap"",id=""G1 Eden Space"",language=""java"",service=""java-order-service"",}",73400320.0
1790102097.553,java-order-service,jvm_memory_committed_bytes,"{area=""nonheap"",id=""CodeHeap 'profiled nmethods'"",language=""java"",service=""java-order-service"",}",18546688.0
1790102097.553,java-order-service,jvm_memory_committed_bytes,"{area=""nonheap"",id=""CodeHeap 'non-nmethods'"",language=""java"",service=""java-order-service"",}",2555904.0
1790102097.553,java-order-service,jvm_memory_committed_bytes,"{area=""heap"",id=""G1 Survivor Space"",language=""java"",service=""java-order-service"",}",6291456.0
1790102097.553,java-order-service,jvm_memory_committed_bytes,"{area=""nonheap"",id=""Compressed Class Space"",language=""java"",service=""java-order-service"",}",11141120.0
1790102097.553,java-order-service,jvm_memory_committed_bytes,"{area=""heap"",id=""G1 Old Gen"",language=""java"",service=""java-order-service"",}",46137344.0
1790102097.553,java-order-service,jvm_memory_committed_bytes,"{area=""nonheap"",id=""Metaspace"",language=""java"",service=""java-order-service"",}",80609280.0
1790102097.553,java-order-service,hikaricp_connections_pending,"{language=""java"",pool=""HikariPool-1"",service=""java-order-service"",}",0.0
1790102097.553,java-order-service,process_cpu_usage,"{language=""java"",service=""java-order-service"",}",0.0125
1790102097.553,java-order-service,tomcat_threads_current_threads,"{language=""java"",name=""http-nio-9083"",service=""java-order-service"",}",-1.0
1790102097.553,java-order-service,jvm_memory_used_bytes,"{area=""nonheap"",id=""CodeHeap 'non-profiled nmethods'"",language=""java"",service=""java-order-service"",}",4992256.0
1790102097.553,java-order-service,jvm_memory_used_bytes,"{area=""heap"",id=""G1 Eden Space"",language=""java"",service=""java-order-service"",}",59768832.0
1790102097.553,java-order-service,jvm_memory_used_bytes,"{area=""nonheap"",id=""CodeHeap 'profiled nmethods'"",language=""java"",service=""java-order-service"",}",18501120.0
1790102097.553,java-order-service,jvm_memory_used_bytes,"{area=""nonheap"",id=""CodeHeap 'non-nmethods'"",language=""java"",service=""java-order-service"",}",1610368.0
1790102097.553,java-order-service,jvm_memory_used_bytes,"{area=""heap"",id=""G1 Survivor Space"",language=""java"",service=""java-order-service"",}",5766432.0
1790102097.553,java-order-service,jvm_memory_used_bytes,"{area=""nonheap"",id=""Compressed Class Space"",language=""java"",service=""java-order-service"",}",10687056.0
1790102097.553,java-order-service,jvm_memory_used_bytes,"{area=""heap"",id=""G1 Old Gen"",language=""java"",service=""java-order-service"",}",29144680.0
1790102097.553,java-order-service,jvm_memory_used_bytes,"{area=""nonheap"",id=""Metaspace"",language=""java"",service=""java-order-service"",}",79661512.0
1790102102.665,java-user-service,tomcat_threads_busy_threads,"{framework=""spring-boot"",language=""java"",name=""http-nio-9081"",service=""java-user-service"",}",-1.0
1790102102.665,java-user-service,jvm_gc_pause_seconds_count,"{action=""end of minor GC"",cause=""G1 Evacuation Pause"",framework=""spring-boot"",gc=""G1 Young Generation"",language=""java"",service=""java-user-service"",}",11.0
1790102102.665,java-user-service,jvm_gc_pause_seconds_sum,"{action=""end of minor GC"",cause=""G1 Evacuation Pause"",framework=""spring-boot"",gc=""G1 Young Generation"",language=""java"",service=""java-user-service"",}",0.091
1790102102.665,java-user-service,jvm_memory_used_bytes,"{area=""nonheap"",framework=""spring-boot"",id=""CodeHeap 'non-nmethods'"",language=""java"",service=""java-user-service"",}",1645696.0
1790102102.665,java-user-service,jvm_memory_used_bytes,"{area=""nonheap"",framework=""spring-boot"",id=""CodeHeap 'non-profiled nmethods'"",language=""java"",service=""java-user-service"",}",9555072.0
1790102102.665,java-user-service,jvm_memory_used_bytes,"{area=""heap"",framework=""spring-boot"",id=""G1 Survivor Space"",language=""java"",service=""java-user-service"",}",3145728.0
1790102102.665,java-user-service,jvm_memory_used_bytes,"{area=""heap"",framework=""spring-boot"",id=""G1 Old Gen"",language=""java"",service=""java-user-service"",}",40276200.0
1790102102.665,java-user-service,jvm_memory_used_bytes,"{area=""nonheap"",framework=""spring-boot"",id=""Metaspace"",language=""java"",service=""java-user-service"",}",104020880.0
1790102102.665,java-user-service,jvm_memory_used_bytes,"{area=""heap"",framework=""spring-boot"",id=""G1 Eden Space"",language=""java"",service=""java-user-service"",}",13631488.0
1790102102.665,java-user-service,jvm_memory_used_bytes,"{area=""nonheap"",framework=""spring-boot"",id=""Compressed Class Space"",language=""java"",service=""java-user-service"",}",13414008.0
1790102102.665,java-user-service,jvm_memory_used_bytes,"{area=""nonheap"",framework=""spring-boot"",id=""CodeHeap 'profiled nmethods'"",language=""java"",service=""java-user-service"",}",32034432.0
1790102102.665,java-user-service,hikaricp_connections_usage_seconds_count,"{framework=""spring-boot"",language=""java"",pool=""HikariPool-1"",service=""java-user-service"",}",1614.0
1790102102.665,java-user-service,hikaricp_connections_usage_seconds_sum,"{framework=""spring-boot"",language=""java"",pool=""HikariPool-1"",service=""java-user-service"",}",129.385
1790102102.665,java-user-service,process_cpu_usage,"{framework=""spring-boot"",language=""java"",service=""java-user-service"",}",0.3148148148148148
1790102102.665,java-user-service,tomcat_threads_current_threads,"{framework=""spring-boot"",language=""java"",name=""http-nio-9081"",service=""java-user-service"",}",-1.0
1790102102.665,java-user-service,jvm_memory_committed_bytes,"{area=""nonheap"",framework=""spring-boot"",id=""CodeHeap 'non-nmethods'"",language=""java"",service=""java-user-service"",}",2555904.0
1790102102.665,java-user-service,jvm_memory_committed_bytes,"{area=""nonheap"",framework=""spring-boot"",id=""CodeHeap 'non-profiled nmethods'"",language=""java"",service=""java-user-service"",}",9568256.0
1790102102.665,java-user-service,jvm_memory_committed_bytes,"{area=""heap"",framework=""spring-boot"",id=""G1 Survivor Space"",language=""java"",service=""java-user-service"",}",3145728.0
1790102102.665,java-user-service,jvm_memory_committed_bytes,"{area=""heap"",framework=""spring-boot"",id=""G1 Old Gen"",language=""java"",service=""java-user-service"",}",44040192.0
1790102102.665,java-user-service,jvm_memory_committed_bytes,"{area=""nonheap"",framework=""spring-boot"",id=""Metaspace"",language=""java"",service=""java-user-service"",}",104923136.0
1790102102.665,java-user-service,jvm_memory_committed_bytes,"{area=""heap"",framework=""spring-boot"",id=""G1 Eden Space"",language=""java"",service=""java-user-service"",}",59768832.0
1790102102.665,java-user-service,jvm_memory_committed_bytes,"{area=""nonheap"",framework=""spring-boot"",id=""Compressed Class Space"",language=""java"",service=""java-user-service"",}",13828096.0
1790102102.665,java-user-service,jvm_memory_committed_bytes,"{area=""nonheap"",framework=""spring-boot"",id=""CodeHeap 'profiled nmethods'"",language=""java"",service=""java-user-service"",}",32178176.0
1790102102.665,java-user-service,system_cpu_usage,"{framework=""spring-boot"",language=""java"",service=""java-user-service"",}",0.3158107407407407
1790102102.665,java-user-service,hikaricp_connections_pending,"{framework=""spring-boot"",language=""java"",pool=""HikariPool-1"",service=""java-user-service"",}",0.0
1790102102.665,java-user-service,hikaricp_connections_acquire_seconds_count,"{framework=""spring-boot"",language=""java"",pool=""HikariPool-1"",service=""java-user-service"",}",1616.0
1790102102.665,java-user-service,hikaricp_connections_acquire_seconds_sum,"{framework=""spring-boot"",language=""java"",pool=""HikariPool-1"",service=""java-user-service"",}",14.259622819
1790102102.665,java-user-service,tomcat_threads_config_max_threads,"{framework=""spring-boot"",language=""java"",name=""http-nio-9081"",service=""java-user-service"",}",-1.0
1790102102.665,java-user-service,hikaricp_connections_active,"{framework=""spring-boot"",language=""java"",pool=""HikariPool-1"",service=""java-user-service"",}",6.0
1790102102.665,java-product-service,jvm_memory_used_bytes,"{area=""nonheap"",id=""CodeHeap 'non-nmethods'"",language=""java"",service=""java-product-service"",}",1638144.0
1790102102.665,java-product-service,jvm_memory_used_bytes,"{area=""heap"",id=""G1 Eden Space"",language=""java"",service=""java-product-service"",}",45088768.0
1790102102.665,java-product-service,jvm_memory_used_bytes,"{area=""nonheap"",id=""Metaspace"",language=""java"",service=""java-product-service"",}",98047704.0
1790102102.665,java-product-service,jvm_memory_used_bytes,"{area=""heap"",id=""G1 Old Gen"",language=""java"",service=""java-product-service"",}",39820920.0
1790102102.665,java-product-service,jvm_memory_used_bytes,"{area=""nonheap"",id=""Compressed Class Space"",language=""java"",service=""java-product-service"",}",12934864.0
1790102102.665,java-product-service,jvm_memory_used_bytes,"{area=""heap"",id=""G1 Survivor Space"",language=""java"",service=""java-product-service"",}",2305776.0
1790102102.665,java-product-service,jvm_memory_used_bytes,"{area=""nonheap"",id=""CodeHeap 'profiled nmethods'"",language=""java"",service=""java-product-service"",}",19068160.0
1790102102.665,java-product-service,jvm_memory_used_bytes,"{area=""nonheap"",id=""CodeHeap 'non-profiled nmethods'"",language=""java"",service=""java-product-service"",}",7469824.0
1790102102.665,java-product-service,tomcat_threads_current_threads,"{language=""java"",name=""http-nio-9082"",service=""java-product-service"",}",-1.0
1790102102.665,java-product-service,hikaricp_connections_acquire_seconds_count,"{language=""java"",pool=""HikariPool-1"",service=""java-product-service"",}",584.0
1790102102.665,java-product-service,hikaricp_connections_acquire_seconds_sum,"{language=""java"",pool=""HikariPool-1"",service=""java-product-service"",}",0.300364986
1790102102.665,java-product-service,tomcat_threads_busy_threads,"{language=""java"",name=""http-nio-9082"",service=""java-product-service"",}",-1.0
1790102102.665,java-product-service,hikaricp_connections_pending,"{language=""java"",pool=""HikariPool-1"",service=""java-product-service"",}",0.0
1790102102.665,java-product-service,hikaricp_connections_active,"{language=""java"",pool=""HikariPool-1"",service=""java-product-service"",}",0.0
1790102102.665,java-product-service,tomcat_threads_config_max_threads,"{language=""java"",name=""http-nio-9082"",service=""java-product-service"",}",-1.0
1790102102.665,java-product-service,process_cpu_usage,"{language=""java"",service=""java-product-service"",}",0.04782608695652174
1790102102.665,java-product-service,system_cpu_usage,"{language=""java"",service=""java-product-service"",}",0.047680869565217394
1790102102.665,java-product-service,jvm_gc_pause_seconds_count,"{action=""end of minor GC"",cause=""G1 Evacuation Pause"",gc=""G1 Young Generation"",language=""java"",service=""java-product-service"",}",10.0
1790102102.665,java-product-service,jvm_gc_pause_seconds_sum,"{action=""end of minor GC"",cause=""G1 Evacuation Pause"",gc=""G1 Young Generation"",language=""java"",service=""java-product-service"",}",0.053
1790102102.665,java-product-service,jvm_memory_committed_bytes,"{area=""nonheap"",id=""CodeHeap 'non-nmethods'"",language=""java"",service=""java-product-service"",}",2555904.0
1790102102.665,java-product-service,jvm_memory_committed_bytes,"{area=""heap"",id=""G1 Eden Space"",language=""java"",service=""java-product-service"",}",52428800.0
1790102102.665,java-product-service,jvm_memory_committed_bytes,"{area=""nonheap"",id=""Metaspace"",language=""java"",service=""java-product-service"",}",99090432.0
1790102102.665,java-product-service,jvm_memory_committed_bytes,"{area=""heap"",id=""G1 Old Gen"",language=""java"",service=""java-product-service"",}",42991616.0
1790102102.665,java-product-service,jvm_memory_committed_bytes,"{area=""nonheap"",id=""Compressed Class Space"",language=""java"",service=""java-product-service"",}",13434880.0
1790102102.665,java-product-service,jvm_memory_committed_bytes,"{area=""heap"",id=""G1 Survivor Space"",language=""java"",service=""java-product-service"",}",3145728.0
1790102102.665,java-product-service,jvm_memory_committed_bytes,"{area=""nonheap"",id=""CodeHeap 'profiled nmethods'"",language=""java"",service=""java-product-service"",}",24117248.0
1790102102.665,java-product-service,jvm_memory_committed_bytes,"{area=""nonheap"",id=""CodeHeap 'non-profiled nmethods'"",language=""java"",service=""java-product-service"",}",7929856.0
1790102102.665,java-product-service,hikaricp_connections_usage_seconds_count,"{language=""java"",pool=""HikariPool-1"",service=""java-product-service"",}",584.0
1790102102.665,java-product-service,hikaricp_connections_usage_seconds_sum,"{language=""java"",pool=""HikariPool-1"",service=""java-product-service"",}",0.445
1790102102.665,java-order-service,system_cpu_usage,"{language=""java"",service=""java-order-service"",}",0.023954047619047618
1790102102.665,java-order-service,jvm_gc_pause_seconds_count,"{action=""end of minor GC"",cause=""G1 Evacuation Pause"",gc=""G1 Young Generation"",language=""java"",service=""java-order-service"",}",1.0
1790102102.665,java-order-service,jvm_gc_pause_seconds_sum,"{action=""end of minor GC"",cause=""G1 Evacuation Pause"",gc=""G1 Young Generation"",language=""java"",service=""java-order-service"",}",0.008
1790102102.665,java-order-service,hikaricp_connections_usage_seconds_count,"{language=""java"",pool=""HikariPool-1"",service=""java-order-service"",}",556.0
1790102102.665,java-order-service,hikaricp_connections_usage_seconds_sum,"{language=""java"",pool=""HikariPool-1"",service=""java-order-service"",}",0.002
1790102102.665,java-order-service,hikaricp_connections_active,"{language=""java"",pool=""HikariPool-1"",service=""java-order-service"",}",0.0
1790102102.665,java-order-service,tomcat_threads_config_max_threads,"{language=""java"",name=""http-nio-9083"",service=""java-order-service"",}",-1.0
1790102102.665,java-order-service,hikaricp_connections_acquire_seconds_count,"{language=""java"",pool=""HikariPool-1"",service=""java-order-service"",}",556.0
1790102102.665,java-order-service,hikaricp_connections_acquire_seconds_sum,"{language=""java"",pool=""HikariPool-1"",service=""java-order-service"",}",0.099585706
1790102102.665,java-order-service,tomcat_threads_busy_threads,"{language=""java"",name=""http-nio-9083"",service=""java-order-service"",}",-1.0
1790102102.665,java-order-service,jvm_memory_committed_bytes,"{area=""nonheap"",id=""CodeHeap 'non-profiled nmethods'"",language=""java"",service=""java-order-service"",}",5046272.0
1790102102.665,java-order-service,jvm_memory_committed_bytes,"{area=""heap"",id=""G1 Eden Space"",language=""java"",service=""java-order-service"",}",73400320.0
1790102102.665,java-order-service,jvm_memory_committed_bytes,"{area=""nonheap"",id=""CodeHeap 'profiled nmethods'"",language=""java"",service=""java-order-service"",}",18546688.0
1790102102.665,java-order-service,jvm_memory_committed_bytes,"{area=""nonheap"",id=""CodeHeap 'non-nmethods'"",language=""java"",service=""java-order-service"",}",2555904.0
1790102102.665,java-order-service,jvm_memory_committed_bytes,"{area=""heap"",id=""G1 Survivor Space"",language=""java"",service=""java-order-service"",}",6291456.0
1790102102.665,java-order-service,jvm_memory_committed_bytes,"{area=""nonheap"",id=""Compressed Class Space"",language=""java"",service=""java-order-service"",}",11141120.0
1790102102.665,java-order-service,jvm_memory_committed_bytes,"{area=""heap"",id=""G1 Old Gen"",language=""java"",service=""java-order-service"",}",46137344.0
1790102102.665,java-order-service,jvm_memory_committed_bytes,"{area=""nonheap"",id=""Metaspace"",language=""java"",service=""java-order-service"",}",80609280.0
1790102102.665,java-order-service,hikaricp_connections_pending,"{language=""java"",pool=""HikariPool-1"",service=""java-order-service"",}",0.0
1790102102.665,java-order-service,process_cpu_usage,"{language=""java"",service=""java-order-service"",}",0.01904761904761905
1790102102.665,java-order-service,tomcat_threads_current_threads,"{language=""java"",name=""http-nio-9083"",service=""java-order-service"",}",-1.0
1790102102.665,java-order-service,jvm_memory_used_bytes,"{area=""nonheap"",id=""CodeHeap 'non-profiled nmethods'"",language=""java"",service=""java-order-service"",}",5002112.0
1790102102.665,java-order-service,jvm_memory_used_bytes,"{area=""heap"",id=""G1 Eden Space"",language=""java"",service=""java-order-service"",}",61865984.0
1790102102.665,java-order-service,jvm_memory_used_bytes,"{area=""nonheap"",id=""CodeHeap 'profiled nmethods'"",language=""java"",service=""java-order-service"",}",18530560.0
1790102102.665,java-order-service,jvm_memory_used_bytes,"{area=""nonheap"",id=""CodeHeap 'non-nmethods'"",language=""java"",service=""java-order-service"",}",1610368.0
1790102102.665,java-order-service,jvm_memory_used_bytes,"{area=""heap"",id=""G1 Survivor Space"",language=""java"",service=""java-order-service"",}",5766432.0
1790102102.665,java-order-service,jvm_memory_used_bytes,"{area=""nonheap"",id=""Compressed Class Space"",language=""java"",service=""java-order-service"",}",10687056.0
1790102102.665,java-order-service,jvm_memory_used_bytes,"{area=""heap"",id=""G1 Old Gen"",language=""java"",service=""java-order-service"",}",29144680.0
1790102102.665,java-order-service,jvm_memory_used_bytes,"{area=""nonheap"",id=""Metaspace"",language=""java"",service=""java-order-service"",}",79663392.0
1790102107.712,java-user-service,tomcat_threads_busy_threads,"{framework=""spring-boot"",language=""java"",name=""http-nio-9081"",service=""java-user-service"",}",-1.0
1790102107.712,java-user-service,jvm_gc_pause_seconds_count,"{action=""end of minor GC"",cause=""G1 Evacuation Pause"",framework=""spring-boot"",gc=""G1 Young Generation"",language=""java"",service=""java-user-service"",}",11.0
1790102107.712,java-user-service,jvm_gc_pause_seconds_sum,"{action=""end of minor GC"",cause=""G1 Evacuation Pause"",framework=""spring-boot"",gc=""G1 Young Generation"",language=""java"",service=""java-user-service"",}",0.091
1790102107.712,java-user-service,jvm_memory_used_bytes,"{area=""nonheap"",framework=""spring-boot"",id=""CodeHeap 'non-nmethods'"",language=""java"",service=""java-user-service"",}",1645696.0
1790102107.712,java-user-service,jvm_memory_used_bytes,"{area=""nonheap"",framework=""spring-boot"",id=""CodeHeap 'non-profiled nmethods'"",language=""java"",service=""java-user-service"",}",9562240.0
1790102107.712,java-user-service,jvm_memory_used_bytes,"{area=""heap"",framework=""spring-boot"",id=""G1 Survivor Space"",language=""java"",service=""java-user-service"",}",3145728.0
1790102107.712,java-user-service,jvm_memory_used_bytes,"{area=""heap"",framework=""spring-boot"",id=""G1 Old Gen"",language=""java"",service=""java-user-service"",}",40276200.0
1790102107.712,java-user-service,jvm_memory_used_bytes,"{area=""nonheap"",framework=""spring-boot"",id=""Metaspace"",language=""java"",service=""java-user-service"",}",104026168.0
1790102107.712,java-user-service,jvm_memory_used_bytes,"{area=""heap"",framework=""spring-boot"",id=""G1 Eden Space"",language=""java"",service=""java-user-service"",}",23068672.0
1790102107.712,java-user-service,jvm_memory_used_bytes,"{area=""nonheap"",framework=""spring-boot"",id=""Compressed Class Space"",language=""java"",service=""java-user-service"",}",13414008.0
1790102107.712,java-user-service,jvm_memory_used_bytes,"{area=""nonheap"",framework=""spring-boot"",id=""CodeHeap 'profiled nmethods'"",language=""java"",service=""java-user-service"",}",32107264.0
1790102107.712,java-user-service,hikaricp_connections_usage_seconds_count,"{framework=""spring-boot"",language=""java"",pool=""HikariPool-1"",service=""java-user-service"",}",1664.0
1790102107.712,java-user-service,hikaricp_connections_usage_seconds_sum,"{framework=""spring-boot"",language=""java"",pool=""HikariPool-1"",service=""java-user-service"",}",134.505
1790102107.712,java-user-service,process_cpu_usage,"{framework=""spring-boot"",language=""java"",service=""java-user-service"",}",0.36036036036036034
1790102107.712,java-user-service,tomcat_threads_current_threads,"{framework=""spring-boot"",language=""java"",name=""http-nio-9081"",service=""java-user-service"",}",-1.0
1790102107.712,java-user-service,jvm_memory_committed_bytes,"{area=""nonheap"",framework=""spring-boot"",id=""CodeHeap 'non-nmethods'"",language=""java"",service=""java-user-service"",}",2555904.0
1790102107.712,java-user-service,jvm_memory_committed_bytes,"{area=""nonheap"",framework=""spring-boot"",id=""CodeHeap 'non-profiled nmethods'"",language=""java"",service=""java-user-service"",}",9568256.0
1790102107.712,java-user-service,jvm_memory_committed_bytes,"{area=""heap"",framework=""spring-boot"",id=""G1 Survivor Space"",language=""java"",service=""java-user-service"",}",3145728.0
1790102107.712,java-user-service,jvm_memory_committed_bytes,"{area=""heap"",framework=""spring-boot"",id=""G1 Old Gen"",language=""java"",service=""java-user-service"",}",44040192.0
1790102107.712,java-user-service,jvm_memory_committed_bytes,"{area=""nonheap"",framework=""spring-boot"",id=""Metaspace"",language=""java"",service=""java-user-service"",}",104988672.0
1790102107.712,java-user-service,jvm_memory_committed_bytes,"{area=""heap"",framework=""spring-boot"",id=""G1 Eden Space"",language=""java"",service=""java-user-service"",}",59768832.0
1790102107.712,java-user-service,jvm_memory_committed_bytes,"{area=""nonheap"",framework=""spring-boot"",id=""Compressed Class Space"",language=""java"",service=""java-user-service"",}",13828096.0
1790102107.712,java-user-service,jvm_memory_committed_bytes,"{area=""nonheap"",framework=""spring-boot"",id=""CodeHeap 'profiled nmethods'"",language=""java"",service=""java-user-service"",}",32178176.0
1790102107.712,java-user-service,system_cpu_usage,"{framework=""spring-boot"",language=""java"",service=""java-user-service"",}",0.3540270175438596
1790102107.712,java-user-service,hikaricp_connections_pending,"{framework=""spring-boot"",language=""java"",pool=""HikariPool-1"",service=""java-user-service"",}",0.0
1790102107.712,java-user-service,hikaricp_connections_acquire_seconds_count,"{framework=""spring-boot"",language=""java"",pool=""HikariPool-1"",service=""java-user-service"",}",1664.0
1790102107.712,java-user-service,hikaricp_connections_acquire_seconds_sum,"{framework=""spring-boot"",language=""java"",pool=""HikariPool-1"",service=""java-user-service"",}",15.051924409
1790102107.712,java-user-service,tomcat_threads_config_max_threads,"{framework=""spring-boot"",language=""java"",name=""http-nio-9081"",service=""java-user-service"",}",-1.0
1790102107.712,java-user-service,hikaricp_connections_active,"{framework=""spring-boot"",language=""java"",pool=""HikariPool-1"",service=""java-user-service"",}",0.0
1790102107.712,java-product-service,jvm_memory_used_bytes,"{area=""nonheap"",id=""CodeHeap 'non-nmethods'"",language=""java"",service=""java-product-service"",}",1638144.0
1790102107.712,java-product-service,jvm_memory_used_bytes,"{area=""heap"",id=""G1 Eden Space"",language=""java"",service=""java-product-service"",}",8388608.0
1790102107.712,java-product-service,jvm_memory_used_bytes,"{area=""nonheap"",id=""Metaspace"",language=""java"",service=""java-product-service"",}",98059640.0
1790102107.712,java-product-service,jvm_memory_used_bytes,"{area=""heap"",id=""G1 Old Gen"",language=""java"",service=""java-product-service"",}",39283704.0
1790102107.712,java-product-service,jvm_memory_used_bytes,"{area=""nonheap"",id=""Compressed Class Space"",language=""java"",service=""java-product-service"",}",12934864.0
1790102107.712,java-product-service,jvm_memory_used_bytes,"{area=""heap"",id=""G1 Survivor Space"",language=""java"",service=""java-product-service"",}",2312160.0
1790102107.712,java-product-service,jvm_memory_used_bytes,"{area=""nonheap"",id=""CodeHeap 'profiled nmethods'"",language=""java"",service=""java-product-service"",}",19117568.0
1790102107.712,java-product-service,jvm_memory_used_bytes,"{area=""nonheap"",id=""CodeHeap 'non-profiled nmethods'"",language=""java"",service=""java-product-service"",}",7525888.0
1790102107.712,java-product-service,tomcat_threads_current_threads,"{language=""java"",name=""http-nio-9082"",service=""java-product-service"",}",-1.0
1790102107.712,java-product-service,hikaricp_connections_acquire_seconds_count,"{language=""java"",pool=""HikariPool-1"",service=""java-product-service"",}",604.0
1790102107.712,java-product-service,hikaricp_connections_acquire_seconds_sum,"{language=""java"",pool=""HikariPool-1"",service=""java-product-service"",}",0.302705775
1790102107.712,java-product-service,tomcat_threads_busy_threads,"{language=""java"",name=""http-nio-9082"",service=""java-product-service"",}",-1.0
1790102107.712,java-product-service,hikaricp_connections_pending,"{language=""java"",pool=""HikariPool-1"",service=""java-product-service"",}",0.0
1790102107.712,java-product-service,hikaricp_connections_active,"{language=""java"",pool=""HikariPool-1"",service=""java-product-service"",}",0.0
1790102107.712,java-product-service,tomcat_threads_config_max_threads,"{language=""java"",name=""http-nio-9082"",service=""java-product-service"",}",-1.0
1790102107.712,java-product-service,process_cpu_usage,"{language=""java"",service=""java-product-service"",}",0.03851851851851852
1790102107.712,java-product-service,system_cpu_usage,"{language=""java"",service=""java-product-service"",}",0.04322459259259259
1790102107.712,java-product-service,jvm_gc_pause_seconds_count,"{action=""end of minor GC"",cause=""G1 Evacuation Pause"",gc=""G1 Young Generation"",language=""java"",service=""java-product-service"",}",11.0
1790102107.712,java-product-service,jvm_gc_pause_seconds_sum,"{action=""end of minor GC"",cause=""G1 Evacuation Pause"",gc=""G1 Young Generation"",language=""java"",service=""java-product-service"",}",0.062
1790102107.712,java-product-service,jvm_memory_committed_bytes,"{area=""nonheap"",id=""CodeHeap 'non-nmethods'"",language=""java"",service=""java-product-service"",}",2555904.0
1790102107.712,java-product-service,jvm_memory_committed_bytes,"{area=""heap"",id=""G1 Eden Space"",language=""java"",service=""java-product-service"",}",52428800.0
1790102107.712,java-product-service,jvm_memory_committed_bytes,"{area=""nonheap"",id=""Metaspace"",language=""java"",service=""java-product-service"",}",99090432.0
1790102107.712,java-product-service,jvm_memory_committed_bytes,"{area=""heap"",id=""G1 Old Gen"",language=""java"",service=""java-product-service"",}",42991616.0
1790102107.712,java-product-service,jvm_memory_committed_bytes,"{area=""nonheap"",id=""Compressed Class Space"",language=""java"",service=""java-product-service"",}",13434880.0
1790102107.712,java-product-service,jvm_memory_committed_bytes,"{area=""heap"",id=""G1 Survivor Space"",language=""java"",service=""java-product-service"",}",3145728.0
1790102107.712,java-product-service,jvm_memory_committed_bytes,"{area=""nonheap"",id=""CodeHeap 'profiled nmethods'"",language=""java"",service=""java-product-service"",}",24117248.0
1790102107.712,java-product-service,jvm_memory_committed_bytes,"{area=""nonheap"",id=""CodeHeap 'non-profiled nmethods'"",language=""java"",service=""java-product-service"",}",7995392.0
1790102107.712,java-product-service,hikaricp_connections_usage_seconds_count,"{language=""java"",pool=""HikariPool-1"",service=""java-product-service"",}",604.0
1790102107.712,java-product-service,hikaricp_connections_usage_seconds_sum,"{language=""java"",pool=""HikariPool-1"",service=""java-product-service"",}",0.445
1790102107.712,java-order-service,system_cpu_usage,"{language=""java"",service=""java-order-service"",}",0.016541866666666665
1790102107.712,java-order-service,jvm_gc_pause_seconds_count,"{action=""end of minor GC"",cause=""G1 Evacuation Pause"",gc=""G1 Young Generation"",language=""java"",service=""java-order-service"",}",1.0
1790102107.712,java-order-service,jvm_gc_pause_seconds_sum,"{action=""end of minor GC"",cause=""G1 Evacuation Pause"",gc=""G1 Young Generation"",language=""java"",service=""java-order-service"",}",0.008
1790102107.712,java-order-service,hikaricp_connections_usage_seconds_count,"{language=""java"",pool=""HikariPool-1"",service=""java-order-service"",}",574.0
1790102107.712,java-order-service,hikaricp_connections_usage_seconds_sum,"{language=""java"",pool=""HikariPool-1"",service=""java-order-service"",}",0.002
1790102107.712,java-order-service,hikaricp_connections_active,"{language=""java"",pool=""HikariPool-1"",service=""java-order-service"",}",0.0
1790102107.712,java-order-service,tomcat_threads_config_max_threads,"{language=""java"",name=""http-nio-9083"",service=""java-order-service"",}",-1.0
1790102107.712,java-order-service,hikaricp_connections_acquire_seconds_count,"{language=""java"",pool=""HikariPool-1"",service=""java-order-service"",}",574.0
1790102107.712,java-order-service,hikaricp_connections_acquire_seconds_sum,"{language=""java"",pool=""HikariPool-1"",service=""java-order-service"",}",0.101963664
1790102107.712,java-order-service,tomcat_threads_busy_threads,"{language=""java"",name=""http-nio-9083"",service=""java-order-service"",}",-1.0
1790102107.712,java-order-service,jvm_memory_committed_bytes,"{area=""nonheap"",id=""CodeHeap 'non-profiled nmethods'"",language=""java"",service=""java-order-service"",}",5046272.0
1790102107.712,java-order-service,jvm_memory_committed_bytes,"{area=""heap"",id=""G1 Eden Space"",language=""java"",service=""java-order-service"",}",73400320.0
1790102107.712,java-order-service,jvm_memory_committed_bytes,"{area=""nonheap"",id=""CodeHeap 'profiled nmethods'"",language=""java"",service=""java-order-service"",}",18612224.0
1790102107.712,java-order-service,jvm_memory_committed_bytes,"{area=""nonheap"",id=""CodeHeap 'non-nmethods'"",language=""java"",service=""java-order-service"",}",2555904.0
1790102107.712,java-order-service,jvm_memory_committed_bytes,"{area=""heap"",id=""G1 Survivor Space"",language=""java"",service=""java-order-service"",}",6291456.0
1790102107.712,java-order-service,jvm_memory_committed_bytes,"{area=""nonheap"",id=""Compressed Class Space"",language=""java"",service=""java-order-service"",}",11141120.0
1790102107.712,java-order-service,jvm_memory_committed_bytes,"{area=""heap"",id=""G1 Old Gen"",language=""java"",service=""java-order-service"",}",46137344.0
1790102107.712,java-order-service,jvm_memory_committed_bytes,"{area=""nonheap"",id=""Metaspace"",language=""java"",service=""java-order-service"",}",80674816.0
1790102107.712,java-order-service,hikaricp_connections_pending,"{language=""java"",pool=""HikariPool-1"",service=""java-order-service"",}",0.0
1790102107.712,java-order-service,process_cpu_usage,"{language=""java"",service=""java-order-service"",}",0.016
1790102107.712,java-order-service,tomcat_threads_current_threads,"{language=""java"",name=""http-nio-9083"",service=""java-order-service"",}",-1.0
1790102107.712,java-order-service,jvm_memory_used_bytes,"{area=""nonheap"",id=""CodeHeap 'non-profiled nmethods'"",language=""java"",service=""java-order-service"",}",5012096.0
1790102107.712,java-order-service,jvm_memory_used_bytes,"{area=""heap"",id=""G1 Eden Space"",language=""java"",service=""java-order-service"",}",63963136.0
1790102107.712,java-order-service,jvm_memory_used_bytes,"{area=""nonheap"",id=""CodeHeap 'profiled nmethods'"",language=""java"",service=""java-order-service"",}",18597248.0
1790102107.712,java-order-service,jvm_memory_used_bytes,"{area=""nonheap"",id=""CodeHeap 'non-nmethods'"",language=""java"",service=""java-order-service"",}",1610368.0
1790102107.712,java-order-service,jvm_memory_used_bytes,"{area=""heap"",id=""G1 Survivor Space"",language=""java"",service=""java-order-service"",}",5766432.0
1790102107.712,java-order-service,jvm_memory_used_bytes,"{area=""nonheap"",id=""Compressed Class Space"",language=""java"",service=""java-order-service"",}",10687056.0
1790102107.712,java-order-service,jvm_memory_used_bytes,"{area=""heap"",id=""G1 Old Gen"",language=""java"",service=""java-order-service"",}",29144680.0
1790102107.712,java-order-service,jvm_memory_used_bytes,"{area=""nonheap"",id=""Metaspace"",language=""java"",service=""java-order-service"",}",79689240.0
1790102112.759,java-user-service,tomcat_threads_busy_threads,"{framework=""spring-boot"",language=""java"",name=""http-nio-9081"",service=""java-user-service"",}",-1.0
1790102112.759,java-user-service,jvm_gc_pause_seconds_count,"{action=""end of minor GC"",cause=""G1 Evacuation Pause"",framework=""spring-boot"",gc=""G1 Young Generation"",language=""java"",service=""java-user-service"",}",11.0
1790102112.759,java-user-service,jvm_gc_pause_seconds_sum,"{action=""end of minor GC"",cause=""G1 Evacuation Pause"",framework=""spring-boot"",gc=""G1 Young Generation"",language=""java"",service=""java-user-service"",}",0.091
1790102112.759,java-user-service,jvm_memory_used_bytes,"{area=""nonheap"",framework=""spring-boot"",id=""CodeHeap 'non-nmethods'"",language=""java"",service=""java-user-service"",}",1645696.0
1790102112.759,java-user-service,jvm_memory_used_bytes,"{area=""nonheap"",framework=""spring-boot"",id=""CodeHeap 'non-profiled nmethods'"",language=""java"",service=""java-user-service"",}",9581696.0
1790102112.759,java-user-service,jvm_memory_used_bytes,"{area=""heap"",framework=""spring-boot"",id=""G1 Survivor Space"",language=""java"",service=""java-user-service"",}",3145728.0
1790102112.759,java-user-service,jvm_memory_used_bytes,"{area=""heap"",framework=""spring-boot"",id=""G1 Old Gen"",language=""java"",service=""java-user-service"",}",40276200.0
1790102112.759,java-user-service,jvm_memory_used_bytes,"{area=""nonheap"",framework=""spring-boot"",id=""Metaspace"",language=""java"",service=""java-user-service"",}",104058472.0
1790102112.759,java-user-service,jvm_memory_used_bytes,"{area=""heap"",framework=""spring-boot"",id=""G1 Eden Space"",language=""java"",service=""java-user-service"",}",31457280.0
1790102112.759,java-user-service,jvm_memory_used_bytes,"{area=""nonheap"",framework=""spring-boot"",id=""Compressed Class Space"",language=""java"",service=""java-user-service"",}",13414008.0
1790102112.759,java-user-service,jvm_memory_used_bytes,"{area=""nonheap"",framework=""spring-boot"",id=""CodeHeap 'profiled nmethods'"",language=""java"",service=""java-user-service"",}",32298240.0
1790102112.759,java-user-service,hikaricp_connections_usage_seconds_count,"{framework=""spring-boot"",language=""java"",pool=""HikariPool-1"",service=""java-user-service"",}",1712.0
1790102112.759,java-user-service,hikaricp_connections_usage_seconds_sum,"{framework=""spring-boot"",language=""java"",pool=""HikariPool-1"",service=""java-user-service"",}",140.428
1790102112.759,java-user-service,process_cpu_usage,"{framework=""spring-boot"",language=""java"",service=""java-user-service"",}",0.3022222222222222
1790102112.759,java-user-service,tomcat_threads_current_threads,"{framework=""spring-boot"",language=""java"",name=""http-nio-9081"",service=""java-user-service"",}",-1.0
1790102112.759,java-user-service,jvm_memory_committed_bytes,"{area=""nonheap"",framework=""spring-boot"",id=""CodeHeap 'non-nmethods'"",language=""java"",service=""java-user-service"",}",2555904.0
1790102112.759,java-user-service,jvm_memory_committed_bytes,"{area=""nonheap"",framework=""spring-boot"",id=""CodeHeap 'non-profiled nmethods'"",language=""java"",service=""java-user-service"",}",9633792.0
1790102112.759,java-user-service,jvm_memory_committed_bytes,"{area=""heap"",framework=""spring-boot"",id=""G1 Survivor Space"",language=""java"",service=""java-user-service"",}",3145728.0
1790102112.759,java-user-service,jvm_memory_committed_bytes,"{area=""heap"",framework=""spring-boot"",id=""G1 Old Gen"",language=""java"",service=""java-user-service"",}",44040192.0
1790102112.759,java-user-service,jvm_memory_committed_bytes,"{area=""nonheap"",framework=""spring-boot"",id=""Metaspace"",language=""java"",service=""java-user-service"",}",104988672.0
1790102112.759,java-user-service,jvm_memory_committed_bytes,"{area=""heap"",framework=""spring-boot"",id=""G1 Eden Space"",language=""java"",service=""java-user-service"",}",59768832.0
1790102112.759,java-user-service,jvm_memory_committed_bytes,"{area=""nonheap"",framework=""spring-boot"",id=""Compressed Class Space"",language=""java"",service=""java-user-service"",}",13828096.0
1790102112.759,java-user-service,jvm_memory_committed_bytes,"{area=""nonheap"",framework=""spring-boot"",id=""CodeHeap 'profiled nmethods'"",language=""java"",service=""java-user-service"",}",32374784.0
1790102112.759,java-user-service,system_cpu_usage,"{framework=""spring-boot"",language=""java"",service=""java-user-service"",}",0.30779454545454543
1790102112.759,java-user-service,hikaricp_connections_pending,"{framework=""spring-boot"",language=""java"",pool=""HikariPool-1"",service=""java-user-service"",}",0.0
1790102112.759,java-user-service,hikaricp_connections_acquire_seconds_count,"{framework=""spring-boot"",language=""java"",pool=""HikariPool-1"",service=""java-user-service"",}",1712.0
1790102112.759,java-user-service,hikaricp_connections_acquire_seconds_sum,"{framework=""spring-boot"",language=""java"",pool=""HikariPool-1"",service=""java-user-service"",}",16.133370077
1790102112.759,java-user-service,tomcat_threads_config_max_threads,"{framework=""spring-boot"",language=""java"",name=""http-nio-9081"",service=""java-user-service"",}",-1.0
1790102112.759,java-user-service,hikaricp_connections_active,"{framework=""spring-boot"",language=""java"",pool=""HikariPool-1"",service=""java-user-service"",}",0.0
1790102112.759,java-product-service,jvm_memory_used_bytes,"{area=""nonheap"",id=""CodeHeap 'non-nmethods'"",language=""java"",service=""java-product-service"",}",1638144.0
1790102112.759,java-product-service,jvm_memory_used_bytes,"{area=""heap"",id=""G1 Eden Space"",language=""java"",service=""java-product-service"",}",19922944.0
1790102112.759,java-product-service,jvm_memory_used_bytes,"{area=""nonheap"",id=""Metaspace"",language=""java"",service=""java-product-service"",}",98083816.0
1790102112.759,java-product-service,jvm_memory_used_bytes,"{area=""heap"",id=""G1 Old Gen"",language=""java"",service=""java-product-service"",}",39283704.0
1790102112.759,java-product-service,jvm_memory_used_bytes,"{area=""nonheap"",id=""Compressed Class Space"",language=""java"",service=""java-product-service"",}",12934864.0
1790102112.759,java-product-service,jvm_memory_used_bytes,"{area=""heap"",id=""G1 Survivor Space"",language=""java"",service=""java-product-service"",}",2312160.0
1790102112.759,java-product-service,jvm_memory_used_bytes,"{area=""nonheap"",id=""CodeHeap 'profiled nmethods'"",language=""java"",service=""java-product-service"",}",19213056.0
1790102112.759,java-product-service,jvm_memory_used_bytes,"{area=""nonheap"",id=""CodeHeap 'non-profiled nmethods'"",language=""java"",service=""java-product-service"",}",7578240.0
1790102112.759,java-product-service,tomcat_threads_current_threads,"{language=""java"",name=""http-nio-9082"",service=""java-product-service"",}",-1.0
1790102112.759,java-product-service,hikaricp_connections_acquire_seconds_count,"{language=""java"",pool=""HikariPool-1"",service=""java-product-service"",}",622.0
1790102112.759,java-product-service,hikaricp_connections_acquire_seconds_sum,"{language=""java"",pool=""HikariPool-1"",service=""java-product-service"",}",0.306600566
1790102112.759,java-product-service,tomcat_threads_busy_threads,"{language=""java"",name=""http-nio-9082"",service=""java-product-service"",}",-1.0
1790102112.759,java-product-service,hikaricp_connections_pending,"{language=""java"",pool=""HikariPool-1"",service=""java-product-service"",}",0.0
1790102112.759,java-product-service,hikaricp_connections_active,"{language=""java"",pool=""HikariPool-1"",service=""java-product-service"",}",0.0
1790102112.759,java-product-service,tomcat_threads_config_max_threads,"{language=""java"",name=""http-nio-9082"",service=""java-product-service"",}",-1.0
1790102112.759,java-product-service,process_cpu_usage,"{language=""java"",service=""java-product-service"",}",0.03939393939393939
1790102112.759,java-product-service,system_cpu_usage,"{language=""java"",service=""java-product-service"",}",0.03897121212121212
1790102112.759,java-product-service,jvm_gc_pause_seconds_count,"{action=""end of minor GC"",cause=""G1 Evacuation Pause"",gc=""G1 Young Generation"",language=""java"",service=""java-product-service"",}",11.0
1790102112.759,java-product-service,jvm_gc_pause_seconds_sum,"{action=""end of minor GC"",cause=""G1 Evacuation Pause"",gc=""G1 Young Generation"",language=""java"",service=""java-product-service"",}",0.062
1790102112.759,java-product-service,jvm_memory_committed_bytes,"{area=""nonheap"",id=""CodeHeap 'non-nmethods'"",language=""java"",service=""java-product-service"",}",2555904.0
1790102112.759,java-product-service,jvm_memory_committed_bytes,"{area=""heap"",id=""G1 Eden Space"",language=""java"",service=""java-product-service"",}",52428800.0
1790102112.759,java-product-service,jvm_memory_committed_bytes,"{area=""nonheap"",id=""Metaspace"",language=""java"",service=""java-product-service"",}",99090432.0
1790102112.759,java-product-service,jvm_memory_committed_bytes,"{area=""heap"",id=""G1 Old Gen"",language=""java"",service=""java-product-service"",}",42991616.0
1790102112.759,java-product-service,jvm_memory_committed_bytes,"{area=""nonheap"",id=""Compressed Class Space"",language=""java"",service=""java-product-service"",}",13434880.0
1790102112.759,java-product-service,jvm_memory_committed_bytes,"{area=""heap"",id=""G1 Survivor Space"",language=""java"",service=""java-product-service"",}",3145728.0
1790102112.759,java-product-service,jvm_memory_committed_bytes,"{area=""nonheap"",id=""CodeHeap 'profiled nmethods'"",language=""java"",service=""java-product-service"",}",24117248.0
1790102112.759,java-product-service,jvm_memory_committed_bytes,"{area=""nonheap"",id=""CodeHeap 'non-profiled nmethods'"",language=""java"",service=""java-product-service"",}",7995392.0
1790102112.759,java-product-service,hikaricp_connections_usage_seconds_count,"{language=""java"",pool=""HikariPool-1"",service=""java-product-service"",}",622.0
1790102112.759,java-product-service,hikaricp_connections_usage_seconds_sum,"{language=""java"",pool=""HikariPool-1"",service=""java-product-service"",}",0.445
1790102112.759,java-order-service,system_cpu_usage,"{language=""java"",service=""java-order-service"",}",0.029565925925925926
1790102112.759,java-order-service,jvm_gc_pause_seconds_count,"{action=""end of minor GC"",cause=""G1 Evacuation Pause"",gc=""G1 Young Generation"",language=""java"",service=""java-order-service"",}",1.0
1790102112.759,java-order-service,jvm_gc_pause_seconds_sum,"{action=""end of minor GC"",cause=""G1 Evacuation Pause"",gc=""G1 Young Generation"",language=""java"",service=""java-order-service"",}",0.008
1790102112.759,java-order-service,hikaricp_connections_usage_seconds_count,"{language=""java"",pool=""HikariPool-1"",service=""java-order-service"",}",594.0
1790102112.759,java-order-service,hikaricp_connections_usage_seconds_sum,"{language=""java"",pool=""HikariPool-1"",service=""java-order-service"",}",0.002
1790102112.759,java-order-service,hikaricp_connections_active,"{language=""java"",pool=""HikariPool-1"",service=""java-order-service"",}",0.0
1790102112.759,java-order-service,tomcat_threads_config_max_threads,"{language=""java"",name=""http-nio-9083"",service=""java-order-service"",}",-1.0
1790102112.759,java-order-service,hikaricp_connections_acquire_seconds_count,"{language=""java"",pool=""HikariPool-1"",service=""java-order-service"",}",594.0
1790102112.759,java-order-service,hikaricp_connections_acquire_seconds_sum,"{language=""java"",pool=""HikariPool-1"",service=""java-order-service"",}",0.105149249
1790102112.759,java-order-service,tomcat_threads_busy_threads,"{language=""java"",name=""http-nio-9083"",service=""java-order-service"",}",-1.0
1790102112.759,java-order-service,jvm_memory_committed_bytes,"{area=""nonheap"",id=""CodeHeap 'non-profiled nmethods'"",language=""java"",service=""java-order-service"",}",5046272.0
1790102112.759,java-order-service,jvm_memory_committed_bytes,"{area=""heap"",id=""G1 Eden Space"",language=""java"",service=""java-order-service"",}",73400320.0
1790102112.759,java-order-service,jvm_memory_committed_bytes,"{area=""nonheap"",id=""CodeHeap 'profiled nmethods'"",language=""java"",service=""java-order-service"",}",18743296.0
1790102112.759,java-order-service,jvm_memory_committed_bytes,"{area=""nonheap"",id=""CodeHeap 'non-nmethods'"",language=""java"",service=""java-order-service"",}",2555904.0
1790102112.759,java-order-service,jvm_memory_committed_bytes,"{area=""heap"",id=""G1 Survivor Space"",language=""java"",service=""java-order-service"",}",6291456.0
1790102112.759,java-order-service,jvm_memory_committed_bytes,"{area=""nonheap"",id=""Compressed Class Space"",language=""java"",service=""java-order-service"",}",11141120.0
1790102112.759,java-order-service,jvm_memory_committed_bytes,"{area=""heap"",id=""G1 Old Gen"",language=""java"",service=""java-order-service"",}",46137344.0
1790102112.759,java-order-service,jvm_memory_committed_bytes,"{area=""nonheap"",id=""Metaspace"",language=""java"",service=""java-order-service"",}",80674816.0
1790102112.759,java-order-service,hikaricp_connections_pending,"{language=""java"",pool=""HikariPool-1"",service=""java-order-service"",}",0.0
1790102112.759,java-order-service,process_cpu_usage,"{language=""java"",service=""java-order-service"",}",0.027160493827160494
1790102112.759,java-order-service,tomcat_threads_current_threads,"{language=""java"",name=""http-nio-9083"",service=""java-order-service"",}",-1.0
1790102112.759,java-order-service,jvm_memory_used_bytes,"{area=""nonheap"",id=""CodeHeap 'non-profiled nmethods'"",language=""java"",service=""java-order-service"",}",5032704.0
1790102112.759,java-order-service,jvm_memory_used_bytes,"{area=""heap"",id=""G1 Eden Space"",language=""java"",service=""java-order-service"",}",65011712.0
1790102112.759,java-order-service,jvm_memory_used_bytes,"{area=""nonheap"",id=""CodeHeap 'profiled nmethods'"",language=""java"",service=""java-order-service"",}",18738688.0
1790102112.759,java-order-service,jvm_memory_used_bytes,"{area=""nonheap"",id=""CodeHeap 'non-nmethods'"",language=""java"",service=""java-order-service"",}",1610368.0
1790102112.759,java-order-service,jvm_memory_used_bytes,"{area=""heap"",id=""G1 Survivor Space"",language=""java"",service=""java-order-service"",}",5766432.0
1790102112.759,java-order-service,jvm_memory_used_bytes,"{area=""nonheap"",id=""Compressed Class Space"",language=""java"",service=""java-order-service"",}",10687056.0
1790102112.759,java-order-service,jvm_memory_used_bytes,"{area=""heap"",id=""G1 Old Gen"",language=""java"",service=""java-order-service"",}",29144680.0
1790102112.759,java-order-service,jvm_memory_used_bytes,"{area=""nonheap"",id=""Metaspace"",language=""java"",service=""java-order-service"",}",79720288.0
1790102117.806,java-user-service,tomcat_threads_busy_threads,"{framework=""spring-boot"",language=""java"",name=""http-nio-9081"",service=""java-user-service"",}",-1.0
1790102117.806,java-user-service,jvm_gc_pause_seconds_count,"{action=""end of minor GC"",cause=""G1 Evacuation Pause"",framework=""spring-boot"",gc=""G1 Young Generation"",language=""java"",service=""java-user-service"",}",11.0
1790102117.806,java-user-service,jvm_gc_pause_seconds_sum,"{action=""end of minor GC"",cause=""G1 Evacuation Pause"",framework=""spring-boot"",gc=""G1 Young Generation"",language=""java"",service=""java-user-service"",}",0.091
1790102117.806,java-user-service,jvm_memory_used_bytes,"{area=""nonheap"",framework=""spring-boot"",id=""CodeHeap 'non-nmethods'"",language=""java"",service=""java-user-service"",}",1645696.0
1790102117.806,java-user-service,jvm_memory_used_bytes,"{area=""nonheap"",framework=""spring-boot"",id=""CodeHeap 'non-profiled nmethods'"",language=""java"",service=""java-user-service"",}",9638144.0
1790102117.806,java-user-service,jvm_memory_used_bytes,"{area=""heap"",framework=""spring-boot"",id=""G1 Survivor Space"",language=""java"",service=""java-user-service"",}",3145728.0
1790102117.806,java-user-service,jvm_memory_used_bytes,"{area=""heap"",framework=""spring-boot"",id=""G1 Old Gen"",language=""java"",service=""java-user-service"",}",40276200.0
1790102117.806,java-user-service,jvm_memory_used_bytes,"{area=""nonheap"",framework=""spring-boot"",id=""Metaspace"",language=""java"",service=""java-user-service"",}",104105024.0
1790102117.806,java-user-service,jvm_memory_used_bytes,"{area=""heap"",framework=""spring-boot"",id=""G1 Eden Space"",language=""java"",service=""java-user-service"",}",40894464.0
1790102117.806,java-user-service,jvm_memory_used_bytes,"{area=""nonheap"",framework=""spring-boot"",id=""Compressed Class Space"",language=""java"",service=""java-user-service"",}",13414008.0
1790102117.806,java-user-service,jvm_memory_used_bytes,"{area=""nonheap"",framework=""spring-boot"",id=""CodeHeap 'profiled nmethods'"",language=""java"",service=""java-user-service"",}",32426880.0
1790102117.806,java-user-service,hikaricp_connections_usage_seconds_count,"{framework=""spring-boot"",language=""java"",pool=""HikariPool-1"",service=""java-user-service"",}",1762.0
1790102117.806,java-user-service,hikaricp_connections_usage_seconds_sum,"{framework=""spring-boot"",language=""java"",pool=""HikariPool-1"",service=""java-user-service"",}",146.57
1790102117.806,java-user-service,process_cpu_usage,"{framework=""spring-boot"",language=""java"",service=""java-user-service"",}",0.3349206349206349
1790102117.806,java-user-service,tomcat_threads_current_threads,"{framework=""spring-boot"",language=""java"",name=""http-nio-9081"",service=""java-user-service"",}",-1.0
1790102117.806,java-user-service,jvm_memory_committed_bytes,"{area=""nonheap"",framework=""spring-boot"",id=""CodeHeap 'non-nmethods'"",language=""java"",service=""java-user-service"",}",2555904.0
1790102117.806,java-user-service,jvm_memory_committed_bytes,"{area=""nonheap"",framework=""spring-boot"",id=""CodeHeap 'non-profiled nmethods'"",language=""java"",service=""java-user-service"",}",9699328.0
1790102117.806,java-user-service,jvm_memory_committed_bytes,"{area=""heap"",framework=""spring-boot"",id=""G1 Survivor Space"",language=""java"",service=""java-user-service"",}",3145728.0
1790102117.806,java-user-service,jvm_memory_committed_bytes,"{area=""heap"",framework=""spring-boot"",id=""G1 Old Gen"",language=""java"",service=""java-user-service"",}",44040192.0
1790102117.806,java-user-service,jvm_memory_committed_bytes,"{area=""nonheap"",framework=""spring-boot"",id=""Metaspace"",language=""java"",service=""java-user-service"",}",105054208.0
1790102117.806,java-user-service,jvm_memory_committed_bytes,"{area=""heap"",framework=""spring-boot"",id=""G1 Eden Space"",language=""java"",service=""java-user-service"",}",59768832.0
1790102117.806,java-user-service,jvm_memory_committed_bytes,"{area=""nonheap"",framework=""spring-boot"",id=""Compressed Class Space"",language=""java"",service=""java-user-service"",}",13828096.0
1790102117.806,java-user-service,jvm_memory_committed_bytes,"{area=""nonheap"",framework=""spring-boot"",id=""CodeHeap 'profiled nmethods'"",language=""java"",service=""java-user-service"",}",32505856.0
1790102117.806,java-user-service,system_cpu_usage,"{framework=""spring-boot"",language=""java"",service=""java-user-service"",}",0.3364715873015873
1790102117.806,java-user-service,hikaricp_connections_pending,"{framework=""spring-boot"",language=""java"",pool=""HikariPool-1"",service=""java-user-service"",}",0.0
1790102117.806,java-user-service,hikaricp_connections_acquire_seconds_count,"{framework=""spring-boot"",language=""java"",pool=""HikariPool-1"",service=""java-user-service"",}",1762.0
1790102117.806,java-user-service,hikaricp_connections_acquire_seconds_sum,"{framework=""spring-boot"",language=""java"",pool=""HikariPool-1"",service=""java-user-service"",}",17.033480911
1790102117.806,java-user-service,tomcat_threads_config_max_threads,"{framework=""spring-boot"",language=""java"",name=""http-nio-9081"",service=""java-user-service"",}",-1.0
1790102117.806,java-user-service,hikaricp_connections_active,"{framework=""spring-boot"",language=""java"",pool=""HikariPool-1"",service=""java-user-service"",}",0.0
1790102117.806,java-product-service,jvm_memory_used_bytes,"{area=""nonheap"",id=""CodeHeap 'non-nmethods'"",language=""java"",service=""java-product-service"",}",1638144.0
1790102117.806,java-product-service,jvm_memory_used_bytes,"{area=""heap"",id=""G1 Eden Space"",language=""java"",service=""java-product-service"",}",33554432.0
1790102117.806,java-product-service,jvm_memory_used_bytes,"{area=""nonheap"",id=""Metaspace"",language=""java"",service=""java-product-service"",}",98130400.0
1790102117.806,java-product-service,jvm_memory_used_bytes,"{area=""heap"",id=""G1 Old Gen"",language=""java"",service=""java-product-service"",}",39283704.0
1790102117.806,java-product-service,jvm_memory_used_bytes,"{area=""nonheap"",id=""Compressed Class Space"",language=""java"",service=""java-product-service"",}",12934864.0
1790102117.806,java-product-service,jvm_memory_used_bytes,"{area=""heap"",id=""G1 Survivor Space"",language=""java"",service=""java-product-service"",}",2312160.0
1790102117.806,java-product-service,jvm_memory_used_bytes,"{area=""nonheap"",id=""CodeHeap 'profiled nmethods'"",language=""java"",service=""java-product-service"",}",19398144.0
1790102117.806,java-product-service,jvm_memory_used_bytes,"{area=""nonheap"",id=""CodeHeap 'non-profiled nmethods'"",language=""java"",service=""java-product-service"",}",7635200.0
1790102117.806,java-product-service,tomcat_threads_current_threads,"{language=""java"",name=""http-nio-9082"",service=""java-product-service"",}",-1.0
1790102117.806,java-product-service,hikaricp_connections_acquire_seconds_count,"{language=""java"",pool=""HikariPool-1"",service=""java-product-service"",}",648.0
1790102117.806,java-product-service,hikaricp_connections_acquire_seconds_sum,"{language=""java"",pool=""HikariPool-1"",service=""java-product-service"",}",0.319836858
1790102117.806,java-product-service,tomcat_threads_busy_threads,"{language=""java"",name=""http-nio-9082"",service=""java-product-service"",}",-1.0
1790102117.806,java-product-service,hikaricp_connections_pending,"{language=""java"",pool=""HikariPool-1"",service=""java-product-service"",}",0.0
1790102117.806,java-product-service,hikaricp_connections_active,"{language=""java"",pool=""HikariPool-1"",service=""java-product-service"",}",0.0
1790102117.806,java-product-service,tomcat_threads_config_max_threads,"{language=""java"",name=""http-nio-9082"",service=""java-product-service"",}",-1.0
1790102117.806,java-product-service,process_cpu_usage,"{language=""java"",service=""java-product-service"",}",0.046031746031746035
1790102117.806,java-product-service,system_cpu_usage,"{language=""java"",service=""java-product-service"",}",0.047886507936507935
1790102117.806,java-product-service,jvm_gc_pause_seconds_count,"{action=""end of minor GC"",cause=""G1 Evacuation Pause"",gc=""G1 Young Generation"",language=""java"",service=""java-product-service"",}",11.0
1790102117.806,java-product-service,jvm_gc_pause_seconds_sum,"{action=""end of minor GC"",cause=""G1 Evacuation Pause"",gc=""G1 Young Generation"",language=""java"",service=""java-product-service"",}",0.062
1790102117.806,java-product-service,jvm_memory_committed_bytes,"{area=""nonheap"",id=""CodeHeap 'non-nmethods'"",language=""java"",service=""java-product-service"",}",2555904.0
1790102117.806,java-product-service,jvm_memory_committed_bytes,"{area=""heap"",id=""G1 Eden Space"",language=""java"",service=""java-product-service"",}",52428800.0
1790102117.806,java-product-service,jvm_memory_committed_bytes,"{area=""nonheap"",id=""Metaspace"",language=""java"",service=""java-product-service"",}",99155968.0
1790102117.806,java-product-service,jvm_memory_committed_bytes,"{area=""heap"",id=""G1 Old Gen"",language=""java"",service=""java-product-service"",}",42991616.0
1790102117.806,java-product-service,jvm_memory_committed_bytes,"{area=""nonheap"",id=""Compressed Class Space"",language=""java"",service=""java-product-service"",}",13434880.0
1790102117.806,java-product-service,jvm_memory_committed_bytes,"{area=""heap"",id=""G1 Survivor Space"",language=""java"",service=""java-product-service"",}",3145728.0
1790102117.806,java-product-service,jvm_memory_committed_bytes,"{area=""nonheap"",id=""CodeHeap 'profiled nmethods'"",language=""java"",service=""java-product-service"",}",24117248.0
1790102117.806,java-product-service,jvm_memory_committed_bytes,"{area=""nonheap"",id=""CodeHeap 'non-profiled nmethods'"",language=""java"",service=""java-product-service"",}",7995392.0
1790102117.806,java-product-service,hikaricp_connections_usage_seconds_count,"{language=""java"",pool=""HikariPool-1"",service=""java-product-service"",}",648.0
1790102117.806,java-product-service,hikaricp_connections_usage_seconds_sum,"{language=""java"",pool=""HikariPool-1"",service=""java-product-service"",}",0.498
1790102117.806,java-order-service,system_cpu_usage,"{language=""java"",service=""java-order-service"",}",0.021269876543209876
1790102117.806,java-order-service,jvm_gc_pause_seconds_count,"{action=""end of minor GC"",cause=""G1 Evacuation Pause"",gc=""G1 Young Generation"",language=""java"",service=""java-order-service"",}",1.0
1790102117.806,java-order-service,jvm_gc_pause_seconds_sum,"{action=""end of minor GC"",cause=""G1 Evacuation Pause"",gc=""G1 Young Generation"",language=""java"",service=""java-order-service"",}",0.008
1790102117.806,java-order-service,hikaricp_connections_usage_seconds_count,"{language=""java"",pool=""HikariPool-1"",service=""java-order-service"",}",612.0
1790102117.806,java-order-service,hikaricp_connections_usage_seconds_sum,"{language=""java"",pool=""HikariPool-1"",service=""java-order-service"",}",0.002
1790102117.806,java-order-service,hikaricp_connections_active,"{language=""java"",pool=""HikariPool-1"",service=""java-order-service"",}",0.0
1790102117.806,java-order-service,tomcat_threads_config_max_threads,"{language=""java"",name=""http-nio-9083"",service=""java-order-service"",}",-1.0
1790102117.806,java-order-service,hikaricp_connections_acquire_seconds_count,"{language=""java"",pool=""HikariPool-1"",service=""java-order-service"",}",612.0
1790102117.806,java-order-service,hikaricp_connections_acquire_seconds_sum,"{language=""java"",pool=""HikariPool-1"",service=""java-order-service"",}",0.108655334
1790102117.806,java-order-service,tomcat_threads_busy_threads,"{language=""java"",name=""http-nio-9083"",service=""java-order-service"",}",-1.0
1790102117.806,java-order-service,jvm_memory_committed_bytes,"{area=""nonheap"",id=""CodeHeap 'non-profiled nmethods'"",language=""java"",service=""java-order-service"",}",5046272.0
1790102117.806,java-order-service,jvm_memory_committed_bytes,"{area=""heap"",id=""G1 Eden Space"",language=""java"",service=""java-order-service"",}",73400320.0
1790102117.806,java-order-service,jvm_memory_committed_bytes,"{area=""nonheap"",id=""CodeHeap 'profiled nmethods'"",language=""java"",service=""java-order-service"",}",18874368.0
1790102117.806,java-order-service,jvm_memory_committed_bytes,"{area=""nonheap"",id=""CodeHeap 'non-nmethods'"",language=""java"",service=""java-order-service"",}",2555904.0
1790102117.806,java-order-service,jvm_memory_committed_bytes,"{area=""heap"",id=""G1 Survivor Space"",language=""java"",service=""java-order-service"",}",6291456.0
1790102117.806,java-order-service,jvm_memory_committed_bytes,"{area=""nonheap"",id=""Compressed Class Space"",language=""java"",service=""java-order-service"",}",11141120.0
1790102117.806,java-order-service,jvm_memory_committed_bytes,"{area=""heap"",id=""G1 Old Gen"",language=""java"",service=""java-order-service"",}",46137344.0
1790102117.806,java-order-service,jvm_memory_committed_bytes,"{area=""nonheap"",id=""Metaspace"",language=""java"",service=""java-order-service"",}",80674816.0
1790102117.806,java-order-service,hikaricp_connections_pending,"{language=""java"",pool=""HikariPool-1"",service=""java-order-service"",}",0.0
1790102117.806,java-order-service,process_cpu_usage,"{language=""java"",service=""java-order-service"",}",0.019753086419753086
1790102117.806,java-order-service,tomcat_threads_current_threads,"{language=""java"",name=""http-nio-9083"",service=""java-order-service"",}",-1.0
1790102117.806,java-order-service,jvm_memory_used_bytes,"{area=""nonheap"",id=""CodeHeap 'non-profiled nmethods'"",language=""java"",service=""java-order-service"",}",5040768.0
1790102117.806,java-order-service,jvm_memory_used_bytes,"{area=""heap"",id=""G1 Eden Space"",language=""java"",service=""java-order-service"",}",67108864.0
1790102117.806,java-order-service,jvm_memory_used_bytes,"{area=""nonheap"",id=""CodeHeap 'profiled nmethods'"",language=""java"",service=""java-order-service"",}",18876288.0
1790102117.806,java-order-service,jvm_memory_used_bytes,"{area=""nonheap"",id=""CodeHeap 'non-nmethods'"",language=""java"",service=""java-order-service"",}",1610368.0
1790102117.806,java-order-service,jvm_memory_used_bytes,"{area=""heap"",id=""G1 Survivor Space"",language=""java"",service=""java-order-service"",}",5766432.0
1790102117.806,java-order-service,jvm_memory_used_bytes,"{area=""nonheap"",id=""Compressed Class Space"",language=""java"",service=""java-order-service"",}",10687056.0
1790102117.806,java-order-service,jvm_memory_used_bytes,"{area=""heap"",id=""G1 Old Gen"",language=""java"",service=""java-order-service"",}",29144680.0
1790102117.806,java-order-service,jvm_memory_used_bytes,"{area=""nonheap"",id=""Metaspace"",language=""java"",service=""java-order-service"",}",79753872.0
1790102122.843,java-user-service,tomcat_threads_busy_threads,"{framework=""spring-boot"",language=""java"",name=""http-nio-9081"",service=""java-user-service"",}",-1.0
1790102122.843,java-user-service,jvm_gc_pause_seconds_count,"{action=""end of minor GC"",cause=""G1 Evacuation Pause"",framework=""spring-boot"",gc=""G1 Young Generation"",language=""java"",service=""java-user-service"",}",11.0
1790102122.843,java-user-service,jvm_gc_pause_seconds_sum,"{action=""end of minor GC"",cause=""G1 Evacuation Pause"",framework=""spring-boot"",gc=""G1 Young Generation"",language=""java"",service=""java-user-service"",}",0.091
1790102122.843,java-user-service,jvm_memory_used_bytes,"{area=""nonheap"",framework=""spring-boot"",id=""CodeHeap 'non-nmethods'"",language=""java"",service=""java-user-service"",}",1645696.0
1790102122.843,java-user-service,jvm_memory_used_bytes,"{area=""nonheap"",framework=""spring-boot"",id=""CodeHeap 'non-profiled nmethods'"",language=""java"",service=""java-user-service"",}",9681920.0
1790102122.843,java-user-service,jvm_memory_used_bytes,"{area=""heap"",framework=""spring-boot"",id=""G1 Survivor Space"",language=""java"",service=""java-user-service"",}",3145728.0
1790102122.843,java-user-service,jvm_memory_used_bytes,"{area=""heap"",framework=""spring-boot"",id=""G1 Old Gen"",language=""java"",service=""java-user-service"",}",40276200.0
1790102122.843,java-user-service,jvm_memory_used_bytes,"{area=""nonheap"",framework=""spring-boot"",id=""Metaspace"",language=""java"",service=""java-user-service"",}",104135536.0
1790102122.843,java-user-service,jvm_memory_used_bytes,"{area=""heap"",framework=""spring-boot"",id=""G1 Eden Space"",language=""java"",service=""java-user-service"",}",50331648.0
1790102122.843,java-user-service,jvm_memory_used_bytes,"{area=""nonheap"",framework=""spring-boot"",id=""Compressed Class Space"",language=""java"",service=""java-user-service"",}",13414008.0
1790102122.843,java-user-service,jvm_memory_used_bytes,"{area=""nonheap"",framework=""spring-boot"",id=""CodeHeap 'profiled nmethods'"",language=""java"",service=""java-user-service"",}",32731264.0
1790102122.843,java-user-service,hikaricp_connections_usage_seconds_count,"{framework=""spring-boot"",language=""java"",pool=""HikariPool-1"",service=""java-user-service"",}",1810.0
1790102122.843,java-user-service,hikaricp_connections_usage_seconds_sum,"{framework=""spring-boot"",language=""java"",pool=""HikariPool-1"",service=""java-user-service"",}",152.556
1790102122.843,java-user-service,process_cpu_usage,"{framework=""spring-boot"",language=""java"",service=""java-user-service"",}",0.31937984496124033
1790102122.843,java-user-service,tomcat_threads_current_threads,"{framework=""spring-boot"",language=""java"",name=""http-nio-9081"",service=""java-user-service"",}",-1.0
1790102122.843,java-user-service,jvm_memory_committed_bytes,"{area=""nonheap"",framework=""spring-boot"",id=""CodeHeap 'non-nmethods'"",language=""java"",service=""java-user-service"",}",2555904.0
1790102122.843,java-user-service,jvm_memory_committed_bytes,"{area=""nonheap"",framework=""spring-boot"",id=""CodeHeap 'non-profiled nmethods'"",language=""java"",service=""java-user-service"",}",9699328.0
1790102122.843,java-user-service,jvm_memory_committed_bytes,"{area=""heap"",framework=""spring-boot"",id=""G1 Survivor Space"",language=""java"",service=""java-user-service"",}",3145728.0
1790102122.843,java-user-service,jvm_memory_committed_bytes,"{area=""heap"",framework=""spring-boot"",id=""G1 Old Gen"",language=""java"",service=""java-user-service"",}",44040192.0
1790102122.843,java-user-service,jvm_memory_committed_bytes,"{area=""nonheap"",framework=""spring-boot"",id=""Metaspace"",language=""java"",service=""java-user-service"",}",105054208.0
1790102122.843,java-user-service,jvm_memory_committed_bytes,"{area=""heap"",framework=""spring-boot"",id=""G1 Eden Space"",language=""java"",service=""java-user-service"",}",59768832.0
1790102122.843,java-user-service,jvm_memory_committed_bytes,"{area=""nonheap"",framework=""spring-boot"",id=""Compressed Class Space"",language=""java"",service=""java-user-service"",}",13828096.0
1790102122.843,java-user-service,jvm_memory_committed_bytes,"{area=""nonheap"",framework=""spring-boot"",id=""CodeHeap 'profiled nmethods'"",language=""java"",service=""java-user-service"",}",32833536.0
1790102122.843,java-user-service,system_cpu_usage,"{framework=""spring-boot"",language=""java"",service=""java-user-service"",}",0.3193500775193798
1790102122.843,java-user-service,hikaricp_connections_pending,"{framework=""spring-boot"",language=""java"",pool=""HikariPool-1"",service=""java-user-service"",}",0.0
1790102122.843,java-user-service,hikaricp_connections_acquire_seconds_count,"{framework=""spring-boot"",language=""java"",pool=""HikariPool-1"",service=""java-user-service"",}",1810.0
1790102122.843,java-user-service,hikaricp_connections_acquire_seconds_sum,"{framework=""spring-boot"",language=""java"",pool=""HikariPool-1"",service=""java-user-service"",}",17.701728416
1790102122.843,java-user-service,tomcat_threads_config_max_threads,"{framework=""spring-boot"",language=""java"",name=""http-nio-9081"",service=""java-user-service"",}",-1.0
1790102122.843,java-user-service,hikaricp_connections_active,"{framework=""spring-boot"",language=""java"",pool=""HikariPool-1"",service=""java-user-service"",}",0.0
1790102122.843,java-product-service,jvm_memory_used_bytes,"{area=""nonheap"",id=""CodeHeap 'non-nmethods'"",language=""java"",service=""java-product-service"",}",1638144.0
1790102122.843,java-product-service,jvm_memory_used_bytes,"{area=""heap"",id=""G1 Eden Space"",language=""java"",service=""java-product-service"",}",45088768.0
1790102122.843,java-product-service,jvm_memory_used_bytes,"{area=""nonheap"",id=""Metaspace"",language=""java"",service=""java-product-service"",}",98143704.0
1790102122.843,java-product-service,jvm_memory_used_bytes,"{area=""heap"",id=""G1 Old Gen"",language=""java"",service=""java-product-service"",}",39283704.0
1790102122.843,java-product-service,jvm_memory_used_bytes,"{area=""nonheap"",id=""Compressed Class Space"",language=""java"",service=""java-product-service"",}",12934864.0
1790102122.843,java-product-service,jvm_memory_used_bytes,"{area=""heap"",id=""G1 Survivor Space"",language=""java"",service=""java-product-service"",}",2312160.0
1790102122.843,java-product-service,jvm_memory_used_bytes,"{area=""nonheap"",id=""CodeHeap 'profiled nmethods'"",language=""java"",service=""java-product-service"",}",19485312.0
1790102122.843,java-product-service,jvm_memory_used_bytes,"{area=""nonheap"",id=""CodeHeap 'non-profiled nmethods'"",language=""java"",service=""java-product-service"",}",7654016.0
1790102122.843,java-product-service,tomcat_threads_current_threads,"{language=""java"",name=""http-nio-9082"",service=""java-product-service"",}",-1.0
1790102122.843,java-product-service,hikaricp_connections_acquire_seconds_count,"{language=""java"",pool=""HikariPool-1"",service=""java-product-service"",}",666.0
1790102122.843,java-product-service,hikaricp_connections_acquire_seconds_sum,"{language=""java"",pool=""HikariPool-1"",service=""java-product-service"",}",0.32278861
1790102122.843,java-product-service,tomcat_threads_busy_threads,"{language=""java"",name=""http-nio-9082"",service=""java-product-service"",}",-1.0
1790102122.843,java-product-service,hikaricp_connections_pending,"{language=""java"",pool=""HikariPool-1"",service=""java-product-service"",}",0.0
1790102122.843,java-product-service,hikaricp_connections_active,"{language=""java"",pool=""HikariPool-1"",service=""java-product-service"",}",0.0
1790102122.843,java-product-service,tomcat_threads_config_max_threads,"{language=""java"",name=""http-nio-9082"",service=""java-product-service"",}",-1.0
1790102122.843,java-product-service,process_cpu_usage,"{language=""java"",service=""java-product-service"",}",0.03902439024390244
1790102122.843,java-product-service,system_cpu_usage,"{language=""java"",service=""java-product-service"",}",0.038544552845528456
1790102122.843,java-product-service,jvm_gc_pause_seconds_count,"{action=""end of minor GC"",cause=""G1 Evacuation Pause"",gc=""G1 Young Generation"",language=""java"",service=""java-product-service"",}",11.0
1790102122.843,java-product-service,jvm_gc_pause_seconds_sum,"{action=""end of minor GC"",cause=""G1 Evacuation Pause"",gc=""G1 Young Generation"",language=""java"",service=""java-product-service"",}",0.062
1790102122.843,java-product-service,jvm_memory_committed_bytes,"{area=""nonheap"",id=""CodeHeap 'non-nmethods'"",language=""java"",service=""java-product-service"",}",2555904.0
1790102122.843,java-product-service,jvm_memory_committed_bytes,"{area=""heap"",id=""G1 Eden Space"",language=""java"",service=""java-product-service"",}",52428800.0
1790102122.843,java-product-service,jvm_memory_committed_bytes,"{area=""nonheap"",id=""Metaspace"",language=""java"",service=""java-product-service"",}",99155968.0
1790102122.843,java-product-service,jvm_memory_committed_bytes,"{area=""heap"",id=""G1 Old Gen"",language=""java"",service=""java-product-service"",}",42991616.0
1790102122.843,java-product-service,jvm_memory_committed_bytes,"{area=""nonheap"",id=""Compressed Class Space"",language=""java"",service=""java-product-service"",}",13434880.0
1790102122.843,java-product-service,jvm_memory_committed_bytes,"{area=""heap"",id=""G1 Survivor Space"",language=""java"",service=""java-product-service"",}",3145728.0
1790102122.843,java-product-service,jvm_memory_committed_bytes,"{area=""nonheap"",id=""CodeHeap 'profiled nmethods'"",language=""java"",service=""java-product-service"",}",24117248.0
1790102122.843,java-product-service,jvm_memory_committed_bytes,"{area=""nonheap"",id=""CodeHeap 'non-profiled nmethods'"",language=""java"",service=""java-product-service"",}",7995392.0
1790102122.843,java-product-service,hikaricp_connections_usage_seconds_count,"{language=""java"",pool=""HikariPool-1"",service=""java-product-service"",}",666.0
1790102122.843,java-product-service,hikaricp_connections_usage_seconds_sum,"{language=""java"",pool=""HikariPool-1"",service=""java-product-service"",}",0.498
1790102122.843,java-order-service,system_cpu_usage,"{language=""java"",service=""java-order-service"",}",0.03066205128205128
1790102122.843,java-order-service,jvm_gc_pause_seconds_count,"{action=""end of minor GC"",cause=""G1 Evacuation Pause"",gc=""G1 Young Generation"",language=""java"",service=""java-order-service"",}",2.0
1790102122.843,java-order-service,jvm_gc_pause_seconds_sum,"{action=""end of minor GC"",cause=""G1 Evacuation Pause"",gc=""G1 Young Generation"",language=""java"",service=""java-order-service"",}",0.029
1790102122.843,java-order-service,hikaricp_connections_usage_seconds_count,"{language=""java"",pool=""HikariPool-1"",service=""java-order-service"",}",632.0
1790102122.843,java-order-service,hikaricp_connections_usage_seconds_sum,"{language=""java"",pool=""HikariPool-1"",service=""java-order-service"",}",0.002
1790102122.843,java-order-service,hikaricp_connections_active,"{language=""java"",pool=""HikariPool-1"",service=""java-order-service"",}",0.0
1790102122.843,java-order-service,tomcat_threads_config_max_threads,"{language=""java"",name=""http-nio-9083"",service=""java-order-service"",}",-1.0
1790102122.843,java-order-service,hikaricp_connections_acquire_seconds_count,"{language=""java"",pool=""HikariPool-1"",service=""java-order-service"",}",632.0
1790102122.843,java-order-service,hikaricp_connections_acquire_seconds_sum,"{language=""java"",pool=""HikariPool-1"",service=""java-order-service"",}",0.111452628
1790102122.843,java-order-service,tomcat_threads_busy_threads,"{language=""java"",name=""http-nio-9083"",service=""java-order-service"",}",-1.0
1790102122.843,java-order-service,jvm_memory_committed_bytes,"{area=""nonheap"",id=""CodeHeap 'non-profiled nmethods'"",language=""java"",service=""java-order-service"",}",5111808.0
1790102122.843,java-order-service,jvm_memory_committed_bytes,"{area=""heap"",id=""G1 Eden Space"",language=""java"",service=""java-order-service"",}",75497472.0
1790102122.843,java-order-service,jvm_memory_committed_bytes,"{area=""nonheap"",id=""CodeHeap 'profiled nmethods'"",language=""java"",service=""java-order-service"",}",18939904.0
1790102122.843,java-order-service,jvm_memory_committed_bytes,"{area=""nonheap"",id=""CodeHeap 'non-nmethods'"",language=""java"",service=""java-order-service"",}",2555904.0
1790102122.843,java-order-service,jvm_memory_committed_bytes,"{area=""heap"",id=""G1 Survivor Space"",language=""java"",service=""java-order-service"",}",4194304.0
1790102122.843,java-order-service,jvm_memory_committed_bytes,"{area=""nonheap"",id=""Compressed Class Space"",language=""java"",service=""java-order-service"",}",11141120.0
1790102122.843,java-order-service,jvm_memory_committed_bytes,"{area=""heap"",id=""G1 Old Gen"",language=""java"",service=""java-order-service"",}",46137344.0
1790102122.843,java-order-service,jvm_memory_committed_bytes,"{area=""nonheap"",id=""Metaspace"",language=""java"",service=""java-order-service"",}",80740352.0
1790102122.843,java-order-service,hikaricp_connections_pending,"{language=""java"",pool=""HikariPool-1"",service=""java-order-service"",}",0.0
1790102122.843,java-order-service,process_cpu_usage,"{language=""java"",service=""java-order-service"",}",0.02564102564102564
1790102122.843,java-order-service,tomcat_threads_current_threads,"{language=""java"",name=""http-nio-9083"",service=""java-order-service"",}",-1.0
1790102122.843,java-order-service,jvm_memory_used_bytes,"{area=""nonheap"",id=""CodeHeap 'non-profiled nmethods'"",language=""java"",service=""java-order-service"",}",5050368.0
1790102122.843,java-order-service,jvm_memory_used_bytes,"{area=""heap"",id=""G1 Eden Space"",language=""java"",service=""java-order-service"",}",2097152.0
1790102122.843,java-order-service,jvm_memory_used_bytes,"{area=""nonheap"",id=""CodeHeap 'profiled nmethods'"",language=""java"",service=""java-order-service"",}",18937728.0
1790102122.843,java-order-service,jvm_memory_used_bytes,"{area=""nonheap"",id=""CodeHeap 'non-nmethods'"",language=""java"",service=""java-order-service"",}",1610368.0
1790102122.843,java-order-service,jvm_memory_used_bytes,"{area=""heap"",id=""G1 Survivor Space"",language=""java"",service=""java-order-service"",}",3670016.0
1790102122.843,java-order-service,jvm_memory_used_bytes,"{area=""nonheap"",id=""Compressed Class Space"",language=""java"",service=""java-order-service"",}",10687056.0
1790102122.843,java-order-service,jvm_memory_used_bytes,"{area=""heap"",id=""G1 Old Gen"",language=""java"",service=""java-order-service"",}",31888232.0
1790102122.843,java-order-service,jvm_memory_used_bytes,"{area=""nonheap"",id=""Metaspace"",language=""java"",service=""java-order-service"",}",79777024.0
1790102127.891,java-user-service,tomcat_threads_busy_threads,"{framework=""spring-boot"",language=""java"",name=""http-nio-9081"",service=""java-user-service"",}",-1.0
1790102127.891,java-user-service,jvm_gc_pause_seconds_count,"{action=""end of minor GC"",cause=""G1 Evacuation Pause"",framework=""spring-boot"",gc=""G1 Young Generation"",language=""java"",service=""java-user-service"",}",12.0
1790102127.891,java-user-service,jvm_gc_pause_seconds_sum,"{action=""end of minor GC"",cause=""G1 Evacuation Pause"",framework=""spring-boot"",gc=""G1 Young Generation"",language=""java"",service=""java-user-service"",}",0.113
1790102127.891,java-user-service,jvm_memory_used_bytes,"{area=""nonheap"",framework=""spring-boot"",id=""CodeHeap 'non-nmethods'"",language=""java"",service=""java-user-service"",}",1645696.0
1790102127.891,java-user-service,jvm_memory_used_bytes,"{area=""nonheap"",framework=""spring-boot"",id=""CodeHeap 'non-profiled nmethods'"",language=""java"",service=""java-user-service"",}",9693440.0
1790102127.891,java-user-service,jvm_memory_used_bytes,"{area=""heap"",framework=""spring-boot"",id=""G1 Survivor Space"",language=""java"",service=""java-user-service"",}",3145728.0
1790102127.891,java-user-service,jvm_memory_used_bytes,"{area=""heap"",framework=""spring-boot"",id=""G1 Old Gen"",language=""java"",service=""java-user-service"",}",39247832.0
1790102127.891,java-user-service,jvm_memory_used_bytes,"{area=""nonheap"",framework=""spring-boot"",id=""Metaspace"",language=""java"",service=""java-user-service"",}",104142888.0
1790102127.891,java-user-service,jvm_memory_used_bytes,"{area=""heap"",framework=""spring-boot"",id=""G1 Eden Space"",language=""java"",service=""java-user-service"",}",5242880.0
1790102127.891,java-user-service,jvm_memory_used_bytes,"{area=""nonheap"",framework=""spring-boot"",id=""Compressed Class Space"",language=""java"",service=""java-user-service"",}",13414008.0
1790102127.891,java-user-service,jvm_memory_used_bytes,"{area=""nonheap"",framework=""spring-boot"",id=""CodeHeap 'profiled nmethods'"",language=""java"",service=""java-user-service"",}",32848384.0
1790102127.891,java-user-service,hikaricp_connections_usage_seconds_count,"{framework=""spring-boot"",language=""java"",pool=""HikariPool-1"",service=""java-user-service"",}",1860.0
1790102127.891,java-user-service,hikaricp_connections_usage_seconds_sum,"{framework=""spring-boot"",language=""java"",pool=""HikariPool-1"",service=""java-user-service"",}",158.737
1790102127.891,java-user-service,process_cpu_usage,"{framework=""spring-boot"",language=""java"",service=""java-user-service"",}",0.31317829457364343
1790102127.891,java-user-service,tomcat_threads_current_threads,"{framework=""spring-boot"",language=""java"",name=""http-nio-9081"",service=""java-user-service"",}",-1.0
1790102127.891,java-user-service,jvm_memory_committed_bytes,"{area=""nonheap"",framework=""spring-boot"",id=""CodeHeap 'non-nmethods'"",language=""java"",service=""java-user-service"",}",2555904.0
1790102127.891,java-user-service,jvm_memory_committed_bytes,"{area=""nonheap"",framework=""spring-boot"",id=""CodeHeap 'non-profiled nmethods'"",language=""java"",service=""java-user-service"",}",9699328.0
1790102127.891,java-user-service,jvm_memory_committed_bytes,"{area=""heap"",framework=""spring-boot"",id=""G1 Survivor Space"",language=""java"",service=""java-user-service"",}",3145728.0
1790102127.891,java-user-service,jvm_memory_committed_bytes,"{area=""heap"",framework=""spring-boot"",id=""G1 Old Gen"",language=""java"",service=""java-user-service"",}",42991616.0
1790102127.891,java-user-service,jvm_memory_committed_bytes,"{area=""nonheap"",framework=""spring-boot"",id=""Metaspace"",language=""java"",service=""java-user-service"",}",105054208.0
1790102127.891,java-user-service,jvm_memory_committed_bytes,"{area=""heap"",framework=""spring-boot"",id=""G1 Eden Space"",language=""java"",service=""java-user-service"",}",60817408.0
1790102127.891,java-user-service,jvm_memory_committed_bytes,"{area=""nonheap"",framework=""spring-boot"",id=""Compressed Class Space"",language=""java"",service=""java-user-service"",}",13828096.0
1790102127.891,java-user-service,jvm_memory_committed_bytes,"{area=""nonheap"",framework=""spring-boot"",id=""CodeHeap 'profiled nmethods'"",language=""java"",service=""java-user-service"",}",32899072.0
1790102127.891,java-user-service,system_cpu_usage,"{framework=""spring-boot"",language=""java"",service=""java-user-service"",}",0.31553302325581395
1790102127.891,java-user-service,hikaricp_connections_pending,"{framework=""spring-boot"",language=""java"",pool=""HikariPool-1"",service=""java-user-service"",}",0.0
1790102127.891,java-user-service,hikaricp_connections_acquire_seconds_count,"{framework=""spring-boot"",language=""java"",pool=""HikariPool-1"",service=""java-user-service"",}",1860.0
1790102127.891,java-user-service,hikaricp_connections_acquire_seconds_sum,"{framework=""spring-boot"",language=""java"",pool=""HikariPool-1"",service=""java-user-service"",}",18.052305749
1790102127.891,java-user-service,tomcat_threads_config_max_threads,"{framework=""spring-boot"",language=""java"",name=""http-nio-9081"",service=""java-user-service"",}",-1.0
1790102127.891,java-user-service,hikaricp_connections_active,"{framework=""spring-boot"",language=""java"",pool=""HikariPool-1"",service=""java-user-service"",}",0.0
1790102127.891,java-product-service,jvm_memory_used_bytes,"{area=""nonheap"",id=""CodeHeap 'non-nmethods'"",language=""java"",service=""java-product-service"",}",1638144.0
1790102127.891,java-product-service,jvm_memory_used_bytes,"{area=""heap"",id=""G1 Eden Space"",language=""java"",service=""java-product-service"",}",10485760.0
1790102127.891,java-product-service,jvm_memory_used_bytes,"{area=""nonheap"",id=""Metaspace"",language=""java"",service=""java-product-service"",}",98152680.0
1790102127.891,java-product-service,jvm_memory_used_bytes,"{area=""heap"",id=""G1 Old Gen"",language=""java"",service=""java-product-service"",}",39283704.0
1790102127.891,java-product-service,jvm_memory_used_bytes,"{area=""nonheap"",id=""Compressed Class Space"",language=""java"",service=""java-product-service"",}",12934864.0
1790102127.891,java-product-service,jvm_memory_used_bytes,"{area=""heap"",id=""G1 Survivor Space"",language=""java"",service=""java-product-service"",}",2097152.0
1790102127.891,java-product-service,jvm_memory_used_bytes,"{area=""nonheap"",id=""CodeHeap 'profiled nmethods'"",language=""java"",service=""java-product-service"",}",18504960.0
1790102127.891,java-product-service,jvm_memory_used_bytes,"{area=""nonheap"",id=""CodeHeap 'non-profiled nmethods'"",language=""java"",service=""java-product-service"",}",7514624.0
1790102127.891,java-product-service,tomcat_threads_current_threads,"{language=""java"",name=""http-nio-9082"",service=""java-product-service"",}",-1.0
1790102127.891,java-product-service,hikaricp_connections_acquire_seconds_count,"{language=""java"",pool=""HikariPool-1"",service=""java-product-service"",}",686.0
1790102127.891,java-product-service,hikaricp_connections_acquire_seconds_sum,"{language=""java"",pool=""HikariPool-1"",service=""java-product-service"",}",0.326207317
1790102127.891,java-product-service,tomcat_threads_busy_threads,"{language=""java"",name=""http-nio-9082"",service=""java-product-service"",}",-1.0
1790102127.891,java-product-service,hikaricp_connections_pending,"{language=""java"",pool=""HikariPool-1"",service=""java-product-service"",}",0.0
1790102127.891,java-product-service,hikaricp_connections_active,"{language=""java"",pool=""HikariPool-1"",service=""java-product-service"",}",0.0
1790102127.891,java-product-service,tomcat_threads_config_max_threads,"{language=""java"",name=""http-nio-9082"",service=""java-product-service"",}",-1.0
1790102127.891,java-product-service,process_cpu_usage,"{language=""java"",service=""java-product-service"",}",0.05
1790102127.891,java-product-service,system_cpu_usage,"{language=""java"",service=""java-product-service"",}",0.0534989393939394
1790102127.891,java-product-service,jvm_gc_pause_seconds_count,"{action=""end of minor GC"",cause=""G1 Evacuation Pause"",gc=""G1 Young Generation"",language=""java"",service=""java-product-service"",}",12.0
1790102127.891,java-product-service,jvm_gc_pause_seconds_sum,"{action=""end of minor GC"",cause=""G1 Evacuation Pause"",gc=""G1 Young Generation"",language=""java"",service=""java-product-service"",}",0.07
1790102127.891,java-product-service,jvm_memory_committed_bytes,"{area=""nonheap"",id=""CodeHeap 'non-nmethods'"",language=""java"",service=""java-product-service"",}",2555904.0
1790102127.891,java-product-service,jvm_memory_committed_bytes,"{area=""heap"",id=""G1 Eden Space"",language=""java"",service=""java-product-service"",}",53477376.0
1790102127.891,java-product-service,jvm_memory_committed_bytes,"{area=""nonheap"",id=""Metaspace"",language=""java"",service=""java-product-service"",}",99155968.0
1790102127.891,java-product-service,jvm_memory_committed_bytes,"{area=""heap"",id=""G1 Old Gen"",language=""java"",service=""java-product-service"",}",42991616.0
1790102127.891,java-product-service,jvm_memory_committed_bytes,"{area=""nonheap"",id=""Compressed Class Space"",language=""java"",service=""java-product-service"",}",13434880.0
1790102127.891,java-product-service,jvm_memory_committed_bytes,"{area=""heap"",id=""G1 Survivor Space"",language=""java"",service=""java-product-service"",}",2097152.0
1790102127.891,java-product-service,jvm_memory_committed_bytes,"{area=""nonheap"",id=""CodeHeap 'profiled nmethods'"",language=""java"",service=""java-product-service"",}",24117248.0
1790102127.891,java-product-service,jvm_memory_committed_bytes,"{area=""nonheap"",id=""CodeHeap 'non-profiled nmethods'"",language=""java"",service=""java-product-service"",}",7995392.0
1790102127.891,java-product-service,hikaricp_connections_usage_seconds_count,"{language=""java"",pool=""HikariPool-1"",service=""java-product-service"",}",686.0
1790102127.891,java-product-service,hikaricp_connections_usage_seconds_sum,"{language=""java"",pool=""HikariPool-1"",service=""java-product-service"",}",0.498
1790102127.891,java-order-service,system_cpu_usage,"{language=""java"",service=""java-order-service"",}",0.03168309523809524
1790102127.891,java-order-service,jvm_gc_pause_seconds_count,"{action=""end of minor GC"",cause=""G1 Evacuation Pause"",gc=""G1 Young Generation"",language=""java"",service=""java-order-service"",}",2.0
1790102127.891,java-order-service,jvm_gc_pause_seconds_sum,"{action=""end of minor GC"",cause=""G1 Evacuation Pause"",gc=""G1 Young Generation"",language=""java"",service=""java-order-service"",}",0.029
1790102127.891,java-order-service,hikaricp_connections_usage_seconds_count,"{language=""java"",pool=""HikariPool-1"",service=""java-order-service"",}",650.0
1790102127.891,java-order-service,hikaricp_connections_usage_seconds_sum,"{language=""java"",pool=""HikariPool-1"",service=""java-order-service"",}",0.002
1790102127.891,java-order-service,hikaricp_connections_active,"{language=""java"",pool=""HikariPool-1"",service=""java-order-service"",}",0.0
1790102127.891,java-order-service,tomcat_threads_config_max_threads,"{language=""java"",name=""http-nio-9083"",service=""java-order-service"",}",-1.0
1790102127.891,java-order-service,hikaricp_connections_acquire_seconds_count,"{language=""java"",pool=""HikariPool-1"",service=""java-order-service"",}",650.0
1790102127.891,java-order-service,hikaricp_connections_acquire_seconds_sum,"{language=""java"",pool=""HikariPool-1"",service=""java-order-service"",}",0.114418632
1790102127.891,java-order-service,tomcat_threads_busy_threads,"{language=""java"",name=""http-nio-9083"",service=""java-order-service"",}",-1.0
1790102127.891,java-order-service,jvm_memory_committed_bytes,"{area=""nonheap"",id=""CodeHeap 'non-profiled nmethods'"",language=""java"",service=""java-order-service"",}",5111808.0
1790102127.891,java-order-service,jvm_memory_committed_bytes,"{area=""heap"",id=""G1 Eden Space"",language=""java"",service=""java-order-service"",}",75497472.0
1790102127.891,java-order-service,jvm_memory_committed_bytes,"{area=""nonheap"",id=""CodeHeap 'profiled nmethods'"",language=""java"",service=""java-order-service"",}",19070976.0
1790102127.891,java-order-service,jvm_memory_committed_bytes,"{area=""nonheap"",id=""CodeHeap 'non-nmethods'"",language=""java"",service=""java-order-service"",}",2555904.0
1790102127.891,java-order-service,jvm_memory_committed_bytes,"{area=""heap"",id=""G1 Survivor Space"",language=""java"",service=""java-order-service"",}",4194304.0
1790102127.891,java-order-service,jvm_memory_committed_bytes,"{area=""nonheap"",id=""Compressed Class Space"",language=""java"",service=""java-order-service"",}",11141120.0
1790102127.891,java-order-service,jvm_memory_committed_bytes,"{area=""heap"",id=""G1 Old Gen"",language=""java"",service=""java-order-service"",}",46137344.0
1790102127.891,java-order-service,jvm_memory_committed_bytes,"{area=""nonheap"",id=""Metaspace"",language=""java"",service=""java-order-service"",}",80740352.0
1790102127.891,java-order-service,hikaricp_connections_pending,"{language=""java"",pool=""HikariPool-1"",service=""java-order-service"",}",0.0
1790102127.891,java-order-service,process_cpu_usage,"{language=""java"",service=""java-order-service"",}",0.03333333333333333
1790102127.891,java-order-service,tomcat_threads_current_threads,"{language=""java"",name=""http-nio-9083"",service=""java-order-service"",}",-1.0
1790102127.891,java-order-service,jvm_memory_used_bytes,"{area=""nonheap"",id=""CodeHeap 'non-profiled nmethods'"",language=""java"",service=""java-order-service"",}",5097088.0
1790102127.891,java-order-service,jvm_memory_used_bytes,"{area=""heap"",id=""G1 Eden Space"",language=""java"",service=""java-order-service"",}",3145728.0
1790102127.891,java-order-service,jvm_memory_used_bytes,"{area=""nonheap"",id=""CodeHeap 'profiled nmethods'"",language=""java"",service=""java-order-service"",}",19061120.0
1790102127.891,java-order-service,jvm_memory_used_bytes,"{area=""nonheap"",id=""CodeHeap 'non-nmethods'"",language=""java"",service=""java-order-service"",}",1610368.0
1790102127.891,java-order-service,jvm_memory_used_bytes,"{area=""heap"",id=""G1 Survivor Space"",language=""java"",service=""java-order-service"",}",3670016.0
1790102127.891,java-order-service,jvm_memory_used_bytes,"{area=""nonheap"",id=""Compressed Class Space"",language=""java"",service=""java-order-service"",}",10687056.0
1790102127.891,java-order-service,jvm_memory_used_bytes,"{area=""heap"",id=""G1 Old Gen"",language=""java"",service=""java-order-service"",}",31888232.0
1790102127.891,java-order-service,jvm_memory_used_bytes,"{area=""nonheap"",id=""Metaspace"",language=""java"",service=""java-order-service"",}",79793952.0
1790102132.947,java-user-service,tomcat_threads_busy_threads,"{framework=""spring-boot"",language=""java"",name=""http-nio-9081"",service=""java-user-service"",}",-1.0
1790102132.947,java-user-service,jvm_gc_pause_seconds_count,"{action=""end of minor GC"",cause=""G1 Evacuation Pause"",framework=""spring-boot"",gc=""G1 Young Generation"",language=""java"",service=""java-user-service"",}",12.0
1790102132.947,java-user-service,jvm_gc_pause_seconds_sum,"{action=""end of minor GC"",cause=""G1 Evacuation Pause"",framework=""spring-boot"",gc=""G1 Young Generation"",language=""java"",service=""java-user-service"",}",0.113
1790102132.947,java-user-service,jvm_memory_used_bytes,"{area=""nonheap"",framework=""spring-boot"",id=""CodeHeap 'non-nmethods'"",language=""java"",service=""java-user-service"",}",1645696.0
1790102132.947,java-user-service,jvm_memory_used_bytes,"{area=""nonheap"",framework=""spring-boot"",id=""CodeHeap 'non-profiled nmethods'"",language=""java"",service=""java-user-service"",}",9734400.0
1790102132.947,java-user-service,jvm_memory_used_bytes,"{area=""heap"",framework=""spring-boot"",id=""G1 Survivor Space"",language=""java"",service=""java-user-service"",}",3145728.0
1790102132.947,java-user-service,jvm_memory_used_bytes,"{area=""heap"",framework=""spring-boot"",id=""G1 Old Gen"",language=""java"",service=""java-user-service"",}",39247832.0
1790102132.947,java-user-service,jvm_memory_used_bytes,"{area=""nonheap"",framework=""spring-boot"",id=""Metaspace"",language=""java"",service=""java-user-service"",}",104159768.0
1790102132.947,java-user-service,jvm_memory_used_bytes,"{area=""heap"",framework=""spring-boot"",id=""G1 Eden Space"",language=""java"",service=""java-user-service"",}",13631488.0
1790102132.947,java-user-service,jvm_memory_used_bytes,"{area=""nonheap"",framework=""spring-boot"",id=""Compressed Class Space"",language=""java"",service=""java-user-service"",}",13414008.0
1790102132.947,java-user-service,jvm_memory_used_bytes,"{area=""nonheap"",framework=""spring-boot"",id=""CodeHeap 'profiled nmethods'"",language=""java"",service=""java-user-service"",}",32905088.0
1790102132.947,java-user-service,hikaricp_connections_usage_seconds_count,"{framework=""spring-boot"",language=""java"",pool=""HikariPool-1"",service=""java-user-service"",}",1908.0
1790102132.947,java-user-service,hikaricp_connections_usage_seconds_sum,"{framework=""spring-boot"",language=""java"",pool=""HikariPool-1"",service=""java-user-service"",}",164.408
1790102132.947,java-user-service,process_cpu_usage,"{framework=""spring-boot"",language=""java"",service=""java-user-service"",}",0.35855855855855856
1790102132.947,java-user-service,tomcat_threads_current_threads,"{framework=""spring-boot"",language=""java"",name=""http-nio-9081"",service=""java-user-service"",}",-1.0
1790102132.947,java-user-service,jvm_memory_committed_bytes,"{area=""nonheap"",framework=""spring-boot"",id=""CodeHeap 'non-nmethods'"",language=""java"",service=""java-user-service"",}",2555904.0
1790102132.947,java-user-service,jvm_memory_committed_bytes,"{area=""nonheap"",framework=""spring-boot"",id=""CodeHeap 'non-profiled nmethods'"",language=""java"",service=""java-user-service"",}",9764864.0
1790102132.947,java-user-service,jvm_memory_committed_bytes,"{area=""heap"",framework=""spring-boot"",id=""G1 Survivor Space"",language=""java"",service=""java-user-service"",}",3145728.0
1790102132.947,java-user-service,jvm_memory_committed_bytes,"{area=""heap"",framework=""spring-boot"",id=""G1 Old Gen"",language=""java"",service=""java-user-service"",}",42991616.0
1790102132.947,java-user-service,jvm_memory_committed_bytes,"{area=""nonheap"",framework=""spring-boot"",id=""Metaspace"",language=""java"",service=""java-user-service"",}",105054208.0
1790102132.947,java-user-service,jvm_memory_committed_bytes,"{area=""heap"",framework=""spring-boot"",id=""G1 Eden Space"",language=""java"",service=""java-user-service"",}",60817408.0
1790102132.947,java-user-service,jvm_memory_committed_bytes,"{area=""nonheap"",framework=""spring-boot"",id=""Compressed Class Space"",language=""java"",service=""java-user-service"",}",13828096.0
1790102132.947,java-user-service,jvm_memory_committed_bytes,"{area=""nonheap"",framework=""spring-boot"",id=""CodeHeap 'profiled nmethods'"",language=""java"",service=""java-user-service"",}",32964608.0
1790102132.947,java-user-service,system_cpu_usage,"{framework=""spring-boot"",language=""java"",service=""java-user-service"",}",0.35971891891891894
1790102132.947,java-user-service,hikaricp_connections_pending,"{framework=""spring-boot"",language=""java"",pool=""HikariPool-1"",service=""java-user-service"",}",0.0
1790102132.947,java-user-service,hikaricp_connections_acquire_seconds_count,"{framework=""spring-boot"",language=""java"",pool=""HikariPool-1"",service=""java-user-service"",}",1908.0
1790102132.947,java-user-service,hikaricp_connections_acquire_seconds_sum,"{framework=""spring-boot"",language=""java"",pool=""HikariPool-1"",service=""java-user-service"",}",18.762610998
1790102132.947,java-user-service,tomcat_threads_config_max_threads,"{framework=""spring-boot"",language=""java"",name=""http-nio-9081"",service=""java-user-service"",}",-1.0
1790102132.947,java-user-service,hikaricp_connections_active,"{framework=""spring-boot"",language=""java"",pool=""HikariPool-1"",service=""java-user-service"",}",0.0
1790102132.947,java-product-service,jvm_memory_used_bytes,"{area=""nonheap"",id=""CodeHeap 'non-nmethods'"",language=""java"",service=""java-product-service"",}",1638144.0
1790102132.947,java-product-service,jvm_memory_used_bytes,"{area=""heap"",id=""G1 Eden Space"",language=""java"",service=""java-product-service"",}",20971520.0
1790102132.947,java-product-service,jvm_memory_used_bytes,"{area=""nonheap"",id=""Metaspace"",language=""java"",service=""java-product-service"",}",98161072.0
1790102132.947,java-product-service,jvm_memory_used_bytes,"{area=""heap"",id=""G1 Old Gen"",language=""java"",service=""java-product-service"",}",39283704.0
1790102132.947,java-product-service,jvm_memory_used_bytes,"{area=""nonheap"",id=""Compressed Class Space"",language=""java"",service=""java-product-service"",}",12934864.0
1790102132.947,java-product-service,jvm_memory_used_bytes,"{area=""heap"",id=""G1 Survivor Space"",language=""java"",service=""java-product-service"",}",2097152.0
1790102132.947,java-product-service,jvm_memory_used_bytes,"{area=""nonheap"",id=""CodeHeap 'profiled nmethods'"",language=""java"",service=""java-product-service"",}",18541824.0
1790102132.947,java-product-service,jvm_memory_used_bytes,"{area=""nonheap"",id=""CodeHeap 'non-profiled nmethods'"",language=""java"",service=""java-product-service"",}",7542400.0
1790102132.947,java-product-service,tomcat_threads_current_threads,"{language=""java"",name=""http-nio-9082"",service=""java-product-service"",}",-1.0
1790102132.947,java-product-service,hikaricp_connections_acquire_seconds_count,"{language=""java"",pool=""HikariPool-1"",service=""java-product-service"",}",704.0
1790102132.947,java-product-service,hikaricp_connections_acquire_seconds_sum,"{language=""java"",pool=""HikariPool-1"",service=""java-product-service"",}",0.32910994
1790102132.947,java-product-service,tomcat_threads_busy_threads,"{language=""java"",name=""http-nio-9082"",service=""java-product-service"",}",-1.0
1790102132.947,java-product-service,hikaricp_connections_pending,"{language=""java"",pool=""HikariPool-1"",service=""java-product-service"",}",0.0
1790102132.947,java-product-service,hikaricp_connections_active,"{language=""java"",pool=""HikariPool-1"",service=""java-product-service"",}",0.0
1790102132.947,java-product-service,tomcat_threads_config_max_threads,"{language=""java"",name=""http-nio-9082"",service=""java-product-service"",}",-1.0
1790102132.947,java-product-service,process_cpu_usage,"{language=""java"",service=""java-product-service"",}",0.03939393939393939
1790102132.947,java-product-service,system_cpu_usage,"{language=""java"",service=""java-product-service"",}",0.03846242424242424
1790102132.947,java-product-service,jvm_gc_pause_seconds_count,"{action=""end of minor GC"",cause=""G1 Evacuation Pause"",gc=""G1 Young Generation"",language=""java"",service=""java-product-service"",}",12.0
1790102132.947,java-product-service,jvm_gc_pause_seconds_sum,"{action=""end of minor GC"",cause=""G1 Evacuation Pause"",gc=""G1 Young Generation"",language=""java"",service=""java-product-service"",}",0.07
1790102132.947,java-product-service,jvm_memory_committed_bytes,"{area=""nonheap"",id=""CodeHeap 'non-nmethods'"",language=""java"",service=""java-product-service"",}",2555904.0
1790102132.947,java-product-service,jvm_memory_committed_bytes,"{area=""heap"",id=""G1 Eden Space"",language=""java"",service=""java-product-service"",}",53477376.0
1790102132.947,java-product-service,jvm_memory_committed_bytes,"{area=""nonheap"",id=""Metaspace"",language=""java"",service=""java-product-service"",}",99155968.0
1790102132.947,java-product-service,jvm_memory_committed_bytes,"{area=""heap"",id=""G1 Old Gen"",language=""java"",service=""java-product-service"",}",42991616.0
1790102132.947,java-product-service,jvm_memory_committed_bytes,"{area=""nonheap"",id=""Compressed Class Space"",language=""java"",service=""java-product-service"",}",13434880.0
1790102132.947,java-product-service,jvm_memory_committed_bytes,"{area=""heap"",id=""G1 Survivor Space"",language=""java"",service=""java-product-service"",}",2097152.0
1790102132.947,java-product-service,jvm_memory_committed_bytes,"{area=""nonheap"",id=""CodeHeap 'profiled nmethods'"",language=""java"",service=""java-product-service"",}",24117248.0
1790102132.947,java-product-service,jvm_memory_committed_bytes,"{area=""nonheap"",id=""CodeHeap 'non-profiled nmethods'"",language=""java"",service=""java-product-service"",}",7995392.0
1790102132.947,java-product-service,hikaricp_connections_usage_seconds_count,"{language=""java"",pool=""HikariPool-1"",service=""java-product-service"",}",704.0
1790102132.947,java-product-service,hikaricp_connections_usage_seconds_sum,"{language=""java"",pool=""HikariPool-1"",service=""java-product-service"",}",0.498
1790102132.947,java-order-service,system_cpu_usage,"{language=""java"",service=""java-order-service"",}",0.018953333333333332
1790102132.947,java-order-service,jvm_gc_pause_seconds_count,"{action=""end of minor GC"",cause=""G1 Evacuation Pause"",gc=""G1 Young Generation"",language=""java"",service=""java-order-service"",}",2.0
1790102132.947,java-order-service,jvm_gc_pause_seconds_sum,"{action=""end of minor GC"",cause=""G1 Evacuation Pause"",gc=""G1 Young Generation"",language=""java"",service=""java-order-service"",}",0.029
1790102132.947,java-order-service,hikaricp_connections_usage_seconds_count,"{language=""java"",pool=""HikariPool-1"",service=""java-order-service"",}",670.0
1790102132.947,java-order-service,hikaricp_connections_usage_seconds_sum,"{language=""java"",pool=""HikariPool-1"",service=""java-order-service"",}",0.002
1790102132.947,java-order-service,hikaricp_connections_active,"{language=""java"",pool=""HikariPool-1"",service=""java-order-service"",}",0.0
1790102132.947,java-order-service,tomcat_threads_config_max_threads,"{language=""java"",name=""http-nio-9083"",service=""java-order-service"",}",-1.0
1790102132.947,java-order-service,hikaricp_connections_acquire_seconds_count,"{language=""java"",pool=""HikariPool-1"",service=""java-order-service"",}",670.0
1790102132.947,java-order-service,hikaricp_connections_acquire_seconds_sum,"{language=""java"",pool=""HikariPool-1"",service=""java-order-service"",}",0.116716006
1790102132.947,java-order-service,tomcat_threads_busy_threads,"{language=""java"",name=""http-nio-9083"",service=""java-order-service"",}",-1.0
1790102132.947,java-order-service,jvm_memory_committed_bytes,"{area=""nonheap"",id=""CodeHeap 'non-profiled nmethods'"",language=""java"",service=""java-order-service"",}",5111808.0
1790102132.947,java-order-service,jvm_memory_committed_bytes,"{area=""heap"",id=""G1 Eden Space"",language=""java"",service=""java-order-service"",}",75497472.0
1790102132.947,java-order-service,jvm_memory_committed_bytes,"{area=""nonheap"",id=""CodeHeap 'profiled nmethods'"",language=""java"",service=""java-order-service"",}",19136512.0
1790102132.947,java-order-service,jvm_memory_committed_bytes,"{area=""nonheap"",id=""CodeHeap 'non-nmethods'"",language=""java"",service=""java-order-service"",}",2555904.0
1790102132.947,java-order-service,jvm_memory_committed_bytes,"{area=""heap"",id=""G1 Survivor Space"",language=""java"",service=""java-order-service"",}",4194304.0
1790102132.947,java-order-service,jvm_memory_committed_bytes,"{area=""nonheap"",id=""Compressed Class Space"",language=""java"",service=""java-order-service"",}",11141120.0
1790102132.947,java-order-service,jvm_memory_committed_bytes,"{area=""heap"",id=""G1 Old Gen"",language=""java"",service=""java-order-service"",}",46137344.0
1790102132.947,java-order-service,jvm_memory_committed_bytes,"{area=""nonheap"",id=""Metaspace"",language=""java"",service=""java-order-service"",}",80740352.0
1790102132.947,java-order-service,hikaricp_connections_pending,"{language=""java"",pool=""HikariPool-1"",service=""java-order-service"",}",0.0
1790102132.947,java-order-service,process_cpu_usage,"{language=""java"",service=""java-order-service"",}",0.013333333333333334
1790102132.947,java-order-service,tomcat_threads_current_threads,"{language=""java"",name=""http-nio-9083"",service=""java-order-service"",}",-1.0
1790102132.947,java-order-service,jvm_memory_used_bytes,"{area=""nonheap"",id=""CodeHeap 'non-profiled nmethods'"",language=""java"",service=""java-order-service"",}",5105664.0
1790102132.947,java-order-service,jvm_memory_used_bytes,"{area=""heap"",id=""G1 Eden Space"",language=""java"",service=""java-order-service"",}",5242880.0
1790102132.947,java-order-service,jvm_memory_used_bytes,"{area=""nonheap"",id=""CodeHeap 'profiled nmethods'"",language=""java"",service=""java-order-service"",}",19137792.0
1790102132.947,java-order-service,jvm_memory_used_bytes,"{area=""nonheap"",id=""CodeHeap 'non-nmethods'"",language=""java"",service=""java-order-service"",}",1610368.0
1790102132.947,java-order-service,jvm_memory_used_bytes,"{area=""heap"",id=""G1 Survivor Space"",language=""java"",service=""java-order-service"",}",3670016.0
1790102132.947,java-order-service,jvm_memory_used_bytes,"{area=""nonheap"",id=""Compressed Class Space"",language=""java"",service=""java-order-service"",}",10687056.0
1790102132.947,java-order-service,jvm_memory_used_bytes,"{area=""heap"",id=""G1 Old Gen"",language=""java"",service=""java-order-service"",}",31888232.0
1790102132.947,java-order-service,jvm_memory_used_bytes,"{area=""nonheap"",id=""Metaspace"",language=""java"",service=""java-order-service"",}",79819688.0
1790102137.998,java-user-service,tomcat_threads_busy_threads,"{framework=""spring-boot"",language=""java"",name=""http-nio-9081"",service=""java-user-service"",}",-1.0
1790102137.998,java-user-service,jvm_gc_pause_seconds_count,"{action=""end of minor GC"",cause=""G1 Evacuation Pause"",framework=""spring-boot"",gc=""G1 Young Generation"",language=""java"",service=""java-user-service"",}",12.0
1790102137.998,java-user-service,jvm_gc_pause_seconds_sum,"{action=""end of minor GC"",cause=""G1 Evacuation Pause"",framework=""spring-boot"",gc=""G1 Young Generation"",language=""java"",service=""java-user-service"",}",0.113
1790102137.998,java-user-service,jvm_memory_used_bytes,"{area=""nonheap"",framework=""spring-boot"",id=""CodeHeap 'non-nmethods'"",language=""java"",service=""java-user-service"",}",1645696.0
1790102137.998,java-user-service,jvm_memory_used_bytes,"{area=""nonheap"",framework=""spring-boot"",id=""CodeHeap 'non-profiled nmethods'"",language=""java"",service=""java-user-service"",}",9834624.0
1790102137.998,java-user-service,jvm_memory_used_bytes,"{area=""heap"",framework=""spring-boot"",id=""G1 Survivor Space"",language=""java"",service=""java-user-service"",}",3145728.0
1790102137.998,java-user-service,jvm_memory_used_bytes,"{area=""heap"",framework=""spring-boot"",id=""G1 Old Gen"",language=""java"",service=""java-user-service"",}",39247832.0
1790102137.998,java-user-service,jvm_memory_used_bytes,"{area=""nonheap"",framework=""spring-boot"",id=""Metaspace"",language=""java"",service=""java-user-service"",}",104176264.0
1790102137.998,java-user-service,jvm_memory_used_bytes,"{area=""heap"",framework=""spring-boot"",id=""G1 Eden Space"",language=""java"",service=""java-user-service"",}",22020096.0
1790102137.998,java-user-service,jvm_memory_used_bytes,"{area=""nonheap"",framework=""spring-boot"",id=""Compressed Class Space"",language=""java"",service=""java-user-service"",}",13414008.0
1790102137.998,java-user-service,jvm_memory_used_bytes,"{area=""nonheap"",framework=""spring-boot"",id=""CodeHeap 'profiled nmethods'"",language=""java"",service=""java-user-service"",}",33018496.0
1790102137.998,java-user-service,hikaricp_connections_usage_seconds_count,"{framework=""spring-boot"",language=""java"",pool=""HikariPool-1"",service=""java-user-service"",}",1956.0
1790102137.998,java-user-service,hikaricp_connections_usage_seconds_sum,"{framework=""spring-boot"",language=""java"",pool=""HikariPool-1"",service=""java-user-service"",}",171.078
1790102137.998,java-user-service,process_cpu_usage,"{framework=""spring-boot"",language=""java"",service=""java-user-service"",}",0.3801801801801802
1790102137.998,java-user-service,tomcat_threads_current_threads,"{framework=""spring-boot"",language=""java"",name=""http-nio-9081"",service=""java-user-service"",}",-1.0
1790102137.998,java-user-service,jvm_memory_committed_bytes,"{area=""nonheap"",framework=""spring-boot"",id=""CodeHeap 'non-nmethods'"",language=""java"",service=""java-user-service"",}",2555904.0
1790102137.998,java-user-service,jvm_memory_committed_bytes,"{area=""nonheap"",framework=""spring-boot"",id=""CodeHeap 'non-profiled nmethods'"",language=""java"",service=""java-user-service"",}",9895936.0
1790102137.998,java-user-service,jvm_memory_committed_bytes,"{area=""heap"",framework=""spring-boot"",id=""G1 Survivor Space"",language=""java"",service=""java-user-service"",}",3145728.0
1790102137.998,java-user-service,jvm_memory_committed_bytes,"{area=""heap"",framework=""spring-boot"",id=""G1 Old Gen"",language=""java"",service=""java-user-service"",}",42991616.0
1790102137.998,java-user-service,jvm_memory_committed_bytes,"{area=""nonheap"",framework=""spring-boot"",id=""Metaspace"",language=""java"",service=""java-user-service"",}",105054208.0
1790102137.998,java-user-service,jvm_memory_committed_bytes,"{area=""heap"",framework=""spring-boot"",id=""G1 Eden Space"",language=""java"",service=""java-user-service"",}",60817408.0
1790102137.998,java-user-service,jvm_memory_committed_bytes,"{area=""nonheap"",framework=""spring-boot"",id=""Compressed Class Space"",language=""java"",service=""java-user-service"",}",13828096.0
1790102137.998,java-user-service,jvm_memory_committed_bytes,"{area=""nonheap"",framework=""spring-boot"",id=""CodeHeap 'profiled nmethods'"",language=""java"",service=""java-user-service"",}",33095680.0
1790102137.998,java-user-service,system_cpu_usage,"{framework=""spring-boot"",language=""java"",service=""java-user-service"",}",0.3828845045045045
1790102137.998,java-user-service,hikaricp_connections_pending,"{framework=""spring-boot"",language=""java"",pool=""HikariPool-1"",service=""java-user-service"",}",0.0
1790102137.998,java-user-service,hikaricp_connections_acquire_seconds_count,"{framework=""spring-boot"",language=""java"",pool=""HikariPool-1"",service=""java-user-service"",}",1956.0
1790102137.998,java-user-service,hikaricp_connections_acquire_seconds_sum,"{framework=""spring-boot"",language=""java"",pool=""HikariPool-1"",service=""java-user-service"",}",19.402434458
1790102137.998,java-user-service,tomcat_threads_config_max_threads,"{framework=""spring-boot"",language=""java"",name=""http-nio-9081"",service=""java-user-service"",}",-1.0
1790102137.998,java-user-service,hikaricp_connections_active,"{framework=""spring-boot"",language=""java"",pool=""HikariPool-1"",service=""java-user-service"",}",0.0
1790102137.998,java-product-service,jvm_memory_used_bytes,"{area=""nonheap"",id=""CodeHeap 'non-nmethods'"",language=""java"",service=""java-product-service"",}",1638144.0
1790102137.998,java-product-service,jvm_memory_used_bytes,"{area=""heap"",id=""G1 Eden Space"",language=""java"",service=""java-product-service"",}",34603008.0
1790102137.998,java-product-service,jvm_memory_used_bytes,"{area=""nonheap"",id=""Metaspace"",language=""java"",service=""java-product-service"",}",98193288.0
1790102137.998,java-product-service,jvm_memory_used_bytes,"{area=""heap"",id=""G1 Old Gen"",language=""java"",service=""java-product-service"",}",39283704.0
1790102137.998,java-product-service,jvm_memory_used_bytes,"{area=""nonheap"",id=""Compressed Class Space"",language=""java"",service=""java-product-service"",}",12934864.0
1790102137.998,java-product-service,jvm_memory_used_bytes,"{area=""heap"",id=""G1 Survivor Space"",language=""java"",service=""java-product-service"",}",2097152.0
1790102137.998,java-product-service,jvm_memory_used_bytes,"{area=""nonheap"",id=""CodeHeap 'profiled nmethods'"",language=""java"",service=""java-product-service"",}",18706560.0
1790102137.998,java-product-service,jvm_memory_used_bytes,"{area=""nonheap"",id=""CodeHeap 'non-profiled nmethods'"",language=""java"",service=""java-product-service"",}",7583360.0
1790102137.998,java-product-service,tomcat_threads_current_threads,"{language=""java"",name=""http-nio-9082"",service=""java-product-service"",}",-1.0
1790102137.998,java-product-service,hikaricp_connections_acquire_seconds_count,"{language=""java"",pool=""HikariPool-1"",service=""java-product-service"",}",722.0
1790102137.998,java-product-service,hikaricp_connections_acquire_seconds_sum,"{language=""java"",pool=""HikariPool-1"",service=""java-product-service"",}",0.331178728
1790102137.998,java-product-service,tomcat_threads_busy_threads,"{language=""java"",name=""http-nio-9082"",service=""java-product-service"",}",-1.0
1790102137.998,java-product-service,hikaricp_connections_pending,"{language=""java"",pool=""HikariPool-1"",service=""java-product-service"",}",0.0
1790102137.998,java-product-service,hikaricp_connections_active,"{language=""java"",pool=""HikariPool-1"",service=""java-product-service"",}",0.0
1790102137.998,java-product-service,tomcat_threads_config_max_threads,"{language=""java"",name=""http-nio-9082"",service=""java-product-service"",}",-1.0
1790102137.998,java-product-service,process_cpu_usage,"{language=""java"",service=""java-product-service"",}",0.03851851851851852
1790102137.998,java-product-service,system_cpu_usage,"{language=""java"",service=""java-product-service"",}",0.03990385185185185
1790102137.998,java-product-service,jvm_gc_pause_seconds_count,"{action=""end of minor GC"",cause=""G1 Evacuation Pause"",gc=""G1 Young Generation"",language=""java"",service=""java-product-service"",}",12.0
1790102137.998,java-product-service,jvm_gc_pause_seconds_sum,"{action=""end of minor GC"",cause=""G1 Evacuation Pause"",gc=""G1 Young Generation"",language=""java"",service=""java-product-service"",}",0.07
1790102137.998,java-product-service,jvm_memory_committed_bytes,"{area=""nonheap"",id=""CodeHeap 'non-nmethods'"",language=""java"",service=""java-product-service"",}",2555904.0
1790102137.998,java-product-service,jvm_memory_committed_bytes,"{area=""heap"",id=""G1 Eden Space"",language=""java"",service=""java-product-service"",}",53477376.0
1790102137.998,java-product-service,jvm_memory_committed_bytes,"{area=""nonheap"",id=""Metaspace"",language=""java"",service=""java-product-service"",}",99221504.0
1790102137.998,java-product-service,jvm_memory_committed_bytes,"{area=""heap"",id=""G1 Old Gen"",language=""java"",service=""java-product-service"",}",42991616.0
1790102137.998,java-product-service,jvm_memory_committed_bytes,"{area=""nonheap"",id=""Compressed Class Space"",language=""java"",service=""java-product-service"",}",13434880.0
1790102137.998,java-product-service,jvm_memory_committed_bytes,"{area=""heap"",id=""G1 Survivor Space"",language=""java"",service=""java-product-service"",}",2097152.0
1790102137.998,java-product-service,jvm_memory_committed_bytes,"{area=""nonheap"",id=""CodeHeap 'profiled nmethods'"",language=""java"",service=""java-product-service"",}",24117248.0
1790102137.998,java-product-service,jvm_memory_committed_bytes,"{area=""nonheap"",id=""CodeHeap 'non-profiled nmethods'"",language=""java"",service=""java-product-service"",}",7995392.0
1790102137.998,java-product-service,hikaricp_connections_usage_seconds_count,"{language=""java"",pool=""HikariPool-1"",service=""java-product-service"",}",722.0
1790102137.998,java-product-service,hikaricp_connections_usage_seconds_sum,"{language=""java"",pool=""HikariPool-1"",service=""java-product-service"",}",0.498
1790102137.998,java-order-service,system_cpu_usage,"{language=""java"",service=""java-order-service"",}",0.01526716049382716
1790102137.998,java-order-service,jvm_gc_pause_seconds_count,"{action=""end of minor GC"",cause=""G1 Evacuation Pause"",gc=""G1 Young Generation"",language=""java"",service=""java-order-service"",}",2.0
1790102137.998,java-order-service,jvm_gc_pause_seconds_sum,"{action=""end of minor GC"",cause=""G1 Evacuation Pause"",gc=""G1 Young Generation"",language=""java"",service=""java-order-service"",}",0.029
1790102137.998,java-order-service,hikaricp_connections_usage_seconds_count,"{language=""java"",pool=""HikariPool-1"",service=""java-order-service"",}",686.0
1790102137.998,java-order-service,hikaricp_connections_usage_seconds_sum,"{language=""java"",pool=""HikariPool-1"",service=""java-order-service"",}",0.002
1790102137.998,java-order-service,hikaricp_connections_active,"{language=""java"",pool=""HikariPool-1"",service=""java-order-service"",}",0.0
1790102137.998,java-order-service,tomcat_threads_config_max_threads,"{language=""java"",name=""http-nio-9083"",service=""java-order-service"",}",-1.0
1790102137.998,java-order-service,hikaricp_connections_acquire_seconds_count,"{language=""java"",pool=""HikariPool-1"",service=""java-order-service"",}",686.0
1790102137.998,java-order-service,hikaricp_connections_acquire_seconds_sum,"{language=""java"",pool=""HikariPool-1"",service=""java-order-service"",}",0.11894438
1790102137.998,java-order-service,tomcat_threads_busy_threads,"{language=""java"",name=""http-nio-9083"",service=""java-order-service"",}",-1.0
1790102137.998,java-order-service,jvm_memory_committed_bytes,"{area=""nonheap"",id=""CodeHeap 'non-profiled nmethods'"",language=""java"",service=""java-order-service"",}",5111808.0
1790102137.998,java-order-service,jvm_memory_committed_bytes,"{area=""heap"",id=""G1 Eden Space"",language=""java"",service=""java-order-service"",}",75497472.0
1790102137.998,java-order-service,jvm_memory_committed_bytes,"{area=""nonheap"",id=""CodeHeap 'profiled nmethods'"",language=""java"",service=""java-order-service"",}",19267584.0
1790102137.998,java-order-service,jvm_memory_committed_bytes,"{area=""nonheap"",id=""CodeHeap 'non-nmethods'"",language=""java"",service=""java-order-service"",}",2555904.0
1790102137.998,java-order-service,jvm_memory_committed_bytes,"{area=""heap"",id=""G1 Survivor Space"",language=""java"",service=""java-order-service"",}",4194304.0
1790102137.998,java-order-service,jvm_memory_committed_bytes,"{area=""nonheap"",id=""Compressed Class Space"",language=""java"",service=""java-order-service"",}",11141120.0
1790102137.998,java-order-service,jvm_memory_committed_bytes,"{area=""heap"",id=""G1 Old Gen"",language=""java"",service=""java-order-service"",}",46137344.0
1790102137.998,java-order-service,jvm_memory_committed_bytes,"{area=""nonheap"",id=""Metaspace"",language=""java"",service=""java-order-service"",}",80805888.0
1790102137.998,java-order-service,hikaricp_connections_pending,"{language=""java"",pool=""HikariPool-1"",service=""java-order-service"",}",0.0
1790102137.998,java-order-service,process_cpu_usage,"{language=""java"",service=""java-order-service"",}",0.014814814814814815
1790102137.998,java-order-service,tomcat_threads_current_threads,"{language=""java"",name=""http-nio-9083"",service=""java-order-service"",}",-1.0
1790102137.998,java-order-service,jvm_memory_used_bytes,"{area=""nonheap"",id=""CodeHeap 'non-profiled nmethods'"",language=""java"",service=""java-order-service"",}",5109632.0
1790102137.998,java-order-service,jvm_memory_used_bytes,"{area=""heap"",id=""G1 Eden Space"",language=""java"",service=""java-order-service"",}",7340032.0
1790102137.998,java-order-service,jvm_memory_used_bytes,"{area=""nonheap"",id=""CodeHeap 'profiled nmethods'"",language=""java"",service=""java-order-service"",}",19284224.0
1790102137.998,java-order-service,jvm_memory_used_bytes,"{area=""nonheap"",id=""CodeHeap 'non-nmethods'"",language=""java"",service=""java-order-service"",}",1610368.0
1790102137.998,java-order-service,jvm_memory_used_bytes,"{area=""heap"",id=""G1 Survivor Space"",language=""java"",service=""java-order-service"",}",3670016.0
1790102137.998,java-order-service,jvm_memory_used_bytes,"{area=""nonheap"",id=""Compressed Class Space"",language=""java"",service=""java-order-service"",}",10687056.0
1790102137.998,java-order-service,jvm_memory_used_bytes,"{area=""heap"",id=""G1 Old Gen"",language=""java"",service=""java-order-service"",}",31888232.0
1790102137.998,java-order-service,jvm_memory_used_bytes,"{area=""nonheap"",id=""Metaspace"",language=""java"",service=""java-order-service"",}",79865896.0
1790102143.046,java-user-service,tomcat_threads_busy_threads,"{framework=""spring-boot"",language=""java"",name=""http-nio-9081"",service=""java-user-service"",}",-1.0
1790102143.046,java-user-service,jvm_gc_pause_seconds_count,"{action=""end of minor GC"",cause=""G1 Evacuation Pause"",framework=""spring-boot"",gc=""G1 Young Generation"",language=""java"",service=""java-user-service"",}",12.0
1790102143.046,java-user-service,jvm_gc_pause_seconds_sum,"{action=""end of minor GC"",cause=""G1 Evacuation Pause"",framework=""spring-boot"",gc=""G1 Young Generation"",language=""java"",service=""java-user-service"",}",0.113
1790102143.046,java-user-service,jvm_memory_used_bytes,"{area=""nonheap"",framework=""spring-boot"",id=""CodeHeap 'non-nmethods'"",language=""java"",service=""java-user-service"",}",1645696.0
1790102143.046,java-user-service,jvm_memory_used_bytes,"{area=""nonheap"",framework=""spring-boot"",id=""CodeHeap 'non-profiled nmethods'"",language=""java"",service=""java-user-service"",}",9903744.0
1790102143.046,java-user-service,jvm_memory_used_bytes,"{area=""heap"",framework=""spring-boot"",id=""G1 Survivor Space"",language=""java"",service=""java-user-service"",}",3145728.0
1790102143.046,java-user-service,jvm_memory_used_bytes,"{area=""heap"",framework=""spring-boot"",id=""G1 Old Gen"",language=""java"",service=""java-user-service"",}",39247832.0
1790102143.046,java-user-service,jvm_memory_used_bytes,"{area=""nonheap"",framework=""spring-boot"",id=""Metaspace"",language=""java"",service=""java-user-service"",}",104202424.0
1790102143.046,java-user-service,jvm_memory_used_bytes,"{area=""heap"",framework=""spring-boot"",id=""G1 Eden Space"",language=""java"",service=""java-user-service"",}",31457280.0
1790102143.046,java-user-service,jvm_memory_used_bytes,"{area=""nonheap"",framework=""spring-boot"",id=""Compressed Class Space"",language=""java"",service=""java-user-service"",}",13414008.0
1790102143.046,java-user-service,jvm_memory_used_bytes,"{area=""nonheap"",framework=""spring-boot"",id=""CodeHeap 'profiled nmethods'"",language=""java"",service=""java-user-service"",}",33153280.0
1790102143.046,java-user-service,hikaricp_connections_usage_seconds_count,"{framework=""spring-boot"",language=""java"",pool=""HikariPool-1"",service=""java-user-service"",}",2004.0
1790102143.046,java-user-service,hikaricp_connections_usage_seconds_sum,"{framework=""spring-boot"",language=""java"",pool=""HikariPool-1"",service=""java-user-service"",}",178.539
1790102143.046,java-user-service,process_cpu_usage,"{framework=""spring-boot"",language=""java"",service=""java-user-service"",}",0.32222222222222224
1790102143.046,java-user-service,tomcat_threads_current_threads,"{framework=""spring-boot"",language=""java"",name=""http-nio-9081"",service=""java-user-service"",}",-1.0
1790102143.046,java-user-service,jvm_memory_committed_bytes,"{area=""nonheap"",framework=""spring-boot"",id=""CodeHeap 'non-nmethods'"",language=""java"",service=""java-user-service"",}",2555904.0
1790102143.046,java-user-service,jvm_memory_committed_bytes,"{area=""nonheap"",framework=""spring-boot"",id=""CodeHeap 'non-profiled nmethods'"",language=""java"",service=""java-user-service"",}",9961472.0
1790102143.046,java-user-service,jvm_memory_committed_bytes,"{area=""heap"",framework=""spring-boot"",id=""G1 Survivor Space"",language=""java"",service=""java-user-service"",}",3145728.0
1790102143.046,java-user-service,jvm_memory_committed_bytes,"{area=""heap"",framework=""spring-boot"",id=""G1 Old Gen"",language=""java"",service=""java-user-service"",}",42991616.0
1790102143.046,java-user-service,jvm_memory_committed_bytes,"{area=""nonheap"",framework=""spring-boot"",id=""Metaspace"",language=""java"",service=""java-user-service"",}",105119744.0
1790102143.046,java-user-service,jvm_memory_committed_bytes,"{area=""heap"",framework=""spring-boot"",id=""G1 Eden Space"",language=""java"",service=""java-user-service"",}",60817408.0
1790102143.046,java-user-service,jvm_memory_committed_bytes,"{area=""nonheap"",framework=""spring-boot"",id=""Compressed Class Space"",language=""java"",service=""java-user-service"",}",13828096.0
1790102143.046,java-user-service,jvm_memory_committed_bytes,"{area=""nonheap"",framework=""spring-boot"",id=""CodeHeap 'profiled nmethods'"",language=""java"",service=""java-user-service"",}",33226752.0
1790102143.046,java-user-service,system_cpu_usage,"{framework=""spring-boot"",language=""java"",service=""java-user-service"",}",0.3226309523809524
1790102143.046,java-user-service,hikaricp_connections_pending,"{framework=""spring-boot"",language=""java"",pool=""HikariPool-1"",service=""java-user-service"",}",0.0
1790102143.046,java-user-service,hikaricp_connections_acquire_seconds_count,"{framework=""spring-boot"",language=""java"",pool=""HikariPool-1"",service=""java-user-service"",}",2004.0
1790102143.046,java-user-service,hikaricp_connections_acquire_seconds_sum,"{framework=""spring-boot"",language=""java"",pool=""HikariPool-1"",service=""java-user-service"",}",19.459441377
1790102143.046,java-user-service,tomcat_threads_config_max_threads,"{framework=""spring-boot"",language=""java"",name=""http-nio-9081"",service=""java-user-service"",}",-1.0
1790102143.046,java-user-service,hikaricp_connections_active,"{framework=""spring-boot"",language=""java"",pool=""HikariPool-1"",service=""java-user-service"",}",0.0
1790102143.046,java-product-service,jvm_memory_used_bytes,"{area=""nonheap"",id=""CodeHeap 'non-nmethods'"",language=""java"",service=""java-product-service"",}",1638144.0
1790102143.046,java-product-service,jvm_memory_used_bytes,"{area=""heap"",id=""G1 Eden Space"",language=""java"",service=""java-product-service"",}",46137344.0
1790102143.046,java-product-service,jvm_memory_used_bytes,"{area=""nonheap"",id=""Metaspace"",language=""java"",service=""java-product-service"",}",98237360.0
1790102143.046,java-product-service,jvm_memory_used_bytes,"{area=""heap"",id=""G1 Old Gen"",language=""java"",service=""java-product-service"",}",39283704.0
1790102143.046,java-product-service,jvm_memory_used_bytes,"{area=""nonheap"",id=""Compressed Class Space"",language=""java"",service=""java-product-service"",}",12934864.0
1790102143.046,java-product-service,jvm_memory_used_bytes,"{area=""heap"",id=""G1 Survivor Space"",language=""java"",service=""java-product-service"",}",2097152.0
1790102143.046,java-product-service,jvm_memory_used_bytes,"{area=""nonheap"",id=""CodeHeap 'profiled nmethods'"",language=""java"",service=""java-product-service"",}",18840192.0
1790102143.046,java-product-service,jvm_memory_used_bytes,"{area=""nonheap"",id=""CodeHeap 'non-profiled nmethods'"",language=""java"",service=""java-product-service"",}",7648896.0
1790102143.046,java-product-service,tomcat_threads_current_threads,"{language=""java"",name=""http-nio-9082"",service=""java-product-service"",}",-1.0
1790102143.046,java-product-service,hikaricp_connections_acquire_seconds_count,"{language=""java"",pool=""HikariPool-1"",service=""java-product-service"",}",740.0
1790102143.046,java-product-service,hikaricp_connections_acquire_seconds_sum,"{language=""java"",pool=""HikariPool-1"",service=""java-product-service"",}",0.333838977
1790102143.046,java-product-service,tomcat_threads_busy_threads,"{language=""java"",name=""http-nio-9082"",service=""java-product-service"",}",-1.0
1790102143.046,java-product-service,hikaricp_connections_pending,"{language=""java"",pool=""HikariPool-1"",service=""java-product-service"",}",0.0
1790102143.046,java-product-service,hikaricp_connections_active,"{language=""java"",pool=""HikariPool-1"",service=""java-product-service"",}",0.0
1790102143.046,java-product-service,tomcat_threads_config_max_threads,"{language=""java"",name=""http-nio-9082"",service=""java-product-service"",}",-1.0
1790102143.046,java-product-service,process_cpu_usage,"{language=""java"",service=""java-product-service"",}",0.04186046511627907
1790102143.046,java-product-service,system_cpu_usage,"{language=""java"",service=""java-product-service"",}",0.04313426356589147
1790102143.046,java-product-service,jvm_gc_pause_seconds_count,"{action=""end of minor GC"",cause=""G1 Evacuation Pause"",gc=""G1 Young Generation"",language=""java"",service=""java-product-service"",}",12.0
1790102143.046,java-product-service,jvm_gc_pause_seconds_sum,"{action=""end of minor GC"",cause=""G1 Evacuation Pause"",gc=""G1 Young Generation"",language=""java"",service=""java-product-service"",}",0.07
1790102143.046,java-product-service,jvm_memory_committed_bytes,"{area=""nonheap"",id=""CodeHeap 'non-nmethods'"",language=""java"",service=""java-product-service"",}",2555904.0
1790102143.046,java-product-service,jvm_memory_committed_bytes,"{area=""heap"",id=""G1 Eden Space"",language=""java"",service=""java-product-service"",}",53477376.0
1790102143.046,java-product-service,jvm_memory_committed_bytes,"{area=""nonheap"",id=""Metaspace"",language=""java"",service=""java-product-service"",}",99221504.0
1790102143.046,java-product-service,jvm_memory_committed_bytes,"{area=""heap"",id=""G1 Old Gen"",language=""java"",service=""java-product-service"",}",42991616.0
1790102143.046,java-product-service,jvm_memory_committed_bytes,"{area=""nonheap"",id=""Compressed Class Space"",language=""java"",service=""java-product-service"",}",13434880.0
1790102143.046,java-product-service,jvm_memory_committed_bytes,"{area=""heap"",id=""G1 Survivor Space"",language=""java"",service=""java-product-service"",}",2097152.0
1790102143.046,java-product-service,jvm_memory_committed_bytes,"{area=""nonheap"",id=""CodeHeap 'profiled nmethods'"",language=""java"",service=""java-product-service"",}",24117248.0
1790102143.046,java-product-service,jvm_memory_committed_bytes,"{area=""nonheap"",id=""CodeHeap 'non-profiled nmethods'"",language=""java"",service=""java-product-service"",}",7995392.0
1790102143.046,java-product-service,hikaricp_connections_usage_seconds_count,"{language=""java"",pool=""HikariPool-1"",service=""java-product-service"",}",740.0
1790102143.046,java-product-service,hikaricp_connections_usage_seconds_sum,"{language=""java"",pool=""HikariPool-1"",service=""java-product-service"",}",0.498
1790102143.046,java-order-service,system_cpu_usage,"{language=""java"",service=""java-order-service"",}",0.042897066666666664
1790102143.046,java-order-service,jvm_gc_pause_seconds_count,"{action=""end of minor GC"",cause=""G1 Evacuation Pause"",gc=""G1 Young Generation"",language=""java"",service=""java-order-service"",}",2.0
1790102143.046,java-order-service,jvm_gc_pause_seconds_sum,"{action=""end of minor GC"",cause=""G1 Evacuation Pause"",gc=""G1 Young Generation"",language=""java"",service=""java-order-service"",}",0.029
1790102143.046,java-order-service,hikaricp_connections_usage_seconds_count,"{language=""java"",pool=""HikariPool-1"",service=""java-order-service"",}",706.0
1790102143.046,java-order-service,hikaricp_connections_usage_seconds_sum,"{language=""java"",pool=""HikariPool-1"",service=""java-order-service"",}",0.002
1790102143.046,java-order-service,hikaricp_connections_active,"{language=""java"",pool=""HikariPool-1"",service=""java-order-service"",}",0.0
1790102143.046,java-order-service,tomcat_threads_config_max_threads,"{language=""java"",name=""http-nio-9083"",service=""java-order-service"",}",-1.0
1790102143.046,java-order-service,hikaricp_connections_acquire_seconds_count,"{language=""java"",pool=""HikariPool-1"",service=""java-order-service"",}",706.0
1790102143.046,java-order-service,hikaricp_connections_acquire_seconds_sum,"{language=""java"",pool=""HikariPool-1"",service=""java-order-service"",}",0.121146381
1790102143.046,java-order-service,tomcat_threads_busy_threads,"{language=""java"",name=""http-nio-9083"",service=""java-order-service"",}",-1.0
1790102143.046,java-order-service,jvm_memory_committed_bytes,"{area=""nonheap"",id=""CodeHeap 'non-profiled nmethods'"",language=""java"",service=""java-order-service"",}",5177344.0
1790102143.046,java-order-service,jvm_memory_committed_bytes,"{area=""heap"",id=""G1 Eden Space"",language=""java"",service=""java-order-service"",}",75497472.0
1790102143.046,java-order-service,jvm_memory_committed_bytes,"{area=""nonheap"",id=""CodeHeap 'profiled nmethods'"",language=""java"",service=""java-order-service"",}",19660800.0
1790102143.046,java-order-service,jvm_memory_committed_bytes,"{area=""nonheap"",id=""CodeHeap 'non-nmethods'"",language=""java"",service=""java-order-service"",}",2555904.0
1790102143.046,java-order-service,jvm_memory_committed_bytes,"{area=""heap"",id=""G1 Survivor Space"",language=""java"",service=""java-order-service"",}",4194304.0
1790102143.046,java-order-service,jvm_memory_committed_bytes,"{area=""nonheap"",id=""Compressed Class Space"",language=""java"",service=""java-order-service"",}",11141120.0
1790102143.046,java-order-service,jvm_memory_committed_bytes,"{area=""heap"",id=""G1 Old Gen"",language=""java"",service=""java-order-service"",}",46137344.0
1790102143.046,java-order-service,jvm_memory_committed_bytes,"{area=""nonheap"",id=""Metaspace"",language=""java"",service=""java-order-service"",}",80871424.0
1790102143.046,java-order-service,hikaricp_connections_pending,"{language=""java"",pool=""HikariPool-1"",service=""java-order-service"",}",0.0
1790102143.046,java-order-service,process_cpu_usage,"{language=""java"",service=""java-order-service"",}",0.041025641025641026
1790102143.046,java-order-service,tomcat_threads_current_threads,"{language=""java"",name=""http-nio-9083"",service=""java-order-service"",}",-1.0
1790102143.046,java-order-service,jvm_memory_used_bytes,"{area=""nonheap"",id=""CodeHeap 'non-profiled nmethods'"",language=""java"",service=""java-order-service"",}",5167104.0
1790102143.046,java-order-service,jvm_memory_used_bytes,"{area=""heap"",id=""G1 Eden Space"",language=""java"",service=""java-order-service"",}",8388608.0
1790102143.046,java-order-service,jvm_memory_used_bytes,"{area=""nonheap"",id=""CodeHeap 'profiled nmethods'"",language=""java"",service=""java-order-service"",}",19656192.0
1790102143.046,java-order-service,jvm_memory_used_bytes,"{area=""nonheap"",id=""CodeHeap 'non-nmethods'"",language=""java"",service=""java-order-service"",}",1610368.0
1790102143.046,java-order-service,jvm_memory_used_bytes,"{area=""heap"",id=""G1 Survivor Space"",language=""java"",service=""java-order-service"",}",3670016.0
1790102143.046,java-order-service,jvm_memory_used_bytes,"{area=""nonheap"",id=""Compressed Class Space"",language=""java"",service=""java-order-service"",}",10687056.0
1790102143.046,java-order-service,jvm_memory_used_bytes,"{area=""heap"",id=""G1 Old Gen"",language=""java"",service=""java-order-service"",}",31888232.0
1790102143.046,java-order-service,jvm_memory_used_bytes,"{area=""nonheap"",id=""Metaspace"",language=""java"",service=""java-order-service"",}",79946704.0
1790102148.097,java-user-service,tomcat_threads_busy_threads,"{framework=""spring-boot"",language=""java"",name=""http-nio-9081"",service=""java-user-service"",}",-1.0
1790102148.097,java-user-service,jvm_gc_pause_seconds_count,"{action=""end of minor GC"",cause=""G1 Evacuation Pause"",framework=""spring-boot"",gc=""G1 Young Generation"",language=""java"",service=""java-user-service"",}",12.0
1790102148.097,java-user-service,jvm_gc_pause_seconds_sum,"{action=""end of minor GC"",cause=""G1 Evacuation Pause"",framework=""spring-boot"",gc=""G1 Young Generation"",language=""java"",service=""java-user-service"",}",0.113
1790102148.097,java-user-service,jvm_memory_used_bytes,"{area=""nonheap"",framework=""spring-boot"",id=""CodeHeap 'non-nmethods'"",language=""java"",service=""java-user-service"",}",1645696.0
1790102148.097,java-user-service,jvm_memory_used_bytes,"{area=""nonheap"",framework=""spring-boot"",id=""CodeHeap 'non-profiled nmethods'"",language=""java"",service=""java-user-service"",}",9943168.0
1790102148.097,java-user-service,jvm_memory_used_bytes,"{area=""heap"",framework=""spring-boot"",id=""G1 Survivor Space"",language=""java"",service=""java-user-service"",}",3145728.0
1790102148.097,java-user-service,jvm_memory_used_bytes,"{area=""heap"",framework=""spring-boot"",id=""G1 Old Gen"",language=""java"",service=""java-user-service"",}",39247832.0
1790102148.097,java-user-service,jvm_memory_used_bytes,"{area=""nonheap"",framework=""spring-boot"",id=""Metaspace"",language=""java"",service=""java-user-service"",}",104215768.0
1790102148.097,java-user-service,jvm_memory_used_bytes,"{area=""heap"",framework=""spring-boot"",id=""G1 Eden Space"",language=""java"",service=""java-user-service"",}",40894464.0
1790102148.097,java-user-service,jvm_memory_used_bytes,"{area=""nonheap"",framework=""spring-boot"",id=""Compressed Class Space"",language=""java"",service=""java-user-service"",}",13414008.0
1790102148.097,java-user-service,jvm_memory_used_bytes,"{area=""nonheap"",framework=""spring-boot"",id=""CodeHeap 'profiled nmethods'"",language=""java"",service=""java-user-service"",}",33221504.0
1790102148.097,java-user-service,hikaricp_connections_usage_seconds_count,"{framework=""spring-boot"",language=""java"",pool=""HikariPool-1"",service=""java-user-service"",}",2054.0
1790102148.097,java-user-service,hikaricp_connections_usage_seconds_sum,"{framework=""spring-boot"",language=""java"",pool=""HikariPool-1"",service=""java-user-service"",}",185.447
1790102148.097,java-user-service,process_cpu_usage,"{framework=""spring-boot"",language=""java"",service=""java-user-service"",}",0.31746031746031744
1790102148.097,java-user-service,tomcat_threads_current_threads,"{framework=""spring-boot"",language=""java"",name=""http-nio-9081"",service=""java-user-service"",}",-1.0
1790102148.097,java-user-service,jvm_memory_committed_bytes,"{area=""nonheap"",framework=""spring-boot"",id=""CodeHeap 'non-nmethods'"",language=""java"",service=""java-user-service"",}",2555904.0
1790102148.097,java-user-service,jvm_memory_committed_bytes,"{area=""nonheap"",framework=""spring-boot"",id=""CodeHeap 'non-profiled nmethods'"",language=""java"",service=""java-user-service"",}",9961472.0
1790102148.097,java-user-service,jvm_memory_committed_bytes,"{area=""heap"",framework=""spring-boot"",id=""G1 Survivor Space"",language=""java"",service=""java-user-service"",}",3145728.0
1790102148.097,java-user-service,jvm_memory_committed_bytes,"{area=""heap"",framework=""spring-boot"",id=""G1 Old Gen"",language=""java"",service=""java-user-service"",}",42991616.0
1790102148.097,java-user-service,jvm_memory_committed_bytes,"{area=""nonheap"",framework=""spring-boot"",id=""Metaspace"",language=""java"",service=""java-user-service"",}",105185280.0
1790102148.097,java-user-service,jvm_memory_committed_bytes,"{area=""heap"",framework=""spring-boot"",id=""G1 Eden Space"",language=""java"",service=""java-user-service"",}",60817408.0
1790102148.097,java-user-service,jvm_memory_committed_bytes,"{area=""nonheap"",framework=""spring-boot"",id=""Compressed Class Space"",language=""java"",service=""java-user-service"",}",13828096.0
1790102148.097,java-user-service,jvm_memory_committed_bytes,"{area=""nonheap"",framework=""spring-boot"",id=""CodeHeap 'profiled nmethods'"",language=""java"",service=""java-user-service"",}",33292288.0
1790102148.097,java-user-service,system_cpu_usage,"{framework=""spring-boot"",language=""java"",service=""java-user-service"",}",0.3196685714285714
1790102148.097,java-user-service,hikaricp_connections_pending,"{framework=""spring-boot"",language=""java"",pool=""HikariPool-1"",service=""java-user-service"",}",0.0
1790102148.097,java-user-service,hikaricp_connections_acquire_seconds_count,"{framework=""spring-boot"",language=""java"",pool=""HikariPool-1"",service=""java-user-service"",}",2054.0
1790102148.097,java-user-service,hikaricp_connections_acquire_seconds_sum,"{framework=""spring-boot"",language=""java"",pool=""HikariPool-1"",service=""java-user-service"",}",19.493260297
1790102148.097,java-user-service,tomcat_threads_config_max_threads,"{framework=""spring-boot"",language=""java"",name=""http-nio-9081"",service=""java-user-service"",}",-1.0
1790102148.097,java-user-service,hikaricp_connections_active,"{framework=""spring-boot"",language=""java"",pool=""HikariPool-1"",service=""java-user-service"",}",0.0
1790102148.097,java-product-service,jvm_memory_used_bytes,"{area=""nonheap"",id=""CodeHeap 'non-nmethods'"",language=""java"",service=""java-product-service"",}",1638144.0
1790102148.097,java-product-service,jvm_memory_used_bytes,"{area=""heap"",id=""G1 Eden Space"",language=""java"",service=""java-product-service"",}",9437184.0
1790102148.097,java-product-service,jvm_memory_used_bytes,"{area=""nonheap"",id=""Metaspace"",language=""java"",service=""java-product-service"",}",98302520.0
1790102148.097,java-product-service,jvm_memory_used_bytes,"{area=""heap"",id=""G1 Old Gen"",language=""java"",service=""java-product-service"",}",39283704.0
1790102148.097,java-product-service,jvm_memory_used_bytes,"{area=""nonheap"",id=""Compressed Class Space"",language=""java"",service=""java-product-service"",}",12934864.0
1790102148.097,java-product-service,jvm_memory_used_bytes,"{area=""heap"",id=""G1 Survivor Space"",language=""java"",service=""java-product-service"",}",2499856.0
1790102148.097,java-product-service,jvm_memory_used_bytes,"{area=""nonheap"",id=""CodeHeap 'profiled nmethods'"",language=""java"",service=""java-product-service"",}",19039232.0
1790102148.097,java-product-service,jvm_memory_used_bytes,"{area=""nonheap"",id=""CodeHeap 'non-profiled nmethods'"",language=""java"",service=""java-product-service"",}",7788032.0
1790102148.097,java-product-service,tomcat_threads_current_threads,"{language=""java"",name=""http-nio-9082"",service=""java-product-service"",}",-1.0
1790102148.097,java-product-service,hikaricp_connections_acquire_seconds_count,"{language=""java"",pool=""HikariPool-1"",service=""java-product-service"",}",766.0
1790102148.097,java-product-service,hikaricp_connections_acquire_seconds_sum,"{language=""java"",pool=""HikariPool-1"",service=""java-product-service"",}",0.360733933
1790102148.097,java-product-service,tomcat_threads_busy_threads,"{language=""java"",name=""http-nio-9082"",service=""java-product-service"",}",-1.0
1790102148.097,java-product-service,hikaricp_connections_pending,"{language=""java"",pool=""HikariPool-1"",service=""java-product-service"",}",0.0
1790102148.097,java-product-service,hikaricp_connections_active,"{language=""java"",pool=""HikariPool-1"",service=""java-product-service"",}",0.0
1790102148.097,java-product-service,tomcat_threads_config_max_threads,"{language=""java"",name=""http-nio-9082"",service=""java-product-service"",}",-1.0
1790102148.097,java-product-service,process_cpu_usage,"{language=""java"",service=""java-product-service"",}",0.07906976744186046
1790102148.097,java-product-service,system_cpu_usage,"{language=""java"",service=""java-product-service"",}",0.07948852713178295
1790102148.097,java-product-service,jvm_gc_pause_seconds_count,"{action=""end of minor GC"",cause=""G1 Evacuation Pause"",gc=""G1 Young Generation"",language=""java"",service=""java-product-service"",}",13.0
1790102148.097,java-product-service,jvm_gc_pause_seconds_sum,"{action=""end of minor GC"",cause=""G1 Evacuation Pause"",gc=""G1 Young Generation"",language=""java"",service=""java-product-service"",}",0.074
1790102148.097,java-product-service,jvm_memory_committed_bytes,"{area=""nonheap"",id=""CodeHeap 'non-nmethods'"",language=""java"",service=""java-product-service"",}",2555904.0
1790102148.097,java-product-service,jvm_memory_committed_bytes,"{area=""heap"",id=""G1 Eden Space"",language=""java"",service=""java-product-service"",}",52428800.0
1790102148.097,java-product-service,jvm_memory_committed_bytes,"{area=""nonheap"",id=""Metaspace"",language=""java"",service=""java-product-service"",}",99287040.0
1790102148.097,java-product-service,jvm_memory_committed_bytes,"{area=""heap"",id=""G1 Old Gen"",language=""java"",service=""java-product-service"",}",42991616.0
1790102148.097,java-product-service,jvm_memory_committed_bytes,"{area=""nonheap"",id=""Compressed Class Space"",language=""java"",service=""java-product-service"",}",13434880.0
1790102148.097,java-product-service,jvm_memory_committed_bytes,"{area=""heap"",id=""G1 Survivor Space"",language=""java"",service=""java-product-service"",}",3145728.0
1790102148.097,java-product-service,jvm_memory_committed_bytes,"{area=""nonheap"",id=""CodeHeap 'profiled nmethods'"",language=""java"",service=""java-product-service"",}",24117248.0
1790102148.097,java-product-service,jvm_memory_committed_bytes,"{area=""nonheap"",id=""CodeHeap 'non-profiled nmethods'"",language=""java"",service=""java-product-service"",}",7995392.0
1790102148.097,java-product-service,hikaricp_connections_usage_seconds_count,"{language=""java"",pool=""HikariPool-1"",service=""java-product-service"",}",766.0
1790102148.097,java-product-service,hikaricp_connections_usage_seconds_sum,"{language=""java"",pool=""HikariPool-1"",service=""java-product-service"",}",0.574
1790102148.097,java-order-service,system_cpu_usage,"{language=""java"",service=""java-order-service"",}",0.014901379310344827
1790102148.097,java-order-service,jvm_gc_pause_seconds_count,"{action=""end of minor GC"",cause=""G1 Evacuation Pause"",gc=""G1 Young Generation"",language=""java"",service=""java-order-service"",}",2.0
1790102148.097,java-order-service,jvm_gc_pause_seconds_sum,"{action=""end of minor GC"",cause=""G1 Evacuation Pause"",gc=""G1 Young Generation"",language=""java"",service=""java-order-service"",}",0.029
1790102148.097,java-order-service,hikaricp_connections_usage_seconds_count,"{language=""java"",pool=""HikariPool-1"",service=""java-order-service"",}",724.0
1790102148.097,java-order-service,hikaricp_connections_usage_seconds_sum,"{language=""java"",pool=""HikariPool-1"",service=""java-order-service"",}",0.002
1790102148.097,java-order-service,hikaricp_connections_active,"{language=""java"",pool=""HikariPool-1"",service=""java-order-service"",}",0.0
1790102148.097,java-order-service,tomcat_threads_config_max_threads,"{language=""java"",name=""http-nio-9083"",service=""java-order-service"",}",-1.0
1790102148.097,java-order-service,hikaricp_connections_acquire_seconds_count,"{language=""java"",pool=""HikariPool-1"",service=""java-order-service"",}",724.0
1790102148.097,java-order-service,hikaricp_connections_acquire_seconds_sum,"{language=""java"",pool=""HikariPool-1"",service=""java-order-service"",}",0.123125593
1790102148.097,java-order-service,tomcat_threads_busy_threads,"{language=""java"",name=""http-nio-9083"",service=""java-order-service"",}",-1.0
1790102148.097,java-order-service,jvm_memory_committed_bytes,"{area=""nonheap"",id=""CodeHeap 'non-profiled nmethods'"",language=""java"",service=""java-order-service"",}",5242880.0
1790102148.097,java-order-service,jvm_memory_committed_bytes,"{area=""heap"",id=""G1 Eden Space"",language=""java"",service=""java-order-service"",}",75497472.0
1790102148.097,java-order-service,jvm_memory_committed_bytes,"{area=""nonheap"",id=""CodeHeap 'profiled nmethods'"",language=""java"",service=""java-order-service"",}",19726336.0
1790102148.097,java-order-service,jvm_memory_committed_bytes,"{area=""nonheap"",id=""CodeHeap 'non-nmethods'"",language=""java"",service=""java-order-service"",}",2555904.0
1790102148.097,java-order-service,jvm_memory_committed_bytes,"{area=""heap"",id=""G1 Survivor Space"",language=""java"",service=""java-order-service"",}",4194304.0
1790102148.097,java-order-service,jvm_memory_committed_bytes,"{area=""nonheap"",id=""Compressed Class Space"",language=""java"",service=""java-order-service"",}",11141120.0
1790102148.097,java-order-service,jvm_memory_committed_bytes,"{area=""heap"",id=""G1 Old Gen"",language=""java"",service=""java-order-service"",}",46137344.0
1790102148.097,java-order-service,jvm_memory_committed_bytes,"{area=""nonheap"",id=""Metaspace"",language=""java"",service=""java-order-service"",}",80871424.0
1790102148.097,java-order-service,hikaricp_connections_pending,"{language=""java"",pool=""HikariPool-1"",service=""java-order-service"",}",0.0
1790102148.097,java-order-service,process_cpu_usage,"{language=""java"",service=""java-order-service"",}",0.011904761904761904
1790102148.097,java-order-service,tomcat_threads_current_threads,"{language=""java"",name=""http-nio-9083"",service=""java-order-service"",}",-1.0
1790102148.097,java-order-service,jvm_memory_used_bytes,"{area=""nonheap"",id=""CodeHeap 'non-profiled nmethods'"",language=""java"",service=""java-order-service"",}",5184384.0
1790102148.097,java-order-service,jvm_memory_used_bytes,"{area=""heap"",id=""G1 Eden Space"",language=""java"",service=""java-order-service"",}",10485760.0
1790102148.097,java-order-service,jvm_memory_used_bytes,"{area=""nonheap"",id=""CodeHeap 'profiled nmethods'"",language=""java"",service=""java-order-service"",}",19685632.0
1790102148.097,java-order-service,jvm_memory_used_bytes,"{area=""nonheap"",id=""CodeHeap 'non-nmethods'"",language=""java"",service=""java-order-service"",}",1610368.0
1790102148.097,java-order-service,jvm_memory_used_bytes,"{area=""heap"",id=""G1 Survivor Space"",language=""java"",service=""java-order-service"",}",3670016.0
1790102148.097,java-order-service,jvm_memory_used_bytes,"{area=""nonheap"",id=""Compressed Class Space"",language=""java"",service=""java-order-service"",}",10687056.0
1790102148.097,java-order-service,jvm_memory_used_bytes,"{area=""heap"",id=""G1 Old Gen"",language=""java"",service=""java-order-service"",}",31888232.0
1790102148.097,java-order-service,jvm_memory_used_bytes,"{area=""nonheap"",id=""Metaspace"",language=""java"",service=""java-order-service"",}",79958184.0
1790102153.136,java-user-service,tomcat_threads_busy_threads,"{framework=""spring-boot"",language=""java"",name=""http-nio-9081"",service=""java-user-service"",}",-1.0
1790102153.136,java-user-service,jvm_gc_pause_seconds_count,"{action=""end of minor GC"",cause=""G1 Evacuation Pause"",framework=""spring-boot"",gc=""G1 Young Generation"",language=""java"",service=""java-user-service"",}",12.0
1790102153.136,java-user-service,jvm_gc_pause_seconds_sum,"{action=""end of minor GC"",cause=""G1 Evacuation Pause"",framework=""spring-boot"",gc=""G1 Young Generation"",language=""java"",service=""java-user-service"",}",0.113
1790102153.136,java-user-service,jvm_memory_used_bytes,"{area=""nonheap"",framework=""spring-boot"",id=""CodeHeap 'non-nmethods'"",language=""java"",service=""java-user-service"",}",1645696.0
1790102153.136,java-user-service,jvm_memory_used_bytes,"{area=""nonheap"",framework=""spring-boot"",id=""CodeHeap 'non-profiled nmethods'"",language=""java"",service=""java-user-service"",}",9990528.0
1790102153.136,java-user-service,jvm_memory_used_bytes,"{area=""heap"",framework=""spring-boot"",id=""G1 Survivor Space"",language=""java"",service=""java-user-service"",}",3145728.0
1790102153.136,java-user-service,jvm_memory_used_bytes,"{area=""heap"",framework=""spring-boot"",id=""G1 Old Gen"",language=""java"",service=""java-user-service"",}",39247832.0
1790102153.136,java-user-service,jvm_memory_used_bytes,"{area=""nonheap"",framework=""spring-boot"",id=""Metaspace"",language=""java"",service=""java-user-service"",}",104217384.0
1790102153.136,java-user-service,jvm_memory_used_bytes,"{area=""heap"",framework=""spring-boot"",id=""G1 Eden Space"",language=""java"",service=""java-user-service"",}",49283072.0
1790102153.136,java-user-service,jvm_memory_used_bytes,"{area=""nonheap"",framework=""spring-boot"",id=""Compressed Class Space"",language=""java"",service=""java-user-service"",}",13414008.0
1790102153.136,java-user-service,jvm_memory_used_bytes,"{area=""nonheap"",framework=""spring-boot"",id=""CodeHeap 'profiled nmethods'"",language=""java"",service=""java-user-service"",}",33248000.0
1790102153.136,java-user-service,hikaricp_connections_usage_seconds_count,"{framework=""spring-boot"",language=""java"",pool=""HikariPool-1"",service=""java-user-service"",}",2094.0
1790102153.136,java-user-service,hikaricp_connections_usage_seconds_sum,"{framework=""spring-boot"",language=""java"",pool=""HikariPool-1"",service=""java-user-service"",}",190.778
1790102153.136,java-user-service,process_cpu_usage,"{framework=""spring-boot"",language=""java"",service=""java-user-service"",}",0.36666666666666664
1790102153.136,java-user-service,tomcat_threads_current_threads,"{framework=""spring-boot"",language=""java"",name=""http-nio-9081"",service=""java-user-service"",}",-1.0
1790102153.136,java-user-service,jvm_memory_committed_bytes,"{area=""nonheap"",framework=""spring-boot"",id=""CodeHeap 'non-nmethods'"",language=""java"",service=""java-user-service"",}",2555904.0
1790102153.136,java-user-service,jvm_memory_committed_bytes,"{area=""nonheap"",framework=""spring-boot"",id=""CodeHeap 'non-profiled nmethods'"",language=""java"",service=""java-user-service"",}",10027008.0
1790102153.136,java-user-service,jvm_memory_committed_bytes,"{area=""heap"",framework=""spring-boot"",id=""G1 Survivor Space"",language=""java"",service=""java-user-service"",}",3145728.0
1790102153.136,java-user-service,jvm_memory_committed_bytes,"{area=""heap"",framework=""spring-boot"",id=""G1 Old Gen"",language=""java"",service=""java-user-service"",}",42991616.0
1790102153.136,java-user-service,jvm_memory_committed_bytes,"{area=""nonheap"",framework=""spring-boot"",id=""Metaspace"",language=""java"",service=""java-user-service"",}",105185280.0
1790102153.136,java-user-service,jvm_memory_committed_bytes,"{area=""heap"",framework=""spring-boot"",id=""G1 Eden Space"",language=""java"",service=""java-user-service"",}",60817408.0
1790102153.136,java-user-service,jvm_memory_committed_bytes,"{area=""nonheap"",framework=""spring-boot"",id=""Compressed Class Space"",language=""java"",service=""java-user-service"",}",13828096.0
1790102153.136,java-user-service,jvm_memory_committed_bytes,"{area=""nonheap"",framework=""spring-boot"",id=""CodeHeap 'profiled nmethods'"",language=""java"",service=""java-user-service"",}",33292288.0
1790102153.136,java-user-service,system_cpu_usage,"{framework=""spring-boot"",language=""java"",service=""java-user-service"",}",0.36714277777777776
1790102153.136,java-user-service,hikaricp_connections_pending,"{framework=""spring-boot"",language=""java"",pool=""HikariPool-1"",service=""java-user-service"",}",0.0
1790102153.136,java-user-service,hikaricp_connections_acquire_seconds_count,"{framework=""spring-boot"",language=""java"",pool=""HikariPool-1"",service=""java-user-service"",}",2100.0
1790102153.136,java-user-service,hikaricp_connections_acquire_seconds_sum,"{framework=""spring-boot"",language=""java"",pool=""HikariPool-1"",service=""java-user-service"",}",19.746040172
1790102153.136,java-user-service,tomcat_threads_config_max_threads,"{framework=""spring-boot"",language=""java"",name=""http-nio-9081"",service=""java-user-service"",}",-1.0
1790102153.136,java-user-service,hikaricp_connections_active,"{framework=""spring-boot"",language=""java"",pool=""HikariPool-1"",service=""java-user-service"",}",6.0
1790102153.136,java-product-service,jvm_memory_used_bytes,"{area=""nonheap"",id=""CodeHeap 'non-nmethods'"",language=""java"",service=""java-product-service"",}",1638144.0
1790102153.136,java-product-service,jvm_memory_used_bytes,"{area=""heap"",id=""G1 Eden Space"",language=""java"",service=""java-product-service"",}",22020096.0
1790102153.136,java-product-service,jvm_memory_used_bytes,"{area=""nonheap"",id=""Metaspace"",language=""java"",service=""java-product-service"",}",98307800.0
1790102153.136,java-product-service,jvm_memory_used_bytes,"{area=""heap"",id=""G1 Old Gen"",language=""java"",service=""java-product-service"",}",39283704.0
1790102153.136,java-product-service,jvm_memory_used_bytes,"{area=""nonheap"",id=""Compressed Class Space"",language=""java"",service=""java-product-service"",}",12934864.0
1790102153.136,java-product-service,jvm_memory_used_bytes,"{area=""heap"",id=""G1 Survivor Space"",language=""java"",service=""java-product-service"",}",2499856.0
1790102153.136,java-product-service,jvm_memory_used_bytes,"{area=""nonheap"",id=""CodeHeap 'profiled nmethods'"",language=""java"",service=""java-product-service"",}",19085184.0
1790102153.136,java-product-service,jvm_memory_used_bytes,"{area=""nonheap"",id=""CodeHeap 'non-profiled nmethods'"",language=""java"",service=""java-product-service"",}",7883264.0
1790102153.136,java-product-service,tomcat_threads_current_threads,"{language=""java"",name=""http-nio-9082"",service=""java-product-service"",}",-1.0
1790102153.136,java-product-service,hikaricp_connections_acquire_seconds_count,"{language=""java"",pool=""HikariPool-1"",service=""java-product-service"",}",782.0
1790102153.136,java-product-service,hikaricp_connections_acquire_seconds_sum,"{language=""java"",pool=""HikariPool-1"",service=""java-product-service"",}",0.363953769
1790102153.136,java-product-service,tomcat_threads_busy_threads,"{language=""java"",name=""http-nio-9082"",service=""java-product-service"",}",-1.0
1790102153.136,java-product-service,hikaricp_connections_pending,"{language=""java"",pool=""HikariPool-1"",service=""java-product-service"",}",0.0
1790102153.136,java-product-service,hikaricp_connections_active,"{language=""java"",pool=""HikariPool-1"",service=""java-product-service"",}",0.0
1790102153.136,java-product-service,tomcat_threads_config_max_threads,"{language=""java"",name=""http-nio-9082"",service=""java-product-service"",}",-1.0
1790102153.136,java-product-service,process_cpu_usage,"{language=""java"",service=""java-product-service"",}",0.04927536231884058
1790102153.136,java-product-service,system_cpu_usage,"{language=""java"",service=""java-product-service"",}",0.049699710144927536
1790102153.136,java-product-service,jvm_gc_pause_seconds_count,"{action=""end of minor GC"",cause=""G1 Evacuation Pause"",gc=""G1 Young Generation"",language=""java"",service=""java-product-service"",}",13.0
1790102153.136,java-product-service,jvm_gc_pause_seconds_sum,"{action=""end of minor GC"",cause=""G1 Evacuation Pause"",gc=""G1 Young Generation"",language=""java"",service=""java-product-service"",}",0.074
1790102153.136,java-product-service,jvm_memory_committed_bytes,"{area=""nonheap"",id=""CodeHeap 'non-nmethods'"",language=""java"",service=""java-product-service"",}",2555904.0
1790102153.136,java-product-service,jvm_memory_committed_bytes,"{area=""heap"",id=""G1 Eden Space"",language=""java"",service=""java-product-service"",}",52428800.0
1790102153.136,java-product-service,jvm_memory_committed_bytes,"{area=""nonheap"",id=""Metaspace"",language=""java"",service=""java-product-service"",}",99287040.0
1790102153.136,java-product-service,jvm_memory_committed_bytes,"{area=""heap"",id=""G1 Old Gen"",language=""java"",service=""java-product-service"",}",42991616.0
1790102153.136,java-product-service,jvm_memory_committed_bytes,"{area=""nonheap"",id=""Compressed Class Space"",language=""java"",service=""java-product-service"",}",13434880.0
1790102153.136,java-product-service,jvm_memory_committed_bytes,"{area=""heap"",id=""G1 Survivor Space"",language=""java"",service=""java-product-service"",}",3145728.0
1790102153.136,java-product-service,jvm_memory_committed_bytes,"{area=""nonheap"",id=""CodeHeap 'profiled nmethods'"",language=""java"",service=""java-product-service"",}",24117248.0
1790102153.136,java-product-service,jvm_memory_committed_bytes,"{area=""nonheap"",id=""CodeHeap 'non-profiled nmethods'"",language=""java"",service=""java-product-service"",}",8060928.0
1790102153.136,java-product-service,hikaricp_connections_usage_seconds_count,"{language=""java"",pool=""HikariPool-1"",service=""java-product-service"",}",782.0
1790102153.136,java-product-service,hikaricp_connections_usage_seconds_sum,"{language=""java"",pool=""HikariPool-1"",service=""java-product-service"",}",0.576
1790102153.136,java-order-service,system_cpu_usage,"{language=""java"",service=""java-order-service"",}",0.017871388888888888
1790102153.136,java-order-service,jvm_gc_pause_seconds_count,"{action=""end of minor GC"",cause=""G1 Evacuation Pause"",gc=""G1 Young Generation"",language=""java"",service=""java-order-service"",}",2.0
1790102153.136,java-order-service,jvm_gc_pause_seconds_sum,"{action=""end of minor GC"",cause=""G1 Evacuation Pause"",gc=""G1 Young Generation"",language=""java"",service=""java-order-service"",}",0.029
1790102153.136,java-order-service,hikaricp_connections_usage_seconds_count,"{language=""java"",pool=""HikariPool-1"",service=""java-order-service"",}",744.0
1790102153.136,java-order-service,hikaricp_connections_usage_seconds_sum,"{language=""java"",pool=""HikariPool-1"",service=""java-order-service"",}",0.002
1790102153.136,java-order-service,hikaricp_connections_active,"{language=""java"",pool=""HikariPool-1"",service=""java-order-service"",}",0.0
1790102153.136,java-order-service,tomcat_threads_config_max_threads,"{language=""java"",name=""http-nio-9083"",service=""java-order-service"",}",-1.0
1790102153.136,java-order-service,hikaricp_connections_acquire_seconds_count,"{language=""java"",pool=""HikariPool-1"",service=""java-order-service"",}",744.0
1790102153.136,java-order-service,hikaricp_connections_acquire_seconds_sum,"{language=""java"",pool=""HikariPool-1"",service=""java-order-service"",}",0.125078178
1790102153.136,java-order-service,tomcat_threads_busy_threads,"{language=""java"",name=""http-nio-9083"",service=""java-order-service"",}",-1.0
1790102153.136,java-order-service,jvm_memory_committed_bytes,"{area=""nonheap"",id=""CodeHeap 'non-profiled nmethods'"",language=""java"",service=""java-order-service"",}",5242880.0
1790102153.136,java-order-service,jvm_memory_committed_bytes,"{area=""heap"",id=""G1 Eden Space"",language=""java"",service=""java-order-service"",}",75497472.0
1790102153.136,java-order-service,jvm_memory_committed_bytes,"{area=""nonheap"",id=""CodeHeap 'profiled nmethods'"",language=""java"",service=""java-order-service"",}",19791872.0
1790102153.136,java-order-service,jvm_memory_committed_bytes,"{area=""nonheap"",id=""CodeHeap 'non-nmethods'"",language=""java"",service=""java-order-service"",}",2555904.0
1790102153.136,java-order-service,jvm_memory_committed_bytes,"{area=""heap"",id=""G1 Survivor Space"",language=""java"",service=""java-order-service"",}",4194304.0
1790102153.136,java-order-service,jvm_memory_committed_bytes,"{area=""nonheap"",id=""Compressed Class Space"",language=""java"",service=""java-order-service"",}",11141120.0
1790102153.136,java-order-service,jvm_memory_committed_bytes,"{area=""heap"",id=""G1 Old Gen"",language=""java"",service=""java-order-service"",}",46137344.0
1790102153.136,java-order-service,jvm_memory_committed_bytes,"{area=""nonheap"",id=""Metaspace"",language=""java"",service=""java-order-service"",}",80871424.0
1790102153.136,java-order-service,hikaricp_connections_pending,"{language=""java"",pool=""HikariPool-1"",service=""java-order-service"",}",0.0
1790102153.136,java-order-service,process_cpu_usage,"{language=""java"",service=""java-order-service"",}",0.016666666666666666
1790102153.136,java-order-service,tomcat_threads_current_threads,"{language=""java"",name=""http-nio-9083"",service=""java-order-service"",}",-1.0
1790102153.136,java-order-service,jvm_memory_used_bytes,"{area=""nonheap"",id=""CodeHeap 'non-profiled nmethods'"",language=""java"",service=""java-order-service"",}",5191936.0
1790102153.136,java-order-service,jvm_memory_used_bytes,"{area=""heap"",id=""G1 Eden Space"",language=""java"",service=""java-order-service"",}",12582912.0
1790102153.136,java-order-service,jvm_memory_used_bytes,"{area=""nonheap"",id=""CodeHeap 'profiled nmethods'"",language=""java"",service=""java-order-service"",}",19744896.0
1790102153.136,java-order-service,jvm_memory_used_bytes,"{area=""nonheap"",id=""CodeHeap 'non-nmethods'"",language=""java"",service=""java-order-service"",}",1610368.0
1790102153.136,java-order-service,jvm_memory_used_bytes,"{area=""heap"",id=""G1 Survivor Space"",language=""java"",service=""java-order-service"",}",3670016.0
1790102153.136,java-order-service,jvm_memory_used_bytes,"{area=""nonheap"",id=""Compressed Class Space"",language=""java"",service=""java-order-service"",}",10687576.0
1790102153.136,java-order-service,jvm_memory_used_bytes,"{area=""heap"",id=""G1 Old Gen"",language=""java"",service=""java-order-service"",}",31888232.0
1790102153.136,java-order-service,jvm_memory_used_bytes,"{area=""nonheap"",id=""Metaspace"",language=""java"",service=""java-order-service"",}",79965744.0
1790102158.373,java-user-service,tomcat_threads_busy_threads,"{framework=""spring-boot"",language=""java"",name=""http-nio-9081"",service=""java-user-service"",}",-1.0
1790102158.373,java-user-service,jvm_gc_pause_seconds_count,"{action=""end of minor GC"",cause=""G1 Evacuation Pause"",framework=""spring-boot"",gc=""G1 Young Generation"",language=""java"",service=""java-user-service"",}",13.0
1790102158.373,java-user-service,jvm_gc_pause_seconds_sum,"{action=""end of minor GC"",cause=""G1 Evacuation Pause"",framework=""spring-boot"",gc=""G1 Young Generation"",language=""java"",service=""java-user-service"",}",0.116
1790102158.373,java-user-service,jvm_memory_used_bytes,"{area=""nonheap"",framework=""spring-boot"",id=""CodeHeap 'non-nmethods'"",language=""java"",service=""java-user-service"",}",1645696.0
1790102158.373,java-user-service,jvm_memory_used_bytes,"{area=""nonheap"",framework=""spring-boot"",id=""CodeHeap 'non-profiled nmethods'"",language=""java"",service=""java-user-service"",}",7868800.0
1790102158.373,java-user-service,jvm_memory_used_bytes,"{area=""heap"",framework=""spring-boot"",id=""G1 Survivor Space"",language=""java"",service=""java-user-service"",}",3966544.0
1790102158.373,java-user-service,jvm_memory_used_bytes,"{area=""heap"",framework=""spring-boot"",id=""G1 Old Gen"",language=""java"",service=""java-user-service"",}",39247832.0
1790102158.373,java-user-service,jvm_memory_used_bytes,"{area=""nonheap"",framework=""spring-boot"",id=""Metaspace"",language=""java"",service=""java-user-service"",}",104222088.0
1790102158.373,java-user-service,jvm_memory_used_bytes,"{area=""heap"",framework=""spring-boot"",id=""G1 Eden Space"",language=""java"",service=""java-user-service"",}",1048576.0
1790102158.373,java-user-service,jvm_memory_used_bytes,"{area=""nonheap"",framework=""spring-boot"",id=""Compressed Class Space"",language=""java"",service=""java-user-service"",}",13414008.0
1790102158.373,java-user-service,jvm_memory_used_bytes,"{area=""nonheap"",framework=""spring-boot"",id=""CodeHeap 'profiled nmethods'"",language=""java"",service=""java-user-service"",}",22568960.0
1790102158.373,java-user-service,hikaricp_connections_usage_seconds_count,"{framework=""spring-boot"",language=""java"",pool=""HikariPool-1"",service=""java-user-service"",}",2144.0
1790102158.373,java-user-service,hikaricp_connections_usage_seconds_sum,"{framework=""spring-boot"",language=""java"",pool=""HikariPool-1"",service=""java-user-service"",}",197.912
1790102158.373,java-user-service,process_cpu_usage,"{framework=""spring-boot"",language=""java"",service=""java-user-service"",}",0.3238095238095238
1790102158.373,java-user-service,tomcat_threads_current_threads,"{framework=""spring-boot"",language=""java"",name=""http-nio-9081"",service=""java-user-service"",}",-1.0
1790102158.373,java-user-service,jvm_memory_committed_bytes,"{area=""nonheap"",framework=""spring-boot"",id=""CodeHeap 'non-nmethods'"",language=""java"",service=""java-user-service"",}",2555904.0
1790102158.373,java-user-service,jvm_memory_committed_bytes,"{area=""nonheap"",framework=""spring-boot"",id=""CodeHeap 'non-profiled nmethods'"",language=""java"",service=""java-user-service"",}",10027008.0
1790102158.373,java-user-service,jvm_memory_committed_bytes,"{area=""heap"",framework=""spring-boot"",id=""G1 Survivor Space"",language=""java"",service=""java-user-service"",}",4194304.0
1790102158.373,java-user-service,jvm_memory_committed_bytes,"{area=""heap"",framework=""spring-boot"",id=""G1 Old Gen"",language=""java"",service=""java-user-service"",}",42991616.0
1790102158.373,java-user-service,jvm_memory_committed_bytes,"{area=""nonheap"",framework=""spring-boot"",id=""Metaspace"",language=""java"",service=""java-user-service"",}",105185280.0
1790102158.373,java-user-service,jvm_memory_committed_bytes,"{area=""heap"",framework=""spring-boot"",id=""G1 Eden Space"",language=""java"",service=""java-user-service"",}",59768832.0
1790102158.373,java-user-service,jvm_memory_committed_bytes,"{area=""nonheap"",framework=""spring-boot"",id=""Compressed Class Space"",language=""java"",service=""java-user-service"",}",13828096.0
1790102158.373,java-user-service,jvm_memory_committed_bytes,"{area=""nonheap"",framework=""spring-boot"",id=""CodeHeap 'profiled nmethods'"",language=""java"",service=""java-user-service"",}",33292288.0
1790102158.373,java-user-service,system_cpu_usage,"{framework=""spring-boot"",language=""java"",service=""java-user-service"",}",0.32619733333333334
1790102158.373,java-user-service,hikaricp_connections_pending,"{framework=""spring-boot"",language=""java"",pool=""HikariPool-1"",service=""java-user-service"",}",0.0
1790102158.373,java-user-service,hikaricp_connections_acquire_seconds_count,"{framework=""spring-boot"",language=""java"",pool=""HikariPool-1"",service=""java-user-service"",}",2145.0
1790102158.373,java-user-service,hikaricp_connections_acquire_seconds_sum,"{framework=""spring-boot"",language=""java"",pool=""HikariPool-1"",service=""java-user-service"",}",19.913391594
1790102158.373,java-user-service,tomcat_threads_config_max_threads,"{framework=""spring-boot"",language=""java"",name=""http-nio-9081"",service=""java-user-service"",}",-1.0
1790102158.373,java-user-service,hikaricp_connections_active,"{framework=""spring-boot"",language=""java"",pool=""HikariPool-1"",service=""java-user-service"",}",6.0
1790102158.373,java-product-service,jvm_memory_used_bytes,"{area=""nonheap"",id=""CodeHeap 'non-nmethods'"",language=""java"",service=""java-product-service"",}",1638144.0
1790102158.373,java-product-service,jvm_memory_used_bytes,"{area=""heap"",id=""G1 Eden Space"",language=""java"",service=""java-product-service"",}",34603008.0
1790102158.373,java-product-service,jvm_memory_used_bytes,"{area=""nonheap"",id=""Metaspace"",language=""java"",service=""java-product-service"",}",98308728.0
1790102158.373,java-product-service,jvm_memory_used_bytes,"{area=""heap"",id=""G1 Old Gen"",language=""java"",service=""java-product-service"",}",39283704.0
1790102158.373,java-product-service,jvm_memory_used_bytes,"{area=""nonheap"",id=""Compressed Class Space"",language=""java"",service=""java-product-service"",}",12935416.0
1790102158.373,java-product-service,jvm_memory_used_bytes,"{area=""heap"",id=""G1 Survivor Space"",language=""java"",service=""java-product-service"",}",2499856.0
1790102158.373,java-product-service,jvm_memory_used_bytes,"{area=""nonheap"",id=""CodeHeap 'profiled nmethods'"",language=""java"",service=""java-product-service"",}",19087232.0
1790102158.373,java-product-service,jvm_memory_used_bytes,"{area=""nonheap"",id=""CodeHeap 'non-profiled nmethods'"",language=""java"",service=""java-product-service"",}",8130816.0
1790102158.373,java-product-service,tomcat_threads_current_threads,"{language=""java"",name=""http-nio-9082"",service=""java-product-service"",}",-1.0
1790102158.373,java-product-service,hikaricp_connections_acquire_seconds_count,"{language=""java"",pool=""HikariPool-1"",service=""java-product-service"",}",802.0
1790102158.373,java-product-service,hikaricp_connections_acquire_seconds_sum,"{language=""java"",pool=""HikariPool-1"",service=""java-product-service"",}",0.366007103
1790102158.373,java-product-service,tomcat_threads_busy_threads,"{language=""java"",name=""http-nio-9082"",service=""java-product-service"",}",-1.0
1790102158.373,java-product-service,hikaricp_connections_pending,"{language=""java"",pool=""HikariPool-1"",service=""java-product-service"",}",0.0
1790102158.373,java-product-service,hikaricp_connections_active,"{language=""java"",pool=""HikariPool-1"",service=""java-product-service"",}",0.0
1790102158.373,java-product-service,tomcat_threads_config_max_threads,"{language=""java"",name=""http-nio-9082"",service=""java-product-service"",}",-1.0
1790102158.373,java-product-service,process_cpu_usage,"{language=""java"",service=""java-product-service"",}",0.06962962962962962
1790102158.373,java-product-service,system_cpu_usage,"{language=""java"",service=""java-product-service"",}",0.07154044444444445
1790102158.373,java-product-service,jvm_gc_pause_seconds_count,"{action=""end of minor GC"",cause=""G1 Evacuation Pause"",gc=""G1 Young Generation"",language=""java"",service=""java-product-service"",}",13.0
1790102158.373,java-product-service,jvm_gc_pause_seconds_sum,"{action=""end of minor GC"",cause=""G1 Evacuation Pause"",gc=""G1 Young Generation"",language=""java"",service=""java-product-service"",}",0.074
1790102158.373,java-product-service,jvm_memory_committed_bytes,"{area=""nonheap"",id=""CodeHeap 'non-nmethods'"",language=""java"",service=""java-product-service"",}",2555904.0
1790102158.373,java-product-service,jvm_memory_committed_bytes,"{area=""heap"",id=""G1 Eden Space"",language=""java"",service=""java-product-service"",}",52428800.0
1790102158.373,java-product-service,jvm_memory_committed_bytes,"{area=""nonheap"",id=""Metaspace"",language=""java"",service=""java-product-service"",}",99287040.0
1790102158.373,java-product-service,jvm_memory_committed_bytes,"{area=""heap"",id=""G1 Old Gen"",language=""java"",service=""java-product-service"",}",42991616.0
1790102158.373,java-product-service,jvm_memory_committed_bytes,"{area=""nonheap"",id=""Compressed Class Space"",language=""java"",service=""java-product-service"",}",13434880.0
1790102158.373,java-product-service,jvm_memory_committed_bytes,"{area=""heap"",id=""G1 Survivor Space"",language=""java"",service=""java-product-service"",}",3145728.0
1790102158.373,java-product-service,jvm_memory_committed_bytes,"{area=""nonheap"",id=""CodeHeap 'profiled nmethods'"",language=""java"",service=""java-product-service"",}",24117248.0
1790102158.373,java-product-service,jvm_memory_committed_bytes,"{area=""nonheap"",id=""CodeHeap 'non-profiled nmethods'"",language=""java"",service=""java-product-service"",}",8192000.0
1790102158.373,java-product-service,hikaricp_connections_usage_seconds_count,"{language=""java"",pool=""HikariPool-1"",service=""java-product-service"",}",802.0
1790102158.373,java-product-service,hikaricp_connections_usage_seconds_sum,"{language=""java"",pool=""HikariPool-1"",service=""java-product-service"",}",0.576
1790102158.373,java-order-service,system_cpu_usage,"{language=""java"",service=""java-order-service"",}",0.018898055555555557
1790102158.373,java-order-service,jvm_gc_pause_seconds_count,"{action=""end of minor GC"",cause=""G1 Evacuation Pause"",gc=""G1 Young Generation"",language=""java"",service=""java-order-service"",}",2.0
1790102158.373,java-order-service,jvm_gc_pause_seconds_sum,"{action=""end of minor GC"",cause=""G1 Evacuation Pause"",gc=""G1 Young Generation"",language=""java"",service=""java-order-service"",}",0.029
1790102158.373,java-order-service,hikaricp_connections_usage_seconds_count,"{language=""java"",pool=""HikariPool-1"",service=""java-order-service"",}",760.0
1790102158.373,java-order-service,hikaricp_connections_usage_seconds_sum,"{language=""java"",pool=""HikariPool-1"",service=""java-order-service"",}",0.002
1790102158.373,java-order-service,hikaricp_connections_active,"{language=""java"",pool=""HikariPool-1"",service=""java-order-service"",}",0.0
1790102158.373,java-order-service,tomcat_threads_config_max_threads,"{language=""java"",name=""http-nio-9083"",service=""java-order-service"",}",-1.0
1790102158.373,java-order-service,hikaricp_connections_acquire_seconds_count,"{language=""java"",pool=""HikariPool-1"",service=""java-order-service"",}",760.0
1790102158.373,java-order-service,hikaricp_connections_acquire_seconds_sum,"{language=""java"",pool=""HikariPool-1"",service=""java-order-service"",}",0.127509928
1790102158.373,java-order-service,tomcat_threads_busy_threads,"{language=""java"",name=""http-nio-9083"",service=""java-order-service"",}",-1.0
1790102158.373,java-order-service,jvm_memory_committed_bytes,"{area=""nonheap"",id=""CodeHeap 'non-profiled nmethods'"",language=""java"",service=""java-order-service"",}",5242880.0
1790102158.373,java-order-service,jvm_memory_committed_bytes,"{area=""heap"",id=""G1 Eden Space"",language=""java"",service=""java-order-service"",}",75497472.0
1790102158.373,java-order-service,jvm_memory_committed_bytes,"{area=""nonheap"",id=""CodeHeap 'profiled nmethods'"",language=""java"",service=""java-order-service"",}",19791872.0
1790102158.373,java-order-service,jvm_memory_committed_bytes,"{area=""nonheap"",id=""CodeHeap 'non-nmethods'"",language=""java"",service=""java-order-service"",}",2555904.0
1790102158.373,java-order-service,jvm_memory_committed_bytes,"{area=""heap"",id=""G1 Survivor Space"",language=""java"",service=""java-order-service"",}",4194304.0
1790102158.373,java-order-service,jvm_memory_committed_bytes,"{area=""nonheap"",id=""Compressed Class Space"",language=""java"",service=""java-order-service"",}",11141120.0
1790102158.373,java-order-service,jvm_memory_committed_bytes,"{area=""heap"",id=""G1 Old Gen"",language=""java"",service=""java-order-service"",}",46137344.0
1790102158.373,java-order-service,jvm_memory_committed_bytes,"{area=""nonheap"",id=""Metaspace"",language=""java"",service=""java-order-service"",}",80871424.0
1790102158.373,java-order-service,hikaricp_connections_pending,"{language=""java"",pool=""HikariPool-1"",service=""java-order-service"",}",0.0
1790102158.373,java-order-service,process_cpu_usage,"{language=""java"",service=""java-order-service"",}",0.019444444444444445
1790102158.373,java-order-service,tomcat_threads_current_threads,"{language=""java"",name=""http-nio-9083"",service=""java-order-service"",}",-1.0
1790102158.373,java-order-service,jvm_memory_used_bytes,"{area=""nonheap"",id=""CodeHeap 'non-profiled nmethods'"",language=""java"",service=""java-order-service"",}",5209472.0
1790102158.373,java-order-service,jvm_memory_used_bytes,"{area=""heap"",id=""G1 Eden Space"",language=""java"",service=""java-order-service"",}",13631488.0
1790102158.373,java-order-service,jvm_memory_used_bytes,"{area=""nonheap"",id=""CodeHeap 'profiled nmethods'"",language=""java"",service=""java-order-service"",}",19776768.0
1790102158.373,java-order-service,jvm_memory_used_bytes,"{area=""nonheap"",id=""CodeHeap 'non-nmethods'"",language=""java"",service=""java-order-service"",}",1610368.0
1790102158.373,java-order-service,jvm_memory_used_bytes,"{area=""heap"",id=""G1 Survivor Space"",language=""java"",service=""java-order-service"",}",3670016.0
1790102158.373,java-order-service,jvm_memory_used_bytes,"{area=""nonheap"",id=""Compressed Class Space"",language=""java"",service=""java-order-service"",}",10687576.0
1790102158.373,java-order-service,jvm_memory_used_bytes,"{area=""heap"",id=""G1 Old Gen"",language=""java"",service=""java-order-service"",}",31888232.0
1790102158.373,java-order-service,jvm_memory_used_bytes,"{area=""nonheap"",id=""Metaspace"",language=""java"",service=""java-order-service"",}",79970040.0
1790102163.408,java-user-service,tomcat_threads_busy_threads,"{framework=""spring-boot"",language=""java"",name=""http-nio-9081"",service=""java-user-service"",}",-1.0
1790102163.408,java-user-service,jvm_gc_pause_seconds_count,"{action=""end of minor GC"",cause=""G1 Evacuation Pause"",framework=""spring-boot"",gc=""G1 Young Generation"",language=""java"",service=""java-user-service"",}",13.0
1790102163.408,java-user-service,jvm_gc_pause_seconds_sum,"{action=""end of minor GC"",cause=""G1 Evacuation Pause"",framework=""spring-boot"",gc=""G1 Young Generation"",language=""java"",service=""java-user-service"",}",0.116
1790102163.408,java-user-service,jvm_memory_used_bytes,"{area=""nonheap"",framework=""spring-boot"",id=""CodeHeap 'non-nmethods'"",language=""java"",service=""java-user-service"",}",1645696.0
1790102163.408,java-user-service,jvm_memory_used_bytes,"{area=""nonheap"",framework=""spring-boot"",id=""CodeHeap 'non-profiled nmethods'"",language=""java"",service=""java-user-service"",}",7902336.0
1790102163.408,java-user-service,jvm_memory_used_bytes,"{area=""heap"",framework=""spring-boot"",id=""G1 Survivor Space"",language=""java"",service=""java-user-service"",}",3966544.0
1790102163.408,java-user-service,jvm_memory_used_bytes,"{area=""heap"",framework=""spring-boot"",id=""G1 Old Gen"",language=""java"",service=""java-user-service"",}",39247832.0
1790102163.408,java-user-service,jvm_memory_used_bytes,"{area=""nonheap"",framework=""spring-boot"",id=""Metaspace"",language=""java"",service=""java-user-service"",}",104242248.0
1790102163.408,java-user-service,jvm_memory_used_bytes,"{area=""heap"",framework=""spring-boot"",id=""G1 Eden Space"",language=""java"",service=""java-user-service"",}",9437184.0
1790102163.408,java-user-service,jvm_memory_used_bytes,"{area=""nonheap"",framework=""spring-boot"",id=""Compressed Class Space"",language=""java"",service=""java-user-service"",}",13414008.0
1790102163.408,java-user-service,jvm_memory_used_bytes,"{area=""nonheap"",framework=""spring-boot"",id=""CodeHeap 'profiled nmethods'"",language=""java"",service=""java-user-service"",}",22668032.0
1790102163.408,java-user-service,hikaricp_connections_usage_seconds_count,"{framework=""spring-boot"",language=""java"",pool=""HikariPool-1"",service=""java-user-service"",}",2186.0
1790102163.408,java-user-service,hikaricp_connections_usage_seconds_sum,"{framework=""spring-boot"",language=""java"",pool=""HikariPool-1"",service=""java-user-service"",}",203.162
1790102163.408,java-user-service,process_cpu_usage,"{framework=""spring-boot"",language=""java"",service=""java-user-service"",}",0.29814814814814816
1790102163.408,java-user-service,tomcat_threads_current_threads,"{framework=""spring-boot"",language=""java"",name=""http-nio-9081"",service=""java-user-service"",}",-1.0
1790102163.408,java-user-service,jvm_memory_committed_bytes,"{area=""nonheap"",framework=""spring-boot"",id=""CodeHeap 'non-nmethods'"",language=""java"",service=""java-user-service"",}",2555904.0
1790102163.408,java-user-service,jvm_memory_committed_bytes,"{area=""nonheap"",framework=""spring-boot"",id=""CodeHeap 'non-profiled nmethods'"",language=""java"",service=""java-user-service"",}",10027008.0
1790102163.408,java-user-service,jvm_memory_committed_bytes,"{area=""heap"",framework=""spring-boot"",id=""G1 Survivor Space"",language=""java"",service=""java-user-service"",}",4194304.0
1790102163.408,java-user-service,jvm_memory_committed_bytes,"{area=""heap"",framework=""spring-boot"",id=""G1 Old Gen"",language=""java"",service=""java-user-service"",}",42991616.0
1790102163.408,java-user-service,jvm_memory_committed_bytes,"{area=""nonheap"",framework=""spring-boot"",id=""Metaspace"",language=""java"",service=""java-user-service"",}",105185280.0
1790102163.408,java-user-service,jvm_memory_committed_bytes,"{area=""heap"",framework=""spring-boot"",id=""G1 Eden Space"",language=""java"",service=""java-user-service"",}",59768832.0
1790102163.408,java-user-service,jvm_memory_committed_bytes,"{area=""nonheap"",framework=""spring-boot"",id=""Compressed Class Space"",language=""java"",service=""java-user-service"",}",13828096.0
1790102163.408,java-user-service,jvm_memory_committed_bytes,"{area=""nonheap"",framework=""spring-boot"",id=""CodeHeap 'profiled nmethods'"",language=""java"",service=""java-user-service"",}",33292288.0
1790102163.408,java-user-service,system_cpu_usage,"{framework=""spring-boot"",language=""java"",service=""java-user-service"",}",0.29823944444444445
1790102163.408,java-user-service,hikaricp_connections_pending,"{framework=""spring-boot"",language=""java"",pool=""HikariPool-1"",service=""java-user-service"",}",0.0
1790102163.408,java-user-service,hikaricp_connections_acquire_seconds_count,"{framework=""spring-boot"",language=""java"",pool=""HikariPool-1"",service=""java-user-service"",}",2192.0
1790102163.408,java-user-service,hikaricp_connections_acquire_seconds_sum,"{framework=""spring-boot"",language=""java"",pool=""HikariPool-1"",service=""java-user-service"",}",20.097638179
1790102163.408,java-user-service,tomcat_threads_config_max_threads,"{framework=""spring-boot"",language=""java"",name=""http-nio-9081"",service=""java-user-service"",}",-1.0
1790102163.408,java-user-service,hikaricp_connections_active,"{framework=""spring-boot"",language=""java"",pool=""HikariPool-1"",service=""java-user-service"",}",6.0
1790102163.408,java-product-service,jvm_memory_used_bytes,"{area=""nonheap"",id=""CodeHeap 'non-nmethods'"",language=""java"",service=""java-product-service"",}",1638144.0
1790102163.408,java-product-service,jvm_memory_used_bytes,"{area=""heap"",id=""G1 Eden Space"",language=""java"",service=""java-product-service"",}",47185920.0
1790102163.408,java-product-service,jvm_memory_used_bytes,"{area=""nonheap"",id=""Metaspace"",language=""java"",service=""java-product-service"",}",98330520.0
1790102163.408,java-product-service,jvm_memory_used_bytes,"{area=""heap"",id=""G1 Old Gen"",language=""java"",service=""java-product-service"",}",39283704.0
1790102163.408,java-product-service,jvm_memory_used_bytes,"{area=""nonheap"",id=""Compressed Class Space"",language=""java"",service=""java-product-service"",}",12935928.0
1790102163.408,java-product-service,jvm_memory_used_bytes,"{area=""heap"",id=""G1 Survivor Space"",language=""java"",service=""java-product-service"",}",2499856.0
1790102163.408,java-product-service,jvm_memory_used_bytes,"{area=""nonheap"",id=""CodeHeap 'profiled nmethods'"",language=""java"",service=""java-product-service"",}",19192448.0
1790102163.408,java-product-service,jvm_memory_used_bytes,"{area=""nonheap"",id=""CodeHeap 'non-profiled nmethods'"",language=""java"",service=""java-product-service"",}",8358144.0
1790102163.408,java-product-service,tomcat_threads_current_threads,"{language=""java"",name=""http-nio-9082"",service=""java-product-service"",}",-1.0
1790102163.408,java-product-service,hikaricp_connections_acquire_seconds_count,"{language=""java"",pool=""HikariPool-1"",service=""java-product-service"",}",820.0
1790102163.408,java-product-service,hikaricp_connections_acquire_seconds_sum,"{language=""java"",pool=""HikariPool-1"",service=""java-product-service"",}",0.368211311
1790102163.408,java-product-service,tomcat_threads_busy_threads,"{language=""java"",name=""http-nio-9082"",service=""java-product-service"",}",-1.0
1790102163.408,java-product-service,hikaricp_connections_pending,"{language=""java"",pool=""HikariPool-1"",service=""java-product-service"",}",0.0
1790102163.408,java-product-service,hikaricp_connections_active,"{language=""java"",pool=""HikariPool-1"",service=""java-product-service"",}",0.0
1790102163.408,java-product-service,tomcat_threads_config_max_threads,"{language=""java"",name=""http-nio-9082"",service=""java-product-service"",}",-1.0
1790102163.408,java-product-service,process_cpu_usage,"{language=""java"",service=""java-product-service"",}",0.07801418439716312
1790102163.408,java-product-service,system_cpu_usage,"{language=""java"",service=""java-product-service"",}",0.0790641134751773
1790102163.408,java-product-service,jvm_gc_pause_seconds_count,"{action=""end of minor GC"",cause=""G1 Evacuation Pause"",gc=""G1 Young Generation"",language=""java"",service=""java-product-service"",}",13.0
1790102163.408,java-product-service,jvm_gc_pause_seconds_sum,"{action=""end of minor GC"",cause=""G1 Evacuation Pause"",gc=""G1 Young Generation"",language=""java"",service=""java-product-service"",}",0.074
1790102163.408,java-product-service,jvm_memory_committed_bytes,"{area=""nonheap"",id=""CodeHeap 'non-nmethods'"",language=""java"",service=""java-product-service"",}",2555904.0
1790102163.408,java-product-service,jvm_memory_committed_bytes,"{area=""heap"",id=""G1 Eden Space"",language=""java"",service=""java-product-service"",}",52428800.0
1790102163.408,java-product-service,jvm_memory_committed_bytes,"{area=""nonheap"",id=""Metaspace"",language=""java"",service=""java-product-service"",}",99287040.0
1790102163.408,java-product-service,jvm_memory_committed_bytes,"{area=""heap"",id=""G1 Old Gen"",language=""java"",service=""java-product-service"",}",42991616.0
1790102163.408,java-product-service,jvm_memory_committed_bytes,"{area=""nonheap"",id=""Compressed Class Space"",language=""java"",service=""java-product-service"",}",13434880.0
1790102163.408,java-product-service,jvm_memory_committed_bytes,"{area=""heap"",id=""G1 Survivor Space"",language=""java"",service=""java-product-service"",}",3145728.0
1790102163.408,java-product-service,jvm_memory_committed_bytes,"{area=""nonheap"",id=""CodeHeap 'profiled nmethods'"",language=""java"",service=""java-product-service"",}",24117248.0
1790102163.408,java-product-service,jvm_memory_committed_bytes,"{area=""nonheap"",id=""CodeHeap 'non-profiled nmethods'"",language=""java"",service=""java-product-service"",}",8388608.0
1790102163.408,java-product-service,hikaricp_connections_usage_seconds_count,"{language=""java"",pool=""HikariPool-1"",service=""java-product-service"",}",820.0
1790102163.408,java-product-service,hikaricp_connections_usage_seconds_sum,"{language=""java"",pool=""HikariPool-1"",service=""java-product-service"",}",0.576
1790102163.408,java-order-service,system_cpu_usage,"{language=""java"",service=""java-order-service"",}",0.015801234567901234
1790102163.408,java-order-service,jvm_gc_pause_seconds_count,"{action=""end of minor GC"",cause=""G1 Evacuation Pause"",gc=""G1 Young Generation"",language=""java"",service=""java-order-service"",}",2.0
1790102163.408,java-order-service,jvm_gc_pause_seconds_sum,"{action=""end of minor GC"",cause=""G1 Evacuation Pause"",gc=""G1 Young Generation"",language=""java"",service=""java-order-service"",}",0.029
1790102163.408,java-order-service,hikaricp_connections_usage_seconds_count,"{language=""java"",pool=""HikariPool-1"",service=""java-order-service"",}",780.0
1790102163.408,java-order-service,hikaricp_connections_usage_seconds_sum,"{language=""java"",pool=""HikariPool-1"",service=""java-order-service"",}",0.002
1790102163.408,java-order-service,hikaricp_connections_active,"{language=""java"",pool=""HikariPool-1"",service=""java-order-service"",}",0.0
1790102163.408,java-order-service,tomcat_threads_config_max_threads,"{language=""java"",name=""http-nio-9083"",service=""java-order-service"",}",-1.0
1790102163.408,java-order-service,hikaricp_connections_acquire_seconds_count,"{language=""java"",pool=""HikariPool-1"",service=""java-order-service"",}",780.0
1790102163.408,java-order-service,hikaricp_connections_acquire_seconds_sum,"{language=""java"",pool=""HikariPool-1"",service=""java-order-service"",}",0.129280176
1790102163.408,java-order-service,tomcat_threads_busy_threads,"{language=""java"",name=""http-nio-9083"",service=""java-order-service"",}",-1.0
1790102163.408,java-order-service,jvm_memory_committed_bytes,"{area=""nonheap"",id=""CodeHeap 'non-profiled nmethods'"",language=""java"",service=""java-order-service"",}",5242880.0
1790102163.408,java-order-service,jvm_memory_committed_bytes,"{area=""heap"",id=""G1 Eden Space"",language=""java"",service=""java-order-service"",}",75497472.0
1790102163.408,java-order-service,jvm_memory_committed_bytes,"{area=""nonheap"",id=""CodeHeap 'profiled nmethods'"",language=""java"",service=""java-order-service"",}",19922944.0
1790102163.408,java-order-service,jvm_memory_committed_bytes,"{area=""nonheap"",id=""CodeHeap 'non-nmethods'"",language=""java"",service=""java-order-service"",}",2555904.0
1790102163.408,java-order-service,jvm_memory_committed_bytes,"{area=""heap"",id=""G1 Survivor Space"",language=""java"",service=""java-order-service"",}",4194304.0
1790102163.408,java-order-service,jvm_memory_committed_bytes,"{area=""nonheap"",id=""Compressed Class Space"",language=""java"",service=""java-order-service"",}",11141120.0
1790102163.408,java-order-service,jvm_memory_committed_bytes,"{area=""heap"",id=""G1 Old Gen"",language=""java"",service=""java-order-service"",}",46137344.0
1790102163.408,java-order-service,jvm_memory_committed_bytes,"{area=""nonheap"",id=""Metaspace"",language=""java"",service=""java-order-service"",}",80936960.0
1790102163.408,java-order-service,hikaricp_connections_pending,"{language=""java"",pool=""HikariPool-1"",service=""java-order-service"",}",0.0
1790102163.408,java-order-service,process_cpu_usage,"{language=""java"",service=""java-order-service"",}",0.012345679012345678
1790102163.408,java-order-service,tomcat_threads_current_threads,"{language=""java"",name=""http-nio-9083"",service=""java-order-service"",}",-1.0
1790102163.408,java-order-service,jvm_memory_used_bytes,"{area=""nonheap"",id=""CodeHeap 'non-profiled nmethods'"",language=""java"",service=""java-order-service"",}",5224192.0
1790102163.408,java-order-service,jvm_memory_used_bytes,"{area=""heap"",id=""G1 Eden Space"",language=""java"",service=""java-order-service"",}",15728640.0
1790102163.408,java-order-service,jvm_memory_used_bytes,"{area=""nonheap"",id=""CodeHeap 'profiled nmethods'"",language=""java"",service=""java-order-service"",}",19890688.0
1790102163.408,java-order-service,jvm_memory_used_bytes,"{area=""nonheap"",id=""CodeHeap 'non-nmethods'"",language=""java"",service=""java-order-service"",}",1610368.0
1790102163.408,java-order-service,jvm_memory_used_bytes,"{area=""heap"",id=""G1 Survivor Space"",language=""java"",service=""java-order-service"",}",3670016.0
1790102163.408,java-order-service,jvm_memory_used_bytes,"{area=""nonheap"",id=""Compressed Class Space"",language=""java"",service=""java-order-service"",}",10687576.0
1790102163.408,java-order-service,jvm_memory_used_bytes,"{area=""heap"",id=""G1 Old Gen"",language=""java"",service=""java-order-service"",}",31888232.0
1790102163.408,java-order-service,jvm_memory_used_bytes,"{area=""nonheap"",id=""Metaspace"",language=""java"",service=""java-order-service"",}",80013080.0
1790102168.454,java-user-service,tomcat_threads_busy_threads,"{framework=""spring-boot"",language=""java"",name=""http-nio-9081"",service=""java-user-service"",}",-1.0
1790102168.454,java-user-service,jvm_gc_pause_seconds_count,"{action=""end of minor GC"",cause=""G1 Evacuation Pause"",framework=""spring-boot"",gc=""G1 Young Generation"",language=""java"",service=""java-user-service"",}",13.0
1790102168.454,java-user-service,jvm_gc_pause_seconds_sum,"{action=""end of minor GC"",cause=""G1 Evacuation Pause"",framework=""spring-boot"",gc=""G1 Young Generation"",language=""java"",service=""java-user-service"",}",0.116
1790102168.454,java-user-service,jvm_memory_used_bytes,"{area=""nonheap"",framework=""spring-boot"",id=""CodeHeap 'non-nmethods'"",language=""java"",service=""java-user-service"",}",1645696.0
1790102168.454,java-user-service,jvm_memory_used_bytes,"{area=""nonheap"",framework=""spring-boot"",id=""CodeHeap 'non-profiled nmethods'"",language=""java"",service=""java-user-service"",}",7958784.0
1790102168.454,java-user-service,jvm_memory_used_bytes,"{area=""heap"",framework=""spring-boot"",id=""G1 Survivor Space"",language=""java"",service=""java-user-service"",}",3966544.0
1790102168.454,java-user-service,jvm_memory_used_bytes,"{area=""heap"",framework=""spring-boot"",id=""G1 Old Gen"",language=""java"",service=""java-user-service"",}",39247832.0
1790102168.454,java-user-service,jvm_memory_used_bytes,"{area=""nonheap"",framework=""spring-boot"",id=""Metaspace"",language=""java"",service=""java-user-service"",}",104247824.0
1790102168.454,java-user-service,jvm_memory_used_bytes,"{area=""heap"",framework=""spring-boot"",id=""G1 Eden Space"",language=""java"",service=""java-user-service"",}",17825792.0
1790102168.454,java-user-service,jvm_memory_used_bytes,"{area=""nonheap"",framework=""spring-boot"",id=""Compressed Class Space"",language=""java"",service=""java-user-service"",}",13414008.0
1790102168.454,java-user-service,jvm_memory_used_bytes,"{area=""nonheap"",framework=""spring-boot"",id=""CodeHeap 'profiled nmethods'"",language=""java"",service=""java-user-service"",}",22694656.0
1790102168.454,java-user-service,hikaricp_connections_usage_seconds_count,"{framework=""spring-boot"",language=""java"",pool=""HikariPool-1"",service=""java-user-service"",}",2229.0
1790102168.454,java-user-service,hikaricp_connections_usage_seconds_sum,"{framework=""spring-boot"",language=""java"",pool=""HikariPool-1"",service=""java-user-service"",}",208.228
1790102168.454,java-user-service,process_cpu_usage,"{framework=""spring-boot"",language=""java"",service=""java-user-service"",}",0.432258064516129
1790102168.454,java-user-service,tomcat_threads_current_threads,"{framework=""spring-boot"",language=""java"",name=""http-nio-9081"",service=""java-user-service"",}",-1.0
1790102168.454,java-user-service,jvm_memory_committed_bytes,"{area=""nonheap"",framework=""spring-boot"",id=""CodeHeap 'non-nmethods'"",language=""java"",service=""java-user-service"",}",2555904.0
1790102168.454,java-user-service,jvm_memory_committed_bytes,"{area=""nonheap"",framework=""spring-boot"",id=""CodeHeap 'non-profiled nmethods'"",language=""java"",service=""java-user-service"",}",10027008.0
1790102168.454,java-user-service,jvm_memory_committed_bytes,"{area=""heap"",framework=""spring-boot"",id=""G1 Survivor Space"",language=""java"",service=""java-user-service"",}",4194304.0
1790102168.454,java-user-service,jvm_memory_committed_bytes,"{area=""heap"",framework=""spring-boot"",id=""G1 Old Gen"",language=""java"",service=""java-user-service"",}",42991616.0
1790102168.454,java-user-service,jvm_memory_committed_bytes,"{area=""nonheap"",framework=""spring-boot"",id=""Metaspace"",language=""java"",service=""java-user-service"",}",105185280.0
1790102168.454,java-user-service,jvm_memory_committed_bytes,"{area=""heap"",framework=""spring-boot"",id=""G1 Eden Space"",language=""java"",service=""java-user-service"",}",59768832.0
1790102168.454,java-user-service,jvm_memory_committed_bytes,"{area=""nonheap"",framework=""spring-boot"",id=""Compressed Class Space"",language=""java"",service=""java-user-service"",}",13828096.0
1790102168.454,java-user-service,jvm_memory_committed_bytes,"{area=""nonheap"",framework=""spring-boot"",id=""CodeHeap 'profiled nmethods'"",language=""java"",service=""java-user-service"",}",33292288.0
1790102168.454,java-user-service,system_cpu_usage,"{framework=""spring-boot"",language=""java"",service=""java-user-service"",}",0.4345430107526882
1790102168.454,java-user-service,hikaricp_connections_pending,"{framework=""spring-boot"",language=""java"",pool=""HikariPool-1"",service=""java-user-service"",}",0.0
1790102168.454,java-user-service,hikaricp_connections_acquire_seconds_count,"{framework=""spring-boot"",language=""java"",pool=""HikariPool-1"",service=""java-user-service"",}",2236.0
1790102168.454,java-user-service,hikaricp_connections_acquire_seconds_sum,"{framework=""spring-boot"",language=""java"",pool=""HikariPool-1"",service=""java-user-service"",}",20.614832346
1790102168.454,java-user-service,tomcat_threads_config_max_threads,"{framework=""spring-boot"",language=""java"",name=""http-nio-9081"",service=""java-user-service"",}",-1.0
1790102168.454,java-user-service,hikaricp_connections_active,"{framework=""spring-boot"",language=""java"",pool=""HikariPool-1"",service=""java-user-service"",}",7.0
1790102168.454,java-product-service,jvm_memory_used_bytes,"{area=""nonheap"",id=""CodeHeap 'non-nmethods'"",language=""java"",service=""java-product-service"",}",1638144.0
1790102168.454,java-product-service,jvm_memory_used_bytes,"{area=""heap"",id=""G1 Eden Space"",language=""java"",service=""java-product-service"",}",11534336.0
1790102168.454,java-product-service,jvm_memory_used_bytes,"{area=""nonheap"",id=""Metaspace"",language=""java"",service=""java-product-service"",}",98337368.0
1790102168.454,java-product-service,jvm_memory_used_bytes,"{area=""heap"",id=""G1 Old Gen"",language=""java"",service=""java-product-service"",}",38828152.0
1790102168.454,java-product-service,jvm_memory_used_bytes,"{area=""nonheap"",id=""Compressed Class Space"",language=""java"",service=""java-product-service"",}",12935928.0
1790102168.454,java-product-service,jvm_memory_used_bytes,"{area=""heap"",id=""G1 Survivor Space"",language=""java"",service=""java-product-service"",}",2743664.0
1790102168.454,java-product-service,jvm_memory_used_bytes,"{area=""nonheap"",id=""CodeHeap 'profiled nmethods'"",language=""java"",service=""java-product-service"",}",19235968.0
1790102168.454,java-product-service,jvm_memory_used_bytes,"{area=""nonheap"",id=""CodeHeap 'non-profiled nmethods'"",language=""java"",service=""java-product-service"",}",8679808.0
1790102168.454,java-product-service,tomcat_threads_current_threads,"{language=""java"",name=""http-nio-9082"",service=""java-product-service"",}",-1.0
1790102168.454,java-product-service,hikaricp_connections_acquire_seconds_count,"{language=""java"",pool=""HikariPool-1"",service=""java-product-service"",}",840.0
1790102168.454,java-product-service,hikaricp_connections_acquire_seconds_sum,"{language=""java"",pool=""HikariPool-1"",service=""java-product-service"",}",0.370667477
1790102168.454,java-product-service,tomcat_threads_busy_threads,"{language=""java"",name=""http-nio-9082"",service=""java-product-service"",}",-1.0
1790102168.454,java-product-service,hikaricp_connections_pending,"{language=""java"",pool=""HikariPool-1"",service=""java-product-service"",}",0.0
1790102168.454,java-product-service,hikaricp_connections_active,"{language=""java"",pool=""HikariPool-1"",service=""java-product-service"",}",1.0
1790102168.454,java-product-service,tomcat_threads_config_max_threads,"{language=""java"",name=""http-nio-9082"",service=""java-product-service"",}",-1.0
1790102168.454,java-product-service,process_cpu_usage,"{language=""java"",service=""java-product-service"",}",0.10814814814814815
1790102168.454,java-product-service,system_cpu_usage,"{language=""java"",service=""java-product-service"",}",0.10873748148148148
1790102168.454,java-product-service,jvm_gc_pause_seconds_count,"{action=""end of minor GC"",cause=""G1 Evacuation Pause"",gc=""G1 Young Generation"",language=""java"",service=""java-product-service"",}",14.0
1790102168.454,java-product-service,jvm_gc_pause_seconds_sum,"{action=""end of minor GC"",cause=""G1 Evacuation Pause"",gc=""G1 Young Generation"",language=""java"",service=""java-product-service"",}",0.079
1790102168.454,java-product-service,jvm_memory_committed_bytes,"{area=""nonheap"",id=""CodeHeap 'non-nmethods'"",language=""java"",service=""java-product-service"",}",2555904.0
1790102168.454,java-product-service,jvm_memory_committed_bytes,"{area=""heap"",id=""G1 Eden Space"",language=""java"",service=""java-product-service"",}",52428800.0
1790102168.454,java-product-service,jvm_memory_committed_bytes,"{area=""nonheap"",id=""Metaspace"",language=""java"",service=""java-product-service"",}",99352576.0
1790102168.454,java-product-service,jvm_memory_committed_bytes,"{area=""heap"",id=""G1 Old Gen"",language=""java"",service=""java-product-service"",}",42991616.0
1790102168.454,java-product-service,jvm_memory_committed_bytes,"{area=""nonheap"",id=""Compressed Class Space"",language=""java"",service=""java-product-service"",}",13434880.0
1790102168.454,java-product-service,jvm_memory_committed_bytes,"{area=""heap"",id=""G1 Survivor Space"",language=""java"",service=""java-product-service"",}",3145728.0
1790102168.454,java-product-service,jvm_memory_committed_bytes,"{area=""nonheap"",id=""CodeHeap 'profiled nmethods'"",language=""java"",service=""java-product-service"",}",24117248.0
1790102168.454,java-product-service,jvm_memory_committed_bytes,"{area=""nonheap"",id=""CodeHeap 'non-profiled nmethods'"",language=""java"",service=""java-product-service"",}",8716288.0
1790102168.454,java-product-service,hikaricp_connections_usage_seconds_count,"{language=""java"",pool=""HikariPool-1"",service=""java-product-service"",}",840.0
1790102168.454,java-product-service,hikaricp_connections_usage_seconds_sum,"{language=""java"",pool=""HikariPool-1"",service=""java-product-service"",}",0.576
1790102168.454,java-order-service,system_cpu_usage,"{language=""java"",service=""java-order-service"",}",0.01183753086419753
1790102168.454,java-order-service,jvm_gc_pause_seconds_count,"{action=""end of minor GC"",cause=""G1 Evacuation Pause"",gc=""G1 Young Generation"",language=""java"",service=""java-order-service"",}",2.0
1790102168.454,java-order-service,jvm_gc_pause_seconds_sum,"{action=""end of minor GC"",cause=""G1 Evacuation Pause"",gc=""G1 Young Generation"",language=""java"",service=""java-order-service"",}",0.029
1790102168.454,java-order-service,hikaricp_connections_usage_seconds_count,"{language=""java"",pool=""HikariPool-1"",service=""java-order-service"",}",798.0
1790102168.454,java-order-service,hikaricp_connections_usage_seconds_sum,"{language=""java"",pool=""HikariPool-1"",service=""java-order-service"",}",0.002
1790102168.454,java-order-service,hikaricp_connections_active,"{language=""java"",pool=""HikariPool-1"",service=""java-order-service"",}",0.0
1790102168.454,java-order-service,tomcat_threads_config_max_threads,"{language=""java"",name=""http-nio-9083"",service=""java-order-service"",}",-1.0
1790102168.454,java-order-service,hikaricp_connections_acquire_seconds_count,"{language=""java"",pool=""HikariPool-1"",service=""java-order-service"",}",798.0
1790102168.454,java-order-service,hikaricp_connections_acquire_seconds_sum,"{language=""java"",pool=""HikariPool-1"",service=""java-order-service"",}",0.131739342
1790102168.454,java-order-service,tomcat_threads_busy_threads,"{language=""java"",name=""http-nio-9083"",service=""java-order-service"",}",-1.0
1790102168.454,java-order-service,jvm_memory_committed_bytes,"{area=""nonheap"",id=""CodeHeap 'non-profiled nmethods'"",language=""java"",service=""java-order-service"",}",5242880.0
1790102168.454,java-order-service,jvm_memory_committed_bytes,"{area=""heap"",id=""G1 Eden Space"",language=""java"",service=""java-order-service"",}",75497472.0
1790102168.454,java-order-service,jvm_memory_committed_bytes,"{area=""nonheap"",id=""CodeHeap 'profiled nmethods'"",language=""java"",service=""java-order-service"",}",19922944.0
1790102168.454,java-order-service,jvm_memory_committed_bytes,"{area=""nonheap"",id=""CodeHeap 'non-nmethods'"",language=""java"",service=""java-order-service"",}",2555904.0
1790102168.454,java-order-service,jvm_memory_committed_bytes,"{area=""heap"",id=""G1 Survivor Space"",language=""java"",service=""java-order-service"",}",4194304.0
1790102168.454,java-order-service,jvm_memory_committed_bytes,"{area=""nonheap"",id=""Compressed Class Space"",language=""java"",service=""java-order-service"",}",11141120.0
1790102168.454,java-order-service,jvm_memory_committed_bytes,"{area=""heap"",id=""G1 Old Gen"",language=""java"",service=""java-order-service"",}",46137344.0
1790102168.454,java-order-service,jvm_memory_committed_bytes,"{area=""nonheap"",id=""Metaspace"",language=""java"",service=""java-order-service"",}",80936960.0
1790102168.454,java-order-service,hikaricp_connections_pending,"{language=""java"",pool=""HikariPool-1"",service=""java-order-service"",}",0.0
1790102168.454,java-order-service,process_cpu_usage,"{language=""java"",service=""java-order-service"",}",0.012345679012345678
1790102168.454,java-order-service,tomcat_threads_current_threads,"{language=""java"",name=""http-nio-9083"",service=""java-order-service"",}",-1.0
1790102168.454,java-order-service,jvm_memory_used_bytes,"{area=""nonheap"",id=""CodeHeap 'non-profiled nmethods'"",language=""java"",service=""java-order-service"",}",5236352.0
1790102168.454,java-order-service,jvm_memory_used_bytes,"{area=""heap"",id=""G1 Eden Space"",language=""java"",service=""java-order-service"",}",17825792.0
1790102168.454,java-order-service,jvm_memory_used_bytes,"{area=""nonheap"",id=""CodeHeap 'profiled nmethods'"",language=""java"",service=""java-order-service"",}",19928832.0
1790102168.454,java-order-service,jvm_memory_used_bytes,"{area=""nonheap"",id=""CodeHeap 'non-nmethods'"",language=""java"",service=""java-order-service"",}",1610368.0
1790102168.454,java-order-service,jvm_memory_used_bytes,"{area=""heap"",id=""G1 Survivor Space"",language=""java"",service=""java-order-service"",}",3670016.0
1790102168.454,java-order-service,jvm_memory_used_bytes,"{area=""nonheap"",id=""Compressed Class Space"",language=""java"",service=""java-order-service"",}",10687576.0
1790102168.454,java-order-service,jvm_memory_used_bytes,"{area=""heap"",id=""G1 Old Gen"",language=""java"",service=""java-order-service"",}",31888232.0
1790102168.454,java-order-service,jvm_memory_used_bytes,"{area=""nonheap"",id=""Metaspace"",language=""java"",service=""java-order-service"",}",80021568.0
1790102173.642,java-user-service,tomcat_threads_busy_threads,"{framework=""spring-boot"",language=""java"",name=""http-nio-9081"",service=""java-user-service"",}",-1.0
1790102173.642,java-user-service,jvm_gc_pause_seconds_count,"{action=""end of minor GC"",cause=""G1 Evacuation Pause"",framework=""spring-boot"",gc=""G1 Young Generation"",language=""java"",service=""java-user-service"",}",13.0
1790102173.642,java-user-service,jvm_gc_pause_seconds_sum,"{action=""end of minor GC"",cause=""G1 Evacuation Pause"",framework=""spring-boot"",gc=""G1 Young Generation"",language=""java"",service=""java-user-service"",}",0.116
1790102173.642,java-user-service,jvm_memory_used_bytes,"{area=""nonheap"",framework=""spring-boot"",id=""CodeHeap 'non-nmethods'"",language=""java"",service=""java-user-service"",}",1645696.0
1790102173.642,java-user-service,jvm_memory_used_bytes,"{area=""nonheap"",framework=""spring-boot"",id=""CodeHeap 'non-profiled nmethods'"",language=""java"",service=""java-user-service"",}",7990656.0
1790102173.642,java-user-service,jvm_memory_used_bytes,"{area=""heap"",framework=""spring-boot"",id=""G1 Survivor Space"",language=""java"",service=""java-user-service"",}",3966544.0
1790102173.642,java-user-service,jvm_memory_used_bytes,"{area=""heap"",framework=""spring-boot"",id=""G1 Old Gen"",language=""java"",service=""java-user-service"",}",39247832.0
1790102173.642,java-user-service,jvm_memory_used_bytes,"{area=""nonheap"",framework=""spring-boot"",id=""Metaspace"",language=""java"",service=""java-user-service"",}",104251808.0
1790102173.642,java-user-service,jvm_memory_used_bytes,"{area=""heap"",framework=""spring-boot"",id=""G1 Eden Space"",language=""java"",service=""java-user-service"",}",25165824.0
1790102173.642,java-user-service,jvm_memory_used_bytes,"{area=""nonheap"",framework=""spring-boot"",id=""Compressed Class Space"",language=""java"",service=""java-user-service"",}",13414008.0
1790102173.642,java-user-service,jvm_memory_used_bytes,"{area=""nonheap"",framework=""spring-boot"",id=""CodeHeap 'profiled nmethods'"",language=""java"",service=""java-user-service"",}",22729600.0
1790102173.642,java-user-service,hikaricp_connections_usage_seconds_count,"{framework=""spring-boot"",language=""java"",pool=""HikariPool-1"",service=""java-user-service"",}",2276.0
1790102173.642,java-user-service,hikaricp_connections_usage_seconds_sum,"{framework=""spring-boot"",language=""java"",pool=""HikariPool-1"",service=""java-user-service"",}",214.938
1790102173.642,java-user-service,process_cpu_usage,"{framework=""spring-boot"",language=""java"",service=""java-user-service"",}",0.31176470588235294
1790102173.642,java-user-service,tomcat_threads_current_threads,"{framework=""spring-boot"",language=""java"",name=""http-nio-9081"",service=""java-user-service"",}",-1.0
1790102173.642,java-user-service,jvm_memory_committed_bytes,"{area=""nonheap"",framework=""spring-boot"",id=""CodeHeap 'non-nmethods'"",language=""java"",service=""java-user-service"",}",2555904.0
1790102173.642,java-user-service,jvm_memory_committed_bytes,"{area=""nonheap"",framework=""spring-boot"",id=""CodeHeap 'non-profiled nmethods'"",language=""java"",service=""java-user-service"",}",10027008.0
1790102173.642,java-user-service,jvm_memory_committed_bytes,"{area=""heap"",framework=""spring-boot"",id=""G1 Survivor Space"",language=""java"",service=""java-user-service"",}",4194304.0
1790102173.642,java-user-service,jvm_memory_committed_bytes,"{area=""heap"",framework=""spring-boot"",id=""G1 Old Gen"",language=""java"",service=""java-user-service"",}",42991616.0
1790102173.642,java-user-service,jvm_memory_committed_bytes,"{area=""nonheap"",framework=""spring-boot"",id=""Metaspace"",language=""java"",service=""java-user-service"",}",105185280.0
1790102173.642,java-user-service,jvm_memory_committed_bytes,"{area=""heap"",framework=""spring-boot"",id=""G1 Eden Space"",language=""java"",service=""java-user-service"",}",59768832.0
1790102173.642,java-user-service,jvm_memory_committed_bytes,"{area=""nonheap"",framework=""spring-boot"",id=""Compressed Class Space"",language=""java"",service=""java-user-service"",}",13828096.0
1790102173.642,java-user-service,jvm_memory_committed_bytes,"{area=""nonheap"",framework=""spring-boot"",id=""CodeHeap 'profiled nmethods'"",language=""java"",service=""java-user-service"",}",33292288.0
1790102173.642,java-user-service,system_cpu_usage,"{framework=""spring-boot"",language=""java"",service=""java-user-service"",}",0.3128535294117647
1790102173.642,java-user-service,hikaricp_connections_pending,"{framework=""spring-boot"",language=""java"",pool=""HikariPool-1"",service=""java-user-service"",}",0.0
1790102173.642,java-user-service,hikaricp_connections_acquire_seconds_count,"{framework=""spring-boot"",language=""java"",pool=""HikariPool-1"",service=""java-user-service"",}",2278.0
1790102173.642,java-user-service,hikaricp_connections_acquire_seconds_sum,"{framework=""spring-boot"",language=""java"",pool=""HikariPool-1"",service=""java-user-service"",}",20.636356761
1790102173.642,java-user-service,tomcat_threads_config_max_threads,"{framework=""spring-boot"",language=""java"",name=""http-nio-9081"",service=""java-user-service"",}",-1.0
1790102173.642,java-user-service,hikaricp_connections_active,"{framework=""spring-boot"",language=""java"",pool=""HikariPool-1"",service=""java-user-service"",}",6.0
1790102173.642,java-product-service,jvm_memory_used_bytes,"{area=""nonheap"",id=""CodeHeap 'non-nmethods'"",language=""java"",service=""java-product-service"",}",1638144.0
1790102173.642,java-product-service,jvm_memory_used_bytes,"{area=""heap"",id=""G1 Eden Space"",language=""java"",service=""java-product-service"",}",23068672.0
1790102173.642,java-product-service,jvm_memory_used_bytes,"{area=""nonheap"",id=""Metaspace"",language=""java"",service=""java-product-service"",}",98343816.0
1790102173.642,java-product-service,jvm_memory_used_bytes,"{area=""heap"",id=""G1 Old Gen"",language=""java"",service=""java-product-service"",}",38828152.0
1790102173.642,java-product-service,jvm_memory_used_bytes,"{area=""nonheap"",id=""Compressed Class Space"",language=""java"",service=""java-product-service"",}",12936448.0
1790102173.642,java-product-service,jvm_memory_used_bytes,"{area=""heap"",id=""G1 Survivor Space"",language=""java"",service=""java-product-service"",}",2743664.0
1790102173.642,java-product-service,jvm_memory_used_bytes,"{area=""nonheap"",id=""CodeHeap 'profiled nmethods'"",language=""java"",service=""java-product-service"",}",19261952.0
1790102173.642,java-product-service,jvm_memory_used_bytes,"{area=""nonheap"",id=""CodeHeap 'non-profiled nmethods'"",language=""java"",service=""java-product-service"",}",8869504.0
1790102173.642,java-product-service,tomcat_threads_current_threads,"{language=""java"",name=""http-nio-9082"",service=""java-product-service"",}",-1.0
1790102173.642,java-product-service,hikaricp_connections_acquire_seconds_count,"{language=""java"",pool=""HikariPool-1"",service=""java-product-service"",}",858.0
1790102173.642,java-product-service,hikaricp_connections_acquire_seconds_sum,"{language=""java"",pool=""HikariPool-1"",service=""java-product-service"",}",0.373207311
1790102173.642,java-product-service,tomcat_threads_busy_threads,"{language=""java"",name=""http-nio-9082"",service=""java-product-service"",}",-1.0
1790102173.642,java-product-service,hikaricp_connections_pending,"{language=""java"",pool=""HikariPool-1"",service=""java-product-service"",}",0.0
1790102173.642,java-product-service,hikaricp_connections_active,"{language=""java"",pool=""HikariPool-1"",service=""java-product-service"",}",0.0
1790102173.642,java-product-service,tomcat_threads_config_max_threads,"{language=""java"",name=""http-nio-9082"",service=""java-product-service"",}",-1.0
1790102173.642,java-product-service,process_cpu_usage,"{language=""java"",service=""java-product-service"",}",0.06231884057971015
1790102173.642,java-product-service,system_cpu_usage,"{language=""java"",service=""java-product-service"",}",0.06605217391304348
1790102173.642,java-product-service,jvm_gc_pause_seconds_count,"{action=""end of minor GC"",cause=""G1 Evacuation Pause"",gc=""G1 Young Generation"",language=""java"",service=""java-product-service"",}",14.0
1790102173.642,java-product-service,jvm_gc_pause_seconds_sum,"{action=""end of minor GC"",cause=""G1 Evacuation Pause"",gc=""G1 Young Generation"",language=""java"",service=""java-product-service"",}",0.079
1790102173.642,java-product-service,jvm_memory_committed_bytes,"{area=""nonheap"",id=""CodeHeap 'non-nmethods'"",language=""java"",service=""java-product-service"",}",2555904.0
1790102173.642,java-product-service,jvm_memory_committed_bytes,"{area=""heap"",id=""G1 Eden Space"",language=""java"",service=""java-product-service"",}",52428800.0
1790102173.642,java-product-service,jvm_memory_committed_bytes,"{area=""nonheap"",id=""Metaspace"",language=""java"",service=""java-product-service"",}",99418112.0
1790102173.642,java-product-service,jvm_memory_committed_bytes,"{area=""heap"",id=""G1 Old Gen"",language=""java"",service=""java-product-service"",}",42991616.0
1790102173.642,java-product-service,jvm_memory_committed_bytes,"{area=""nonheap"",id=""Compressed Class Space"",language=""java"",service=""java-product-service"",}",13434880.0
1790102173.642,java-product-service,jvm_memory_committed_bytes,"{area=""heap"",id=""G1 Survivor Space"",language=""java"",service=""java-product-service"",}",3145728.0
1790102173.642,java-product-service,jvm_memory_committed_bytes,"{area=""nonheap"",id=""CodeHeap 'profiled nmethods'"",language=""java"",service=""java-product-service"",}",24117248.0
1790102173.642,java-product-service,jvm_memory_committed_bytes,"{area=""nonheap"",id=""CodeHeap 'non-profiled nmethods'"",language=""java"",service=""java-product-service"",}",8912896.0
1790102173.642,java-product-service,hikaricp_connections_usage_seconds_count,"{language=""java"",pool=""HikariPool-1"",service=""java-product-service"",}",858.0
1790102173.642,java-product-service,hikaricp_connections_usage_seconds_sum,"{language=""java"",pool=""HikariPool-1"",service=""java-product-service"",}",0.576
1790102173.642,java-order-service,system_cpu_usage,"{language=""java"",service=""java-order-service"",}",0.018716543209876542
1790102173.642,java-order-service,jvm_gc_pause_seconds_count,"{action=""end of minor GC"",cause=""G1 Evacuation Pause"",gc=""G1 Young Generation"",language=""java"",service=""java-order-service"",}",2.0
1790102173.642,java-order-service,jvm_gc_pause_seconds_sum,"{action=""end of minor GC"",cause=""G1 Evacuation Pause"",gc=""G1 Young Generation"",language=""java"",service=""java-order-service"",}",0.029
1790102173.642,java-order-service,hikaricp_connections_usage_seconds_count,"{language=""java"",pool=""HikariPool-1"",service=""java-order-service"",}",816.0
1790102173.642,java-order-service,hikaricp_connections_usage_seconds_sum,"{language=""java"",pool=""HikariPool-1"",service=""java-order-service"",}",0.002
1790102173.642,java-order-service,hikaricp_connections_active,"{language=""java"",pool=""HikariPool-1"",service=""java-order-service"",}",0.0
1790102173.642,java-order-service,tomcat_threads_config_max_threads,"{language=""java"",name=""http-nio-9083"",service=""java-order-service"",}",-1.0
1790102173.642,java-order-service,hikaricp_connections_acquire_seconds_count,"{language=""java"",pool=""HikariPool-1"",service=""java-order-service"",}",816.0
1790102173.642,java-order-service,hikaricp_connections_acquire_seconds_sum,"{language=""java"",pool=""HikariPool-1"",service=""java-order-service"",}",0.135011468
1790102173.642,java-order-service,tomcat_threads_busy_threads,"{language=""java"",name=""http-nio-9083"",service=""java-order-service"",}",-1.0
1790102173.642,java-order-service,jvm_memory_committed_bytes,"{area=""nonheap"",id=""CodeHeap 'non-profiled nmethods'"",language=""java"",service=""java-order-service"",}",5242880.0
1790102173.642,java-order-service,jvm_memory_committed_bytes,"{area=""heap"",id=""G1 Eden Space"",language=""java"",service=""java-order-service"",}",75497472.0
1790102173.642,java-order-service,jvm_memory_committed_bytes,"{area=""nonheap"",id=""CodeHeap 'profiled nmethods'"",language=""java"",service=""java-order-service"",}",20119552.0
1790102173.642,java-order-service,jvm_memory_committed_bytes,"{area=""nonheap"",id=""CodeHeap 'non-nmethods'"",language=""java"",service=""java-order-service"",}",2555904.0
1790102173.642,java-order-service,jvm_memory_committed_bytes,"{area=""heap"",id=""G1 Survivor Space"",language=""java"",service=""java-order-service"",}",4194304.0
1790102173.642,java-order-service,jvm_memory_committed_bytes,"{area=""nonheap"",id=""Compressed Class Space"",language=""java"",service=""java-order-service"",}",11141120.0
1790102173.642,java-order-service,jvm_memory_committed_bytes,"{area=""heap"",id=""G1 Old Gen"",language=""java"",service=""java-order-service"",}",46137344.0
1790102173.642,java-order-service,jvm_memory_committed_bytes,"{area=""nonheap"",id=""Metaspace"",language=""java"",service=""java-order-service"",}",80936960.0
1790102173.642,java-order-service,hikaricp_connections_pending,"{language=""java"",pool=""HikariPool-1"",service=""java-order-service"",}",0.0
1790102173.642,java-order-service,process_cpu_usage,"{language=""java"",service=""java-order-service"",}",0.014814814814814815
1790102173.642,java-order-service,tomcat_threads_current_threads,"{language=""java"",name=""http-nio-9083"",service=""java-order-service"",}",-1.0
1790102173.642,java-order-service,jvm_memory_used_bytes,"{area=""nonheap"",id=""CodeHeap 'non-profiled nmethods'"",language=""java"",service=""java-order-service"",}",5243136.0
1790102173.642,java-order-service,jvm_memory_used_bytes,"{area=""heap"",id=""G1 Eden Space"",language=""java"",service=""java-order-service"",}",18874368.0
1790102173.642,java-order-service,jvm_memory_used_bytes,"{area=""nonheap"",id=""CodeHeap 'profiled nmethods'"",language=""java"",service=""java-order-service"",}",20099840.0
1790102173.642,java-order-service,jvm_memory_used_bytes,"{area=""nonheap"",id=""CodeHeap 'non-nmethods'"",language=""java"",service=""java-order-service"",}",1610368.0
1790102173.642,java-order-service,jvm_memory_used_bytes,"{area=""heap"",id=""G1 Survivor Space"",language=""java"",service=""java-order-service"",}",3670016.0
1790102173.642,java-order-service,jvm_memory_used_bytes,"{area=""nonheap"",id=""Compressed Class Space"",language=""java"",service=""java-order-service"",}",10687576.0
1790102173.642,java-order-service,jvm_memory_used_bytes,"{area=""heap"",id=""G1 Old Gen"",language=""java"",service=""java-order-service"",}",31888232.0
1790102173.642,java-order-service,jvm_memory_used_bytes,"{area=""nonheap"",id=""Metaspace"",language=""java"",service=""java-order-service"",}",80058080.0
1790102178.694,java-user-service,tomcat_threads_busy_threads,"{framework=""spring-boot"",language=""java"",name=""http-nio-9081"",service=""java-user-service"",}",-1.0
1790102178.694,java-user-service,jvm_gc_pause_seconds_count,"{action=""end of minor GC"",cause=""G1 Evacuation Pause"",framework=""spring-boot"",gc=""G1 Young Generation"",language=""java"",service=""java-user-service"",}",13.0
1790102178.694,java-user-service,jvm_gc_pause_seconds_sum,"{action=""end of minor GC"",cause=""G1 Evacuation Pause"",framework=""spring-boot"",gc=""G1 Young Generation"",language=""java"",service=""java-user-service"",}",0.116
1790102178.694,java-user-service,jvm_memory_used_bytes,"{area=""nonheap"",framework=""spring-boot"",id=""CodeHeap 'non-nmethods'"",language=""java"",service=""java-user-service"",}",1645696.0
1790102178.694,java-user-service,jvm_memory_used_bytes,"{area=""nonheap"",framework=""spring-boot"",id=""CodeHeap 'non-profiled nmethods'"",language=""java"",service=""java-user-service"",}",8067200.0
1790102178.694,java-user-service,jvm_memory_used_bytes,"{area=""heap"",framework=""spring-boot"",id=""G1 Survivor Space"",language=""java"",service=""java-user-service"",}",3966544.0
1790102178.694,java-user-service,jvm_memory_used_bytes,"{area=""heap"",framework=""spring-boot"",id=""G1 Old Gen"",language=""java"",service=""java-user-service"",}",39247832.0
1790102178.694,java-user-service,jvm_memory_used_bytes,"{area=""nonheap"",framework=""spring-boot"",id=""Metaspace"",language=""java"",service=""java-user-service"",}",104251808.0
1790102178.694,java-user-service,jvm_memory_used_bytes,"{area=""heap"",framework=""spring-boot"",id=""G1 Eden Space"",language=""java"",service=""java-user-service"",}",33554432.0
1790102178.694,java-user-service,jvm_memory_used_bytes,"{area=""nonheap"",framework=""spring-boot"",id=""Compressed Class Space"",language=""java"",service=""java-user-service"",}",13414008.0
1790102178.694,java-user-service,jvm_memory_used_bytes,"{area=""nonheap"",framework=""spring-boot"",id=""CodeHeap 'profiled nmethods'"",language=""java"",service=""java-user-service"",}",22733568.0
1790102178.694,java-user-service,hikaricp_connections_usage_seconds_count,"{framework=""spring-boot"",language=""java"",pool=""HikariPool-1"",service=""java-user-service"",}",2325.0
1790102178.694,java-user-service,hikaricp_connections_usage_seconds_sum,"{framework=""spring-boot"",language=""java"",pool=""HikariPool-1"",service=""java-user-service"",}",221.905
1790102178.694,java-user-service,process_cpu_usage,"{framework=""spring-boot"",language=""java"",service=""java-user-service"",}",0.3350877192982456
1790102178.694,java-user-service,tomcat_threads_current_threads,"{framework=""spring-boot"",language=""java"",name=""http-nio-9081"",service=""java-user-service"",}",-1.0
1790102178.694,java-user-service,jvm_memory_committed_bytes,"{area=""nonheap"",framework=""spring-boot"",id=""CodeHeap 'non-nmethods'"",language=""java"",service=""java-user-service"",}",2555904.0
1790102178.694,java-user-service,jvm_memory_committed_bytes,"{area=""nonheap"",framework=""spring-boot"",id=""CodeHeap 'non-profiled nmethods'"",language=""java"",service=""java-user-service"",}",10027008.0
1790102178.694,java-user-service,jvm_memory_committed_bytes,"{area=""heap"",framework=""spring-boot"",id=""G1 Survivor Space"",language=""java"",service=""java-user-service"",}",4194304.0
1790102178.694,java-user-service,jvm_memory_committed_bytes,"{area=""heap"",framework=""spring-boot"",id=""G1 Old Gen"",language=""java"",service=""java-user-service"",}",42991616.0
1790102178.694,java-user-service,jvm_memory_committed_bytes,"{area=""nonheap"",framework=""spring-boot"",id=""Metaspace"",language=""java"",service=""java-user-service"",}",105185280.0
1790102178.694,java-user-service,jvm_memory_committed_bytes,"{area=""heap"",framework=""spring-boot"",id=""G1 Eden Space"",language=""java"",service=""java-user-service"",}",59768832.0
1790102178.694,java-user-service,jvm_memory_committed_bytes,"{area=""nonheap"",framework=""spring-boot"",id=""Compressed Class Space"",language=""java"",service=""java-user-service"",}",13828096.0
1790102178.694,java-user-service,jvm_memory_committed_bytes,"{area=""nonheap"",framework=""spring-boot"",id=""CodeHeap 'profiled nmethods'"",language=""java"",service=""java-user-service"",}",33292288.0
1790102178.694,java-user-service,system_cpu_usage,"{framework=""spring-boot"",language=""java"",service=""java-user-service"",}",0.33657263157894735
1790102178.694,java-user-service,hikaricp_connections_pending,"{framework=""spring-boot"",language=""java"",pool=""HikariPool-1"",service=""java-user-service"",}",0.0
1790102178.694,java-user-service,hikaricp_connections_acquire_seconds_count,"{framework=""spring-boot"",language=""java"",pool=""HikariPool-1"",service=""java-user-service"",}",2325.0
1790102178.694,java-user-service,hikaricp_connections_acquire_seconds_sum,"{framework=""spring-boot"",language=""java"",pool=""HikariPool-1"",service=""java-user-service"",}",21.133120471
1790102178.694,java-user-service,tomcat_threads_config_max_threads,"{framework=""spring-boot"",language=""java"",name=""http-nio-9081"",service=""java-user-service"",}",-1.0
1790102178.694,java-user-service,hikaricp_connections_active,"{framework=""spring-boot"",language=""java"",pool=""HikariPool-1"",service=""java-user-service"",}",0.0
1790102178.694,java-product-service,jvm_memory_used_bytes,"{area=""nonheap"",id=""CodeHeap 'non-nmethods'"",language=""java"",service=""java-product-service"",}",1638144.0
1790102178.694,java-product-service,jvm_memory_used_bytes,"{area=""heap"",id=""G1 Eden Space"",language=""java"",service=""java-product-service"",}",34603008.0
1790102178.694,java-product-service,jvm_memory_used_bytes,"{area=""nonheap"",id=""Metaspace"",language=""java"",service=""java-product-service"",}",98380256.0
1790102178.694,java-product-service,jvm_memory_used_bytes,"{area=""heap"",id=""G1 Old Gen"",language=""java"",service=""java-product-service"",}",38828152.0
1790102178.694,java-product-service,jvm_memory_used_bytes,"{area=""nonheap"",id=""Compressed Class Space"",language=""java"",service=""java-product-service"",}",12939008.0
1790102178.694,java-product-service,jvm_memory_used_bytes,"{area=""heap"",id=""G1 Survivor Space"",language=""java"",service=""java-product-service"",}",2743664.0
1790102178.694,java-product-service,jvm_memory_used_bytes,"{area=""nonheap"",id=""CodeHeap 'profiled nmethods'"",language=""java"",service=""java-product-service"",}",19375360.0
1790102178.694,java-product-service,jvm_memory_used_bytes,"{area=""nonheap"",id=""CodeHeap 'non-profiled nmethods'"",language=""java"",service=""java-product-service"",}",8972800.0
1790102178.694,java-product-service,tomcat_threads_current_threads,"{language=""java"",name=""http-nio-9082"",service=""java-product-service"",}",-1.0
1790102178.694,java-product-service,hikaricp_connections_acquire_seconds_count,"{language=""java"",pool=""HikariPool-1"",service=""java-product-service"",}",882.0
1790102178.694,java-product-service,hikaricp_connections_acquire_seconds_sum,"{language=""java"",pool=""HikariPool-1"",service=""java-product-service"",}",0.38893852
1790102178.694,java-product-service,tomcat_threads_busy_threads,"{language=""java"",name=""http-nio-9082"",service=""java-product-service"",}",-1.0
1790102178.694,java-product-service,hikaricp_connections_pending,"{language=""java"",pool=""HikariPool-1"",service=""java-product-service"",}",0.0
1790102178.694,java-product-service,hikaricp_connections_active,"{language=""java"",pool=""HikariPool-1"",service=""java-product-service"",}",0.0
1790102178.694,java-product-service,tomcat_threads_config_max_threads,"{language=""java"",name=""http-nio-9082"",service=""java-product-service"",}",-1.0
1790102178.694,java-product-service,process_cpu_usage,"{language=""java"",service=""java-product-service"",}",0.05606060606060606
1790102178.694,java-product-service,system_cpu_usage,"{language=""java"",service=""java-product-service"",}",0.056273030303030304
1790102178.694,java-product-service,jvm_gc_pause_seconds_count,"{action=""end of minor GC"",cause=""G1 Evacuation Pause"",gc=""G1 Young Generation"",language=""java"",service=""java-product-service"",}",14.0
1790102178.694,java-product-service,jvm_gc_pause_seconds_sum,"{action=""end of minor GC"",cause=""G1 Evacuation Pause"",gc=""G1 Young Generation"",language=""java"",service=""java-product-service"",}",0.079
1790102178.694,java-product-service,jvm_memory_committed_bytes,"{area=""nonheap"",id=""CodeHeap 'non-nmethods'"",language=""java"",service=""java-product-service"",}",2555904.0
1790102178.694,java-product-service,jvm_memory_committed_bytes,"{area=""heap"",id=""G1 Eden Space"",language=""java"",service=""java-product-service"",}",52428800.0
1790102178.694,java-product-service,jvm_memory_committed_bytes,"{area=""nonheap"",id=""Metaspace"",language=""java"",service=""java-product-service"",}",99418112.0
1790102178.694,java-product-service,jvm_memory_committed_bytes,"{area=""heap"",id=""G1 Old Gen"",language=""java"",service=""java-product-service"",}",42991616.0
1790102178.694,java-product-service,jvm_memory_committed_bytes,"{area=""nonheap"",id=""Compressed Class Space"",language=""java"",service=""java-product-service"",}",13434880.0
1790102178.694,java-product-service,jvm_memory_committed_bytes,"{area=""heap"",id=""G1 Survivor Space"",language=""java"",service=""java-product-service"",}",3145728.0
1790102178.694,java-product-service,jvm_memory_committed_bytes,"{area=""nonheap"",id=""CodeHeap 'profiled nmethods'"",language=""java"",service=""java-product-service"",}",24117248.0
1790102178.694,java-product-service,jvm_memory_committed_bytes,"{area=""nonheap"",id=""CodeHeap 'non-profiled nmethods'"",language=""java"",service=""java-product-service"",}",8978432.0
1790102178.694,java-product-service,hikaricp_connections_usage_seconds_count,"{language=""java"",pool=""HikariPool-1"",service=""java-product-service"",}",882.0
1790102178.694,java-product-service,hikaricp_connections_usage_seconds_sum,"{language=""java"",pool=""HikariPool-1"",service=""java-product-service"",}",0.64
1790102178.694,java-order-service,system_cpu_usage,"{language=""java"",service=""java-order-service"",}",0.016146451612903227
1790102178.694,java-order-service,jvm_gc_pause_seconds_count,"{action=""end of minor GC"",cause=""G1 Evacuation Pause"",gc=""G1 Young Generation"",language=""java"",service=""java-order-service"",}",2.0
1790102178.694,java-order-service,jvm_gc_pause_seconds_sum,"{action=""end of minor GC"",cause=""G1 Evacuation Pause"",gc=""G1 Young Generation"",language=""java"",service=""java-order-service"",}",0.029
1790102178.694,java-order-service,hikaricp_connections_usage_seconds_count,"{language=""java"",pool=""HikariPool-1"",service=""java-order-service"",}",834.0
1790102178.694,java-order-service,hikaricp_connections_usage_seconds_sum,"{language=""java"",pool=""HikariPool-1"",service=""java-order-service"",}",0.002
1790102178.694,java-order-service,hikaricp_connections_active,"{language=""java"",pool=""HikariPool-1"",service=""java-order-service"",}",0.0
1790102178.694,java-order-service,tomcat_threads_config_max_threads,"{language=""java"",name=""http-nio-9083"",service=""java-order-service"",}",-1.0
1790102178.694,java-order-service,hikaricp_connections_acquire_seconds_count,"{language=""java"",pool=""HikariPool-1"",service=""java-order-service"",}",834.0
1790102178.694,java-order-service,hikaricp_connections_acquire_seconds_sum,"{language=""java"",pool=""HikariPool-1"",service=""java-order-service"",}",0.137636258
1790102178.694,java-order-service,tomcat_threads_busy_threads,"{language=""java"",name=""http-nio-9083"",service=""java-order-service"",}",-1.0
1790102178.694,java-order-service,jvm_memory_committed_bytes,"{area=""nonheap"",id=""CodeHeap 'non-profiled nmethods'"",language=""java"",service=""java-order-service"",}",5308416.0
1790102178.694,java-order-service,jvm_memory_committed_bytes,"{area=""heap"",id=""G1 Eden Space"",language=""java"",service=""java-order-service"",}",75497472.0
1790102178.694,java-order-service,jvm_memory_committed_bytes,"{area=""nonheap"",id=""CodeHeap 'profiled nmethods'"",language=""java"",service=""java-order-service"",}",20119552.0
1790102178.694,java-order-service,jvm_memory_committed_bytes,"{area=""nonheap"",id=""CodeHeap 'non-nmethods'"",language=""java"",service=""java-order-service"",}",2555904.0
1790102178.694,java-order-service,jvm_memory_committed_bytes,"{area=""heap"",id=""G1 Survivor Space"",language=""java"",service=""java-order-service"",}",4194304.0
1790102178.694,java-order-service,jvm_memory_committed_bytes,"{area=""nonheap"",id=""Compressed Class Space"",language=""java"",service=""java-order-service"",}",11141120.0
1790102178.694,java-order-service,jvm_memory_committed_bytes,"{area=""heap"",id=""G1 Old Gen"",language=""java"",service=""java-order-service"",}",46137344.0
1790102178.694,java-order-service,jvm_memory_committed_bytes,"{area=""nonheap"",id=""Metaspace"",language=""java"",service=""java-order-service"",}",81002496.0
1790102178.694,java-order-service,hikaricp_connections_pending,"{language=""java"",pool=""HikariPool-1"",service=""java-order-service"",}",0.0
1790102178.694,java-order-service,process_cpu_usage,"{language=""java"",service=""java-order-service"",}",0.015053763440860216
1790102178.694,java-order-service,tomcat_threads_current_threads,"{language=""java"",name=""http-nio-9083"",service=""java-order-service"",}",-1.0
1790102178.694,java-order-service,jvm_memory_used_bytes,"{area=""nonheap"",id=""CodeHeap 'non-profiled nmethods'"",language=""java"",service=""java-order-service"",}",5259520.0
1790102178.694,java-order-service,jvm_memory_used_bytes,"{area=""heap"",id=""G1 Eden Space"",language=""java"",service=""java-order-service"",}",20971520.0
1790102178.694,java-order-service,jvm_memory_used_bytes,"{area=""nonheap"",id=""CodeHeap 'profiled nmethods'"",language=""java"",service=""java-order-service"",}",20109824.0
1790102178.694,java-order-service,jvm_memory_used_bytes,"{area=""nonheap"",id=""CodeHeap 'non-nmethods'"",language=""java"",service=""java-order-service"",}",1610368.0
1790102178.694,java-order-service,jvm_memory_used_bytes,"{area=""heap"",id=""G1 Survivor Space"",language=""java"",service=""java-order-service"",}",3670016.0
1790102178.694,java-order-service,jvm_memory_used_bytes,"{area=""nonheap"",id=""Compressed Class Space"",language=""java"",service=""java-order-service"",}",10687576.0
1790102178.694,java-order-service,jvm_memory_used_bytes,"{area=""heap"",id=""G1 Old Gen"",language=""java"",service=""java-order-service"",}",31888232.0
1790102178.694,java-order-service,jvm_memory_used_bytes,"{area=""nonheap"",id=""Metaspace"",language=""java"",service=""java-order-service"",}",80059696.0
1790102183.736,java-user-service,tomcat_threads_busy_threads,"{framework=""spring-boot"",language=""java"",name=""http-nio-9081"",service=""java-user-service"",}",-1.0
1790102183.736,java-user-service,jvm_gc_pause_seconds_count,"{action=""end of minor GC"",cause=""G1 Evacuation Pause"",framework=""spring-boot"",gc=""G1 Young Generation"",language=""java"",service=""java-user-service"",}",13.0
1790102183.736,java-user-service,jvm_gc_pause_seconds_sum,"{action=""end of minor GC"",cause=""G1 Evacuation Pause"",framework=""spring-boot"",gc=""G1 Young Generation"",language=""java"",service=""java-user-service"",}",0.116
1790102183.736,java-user-service,jvm_memory_used_bytes,"{area=""nonheap"",framework=""spring-boot"",id=""CodeHeap 'non-nmethods'"",language=""java"",service=""java-user-service"",}",1645696.0
1790102183.736,java-user-service,jvm_memory_used_bytes,"{area=""nonheap"",framework=""spring-boot"",id=""CodeHeap 'non-profiled nmethods'"",language=""java"",service=""java-user-service"",}",8203008.0
1790102183.736,java-user-service,jvm_memory_used_bytes,"{area=""heap"",framework=""spring-boot"",id=""G1 Survivor Space"",language=""java"",service=""java-user-service"",}",3966544.0
1790102183.736,java-user-service,jvm_memory_used_bytes,"{area=""heap"",framework=""spring-boot"",id=""G1 Old Gen"",language=""java"",service=""java-user-service"",}",39247832.0
1790102183.736,java-user-service,jvm_memory_used_bytes,"{area=""nonheap"",framework=""spring-boot"",id=""Metaspace"",language=""java"",service=""java-user-service"",}",104259648.0
1790102183.736,java-user-service,jvm_memory_used_bytes,"{area=""heap"",framework=""spring-boot"",id=""G1 Eden Space"",language=""java"",service=""java-user-service"",}",40894464.0
1790102183.736,java-user-service,jvm_memory_used_bytes,"{area=""nonheap"",framework=""spring-boot"",id=""Compressed Class Space"",language=""java"",service=""java-user-service"",}",13414008.0
1790102183.736,java-user-service,jvm_memory_used_bytes,"{area=""nonheap"",framework=""spring-boot"",id=""CodeHeap 'profiled nmethods'"",language=""java"",service=""java-user-service"",}",22783104.0
1790102183.736,java-user-service,hikaricp_connections_usage_seconds_count,"{framework=""spring-boot"",language=""java"",pool=""HikariPool-1"",service=""java-user-service"",}",2369.0
1790102183.736,java-user-service,hikaricp_connections_usage_seconds_sum,"{framework=""spring-boot"",language=""java"",pool=""HikariPool-1"",service=""java-user-service"",}",225.737
1790102183.736,java-user-service,process_cpu_usage,"{framework=""spring-boot"",language=""java"",service=""java-user-service"",}",0.3162393162393162
1790102183.736,java-user-service,tomcat_threads_current_threads,"{framework=""spring-boot"",language=""java"",name=""http-nio-9081"",service=""java-user-service"",}",-1.0
1790102183.736,java-user-service,jvm_memory_committed_bytes,"{area=""nonheap"",framework=""spring-boot"",id=""CodeHeap 'non-nmethods'"",language=""java"",service=""java-user-service"",}",2555904.0
1790102183.736,java-user-service,jvm_memory_committed_bytes,"{area=""nonheap"",framework=""spring-boot"",id=""CodeHeap 'non-profiled nmethods'"",language=""java"",service=""java-user-service"",}",10027008.0
1790102183.736,java-user-service,jvm_memory_committed_bytes,"{area=""heap"",framework=""spring-boot"",id=""G1 Survivor Space"",language=""java"",service=""java-user-service"",}",4194304.0
1790102183.736,java-user-service,jvm_memory_committed_bytes,"{area=""heap"",framework=""spring-boot"",id=""G1 Old Gen"",language=""java"",service=""java-user-service"",}",42991616.0
1790102183.736,java-user-service,jvm_memory_committed_bytes,"{area=""nonheap"",framework=""spring-boot"",id=""Metaspace"",language=""java"",service=""java-user-service"",}",105185280.0
1790102183.736,java-user-service,jvm_memory_committed_bytes,"{area=""heap"",framework=""spring-boot"",id=""G1 Eden Space"",language=""java"",service=""java-user-service"",}",59768832.0
1790102183.736,java-user-service,jvm_memory_committed_bytes,"{area=""nonheap"",framework=""spring-boot"",id=""Compressed Class Space"",language=""java"",service=""java-user-service"",}",13828096.0
1790102183.736,java-user-service,jvm_memory_committed_bytes,"{area=""nonheap"",framework=""spring-boot"",id=""CodeHeap 'profiled nmethods'"",language=""java"",service=""java-user-service"",}",33292288.0
1790102183.736,java-user-service,system_cpu_usage,"{framework=""spring-boot"",language=""java"",service=""java-user-service"",}",0.31580615384615385
1790102183.736,java-user-service,hikaricp_connections_pending,"{framework=""spring-boot"",language=""java"",pool=""HikariPool-1"",service=""java-user-service"",}",0.0
1790102183.736,java-user-service,hikaricp_connections_acquire_seconds_count,"{framework=""spring-boot"",language=""java"",pool=""HikariPool-1"",service=""java-user-service"",}",2369.0
1790102183.736,java-user-service,hikaricp_connections_acquire_seconds_sum,"{framework=""spring-boot"",language=""java"",pool=""HikariPool-1"",service=""java-user-service"",}",21.875586887
1790102183.736,java-user-service,tomcat_threads_config_max_threads,"{framework=""spring-boot"",language=""java"",name=""http-nio-9081"",service=""java-user-service"",}",-1.0
1790102183.736,java-user-service,hikaricp_connections_active,"{framework=""spring-boot"",language=""java"",pool=""HikariPool-1"",service=""java-user-service"",}",0.0
1790102183.736,java-product-service,jvm_memory_used_bytes,"{area=""nonheap"",id=""CodeHeap 'non-nmethods'"",language=""java"",service=""java-product-service"",}",1638144.0
1790102183.736,java-product-service,jvm_memory_used_bytes,"{area=""heap"",id=""G1 Eden Space"",language=""java"",service=""java-product-service"",}",42991616.0
1790102183.736,java-product-service,jvm_memory_used_bytes,"{area=""nonheap"",id=""Metaspace"",language=""java"",service=""java-product-service"",}",98384304.0
1790102183.736,java-product-service,jvm_memory_used_bytes,"{area=""heap"",id=""G1 Old Gen"",language=""java"",service=""java-product-service"",}",38828152.0
1790102183.736,java-product-service,jvm_memory_used_bytes,"{area=""nonheap"",id=""Compressed Class Space"",language=""java"",service=""java-product-service"",}",12939008.0
1790102183.736,java-product-service,jvm_memory_used_bytes,"{area=""heap"",id=""G1 Survivor Space"",language=""java"",service=""java-product-service"",}",2743664.0
1790102183.736,java-product-service,jvm_memory_used_bytes,"{area=""nonheap"",id=""CodeHeap 'profiled nmethods'"",language=""java"",service=""java-product-service"",}",19407872.0
1790102183.736,java-product-service,jvm_memory_used_bytes,"{area=""nonheap"",id=""CodeHeap 'non-profiled nmethods'"",language=""java"",service=""java-product-service"",}",9047680.0
1790102183.736,java-product-service,tomcat_threads_current_threads,"{language=""java"",name=""http-nio-9082"",service=""java-product-service"",}",-1.0
1790102183.736,java-product-service,hikaricp_connections_acquire_seconds_count,"{language=""java"",pool=""HikariPool-1"",service=""java-product-service"",}",904.0
1790102183.736,java-product-service,hikaricp_connections_acquire_seconds_sum,"{language=""java"",pool=""HikariPool-1"",service=""java-product-service"",}",0.391852356
1790102183.736,java-product-service,tomcat_threads_busy_threads,"{language=""java"",name=""http-nio-9082"",service=""java-product-service"",}",-1.0
1790102183.736,java-product-service,hikaricp_connections_pending,"{language=""java"",pool=""HikariPool-1"",service=""java-product-service"",}",0.0
1790102183.736,java-product-service,hikaricp_connections_active,"{language=""java"",pool=""HikariPool-1"",service=""java-product-service"",}",0.0
1790102183.736,java-product-service,tomcat_threads_config_max_threads,"{language=""java"",name=""http-nio-9082"",service=""java-product-service"",}",-1.0
1790102183.736,java-product-service,process_cpu_usage,"{language=""java"",service=""java-product-service"",}",0.046031746031746035
1790102183.736,java-product-service,system_cpu_usage,"{language=""java"",service=""java-product-service"",}",0.04962634920634921
1790102183.736,java-product-service,jvm_gc_pause_seconds_count,"{action=""end of minor GC"",cause=""G1 Evacuation Pause"",gc=""G1 Young Generation"",language=""java"",service=""java-product-service"",}",14.0
1790102183.736,java-product-service,jvm_gc_pause_seconds_sum,"{action=""end of minor GC"",cause=""G1 Evacuation Pause"",gc=""G1 Young Generation"",language=""java"",service=""java-product-service"",}",0.079
1790102183.736,java-product-service,jvm_memory_committed_bytes,"{area=""nonheap"",id=""CodeHeap 'non-nmethods'"",language=""java"",service=""java-product-service"",}",2555904.0
1790102183.736,java-product-service,jvm_memory_committed_bytes,"{area=""heap"",id=""G1 Eden Space"",language=""java"",service=""java-product-service"",}",52428800.0
1790102183.736,java-product-service,jvm_memory_committed_bytes,"{area=""nonheap"",id=""Metaspace"",language=""java"",service=""java-product-service"",}",99418112.0
1790102183.736,java-product-service,jvm_memory_committed_bytes,"{area=""heap"",id=""G1 Old Gen"",language=""java"",service=""java-product-service"",}",42991616.0
1790102183.736,java-product-service,jvm_memory_committed_bytes,"{area=""nonheap"",id=""Compressed Class Space"",language=""java"",service=""java-product-service"",}",13434880.0
1790102183.736,java-product-service,jvm_memory_committed_bytes,"{area=""heap"",id=""G1 Survivor Space"",language=""java"",service=""java-product-service"",}",3145728.0
1790102183.736,java-product-service,jvm_memory_committed_bytes,"{area=""nonheap"",id=""CodeHeap 'profiled nmethods'"",language=""java"",service=""java-product-service"",}",24117248.0
1790102183.736,java-product-service,jvm_memory_committed_bytes,"{area=""nonheap"",id=""CodeHeap 'non-profiled nmethods'"",language=""java"",service=""java-product-service"",}",9109504.0
1790102183.736,java-product-service,hikaricp_connections_usage_seconds_count,"{language=""java"",pool=""HikariPool-1"",service=""java-product-service"",}",904.0
1790102183.736,java-product-service,hikaricp_connections_usage_seconds_sum,"{language=""java"",pool=""HikariPool-1"",service=""java-product-service"",}",0.64
1790102183.736,java-order-service,system_cpu_usage,"{language=""java"",service=""java-order-service"",}",0.02008128205128205
1790102183.736,java-order-service,jvm_gc_pause_seconds_count,"{action=""end of minor GC"",cause=""G1 Evacuation Pause"",gc=""G1 Young Generation"",language=""java"",service=""java-order-service"",}",2.0
1790102183.736,java-order-service,jvm_gc_pause_seconds_sum,"{action=""end of minor GC"",cause=""G1 Evacuation Pause"",gc=""G1 Young Generation"",language=""java"",service=""java-order-service"",}",0.029
1790102183.736,java-order-service,hikaricp_connections_usage_seconds_count,"{language=""java"",pool=""HikariPool-1"",service=""java-order-service"",}",856.0
1790102183.736,java-order-service,hikaricp_connections_usage_seconds_sum,"{language=""java"",pool=""HikariPool-1"",service=""java-order-service"",}",0.002
1790102183.736,java-order-service,hikaricp_connections_active,"{language=""java"",pool=""HikariPool-1"",service=""java-order-service"",}",0.0
1790102183.736,java-order-service,tomcat_threads_config_max_threads,"{language=""java"",name=""http-nio-9083"",service=""java-order-service"",}",-1.0
1790102183.736,java-order-service,hikaricp_connections_acquire_seconds_count,"{language=""java"",pool=""HikariPool-1"",service=""java-order-service"",}",856.0
1790102183.736,java-order-service,hikaricp_connections_acquire_seconds_sum,"{language=""java"",pool=""HikariPool-1"",service=""java-order-service"",}",0.140460885
1790102183.736,java-order-service,tomcat_threads_busy_threads,"{language=""java"",name=""http-nio-9083"",service=""java-order-service"",}",-1.0
1790102183.736,java-order-service,jvm_memory_committed_bytes,"{area=""nonheap"",id=""CodeHeap 'non-profiled nmethods'"",language=""java"",service=""java-order-service"",}",5308416.0
1790102183.736,java-order-service,jvm_memory_committed_bytes,"{area=""heap"",id=""G1 Eden Space"",language=""java"",service=""java-order-service"",}",75497472.0
1790102183.736,java-order-service,jvm_memory_committed_bytes,"{area=""nonheap"",id=""CodeHeap 'profiled nmethods'"",language=""java"",service=""java-order-service"",}",20185088.0
1790102183.736,java-order-service,jvm_memory_committed_bytes,"{area=""nonheap"",id=""CodeHeap 'non-nmethods'"",language=""java"",service=""java-order-service"",}",2555904.0
1790102183.736,java-order-service,jvm_memory_committed_bytes,"{area=""heap"",id=""G1 Survivor Space"",language=""java"",service=""java-order-service"",}",4194304.0
1790102183.736,java-order-service,jvm_memory_committed_bytes,"{area=""nonheap"",id=""Compressed Class Space"",language=""java"",service=""java-order-service"",}",11141120.0
1790102183.736,java-order-service,jvm_memory_committed_bytes,"{area=""heap"",id=""G1 Old Gen"",language=""java"",service=""java-order-service"",}",46137344.0
1790102183.736,java-order-service,jvm_memory_committed_bytes,"{area=""nonheap"",id=""Metaspace"",language=""java"",service=""java-order-service"",}",81002496.0
1790102183.736,java-order-service,hikaricp_connections_pending,"{language=""java"",pool=""HikariPool-1"",service=""java-order-service"",}",0.0
1790102183.736,java-order-service,process_cpu_usage,"{language=""java"",service=""java-order-service"",}",0.017948717948717947
1790102183.736,java-order-service,tomcat_threads_current_threads,"{language=""java"",name=""http-nio-9083"",service=""java-order-service"",}",-1.0
1790102183.736,java-order-service,jvm_memory_used_bytes,"{area=""nonheap"",id=""CodeHeap 'non-profiled nmethods'"",language=""java"",service=""java-order-service"",}",5268224.0
1790102183.736,java-order-service,jvm_memory_used_bytes,"{area=""heap"",id=""G1 Eden Space"",language=""java"",service=""java-order-service"",}",23068672.0
1790102183.736,java-order-service,jvm_memory_used_bytes,"{area=""nonheap"",id=""CodeHeap 'profiled nmethods'"",language=""java"",service=""java-order-service"",}",20144384.0
1790102183.736,java-order-service,jvm_memory_used_bytes,"{area=""nonheap"",id=""CodeHeap 'non-nmethods'"",language=""java"",service=""java-order-service"",}",1610368.0
1790102183.736,java-order-service,jvm_memory_used_bytes,"{area=""heap"",id=""G1 Survivor Space"",language=""java"",service=""java-order-service"",}",3670016.0
1790102183.736,java-order-service,jvm_memory_used_bytes,"{area=""nonheap"",id=""Compressed Class Space"",language=""java"",service=""java-order-service"",}",10687576.0
1790102183.736,java-order-service,jvm_memory_used_bytes,"{area=""heap"",id=""G1 Old Gen"",language=""java"",service=""java-order-service"",}",31888232.0
1790102183.736,java-order-service,jvm_memory_used_bytes,"{area=""nonheap"",id=""Metaspace"",language=""java"",service=""java-order-service"",}",80065496.0
1790102188.784,java-user-service,tomcat_threads_busy_threads,"{framework=""spring-boot"",language=""java"",name=""http-nio-9081"",service=""java-user-service"",}",-1.0
1790102188.784,java-user-service,jvm_gc_pause_seconds_count,"{action=""end of minor GC"",cause=""G1 Evacuation Pause"",framework=""spring-boot"",gc=""G1 Young Generation"",language=""java"",service=""java-user-service"",}",13.0
1790102188.784,java-user-service,jvm_gc_pause_seconds_sum,"{action=""end of minor GC"",cause=""G1 Evacuation Pause"",framework=""spring-boot"",gc=""G1 Young Generation"",language=""java"",service=""java-user-service"",}",0.116
1790102188.784,java-user-service,jvm_memory_used_bytes,"{area=""nonheap"",framework=""spring-boot"",id=""CodeHeap 'non-nmethods'"",language=""java"",service=""java-user-service"",}",1645696.0
1790102188.784,java-user-service,jvm_memory_used_bytes,"{area=""nonheap"",framework=""spring-boot"",id=""CodeHeap 'non-profiled nmethods'"",language=""java"",service=""java-user-service"",}",8252672.0
1790102188.784,java-user-service,jvm_memory_used_bytes,"{area=""heap"",framework=""spring-boot"",id=""G1 Survivor Space"",language=""java"",service=""java-user-service"",}",3966544.0
1790102188.784,java-user-service,jvm_memory_used_bytes,"{area=""heap"",framework=""spring-boot"",id=""G1 Old Gen"",language=""java"",service=""java-user-service"",}",39247832.0
1790102188.784,java-user-service,jvm_memory_used_bytes,"{area=""nonheap"",framework=""spring-boot"",id=""Metaspace"",language=""java"",service=""java-user-service"",}",104265232.0
1790102188.784,java-user-service,jvm_memory_used_bytes,"{area=""heap"",framework=""spring-boot"",id=""G1 Eden Space"",language=""java"",service=""java-user-service"",}",48234496.0
1790102188.784,java-user-service,jvm_memory_used_bytes,"{area=""nonheap"",framework=""spring-boot"",id=""Compressed Class Space"",language=""java"",service=""java-user-service"",}",13414712.0
1790102188.784,java-user-service,jvm_memory_used_bytes,"{area=""nonheap"",framework=""spring-boot"",id=""CodeHeap 'profiled nmethods'"",language=""java"",service=""java-user-service"",}",22789632.0
1790102188.784,java-user-service,hikaricp_connections_usage_seconds_count,"{framework=""spring-boot"",language=""java"",pool=""HikariPool-1"",service=""java-user-service"",}",2407.0
1790102188.784,java-user-service,hikaricp_connections_usage_seconds_sum,"{framework=""spring-boot"",language=""java"",pool=""HikariPool-1"",service=""java-user-service"",}",227.608
1790102188.784,java-user-service,process_cpu_usage,"{framework=""spring-boot"",language=""java"",service=""java-user-service"",}",0.23166666666666666
1790102188.784,java-user-service,tomcat_threads_current_threads,"{framework=""spring-boot"",language=""java"",name=""http-nio-9081"",service=""java-user-service"",}",-1.0
1790102188.784,java-user-service,jvm_memory_committed_bytes,"{area=""nonheap"",framework=""spring-boot"",id=""CodeHeap 'non-nmethods'"",language=""java"",service=""java-user-service"",}",2555904.0
1790102188.784,java-user-service,jvm_memory_committed_bytes,"{area=""nonheap"",framework=""spring-boot"",id=""CodeHeap 'non-profiled nmethods'"",language=""java"",service=""java-user-service"",}",10027008.0
1790102188.784,java-user-service,jvm_memory_committed_bytes,"{area=""heap"",framework=""spring-boot"",id=""G1 Survivor Space"",language=""java"",service=""java-user-service"",}",4194304.0
1790102188.784,java-user-service,jvm_memory_committed_bytes,"{area=""heap"",framework=""spring-boot"",id=""G1 Old Gen"",language=""java"",service=""java-user-service"",}",42991616.0
1790102188.784,java-user-service,jvm_memory_committed_bytes,"{area=""nonheap"",framework=""spring-boot"",id=""Metaspace"",language=""java"",service=""java-user-service"",}",105185280.0
1790102188.784,java-user-service,jvm_memory_committed_bytes,"{area=""heap"",framework=""spring-boot"",id=""G1 Eden Space"",language=""java"",service=""java-user-service"",}",59768832.0
1790102188.784,java-user-service,jvm_memory_committed_bytes,"{area=""nonheap"",framework=""spring-boot"",id=""Compressed Class Space"",language=""java"",service=""java-user-service"",}",13828096.0
1790102188.784,java-user-service,jvm_memory_committed_bytes,"{area=""nonheap"",framework=""spring-boot"",id=""CodeHeap 'profiled nmethods'"",language=""java"",service=""java-user-service"",}",33292288.0
1790102188.784,java-user-service,system_cpu_usage,"{framework=""spring-boot"",language=""java"",service=""java-user-service"",}",0.23419266666666666
1790102188.784,java-user-service,hikaricp_connections_pending,"{framework=""spring-boot"",language=""java"",pool=""HikariPool-1"",service=""java-user-service"",}",0.0
1790102188.784,java-user-service,hikaricp_connections_acquire_seconds_count,"{framework=""spring-boot"",language=""java"",pool=""HikariPool-1"",service=""java-user-service"",}",2407.0
1790102188.784,java-user-service,hikaricp_connections_acquire_seconds_sum,"{framework=""spring-boot"",language=""java"",pool=""HikariPool-1"",service=""java-user-service"",}",22.228117429
1790102188.784,java-user-service,tomcat_threads_config_max_threads,"{framework=""spring-boot"",language=""java"",name=""http-nio-9081"",service=""java-user-service"",}",-1.0
1790102188.784,java-user-service,hikaricp_connections_active,"{framework=""spring-boot"",language=""java"",pool=""HikariPool-1"",service=""java-user-service"",}",0.0
1790102188.784,java-product-service,jvm_memory_used_bytes,"{area=""nonheap"",id=""CodeHeap 'non-nmethods'"",language=""java"",service=""java-product-service"",}",1638144.0
1790102188.784,java-product-service,jvm_memory_used_bytes,"{area=""heap"",id=""G1 Eden Space"",language=""java"",service=""java-product-service"",}",2097152.0
1790102188.784,java-product-service,jvm_memory_used_bytes,"{area=""nonheap"",id=""Metaspace"",language=""java"",service=""java-product-service"",}",98390568.0
1790102188.784,java-product-service,jvm_memory_used_bytes,"{area=""heap"",id=""G1 Old Gen"",language=""java"",service=""java-product-service"",}",38828152.0
1790102188.784,java-product-service,jvm_memory_used_bytes,"{area=""nonheap"",id=""Compressed Class Space"",language=""java"",service=""java-product-service"",}",12939008.0
1790102188.784,java-product-service,jvm_memory_used_bytes,"{area=""heap"",id=""G1 Survivor Space"",language=""java"",service=""java-product-service"",}",2548672.0
1790102188.784,java-product-service,jvm_memory_used_bytes,"{area=""nonheap"",id=""CodeHeap 'profiled nmethods'"",language=""java"",service=""java-product-service"",}",11635200.0
1790102188.784,java-product-service,jvm_memory_used_bytes,"{area=""nonheap"",id=""CodeHeap 'non-profiled nmethods'"",language=""java"",service=""java-product-service"",}",7321088.0
1790102188.784,java-product-service,tomcat_threads_current_threads,"{language=""java"",name=""http-nio-9082"",service=""java-product-service"",}",-1.0
1790102188.784,java-product-service,hikaricp_connections_acquire_seconds_count,"{language=""java"",pool=""HikariPool-1"",service=""java-product-service"",}",922.0
1790102188.784,java-product-service,hikaricp_connections_acquire_seconds_sum,"{language=""java"",pool=""HikariPool-1"",service=""java-product-service"",}",0.394795731
1790102188.784,java-product-service,tomcat_threads_busy_threads,"{language=""java"",name=""http-nio-9082"",service=""java-product-service"",}",-1.0
1790102188.784,java-product-service,hikaricp_connections_pending,"{language=""java"",pool=""HikariPool-1"",service=""java-product-service"",}",0.0
1790102188.784,java-product-service,hikaricp_connections_active,"{language=""java"",pool=""HikariPool-1"",service=""java-product-service"",}",0.0
1790102188.784,java-product-service,tomcat_threads_config_max_threads,"{language=""java"",name=""http-nio-9082"",service=""java-product-service"",}",-1.0
1790102188.784,java-product-service,process_cpu_usage,"{language=""java"",service=""java-product-service"",}",0.04081632653061224
1790102188.784,java-product-service,system_cpu_usage,"{language=""java"",service=""java-product-service"",}",0.04031197278911565
1790102188.784,java-product-service,jvm_gc_pause_seconds_count,"{action=""end of minor GC"",cause=""G1 Evacuation Pause"",gc=""G1 Young Generation"",language=""java"",service=""java-product-service"",}",15.0
1790102188.784,java-product-service,jvm_gc_pause_seconds_sum,"{action=""end of minor GC"",cause=""G1 Evacuation Pause"",gc=""G1 Young Generation"",language=""java"",service=""java-product-service"",}",0.083
1790102188.784,java-product-service,jvm_memory_committed_bytes,"{area=""nonheap"",id=""CodeHeap 'non-nmethods'"",language=""java"",service=""java-product-service"",}",2555904.0
1790102188.784,java-product-service,jvm_memory_committed_bytes,"{area=""heap"",id=""G1 Eden Space"",language=""java"",service=""java-product-service"",}",52428800.0
1790102188.784,java-product-service,jvm_memory_committed_bytes,"{area=""nonheap"",id=""Metaspace"",language=""java"",service=""java-product-service"",}",99418112.0
1790102188.784,java-product-service,jvm_memory_committed_bytes,"{area=""heap"",id=""G1 Old Gen"",language=""java"",service=""java-product-service"",}",42991616.0
1790102188.784,java-product-service,jvm_memory_committed_bytes,"{area=""nonheap"",id=""Compressed Class Space"",language=""java"",service=""java-product-service"",}",13434880.0
1790102188.784,java-product-service,jvm_memory_committed_bytes,"{area=""heap"",id=""G1 Survivor Space"",language=""java"",service=""java-product-service"",}",3145728.0
1790102188.784,java-product-service,jvm_memory_committed_bytes,"{area=""nonheap"",id=""CodeHeap 'profiled nmethods'"",language=""java"",service=""java-product-service"",}",24117248.0
1790102188.784,java-product-service,jvm_memory_committed_bytes,"{area=""nonheap"",id=""CodeHeap 'non-profiled nmethods'"",language=""java"",service=""java-product-service"",}",9109504.0
1790102188.784,java-product-service,hikaricp_connections_usage_seconds_count,"{language=""java"",pool=""HikariPool-1"",service=""java-product-service"",}",922.0
1790102188.784,java-product-service,hikaricp_connections_usage_seconds_sum,"{language=""java"",pool=""HikariPool-1"",service=""java-product-service"",}",0.64
1790102188.784,java-order-service,system_cpu_usage,"{language=""java"",service=""java-order-service"",}",0.02337770114942529
1790102188.784,java-order-service,jvm_gc_pause_seconds_count,"{action=""end of minor GC"",cause=""G1 Evacuation Pause"",gc=""G1 Young Generation"",language=""java"",service=""java-order-service"",}",2.0
1790102188.784,java-order-service,jvm_gc_pause_seconds_sum,"{action=""end of minor GC"",cause=""G1 Evacuation Pause"",gc=""G1 Young Generation"",language=""java"",service=""java-order-service"",}",0.029
1790102188.784,java-order-service,hikaricp_connections_usage_seconds_count,"{language=""java"",pool=""HikariPool-1"",service=""java-order-service"",}",876.0
1790102188.784,java-order-service,hikaricp_connections_usage_seconds_sum,"{language=""java"",pool=""HikariPool-1"",service=""java-order-service"",}",0.002
1790102188.784,java-order-service,hikaricp_connections_active,"{language=""java"",pool=""HikariPool-1"",service=""java-order-service"",}",0.0
1790102188.784,java-order-service,tomcat_threads_config_max_threads,"{language=""java"",name=""http-nio-9083"",service=""java-order-service"",}",-1.0
1790102188.784,java-order-service,hikaricp_connections_acquire_seconds_count,"{language=""java"",pool=""HikariPool-1"",service=""java-order-service"",}",876.0
1790102188.784,java-order-service,hikaricp_connections_acquire_seconds_sum,"{language=""java"",pool=""HikariPool-1"",service=""java-order-service"",}",0.143323969
1790102188.784,java-order-service,tomcat_threads_busy_threads,"{language=""java"",name=""http-nio-9083"",service=""java-order-service"",}",-1.0
1790102188.784,java-order-service,jvm_memory_committed_bytes,"{area=""nonheap"",id=""CodeHeap 'non-profiled nmethods'"",language=""java"",service=""java-order-service"",}",5308416.0
1790102188.784,java-order-service,jvm_memory_committed_bytes,"{area=""heap"",id=""G1 Eden Space"",language=""java"",service=""java-order-service"",}",75497472.0
1790102188.784,java-order-service,jvm_memory_committed_bytes,"{area=""nonheap"",id=""CodeHeap 'profiled nmethods'"",language=""java"",service=""java-order-service"",}",20250624.0
1790102188.784,java-order-service,jvm_memory_committed_bytes,"{area=""nonheap"",id=""CodeHeap 'non-nmethods'"",language=""java"",service=""java-order-service"",}",2555904.0
1790102188.784,java-order-service,jvm_memory_committed_bytes,"{area=""heap"",id=""G1 Survivor Space"",language=""java"",service=""java-order-service"",}",4194304.0
1790102188.784,java-order-service,jvm_memory_committed_bytes,"{area=""nonheap"",id=""Compressed Class Space"",language=""java"",service=""java-order-service"",}",11141120.0
1790102188.784,java-order-service,jvm_memory_committed_bytes,"{area=""heap"",id=""G1 Old Gen"",language=""java"",service=""java-order-service"",}",46137344.0
1790102188.784,java-order-service,jvm_memory_committed_bytes,"{area=""nonheap"",id=""Metaspace"",language=""java"",service=""java-order-service"",}",81002496.0
1790102188.784,java-order-service,hikaricp_connections_pending,"{language=""java"",pool=""HikariPool-1"",service=""java-order-service"",}",0.0
1790102188.784,java-order-service,process_cpu_usage,"{language=""java"",service=""java-order-service"",}",0.01839080459770115
1790102188.784,java-order-service,tomcat_threads_current_threads,"{language=""java"",name=""http-nio-9083"",service=""java-order-service"",}",-1.0
1790102188.784,java-order-service,jvm_memory_used_bytes,"{area=""nonheap"",id=""CodeHeap 'non-profiled nmethods'"",language=""java"",service=""java-order-service"",}",5282048.0
1790102188.784,java-order-service,jvm_memory_used_bytes,"{area=""heap"",id=""G1 Eden Space"",language=""java"",service=""java-order-service"",}",25165824.0
1790102188.784,java-order-service,jvm_memory_used_bytes,"{area=""nonheap"",id=""CodeHeap 'profiled nmethods'"",language=""java"",service=""java-order-service"",}",20194816.0
1790102188.784,java-order-service,jvm_memory_used_bytes,"{area=""nonheap"",id=""CodeHeap 'non-nmethods'"",language=""java"",service=""java-order-service"",}",1610368.0
1790102188.784,java-order-service,jvm_memory_used_bytes,"{area=""heap"",id=""G1 Survivor Space"",language=""java"",service=""java-order-service"",}",3670016.0
1790102188.784,java-order-service,jvm_memory_used_bytes,"{area=""nonheap"",id=""Compressed Class Space"",language=""java"",service=""java-order-service"",}",10687576.0
1790102188.784,java-order-service,jvm_memory_used_bytes,"{area=""heap"",id=""G1 Old Gen"",language=""java"",service=""java-order-service"",}",31888232.0
1790102188.784,java-order-service,jvm_memory_used_bytes,"{area=""nonheap"",id=""Metaspace"",language=""java"",service=""java-order-service"",}",80074592.0
1790102193.820,java-user-service,tomcat_threads_busy_threads,"{framework=""spring-boot"",language=""java"",name=""http-nio-9081"",service=""java-user-service"",}",-1.0
1790102193.820,java-user-service,jvm_gc_pause_seconds_count,"{action=""end of minor GC"",cause=""G1 Evacuation Pause"",framework=""spring-boot"",gc=""G1 Young Generation"",language=""java"",service=""java-user-service"",}",13.0
1790102193.820,java-user-service,jvm_gc_pause_seconds_sum,"{action=""end of minor GC"",cause=""G1 Evacuation Pause"",framework=""spring-boot"",gc=""G1 Young Generation"",language=""java"",service=""java-user-service"",}",0.116
1790102193.820,java-user-service,jvm_memory_used_bytes,"{area=""nonheap"",framework=""spring-boot"",id=""CodeHeap 'non-nmethods'"",language=""java"",service=""java-user-service"",}",1645696.0
1790102193.820,java-user-service,jvm_memory_used_bytes,"{area=""nonheap"",framework=""spring-boot"",id=""CodeHeap 'non-profiled nmethods'"",language=""java"",service=""java-user-service"",}",8312320.0
1790102193.820,java-user-service,jvm_memory_used_bytes,"{area=""heap"",framework=""spring-boot"",id=""G1 Survivor Space"",language=""java"",service=""java-user-service"",}",3966544.0
1790102193.820,java-user-service,jvm_memory_used_bytes,"{area=""heap"",framework=""spring-boot"",id=""G1 Old Gen"",language=""java"",service=""java-user-service"",}",39247832.0
1790102193.820,java-user-service,jvm_memory_used_bytes,"{area=""nonheap"",framework=""spring-boot"",id=""Metaspace"",language=""java"",service=""java-user-service"",}",104266592.0
1790102193.820,java-user-service,jvm_memory_used_bytes,"{area=""heap"",framework=""spring-boot"",id=""G1 Eden Space"",language=""java"",service=""java-user-service"",}",53477376.0
1790102193.820,java-user-service,jvm_memory_used_bytes,"{area=""nonheap"",framework=""spring-boot"",id=""Compressed Class Space"",language=""java"",service=""java-user-service"",}",13414712.0
1790102193.820,java-user-service,jvm_memory_used_bytes,"{area=""nonheap"",framework=""spring-boot"",id=""CodeHeap 'profiled nmethods'"",language=""java"",service=""java-user-service"",}",22796160.0
1790102193.820,java-user-service,hikaricp_connections_usage_seconds_count,"{framework=""spring-boot"",language=""java"",pool=""HikariPool-1"",service=""java-user-service"",}",2440.0
1790102193.820,java-user-service,hikaricp_connections_usage_seconds_sum,"{framework=""spring-boot"",language=""java"",pool=""HikariPool-1"",service=""java-user-service"",}",228.708
1790102193.820,java-user-service,process_cpu_usage,"{framework=""spring-boot"",language=""java"",service=""java-user-service"",}",0.18632478632478633
1790102193.820,java-user-service,tomcat_threads_current_threads,"{framework=""spring-boot"",language=""java"",name=""http-nio-9081"",service=""java-user-service"",}",-1.0
1790102193.820,java-user-service,jvm_memory_committed_bytes,"{area=""nonheap"",framework=""spring-boot"",id=""CodeHeap 'non-nmethods'"",language=""java"",service=""java-user-service"",}",2555904.0
1790102193.820,java-user-service,jvm_memory_committed_bytes,"{area=""nonheap"",framework=""spring-boot"",id=""CodeHeap 'non-profiled nmethods'"",language=""java"",service=""java-user-service"",}",10027008.0
1790102193.820,java-user-service,jvm_memory_committed_bytes,"{area=""heap"",framework=""spring-boot"",id=""G1 Survivor Space"",language=""java"",service=""java-user-service"",}",4194304.0
1790102193.820,java-user-service,jvm_memory_committed_bytes,"{area=""heap"",framework=""spring-boot"",id=""G1 Old Gen"",language=""java"",service=""java-user-service"",}",42991616.0
1790102193.820,java-user-service,jvm_memory_committed_bytes,"{area=""nonheap"",framework=""spring-boot"",id=""Metaspace"",language=""java"",service=""java-user-service"",}",105185280.0
1790102193.820,java-user-service,jvm_memory_committed_bytes,"{area=""heap"",framework=""spring-boot"",id=""G1 Eden Space"",language=""java"",service=""java-user-service"",}",59768832.0
1790102193.820,java-user-service,jvm_memory_committed_bytes,"{area=""nonheap"",framework=""spring-boot"",id=""Compressed Class Space"",language=""java"",service=""java-user-service"",}",13828096.0
1790102193.820,java-user-service,jvm_memory_committed_bytes,"{area=""nonheap"",framework=""spring-boot"",id=""CodeHeap 'profiled nmethods'"",language=""java"",service=""java-user-service"",}",33292288.0
1790102193.820,java-user-service,system_cpu_usage,"{framework=""spring-boot"",language=""java"",service=""java-user-service"",}",0.18745675213675214
1790102193.820,java-user-service,hikaricp_connections_pending,"{framework=""spring-boot"",language=""java"",pool=""HikariPool-1"",service=""java-user-service"",}",0.0
1790102193.820,java-user-service,hikaricp_connections_acquire_seconds_count,"{framework=""spring-boot"",language=""java"",pool=""HikariPool-1"",service=""java-user-service"",}",2440.0
1790102193.820,java-user-service,hikaricp_connections_acquire_seconds_sum,"{framework=""spring-boot"",language=""java"",pool=""HikariPool-1"",service=""java-user-service"",}",22.231338512
1790102193.820,java-user-service,tomcat_threads_config_max_threads,"{framework=""spring-boot"",language=""java"",name=""http-nio-9081"",service=""java-user-service"",}",-1.0
1790102193.820,java-user-service,hikaricp_connections_active,"{framework=""spring-boot"",language=""java"",pool=""HikariPool-1"",service=""java-user-service"",}",0.0
1790102193.820,java-product-service,jvm_memory_used_bytes,"{area=""nonheap"",id=""CodeHeap 'non-nmethods'"",language=""java"",service=""java-product-service"",}",1638144.0
1790102193.820,java-product-service,jvm_memory_used_bytes,"{area=""heap"",id=""G1 Eden Space"",language=""java"",service=""java-product-service"",}",7340032.0
1790102193.820,java-product-service,jvm_memory_used_bytes,"{area=""nonheap"",id=""Metaspace"",language=""java"",service=""java-product-service"",}",98394432.0
1790102193.820,java-product-service,jvm_memory_used_bytes,"{area=""heap"",id=""G1 Old Gen"",language=""java"",service=""java-product-service"",}",38828152.0
1790102193.820,java-product-service,jvm_memory_used_bytes,"{area=""nonheap"",id=""Compressed Class Space"",language=""java"",service=""java-product-service"",}",12939008.0
1790102193.820,java-product-service,jvm_memory_used_bytes,"{area=""heap"",id=""G1 Survivor Space"",language=""java"",service=""java-product-service"",}",2548672.0
1790102193.820,java-product-service,jvm_memory_used_bytes,"{area=""nonheap"",id=""CodeHeap 'profiled nmethods'"",language=""java"",service=""java-product-service"",}",11669632.0
1790102193.820,java-product-service,jvm_memory_used_bytes,"{area=""nonheap"",id=""CodeHeap 'non-profiled nmethods'"",language=""java"",service=""java-product-service"",}",7366272.0
1790102193.820,java-product-service,tomcat_threads_current_threads,"{language=""java"",name=""http-nio-9082"",service=""java-product-service"",}",-1.0
1790102193.820,java-product-service,hikaricp_connections_acquire_seconds_count,"{language=""java"",pool=""HikariPool-1"",service=""java-product-service"",}",944.0
1790102193.820,java-product-service,hikaricp_connections_acquire_seconds_sum,"{language=""java"",pool=""HikariPool-1"",service=""java-product-service"",}",0.397900685
1790102193.820,java-product-service,tomcat_threads_busy_threads,"{language=""java"",name=""http-nio-9082"",service=""java-product-service"",}",-1.0
1790102193.820,java-product-service,hikaricp_connections_pending,"{language=""java"",pool=""HikariPool-1"",service=""java-product-service"",}",0.0
1790102193.820,java-product-service,hikaricp_connections_active,"{language=""java"",pool=""HikariPool-1"",service=""java-product-service"",}",0.0
1790102193.820,java-product-service,tomcat_threads_config_max_threads,"{language=""java"",name=""http-nio-9082"",service=""java-product-service"",}",-1.0
1790102193.820,java-product-service,process_cpu_usage,"{language=""java"",service=""java-product-service"",}",0.02753623188405797
1790102193.820,java-product-service,system_cpu_usage,"{language=""java"",service=""java-product-service"",}",0.029517826086956522
1790102193.820,java-product-service,jvm_gc_pause_seconds_count,"{action=""end of minor GC"",cause=""G1 Evacuation Pause"",gc=""G1 Young Generation"",language=""java"",service=""java-product-service"",}",15.0
1790102193.820,java-product-service,jvm_gc_pause_seconds_sum,"{action=""end of minor GC"",cause=""G1 Evacuation Pause"",gc=""G1 Young Generation"",language=""java"",service=""java-product-service"",}",0.083
1790102193.820,java-product-service,jvm_memory_committed_bytes,"{area=""nonheap"",id=""CodeHeap 'non-nmethods'"",language=""java"",service=""java-product-service"",}",2555904.0
1790102193.820,java-product-service,jvm_memory_committed_bytes,"{area=""heap"",id=""G1 Eden Space"",language=""java"",service=""java-product-service"",}",52428800.0
1790102193.820,java-product-service,jvm_memory_committed_bytes,"{area=""nonheap"",id=""Metaspace"",language=""java"",service=""java-product-service"",}",99418112.0
1790102193.820,java-product-service,jvm_memory_committed_bytes,"{area=""heap"",id=""G1 Old Gen"",language=""java"",service=""java-product-service"",}",42991616.0
1790102193.820,java-product-service,jvm_memory_committed_bytes,"{area=""nonheap"",id=""Compressed Class Space"",language=""java"",service=""java-product-service"",}",13434880.0
1790102193.820,java-product-service,jvm_memory_committed_bytes,"{area=""heap"",id=""G1 Survivor Space"",language=""java"",service=""java-product-service"",}",3145728.0
1790102193.820,java-product-service,jvm_memory_committed_bytes,"{area=""nonheap"",id=""CodeHeap 'profiled nmethods'"",language=""java"",service=""java-product-service"",}",24117248.0
1790102193.820,java-product-service,jvm_memory_committed_bytes,"{area=""nonheap"",id=""CodeHeap 'non-profiled nmethods'"",language=""java"",service=""java-product-service"",}",9109504.0
1790102193.820,java-product-service,hikaricp_connections_usage_seconds_count,"{language=""java"",pool=""HikariPool-1"",service=""java-product-service"",}",944.0
1790102193.820,java-product-service,hikaricp_connections_usage_seconds_sum,"{language=""java"",pool=""HikariPool-1"",service=""java-product-service"",}",0.64
1790102193.820,java-order-service,system_cpu_usage,"{language=""java"",service=""java-order-service"",}",0.036357011494252876
1790102193.820,java-order-service,jvm_gc_pause_seconds_count,"{action=""end of minor GC"",cause=""G1 Evacuation Pause"",gc=""G1 Young Generation"",language=""java"",service=""java-order-service"",}",2.0
1790102193.820,java-order-service,jvm_gc_pause_seconds_sum,"{action=""end of minor GC"",cause=""G1 Evacuation Pause"",gc=""G1 Young Generation"",language=""java"",service=""java-order-service"",}",0.029
1790102193.820,java-order-service,hikaricp_connections_usage_seconds_count,"{language=""java"",pool=""HikariPool-1"",service=""java-order-service"",}",896.0
1790102193.820,java-order-service,hikaricp_connections_usage_seconds_sum,"{language=""java"",pool=""HikariPool-1"",service=""java-order-service"",}",0.002
1790102193.820,java-order-service,hikaricp_connections_active,"{language=""java"",pool=""HikariPool-1"",service=""java-order-service"",}",0.0
1790102193.820,java-order-service,tomcat_threads_config_max_threads,"{language=""java"",name=""http-nio-9083"",service=""java-order-service"",}",-1.0
1790102193.820,java-order-service,hikaricp_connections_acquire_seconds_count,"{language=""java"",pool=""HikariPool-1"",service=""java-order-service"",}",896.0
1790102193.820,java-order-service,hikaricp_connections_acquire_seconds_sum,"{language=""java"",pool=""HikariPool-1"",service=""java-order-service"",}",0.14617622
1790102193.820,java-order-service,tomcat_threads_busy_threads,"{language=""java"",name=""http-nio-9083"",service=""java-order-service"",}",-1.0
1790102193.820,java-order-service,jvm_memory_committed_bytes,"{area=""nonheap"",id=""CodeHeap 'non-profiled nmethods'"",language=""java"",service=""java-order-service"",}",5373952.0
1790102193.820,java-order-service,jvm_memory_committed_bytes,"{area=""heap"",id=""G1 Eden Space"",language=""java"",service=""java-order-service"",}",75497472.0
1790102193.820,java-order-service,jvm_memory_committed_bytes,"{area=""nonheap"",id=""CodeHeap 'profiled nmethods'"",language=""java"",service=""java-order-service"",}",20316160.0
1790102193.820,java-order-service,jvm_memory_committed_bytes,"{area=""nonheap"",id=""CodeHeap 'non-nmethods'"",language=""java"",service=""java-order-service"",}",2555904.0
1790102193.820,java-order-service,jvm_memory_committed_bytes,"{area=""heap"",id=""G1 Survivor Space"",language=""java"",service=""java-order-service"",}",4194304.0
1790102193.820,java-order-service,jvm_memory_committed_bytes,"{area=""nonheap"",id=""Compressed Class Space"",language=""java"",service=""java-order-service"",}",11141120.0
1790102193.820,java-order-service,jvm_memory_committed_bytes,"{area=""heap"",id=""G1 Old Gen"",language=""java"",service=""java-order-service"",}",46137344.0
1790102193.820,java-order-service,jvm_memory_committed_bytes,"{area=""nonheap"",id=""Metaspace"",language=""java"",service=""java-order-service"",}",81068032.0
1790102193.820,java-order-service,hikaricp_connections_pending,"{language=""java"",pool=""HikariPool-1"",service=""java-order-service"",}",0.0
1790102193.820,java-order-service,process_cpu_usage,"{language=""java"",service=""java-order-service"",}",0.03908045977011494
1790102193.820,java-order-service,tomcat_threads_current_threads,"{language=""java"",name=""http-nio-9083"",service=""java-order-service"",}",-1.0
1790102193.820,java-order-service,jvm_memory_used_bytes,"{area=""nonheap"",id=""CodeHeap 'non-profiled nmethods'"",language=""java"",service=""java-order-service"",}",5346048.0
1790102193.820,java-order-service,jvm_memory_used_bytes,"{area=""heap"",id=""G1 Eden Space"",language=""java"",service=""java-order-service"",}",26214400.0
1790102193.820,java-order-service,jvm_memory_used_bytes,"{area=""nonheap"",id=""CodeHeap 'profiled nmethods'"",language=""java"",service=""java-order-service"",}",20295040.0
1790102193.820,java-order-service,jvm_memory_used_bytes,"{area=""nonheap"",id=""CodeHeap 'non-nmethods'"",language=""java"",service=""java-order-service"",}",1610368.0
1790102193.820,java-order-service,jvm_memory_used_bytes,"{area=""heap"",id=""G1 Survivor Space"",language=""java"",service=""java-order-service"",}",3670016.0
1790102193.820,java-order-service,jvm_memory_used_bytes,"{area=""nonheap"",id=""Compressed Class Space"",language=""java"",service=""java-order-service"",}",10687576.0
1790102193.820,java-order-service,jvm_memory_used_bytes,"{area=""heap"",id=""G1 Old Gen"",language=""java"",service=""java-order-service"",}",31888232.0
1790102193.820,java-order-service,jvm_memory_used_bytes,"{area=""nonheap"",id=""Metaspace"",language=""java"",service=""java-order-service"",}",80154384.0
1790102198.871,java-user-service,tomcat_threads_busy_threads,"{framework=""spring-boot"",language=""java"",name=""http-nio-9081"",service=""java-user-service"",}",-1.0
1790102198.871,java-user-service,jvm_gc_pause_seconds_count,"{action=""end of minor GC"",cause=""G1 Evacuation Pause"",framework=""spring-boot"",gc=""G1 Young Generation"",language=""java"",service=""java-user-service"",}",14.0
1790102198.871,java-user-service,jvm_gc_pause_seconds_sum,"{action=""end of minor GC"",cause=""G1 Evacuation Pause"",framework=""spring-boot"",gc=""G1 Young Generation"",language=""java"",service=""java-user-service"",}",0.125
1790102198.871,java-user-service,jvm_memory_used_bytes,"{area=""nonheap"",framework=""spring-boot"",id=""CodeHeap 'non-nmethods'"",language=""java"",service=""java-user-service"",}",1645696.0
1790102198.871,java-user-service,jvm_memory_used_bytes,"{area=""nonheap"",framework=""spring-boot"",id=""CodeHeap 'non-profiled nmethods'"",language=""java"",service=""java-user-service"",}",8354432.0
1790102198.871,java-user-service,jvm_memory_used_bytes,"{area=""heap"",framework=""spring-boot"",id=""G1 Survivor Space"",language=""java"",service=""java-user-service"",}",3145728.0
1790102198.871,java-user-service,jvm_memory_used_bytes,"{area=""heap"",framework=""spring-boot"",id=""G1 Old Gen"",language=""java"",service=""java-user-service"",}",39247832.0
1790102198.871,java-user-service,jvm_memory_used_bytes,"{area=""nonheap"",framework=""spring-boot"",id=""Metaspace"",language=""java"",service=""java-user-service"",}",104273936.0
1790102198.871,java-user-service,jvm_memory_used_bytes,"{area=""heap"",framework=""spring-boot"",id=""G1 Eden Space"",language=""java"",service=""java-user-service"",}",3145728.0
1790102198.871,java-user-service,jvm_memory_used_bytes,"{area=""nonheap"",framework=""spring-boot"",id=""Compressed Class Space"",language=""java"",service=""java-user-service"",}",13414712.0
1790102198.871,java-user-service,jvm_memory_used_bytes,"{area=""nonheap"",framework=""spring-boot"",id=""CodeHeap 'profiled nmethods'"",language=""java"",service=""java-user-service"",}",22877184.0
1790102198.871,java-user-service,hikaricp_connections_usage_seconds_count,"{framework=""spring-boot"",language=""java"",pool=""HikariPool-1"",service=""java-user-service"",}",2470.0
1790102198.871,java-user-service,hikaricp_connections_usage_seconds_sum,"{framework=""spring-boot"",language=""java"",pool=""HikariPool-1"",service=""java-user-service"",}",229.322
1790102198.871,java-user-service,process_cpu_usage,"{framework=""spring-boot"",language=""java"",service=""java-user-service"",}",0.1411764705882353
1790102198.871,java-user-service,tomcat_threads_current_threads,"{framework=""spring-boot"",language=""java"",name=""http-nio-9081"",service=""java-user-service"",}",-1.0
1790102198.871,java-user-service,jvm_memory_committed_bytes,"{area=""nonheap"",framework=""spring-boot"",id=""CodeHeap 'non-nmethods'"",language=""java"",service=""java-user-service"",}",2555904.0
1790102198.871,java-user-service,jvm_memory_committed_bytes,"{area=""nonheap"",framework=""spring-boot"",id=""CodeHeap 'non-profiled nmethods'"",language=""java"",service=""java-user-service"",}",10027008.0
1790102198.871,java-user-service,jvm_memory_committed_bytes,"{area=""heap"",framework=""spring-boot"",id=""G1 Survivor Space"",language=""java"",service=""java-user-service"",}",3145728.0
1790102198.871,java-user-service,jvm_memory_committed_bytes,"{area=""heap"",framework=""spring-boot"",id=""G1 Old Gen"",language=""java"",service=""java-user-service"",}",42991616.0
1790102198.871,java-user-service,jvm_memory_committed_bytes,"{area=""nonheap"",framework=""spring-boot"",id=""Metaspace"",language=""java"",service=""java-user-service"",}",105185280.0
1790102198.871,java-user-service,jvm_memory_committed_bytes,"{area=""heap"",framework=""spring-boot"",id=""G1 Eden Space"",language=""java"",service=""java-user-service"",}",60817408.0
1790102198.871,java-user-service,jvm_memory_committed_bytes,"{area=""nonheap"",framework=""spring-boot"",id=""Compressed Class Space"",language=""java"",service=""java-user-service"",}",13828096.0
1790102198.871,java-user-service,jvm_memory_committed_bytes,"{area=""nonheap"",framework=""spring-boot"",id=""CodeHeap 'profiled nmethods'"",language=""java"",service=""java-user-service"",}",33292288.0
1790102198.871,java-user-service,system_cpu_usage,"{framework=""spring-boot"",language=""java"",service=""java-user-service"",}",0.14227862745098038
1790102198.871,java-user-service,hikaricp_connections_pending,"{framework=""spring-boot"",language=""java"",pool=""HikariPool-1"",service=""java-user-service"",}",0.0
1790102198.871,java-user-service,hikaricp_connections_acquire_seconds_count,"{framework=""spring-boot"",language=""java"",pool=""HikariPool-1"",service=""java-user-service"",}",2470.0
1790102198.871,java-user-service,hikaricp_connections_acquire_seconds_sum,"{framework=""spring-boot"",language=""java"",pool=""HikariPool-1"",service=""java-user-service"",}",22.234088134
1790102198.871,java-user-service,tomcat_threads_config_max_threads,"{framework=""spring-boot"",language=""java"",name=""http-nio-9081"",service=""java-user-service"",}",-1.0
1790102198.871,java-user-service,hikaricp_connections_active,"{framework=""spring-boot"",language=""java"",pool=""HikariPool-1"",service=""java-user-service"",}",0.0
1790102198.871,java-product-service,jvm_memory_used_bytes,"{area=""nonheap"",id=""CodeHeap 'non-nmethods'"",language=""java"",service=""java-product-service"",}",1638144.0
1790102198.871,java-product-service,jvm_memory_used_bytes,"{area=""heap"",id=""G1 Eden Space"",language=""java"",service=""java-product-service"",}",11534336.0
1790102198.871,java-product-service,jvm_memory_used_bytes,"{area=""nonheap"",id=""Metaspace"",language=""java"",service=""java-product-service"",}",98422096.0
1790102198.871,java-product-service,jvm_memory_used_bytes,"{area=""heap"",id=""G1 Old Gen"",language=""java"",service=""java-product-service"",}",38828152.0
1790102198.871,java-product-service,jvm_memory_used_bytes,"{area=""nonheap"",id=""Compressed Class Space"",language=""java"",service=""java-product-service"",}",12940224.0
1790102198.871,java-product-service,jvm_memory_used_bytes,"{area=""heap"",id=""G1 Survivor Space"",language=""java"",service=""java-product-service"",}",2548672.0
1790102198.871,java-product-service,jvm_memory_used_bytes,"{area=""nonheap"",id=""CodeHeap 'profiled nmethods'"",language=""java"",service=""java-product-service"",}",11735936.0
1790102198.871,java-product-service,jvm_memory_used_bytes,"{area=""nonheap"",id=""CodeHeap 'non-profiled nmethods'"",language=""java"",service=""java-product-service"",}",7400448.0
1790102198.871,java-product-service,tomcat_threads_current_threads,"{language=""java"",name=""http-nio-9082"",service=""java-product-service"",}",-1.0
1790102198.871,java-product-service,hikaricp_connections_acquire_seconds_count,"{language=""java"",pool=""HikariPool-1"",service=""java-product-service"",}",964.0
1790102198.871,java-product-service,hikaricp_connections_acquire_seconds_sum,"{language=""java"",pool=""HikariPool-1"",service=""java-product-service"",}",0.401418478
1790102198.871,java-product-service,tomcat_threads_busy_threads,"{language=""java"",name=""http-nio-9082"",service=""java-product-service"",}",-1.0
1790102198.871,java-product-service,hikaricp_connections_pending,"{language=""java"",pool=""HikariPool-1"",service=""java-product-service"",}",0.0
1790102198.871,java-product-service,hikaricp_connections_active,"{language=""java"",pool=""HikariPool-1"",service=""java-product-service"",}",0.0
1790102198.871,java-product-service,tomcat_threads_config_max_threads,"{language=""java"",name=""http-nio-9082"",service=""java-product-service"",}",-1.0
1790102198.871,java-product-service,process_cpu_usage,"{language=""java"",service=""java-product-service"",}",0.027777777777777776
1790102198.871,java-product-service,system_cpu_usage,"{language=""java"",service=""java-product-service"",}",0.02867925925925926
1790102198.871,java-product-service,jvm_gc_pause_seconds_count,"{action=""end of minor GC"",cause=""G1 Evacuation Pause"",gc=""G1 Young Generation"",language=""java"",service=""java-product-service"",}",15.0
1790102198.871,java-product-service,jvm_gc_pause_seconds_sum,"{action=""end of minor GC"",cause=""G1 Evacuation Pause"",gc=""G1 Young Generation"",language=""java"",service=""java-product-service"",}",0.083
1790102198.871,java-product-service,jvm_memory_committed_bytes,"{area=""nonheap"",id=""CodeHeap 'non-nmethods'"",language=""java"",service=""java-product-service"",}",2555904.0
1790102198.871,java-product-service,jvm_memory_committed_bytes,"{area=""heap"",id=""G1 Eden Space"",language=""java"",service=""java-product-service"",}",52428800.0
1790102198.871,java-product-service,jvm_memory_committed_bytes,"{area=""nonheap"",id=""Metaspace"",language=""java"",service=""java-product-service"",}",99418112.0
1790102198.871,java-product-service,jvm_memory_committed_bytes,"{area=""heap"",id=""G1 Old Gen"",language=""java"",service=""java-product-service"",}",42991616.0
1790102198.871,java-product-service,jvm_memory_committed_bytes,"{area=""nonheap"",id=""Compressed Class Space"",language=""java"",service=""java-product-service"",}",13434880.0
1790102198.871,java-product-service,jvm_memory_committed_bytes,"{area=""heap"",id=""G1 Survivor Space"",language=""java"",service=""java-product-service"",}",3145728.0
1790102198.871,java-product-service,jvm_memory_committed_bytes,"{area=""nonheap"",id=""CodeHeap 'profiled nmethods'"",language=""java"",service=""java-product-service"",}",24117248.0
1790102198.871,java-product-service,jvm_memory_committed_bytes,"{area=""nonheap"",id=""CodeHeap 'non-profiled nmethods'"",language=""java"",service=""java-product-service"",}",9109504.0
1790102198.871,java-product-service,hikaricp_connections_usage_seconds_count,"{language=""java"",pool=""HikariPool-1"",service=""java-product-service"",}",964.0
1790102198.871,java-product-service,hikaricp_connections_usage_seconds_sum,"{language=""java"",pool=""HikariPool-1"",service=""java-product-service"",}",0.64
1790102198.871,java-order-service,system_cpu_usage,"{language=""java"",service=""java-order-service"",}",0.02579711111111111
1790102198.871,java-order-service,jvm_gc_pause_seconds_count,"{action=""end of minor GC"",cause=""G1 Evacuation Pause"",gc=""G1 Young Generation"",language=""java"",service=""java-order-service"",}",2.0
1790102198.871,java-order-service,jvm_gc_pause_seconds_sum,"{action=""end of minor GC"",cause=""G1 Evacuation Pause"",gc=""G1 Young Generation"",language=""java"",service=""java-order-service"",}",0.029
1790102198.871,java-order-service,hikaricp_connections_usage_seconds_count,"{language=""java"",pool=""HikariPool-1"",service=""java-order-service"",}",918.0
1790102198.871,java-order-service,hikaricp_connections_usage_seconds_sum,"{language=""java"",pool=""HikariPool-1"",service=""java-order-service"",}",0.002
1790102198.871,java-order-service,hikaricp_connections_active,"{language=""java"",pool=""HikariPool-1"",service=""java-order-service"",}",0.0
1790102198.871,java-order-service,tomcat_threads_config_max_threads,"{language=""java"",name=""http-nio-9083"",service=""java-order-service"",}",-1.0
1790102198.871,java-order-service,hikaricp_connections_acquire_seconds_count,"{language=""java"",pool=""HikariPool-1"",service=""java-order-service"",}",918.0
1790102198.871,java-order-service,hikaricp_connections_acquire_seconds_sum,"{language=""java"",pool=""HikariPool-1"",service=""java-order-service"",}",0.149439552
1790102198.871,java-order-service,tomcat_threads_busy_threads,"{language=""java"",name=""http-nio-9083"",service=""java-order-service"",}",-1.0
1790102198.871,java-order-service,jvm_memory_committed_bytes,"{area=""nonheap"",id=""CodeHeap 'non-profiled nmethods'"",language=""java"",service=""java-order-service"",}",5373952.0
1790102198.871,java-order-service,jvm_memory_committed_bytes,"{area=""heap"",id=""G1 Eden Space"",language=""java"",service=""java-order-service"",}",75497472.0
1790102198.871,java-order-service,jvm_memory_committed_bytes,"{area=""nonheap"",id=""CodeHeap 'profiled nmethods'"",language=""java"",service=""java-order-service"",}",20381696.0
1790102198.871,java-order-service,jvm_memory_committed_bytes,"{area=""nonheap"",id=""CodeHeap 'non-nmethods'"",language=""java"",service=""java-order-service"",}",2555904.0
1790102198.871,java-order-service,jvm_memory_committed_bytes,"{area=""heap"",id=""G1 Survivor Space"",language=""java"",service=""java-order-service"",}",4194304.0
1790102198.871,java-order-service,jvm_memory_committed_bytes,"{area=""nonheap"",id=""Compressed Class Space"",language=""java"",service=""java-order-service"",}",11141120.0
1790102198.871,java-order-service,jvm_memory_committed_bytes,"{area=""heap"",id=""G1 Old Gen"",language=""java"",service=""java-order-service"",}",46137344.0
1790102198.871,java-order-service,jvm_memory_committed_bytes,"{area=""nonheap"",id=""Metaspace"",language=""java"",service=""java-order-service"",}",81068032.0
1790102198.871,java-order-service,hikaricp_connections_pending,"{language=""java"",pool=""HikariPool-1"",service=""java-order-service"",}",0.0
1790102198.871,java-order-service,process_cpu_usage,"{language=""java"",service=""java-order-service"",}",0.017777777777777778
1790102198.871,java-order-service,tomcat_threads_current_threads,"{language=""java"",name=""http-nio-9083"",service=""java-order-service"",}",-1.0
1790102198.871,java-order-service,jvm_memory_used_bytes,"{area=""nonheap"",id=""CodeHeap 'non-profiled nmethods'"",language=""java"",service=""java-order-service"",}",5369600.0
1790102198.871,java-order-service,jvm_memory_used_bytes,"{area=""heap"",id=""G1 Eden Space"",language=""java"",service=""java-order-service"",}",28311552.0
1790102198.871,java-order-service,jvm_memory_used_bytes,"{area=""nonheap"",id=""CodeHeap 'profiled nmethods'"",language=""java"",service=""java-order-service"",}",20341248.0
1790102198.871,java-order-service,jvm_memory_used_bytes,"{area=""nonheap"",id=""CodeHeap 'non-nmethods'"",language=""java"",service=""java-order-service"",}",1610368.0
1790102198.871,java-order-service,jvm_memory_used_bytes,"{area=""heap"",id=""G1 Survivor Space"",language=""java"",service=""java-order-service"",}",3670016.0
1790102198.871,java-order-service,jvm_memory_used_bytes,"{area=""nonheap"",id=""Compressed Class Space"",language=""java"",service=""java-order-service"",}",10687576.0
1790102198.871,java-order-service,jvm_memory_used_bytes,"{area=""heap"",id=""G1 Old Gen"",language=""java"",service=""java-order-service"",}",31888232.0
1790102198.871,java-order-service,jvm_memory_used_bytes,"{area=""nonheap"",id=""Metaspace"",language=""java"",service=""java-order-service"",}",80162760.0
